group,gold,pred_strict,pred_lenient,protocol_kept,pred_forced,correct,generated
self_contradiction,F,,F,0,T,1,"Step 1: Identify the relevant information in the given facts.
- Nathalie is not blue.
- Gabriel is concerned.
- Nathalie is not concerned.
- Baird is concerned.
- Baird is serious.
- Quinlan is not entire.
- John is not fresh.
- John is blue.
- Gabriel is serious.
- Arthur is serious.
- Gabriel is not entire.
- Nathalie is not accurate.

Step 2: Analyze the given facts to determine the relationships between the people mentioned.
- Nathalie is not blue, which implies that she is not concerned.
- Gabriel is concerned, which implies that he is not fresh.
- Nathalie is not concerned, which implies that she is not entire.
- Baird is concerned, which implies that he is serious.
- Quinlan is not entire, which implies that he is not blue.
- John is not fresh, which implies that he is not entire.
- John is blue, which implies that he is not accurate.
- Gabriel is serious, which implies that he is entire.
- Arthur is serious, which implies that he is entire.
- Gabriel is not entire, which implies that he is not accurate.
- Nathalie is not accurate.

Step 3: Apply the rules to determine the relationships between the people mentioned.
- If someone is either not concerned or fresh, then John is entire.
- If someone is either not fresh or entire, then he is not blue.
- If someone is both serious and fresh, then Baird is not entire.
- If Gabriel is not serious and Quinlan is fresh, then Baird is not entire.
- If Gabriel is not serious, then Quinlan is not blue and Gabriel is accurate.
- If Nathalie is not blue, then Collier is entire.
- If someone is fresh or he is not concerned, then he is not blue.
- If there is someone who is either not accurate or entire, then Collier is serious.
- If someone is entire, then he is not serious, and vice versa.
- Nathalie being not fresh and Baird being serious imply that Nathalie is blue.
- If there is at least one people who is both not accurate and entire, then Collier is serious.
- If someone is entire, then he is not serious, and vice versa.

Step 4: Conclude the answer based on the analysis.
- If Baird is not serious, then John is entire.
- If Nathalie is not blue, then Collier is serious."
self_contradiction,F,,F,0,F,1,"Collier is not entire.
Collier is not fresh.
Collier is not accurate.
Collier is not blue.
Collier is not concerned.
Collier is not serious.
Collier is not entire.
Collier is not fresh.
Collier is not accurate.
Collier is not blue.
Collier is not concerned.
Collier is not serious.
Collier is not entire.
Collier is not fresh.
Collier is not accurate.
Collier is not blue.
Collier is not concerned.
Collier is not serious.
Collier is not entire.
Collier is not fresh.
Collier is not accurate.
Collier is not blue.
Collier is not concerned.
Collier is not serious.
Collier is not entire.
Collier is not fresh.
Collier is not accurate.
Collier is not blue.
Collier is not concerned.
Collier is not serious.
Collier is not entire.
Collier is not fresh.
Collier is not accurate.
Collier is not blue.
Collier is not concerned.
Collier is not serious.
Collier is not entire.
Collier is not fresh.
Collier is not accurate.
Collier is not blue.
Collier is not concerned.
Collier is not serious.
Collier is not entire.
Collier is not fresh.
Collier is not accurate.
Collier is not blue.
Collier is not concerned.
Collier is not serious.
Collier is not entire.
Collier is not fresh.
Collier is not accurate.
Collier is not blue.
Collier is not concerned.
Collier is not serious.
Collier is not entire.
Collier is not fresh.
Collier is not accurate.
Collier is not blue.
Collier is not concerned.
Collier is not serious.
Collier is not entire.
Collier is not fresh.
Collier is not accurate.
Collier is not blue.
Collier is not concerned.
Collier is not serious.
Collier is not entire.
Collier is not fresh.
Collier is not accurate.
Collier is not blue.
Collier is not concerned.
Collier is not serious.
Collier is not entire.
Collier is not fresh.
Collier is not accurate.
Collier is not blue.
Collier is not concerned.
Collier is not serious.
Collier is not entire.
Collier is not fresh.
Collier is not accurate.
Collier is not blue.
Collier is not concerned.
Collier is not serious.
Collier is not entire.
Collier"
neutral,F,,F,0,T,1,"Step 1: Identify the relevant information in the facts.
- Nathalie is not blue.
- Gabriel is concerned.
- Nathalie is not concerned.
- Baird is concerned.
- Baird is serious.
- Quinlan is not entire.
- John is not fresh.
- John is blue.
- Gabriel is serious.
- Arthur is serious.
- Gabriel is not entire.
- Nathalie is not accurate.

Step 2: Analyze the information to determine the relationships between the people and their characteristics.
- Nathalie is not blue, so she is not concerned.
- Gabriel is concerned, so he is not blue.
- Nathalie is not concerned, so she is not fresh.
- Baird is concerned, so he is serious.
- Quinlan is not entire, so he is not blue.
- John is not fresh, so he is not blue.
- John is blue, so he is entire.
- Gabriel is serious, so he is entire.
- Arthur is serious, so he is entire.
- Gabriel is not entire, so he is not accurate.

Step 3: Apply the rules to determine the relationships between the people and their characteristics.
- If someone is not entire, then they are not serious, and vice versa.
- If someone is concerned and serious, then they are entire, and vice versa.
- If someone is fresh or not concerned, then they are not blue.
- If someone is not blue, then they are not concerned.
- If someone is entire, then they are not serious, and vice versa.

Step 4: Apply the rules to the given information to determine the relationships between the people and their characteristics.
- Nathalie is not blue, so she is not concerned.
- Gabriel is concerned, so he is not blue.
- Nathalie is not concerned, so she is not fresh.
- Baird is concerned, so he is serious.
- Quinlan is not entire, so he is not blue.
- John is not fresh, so he is not blue.
- John is blue, so he is entire.
- Gabriel is serious, so he is entire.
- Arthur is serious, so he is entire.
- Gabriel is not entire, so he is not accurate.

Step 5: Determine the final conclusion based on the analysis.
- Nathalie is not blue, so she is not concerned.
- Gabriel is concerned, so he is not blue.
- Nathalie is not concerned, so she is not fresh.
- Baird is concerned, so he"
entailment,T,,F,0,F,0,"Collier is not entire.
Collier is not fresh.
Collier is not accurate.
Collier is not blue.
Collier is not serious.
Collier is not concerned.
Collier is not entire.
Collier is not fresh.
Collier is not accurate.
Collier is not blue.
Collier is not serious.
Collier is not concerned.
Collier is not entire.
Collier is not fresh.
Collier is not accurate.
Collier is not blue.
Collier is not serious.
Collier is not concerned.
Collier is not entire.
Collier is not fresh.
Collier is not accurate.
Collier is not blue.
Collier is not serious.
Collier is not concerned.
Collier is not entire.
Collier is not fresh.
Collier is not accurate.
Collier is not blue.
Collier is not serious.
Collier is not concerned.
Collier is not entire.
Collier is not fresh.
Collier is not accurate.
Collier is not blue.
Collier is not serious.
Collier is not concerned.
Collier is not entire.
Collier is not fresh.
Collier is not accurate.
Collier is not blue.
Collier is not serious.
Collier is not concerned.
Collier is not entire.
Collier is not fresh.
Collier is not accurate.
Collier is not blue.
Collier is not serious.
Collier is not concerned.
Collier is not entire.
Collier is not fresh.
Collier is not accurate.
Collier is not blue.
Collier is not serious.
Collier is not concerned.
Collier is not entire.
Collier is not fresh.
Collier is not accurate.
Collier is not blue.
Collier is not serious.
Collier is not concerned.
Collier is not entire.
Collier is not fresh.
Collier is not accurate.
Collier is not blue.
Collier is not serious.
Collier is not concerned.
Collier is not entire.
Collier is not fresh.
Collier is not accurate.
Collier is not blue.
Collier is not serious.
Collier is not concerned.
Collier is not entire.
Collier is not fresh.
Collier is not accurate.
Collier is not blue.
Collier is not serious.
Collier is not concerned.
Collier is not entire.
Collier is not fresh.
Collier is not accurate.
Collier is not blue.
Collier is not serious.
Collier is not concerned.
Collier is not entire.
Collier"
entailment,T,,F,0,T,0,"Step 1: Identify the relevant information in the question.
The question states that ""Quinlan is not blue.""

Step 2: Determine the possible implications of the information.
Since the question asks about Quinlan's condition, we can infer that Quinlan is not blue.

Step 3: Apply the rules to the question.
Based on the rules, if someone is not blue, then they are not concerned.

Step 4: Answer the question.
Since Quinlan is not blue, it can be concluded that Quinlan is not concerned."
contradiction,F,,F,0,T,1,"Step 1: Identify the relevant information in the given facts.
- Nathalie is not blue.
- Gabriel is concerned.
- Nathalie is not concerned.
- Baird is concerned.
- Baird is serious.
- Quinlan is not entire.
- John is not fresh.
- John is blue.
- Gabriel is serious.
- Arthur is serious.
- Gabriel is not entire.
- Nathalie is not accurate.

Step 2: Analyze the given facts and determine the relationships between the people mentioned.
- Nathalie is not blue and Gabriel is concerned.
- Nathalie is not concerned and Baird is concerned.
- Baird is serious and Quinlan is not entire.
- John is not fresh and John is blue.
- Gabriel is serious and Arthur is serious.
- Gabriel is not entire and Nathalie is not accurate.

Step 3: Apply the rules to determine the relationships between the people mentioned.
- If someone is either not concerned or fresh, then John is entire.
- If someone is either not fresh or entire, then he is not serious.
- If John is not serious and Quinlan is fresh, then Baird is not entire.
- If Gabriel is not serious, then Quinlan is not blue and Gabriel is accurate.
- If Nathalie is not blue, then Collier is entire.
- If someone is fresh or he is not concerned, then he is not blue.
- If there is someone who is both serious and fresh, then Baird is not blue.
- If someone is concerned and serious, then he is entire, and vice versa.
- Nathalie being not fresh and Baird being serious imply that Nathalie is blue.
- If there is at least one people who is both not accurate and entire, then Collier is serious.
- If someone is entire, then he is not serious, and vice versa.

Step 4: Determine the conclusion based on the analysis.
- John is not entire.
- If there is someone who is either not concerned or fresh, then John is entire.
- If someone is either not fresh or entire, then he is not serious.
- If John is not serious and Quinlan is fresh, then Baird is not entire.
- If Gabriel is not serious, then Quinlan is not blue and Gabriel is accurate.
- If Nathalie is not blue, then Collier is entire.
- If someone is fresh or he is not concerned, then he is not blue.
- If there is someone who is both serious and"
contradiction,F,,F,0,T,1,"Step 1: Identify the relevant information in the given facts.
- Nathalie is not blue.
- Gabriel is concerned.
- Nathalie is not concerned.
- Baird is concerned.
- Baird is serious.
- Quinlan is not entire.
- John is not fresh.
- John is blue.
- Gabriel is serious.
- Arthur is serious.
- Gabriel is not entire.
- Nathalie is not accurate.

Step 2: Analyze the given facts and determine the relationships between the people mentioned.

- Nathalie is not blue and Gabriel is concerned, which implies that Nathalie is not concerned.
- Nathalie is not concerned and Baird is concerned, which implies that Baird is not entire.
- Gabriel is serious and Quinlan is fresh, which implies that Baird is not entire.
- Gabriel is serious and Nathalie is not blue, which implies that Nathalie is not accurate.
- John is not fresh and John is blue, which implies that John is entire.
- Gabriel is serious and John is entire, which implies that Gabriel is concerned.
- Nathalie is not blue and Arthur is serious, which implies that Arthur is serious.

Step 3: Apply the rules to determine the conclusion.

- If there is someone who is either not concerned or fresh, then John is entire.
- Someone who is either not fresh or entire is always not serious.
- If John is not serious and Quinlan is fresh, then Baird is not entire.
- If Gabriel is not serious, then Quinlan is not blue and Gabriel is accurate.
- If Nathalie is not blue, then Collier is entire.
- If someone is fresh or he is not concerned, then he is not blue.
- If there is someone who is both serious and fresh, then Baird is not blue.
- If someone is concerned and serious, then he is entire, and vice versa.
- Nathalie being not fresh and Baird being serious imply that Nathalie is blue.
- If there is at least one people who is both not accurate and entire, then Collier is serious.
- It can be concluded that Gabriel is concerned once knowing that Baird is not blue.

Step 4: Provide the final answer.

Based on the analysis, the conclusion is that Gabriel is concerned."
self_contradiction,F,,F,0,F,1,"Step 1: Identify the relevant information in the facts.
- Nathalie is not blue.
- Gabriel is concerned.
- Nathalie is not concerned.
- Baird is concerned.
- Baird is serious.
- Quinlan is not entire.
- John is not fresh.
- John is blue.
- Gabriel is serious.
- Arthur is serious.
- Gabriel is not entire.
- Nathalie is not accurate.

Step 2: Analyze the information to determine the relationships between the people and their characteristics.
- Nathalie is not blue, which means she is not concerned.
- Gabriel is concerned, which means he is not entire.
- Nathalie is not concerned, which means she is not fresh.
- Baird is concerned, which means he is serious.
- Quinlan is not entire, which means he is not blue.
- John is not fresh, which means he is not blue.
- John is blue, which means he is accurate.
- Gabriel is serious, which means he is entire, and vice versa.
- Arthur is serious, which means he is entire, and vice versa.
- Gabriel is not entire, which means he is not accurate.

Step 3: Apply the rules to determine the conclusion.
- If someone is not entire, then he is not serious, and vice versa.
- If someone is concerned and serious, then he is entire, and vice versa.
- If someone is fresh or not concerned, then he is not blue.
- If someone is entire, then he is not serious, and vice versa.
- If there is at least one person who is both not accurate and entire, then Collier is serious.
- If someone is not accurate, then he is not blue.
- If someone is entire, then he is not serious, and vice versa.

Step 4: Apply the rules to the given information.
- Nathalie is not blue, which means she is not concerned.
- Gabriel is concerned, which means he is not entire.
- Nathalie is not concerned, which means she is not fresh.
- Baird is concerned, which means he is serious.
- Quinlan is not entire, which means he is not blue.
- John is not fresh, which means he is not blue.
- John is blue, which means he is accurate.
- Gabriel is serious, which means he is entire, and vice versa.
- Arthur is serious, which means he is entire, and vice versa.
- Gabriel is not entire, which means he is not accurate."
entailment,T,,F,0,T,0,"Step 1: Identify the relevant information in the given facts.
- Nathalie is not blue.
- Gabriel is concerned.
- Nathalie is not concerned.
- Baird is concerned.
- Baird is serious.
- Quinlan is not entire.
- John is not fresh.
- John is blue.
- Gabriel is serious.
- Arthur is serious.
- Gabriel is not entire.
- Nathalie is not accurate.

Step 2: Analyze the given facts to determine the relationships between the people mentioned.
- Nathalie is not blue, which implies that Nathalie is not concerned.
- Gabriel is concerned, which implies that Gabriel is not concerned.
- Baird is concerned, which implies that Baird is not concerned.
- Baird is serious, which implies that Baird is not concerned.
- Quinlan is not entire, which implies that Quinlan is not concerned.
- John is not fresh, which implies that John is not concerned.
- John is blue, which implies that John is not concerned.
- Gabriel is serious, which implies that Gabriel is not concerned.
- Arthur is serious, which implies that Arthur is not concerned.
- Gabriel is not entire, which implies that Gabriel is not concerned.
- Nathalie is not accurate.

Step 3: Apply the rules to determine the relationships between the people mentioned.
- If someone is not concerned, then John is entire.
- If someone is not fresh, then Nathalie is not blue.
- If someone is not concerned, then Gabriel is not entire.
- If someone is not concerned, then Baird is not entire.
- If someone is not concerned, then Quinlan is not entire.
- If someone is not concerned, then Gabriel is not accurate.
- If someone is not concerned, then Nathalie is not accurate.
- If someone is not concerned, then John is not fresh.
- If someone is not concerned, then Gabriel is not serious.
- If someone is not concerned, then Arthur is not serious.
- If someone is not concerned, then Gabriel is not entire.
- If someone is not concerned, then Nathalie is not accurate.

Step 4: Determine the conclusion based on the analysis.
- John is entire.
- Nathalie is not blue.
- Gabriel is not entire.
- Baird is not entire.
- Quinlan is not entire.
- Gabriel is not accurate.
- Nathalie is not accurate.
- John is not fresh.
- Gabriel is not serious.
- Arthur is not serious.
- Gabriel is not"
entailment,T,,F,0,T,0,"Step 1: Identify the relevant information in the given facts.
- Nathalie is not blue.
- Gabriel is concerned.
- Nathalie is not concerned.
- Baird is concerned.
- Baird is serious.
- Quinlan is not entire.
- John is not fresh.
- John is blue.
- Gabriel is serious.
- Arthur is serious.
- Gabriel is not entire.
- Nathalie is not accurate.

Step 2: Analyze the given facts and determine the relationships between the people mentioned.
- Nathalie is not blue and Gabriel is concerned.
- Nathalie is not concerned and Baird is concerned.
- Baird is serious and Quinlan is not entire.
- John is not fresh and John is blue.
- Gabriel is serious and Arthur is serious.
- Gabriel is not entire and Nathalie is not accurate.

Step 3: Apply the rules to determine the relationships between the people mentioned.
- If someone is not fresh, then he is not entire.
- If someone is not concerned, then he is not blue.
- If someone is serious, then he is entire, and vice versa.
- If someone is concerned and serious, then he is entire, and vice versa.
- If someone is not accurate, then he is not blue.

Step 4: Apply the rules to the given facts to determine the relationships between the people mentioned.
- Nathalie is not fresh and Baird is serious, so Nathalie is blue.
- If someone is entire, then he is not serious, and vice versa.
- If someone is concerned and fresh, then he is not blue.
- If someone is not entire and serious, then he is not blue.
- If someone is not concerned and serious, then he is not blue.
- If someone is not entire and not concerned, then he is not blue.
- If someone is not entire and not fresh, then he is not blue.
- If someone is not entire and not concerned and not fresh, then he is not blue.
- If someone is entire and not concerned, then he is not blue.
- If someone is entire and not fresh, then he is not blue.
- If someone is entire and not concerned and not fresh, then he is not blue.
- If someone is entire and not concerned and not fresh and not concerned, then he is not blue.
- If someone is entire and not concerned and not fresh and not concerned and not fresh, then he is not blue.
- If someone is entire and not concerned and not fresh and"
contradiction,F,,F,0,F,1,"1. Nathalie is not blue.
2. Nathalie is not concerned.
3. Nathalie is not accurate.
4. Nathalie is not fresh.
5. Nathalie is not entire.
6. Nathalie is not serious.
7. Nathalie is not blue.
8. Nathalie is not accurate.
9. Nathalie is not fresh.
10. Nathalie is not entire.
11. Nathalie is not serious.
12. Nathalie is not blue.
13. Nathalie is not accurate.
14. Nathalie is not fresh.
15. Nathalie is not entire.
16. Nathalie is not serious.
17. Nathalie is not blue.
18. Nathalie is not accurate.
19. Nathalie is not fresh.
20. Nathalie is not entire.
21. Nathalie is not serious.
22. Nathalie is not blue.
23. Nathalie is not accurate.
24. Nathalie is not fresh.
25. Nathalie is not entire.
26. Nathalie is not serious.
27. Nathalie is not blue.
28. Nathalie is not accurate.
29. Nathalie is not fresh.
30. Nathalie is not entire.
31. Nathalie is not serious.
32. Nathalie is not blue.
33. Nathalie is not accurate.
34. Nathalie is not fresh.
35. Nathalie is not entire.
36. Nathalie is not serious.
37. Nathalie is not blue.
38. Nathalie is not accurate.
39. Nathalie is not fresh.
40. Nathalie is not entire.
41. Nathalie is not serious.
42. Nathalie is not blue.
43. Nathalie is not accurate.
44. Nathalie is not fresh.
45. Nathalie is not entire.
46. Nathalie is not serious.
47. Nathalie is not blue.
48. Nathalie is not accurate.
49. Nathalie is not fresh.
50. Nathalie is not entire.
51. Nathalie is not serious.
52. Nathalie is not blue.
53. Nathalie is not accurate.
54. Nathalie is not fresh.
55. Nathalie is not entire.
56. Nathalie is not serious.
57. Nathalie is not blue.
58. Nathalie is not"
neutral,F,,F,0,T,1,"Step 1: Identify the relevant information in the given facts.
- Nathalie is not blue.
- Gabriel is concerned.
- Nathalie is not concerned.
- Baird is concerned.
- Baird is serious.
- Quinlan is not entire.
- John is not fresh.
- John is blue.
- Gabriel is serious.
- Arthur is serious.
- Gabriel is not entire.
- Nathalie is not accurate.

Step 2: Analyze the given facts and determine the relationships between the people mentioned.
- Nathalie is not blue and Gabriel is concerned, so Nathalie is not concerned.
- Baird is concerned and serious, so Baird is not entire.
- Quinlan is not entire and John is not fresh, so John is entire.
- Gabriel is serious and Nathalie is not blue, so Nathalie is not accurate.
- Gabriel is serious and Arthur is serious, so Gabriel is not entire.
- Nathalie is not blue and John is blue, so Nathalie is not accurate.

Step 3: Apply the rules to determine the conclusion.
- If someone is either not concerned or fresh, then John is entire.
- If someone is either not fresh or entire, then he is not serious.
- If John is not serious and Quinlan is fresh, then Baird is not entire.
- If Gabriel is not serious, then Quinlan is not blue and Gabriel is accurate.
- If Nathalie is not blue, then Collier is entire.
- If someone is fresh or he is not concerned, then he is not blue.
- If there is someone who is both serious and fresh, then Baird is not blue.
- If someone is concerned and serious, then he is entire, and vice versa.
- Nathalie being not fresh and Baird being serious imply that Nathalie is blue.
- If there is at least one people who is both not accurate and entire, then Collier is serious.
- If someone is entire, then he is not serious, and vice versa.

Step 4: Apply the rules to determine the conclusion.
- If Gabriel is not blue, then Gabriel is concerned.
- If someone is entire, then he is not serious, and vice versa.
- If there is someone who is both not accurate and entire, then Collier is serious.
- If someone is fresh or he is not concerned, then he is not blue.
- If there is at least one people who is both not accurate and entire, then Collier is serious.

Conclusion: Gabriel"
contradiction,F,,F,0,F,1,"Collier is not entire. If someone is entire, then he is not serious, and vice versa. If someone is not serious, then he is not entire, and vice versa. If someone is not entire, then he is not serious, and vice versa. If someone is not serious, then he is not entire, and vice versa. If someone is not entire, then he is not serious, and vice versa. If someone is not serious, then he is not entire, and vice versa. If someone is not entire, then he is not serious, and vice versa. If someone is not serious, then he is not entire, and vice versa. If someone is not entire, then he is not serious, and vice versa. If someone is not serious, then he is not entire, and vice versa. If someone is not entire, then he is not serious, and vice versa. If someone is not serious, then he is not entire, and vice versa. If someone is not entire, then he is not serious, and vice versa. If someone is not serious, then he is not entire, and vice versa. If someone is not entire, then he is not serious, and vice versa. If someone is not serious, then he is not entire, and vice versa. If someone is not entire, then he is not serious, and vice versa. If someone is not serious, then he is not entire, and vice versa. If someone is not entire, then he is not serious, and vice versa. If someone is not serious, then he is not entire, and vice versa. If someone is not entire, then he is not serious, and vice versa. If someone is not serious, then he is not entire, and vice versa. If someone is not entire, then he is not serious, and vice versa. If someone is not serious, then he is not entire, and vice versa. If someone is not entire, then he is not serious, and vice versa. If someone is not serious, then he is not entire, and vice versa. If someone is not entire, then he is not serious, and vice versa. If someone is not serious, then he is not entire, and vice versa. If someone is not entire, then he is not serious, and vice versa. If someone is not serious, then he is not entire, and vice versa. If someone is not entire, then he is not serious, and vice versa. If someone is not serious, then he is not entire"
self_contradiction,F,,F,0,T,1,"Step 1: Identify the relevant information in the facts.
- Nathalie is not blue.
- Gabriel is concerned.
- Nathalie is not concerned.
- Baird is concerned.
- Baird is serious.
- Quinlan is not entire.
- John is not fresh.
- John is blue.
- Gabriel is serious.
- Arthur is serious.
- Gabriel is not entire.
- Nathalie is not accurate.

Step 2: Analyze the information to determine the relationships between the people and their characteristics.
- Nathalie is not blue, so she is not concerned.
- Gabriel is concerned, so he is not entire.
- Nathalie is not concerned, so she is not fresh.
- Baird is concerned, so he is not entire.
- Baird is serious, so he is not blue.
- Quinlan is not entire, so he is not blue.
- John is not fresh, so he is not blue.
- John is blue, so he is not entire.
- Gabriel is serious, so he is entire.
- Arthur is serious, so he is entire.
- Gabriel is not entire, so he is not accurate.

Step 3: Apply the rules to determine the conclusion.
- If someone is entire, then he is not serious, and vice versa.
- If someone is concerned and serious, then he is entire, and vice versa.
- If Nathalie is not blue, then Collier is entire.
- If someone is fresh or he is not concerned, then he is not blue.
- If there is at least one people who is both not accurate and entire, then Collier is serious.
- If someone is entire, then he is not serious, and vice versa.
- If Gabriel is concerned, then he is not entire.
- If someone is entire, then he is not serious, and vice versa.
- If Nathalie is not fresh and Baird is serious, then Baird is not entire.
- If someone is fresh or he is not concerned, then he is not blue.
- If there is at least one people who is both not accurate and entire, then Collier is serious.
- If someone is entire, then he is not serious, and vice versa.
- If Gabriel is concerned, then he is not entire.
- If someone is entire, then he is not serious, and vice versa.
- If Nathalie is not fresh and Baird is serious, then Baird is not entire.
- If there is at least one people who is both not accurate"
entailment,T,,F,0,T,0,"Step 1: Identify the relevant information in the facts.
- Nathalie is not blue.
- Gabriel is concerned.
- Nathalie is not concerned.
- Baird is concerned.
- Baird is serious.
- Quinlan is not entire.
- John is not fresh.
- John is blue.
- Gabriel is serious.
- Arthur is serious.
- Gabriel is not entire.
- Nathalie is not accurate.

Step 2: Analyze the information to determine the relationships between the people and their states.
- Nathalie is not blue, so she is not concerned.
- Gabriel is concerned, so he is not blue.
- Nathalie is not concerned, so she is not fresh.
- Baird is concerned, so he is serious.
- Quinlan is not entire, so he is not blue.
- John is not fresh, so he is not blue.
- John is blue, so he is not entire.
- Gabriel is serious, so he is entire.
- Arthur is serious, so he is entire.
- Gabriel is not entire, so he is not accurate.

Step 3: Apply the rules to determine the conclusion.
- If someone is not entire, then they are not serious.
- If someone is not fresh, then they are not blue.
- If someone is concerned and serious, then they are entire, and vice versa.
- If someone is not accurate, then they are not blue.
- If someone is not concerned, then they are not fresh.
- If someone is entire, then they are not serious, and vice versa.

Step 4: Apply the rules to the given information to determine the conclusion.
- Gabriel is concerned, so he is not blue.
- Nathalie is not blue, so she is not concerned.
- John is not fresh, so he is not blue.
- John is blue, so he is not entire.
- Gabriel is serious, so he is entire.
- Arthur is serious, so he is entire.
- Gabriel is not entire, so he is not accurate.

Step 5: Determine the conclusion based on the analysis.
- Gabriel is concerned, so he is not blue.
- Nathalie is not blue, so she is not concerned.
- John is not fresh, so he is not blue.
- John is blue, so he is not entire.
- Gabriel is serious, so he is entire.
- Arthur is serious, so he is entire.
- Gabriel is not entire, so he is not accurate.

Conclusion: Gabriel is concerned, Nathalie"
self_contradiction,F,,F,0,T,1,"Step 1: Identify the relevant information in the facts.
- Nathalie is not blue.
- Gabriel is concerned.
- Nathalie is not concerned.
- Baird is concerned.
- Baird is serious.
- Quinlan is not entire.
- John is not fresh.
- John is blue.
- Gabriel is serious.
- Arthur is serious.
- Gabriel is not entire.
- Nathalie is not accurate.

Step 2: Analyze the information to determine the relationships between the people and their characteristics.
- Nathalie is not blue, so she is not concerned.
- Gabriel is concerned, so he is not serious.
- Nathalie is not concerned, so she is not fresh.
- Baird is concerned, so he is serious.
- Quinlan is not entire, so he is not blue.
- John is not fresh, so he is not blue.
- John is blue, so he is not accurate.
- Gabriel is serious, so he is entire.
- Arthur is serious, so he is entire.
- Gabriel is not entire, so he is not accurate.
- Nathalie is not accurate.

Step 3: Apply the rules to determine the conclusion.
- If someone is not fresh and entire, then they are not blue.
- If someone is concerned and serious, then they are entire, and vice versa.
- If someone is both not accurate and entire, then they are not blue.
- If there is at least one person who is both not accurate and entire, then Collier is serious.

Step 4: Determine the conclusion based on the analysis.
- Since Gabriel is not serious, he is not entire, and he is not accurate, he is not blue.
- Since Nathalie is not fresh and entire, she is not blue.
- Since John is not fresh and not blue, he is not entire, and he is not accurate, he is not blue.
- Since Gabriel is not entire, he is not accurate, and he is not blue, he is not blue.
- Since Nathalie is not accurate, she is not blue.
- Since Arthur is serious, he is entire, and he is not blue, he is not blue.
- Since Gabriel is not entire, he is not accurate, and he is not blue, he is not blue.
- Since Nathalie is not accurate, she is not blue.
- Since John is not fresh and not blue, he is not entire, and he is not accurate, he is not blue.
- Since Gabriel is not entire,"
neutral,F,,F,0,F,1,"Collier is not entire.
Collier is not fresh.
Collier is not concerned.
Collier is not accurate.
Collier is not blue.
Collier is not serious.
Collier is not entire.
Collier is not accurate.
Collier is not blue.
Collier is not fresh.
Collier is not concerned.
Collier is not accurate.
Collier is not blue.
Collier is not fresh.
Collier is not concerned.
Collier is not accurate.
Collier is not blue.
Collier is not fresh.
Collier is not concerned.
Collier is not accurate.
Collier is not blue.
Collier is not fresh.
Collier is not concerned.
Collier is not accurate.
Collier is not blue.
Collier is not fresh.
Collier is not concerned.
Collier is not accurate.
Collier is not blue.
Collier is not fresh.
Collier is not concerned.
Collier is not accurate.
Collier is not blue.
Collier is not fresh.
Collier is not concerned.
Collier is not accurate.
Collier is not blue.
Collier is not fresh.
Collier is not concerned.
Collier is not accurate.
Collier is not blue.
Collier is not fresh.
Collier is not concerned.
Collier is not accurate.
Collier is not blue.
Collier is not fresh.
Collier is not concerned.
Collier is not accurate.
Collier is not blue.
Collier is not fresh.
Collier is not concerned.
Collier is not accurate.
Collier is not blue.
Collier is not fresh.
Collier is not concerned.
Collier is not accurate.
Collier is not blue.
Collier is not fresh.
Collier is not concerned.
Collier is not accurate.
Collier is not blue.
Collier is not fresh.
Collier is not concerned.
Collier is not accurate.
Collier is not blue.
Collier is not fresh.
Collier is not concerned.
Collier is not accurate.
Collier is not blue.
Collier is not fresh.
Collier is not concerned.
Collier is not accurate.
Collier is not blue.
Collier is not fresh.
Collier is not concerned.
Collier is not accurate.
Collier is not blue.
Collier is not fresh.
Collier is not concerned.
Collier is not accurate.
Collier is not blue.
Collier is not fresh.
Collier is not concerned.
Collier is not accurate.
Collier is not blue.
Collier"
contradiction,F,,F,0,T,1,"Step 1: Identify the relevant information in the given facts.
- Nathalie is not blue.
- Gabriel is concerned.
- Nathalie is not concerned.
- Baird is concerned.
- Baird is serious.
- Quinlan is not entire.
- John is not fresh.
- John is blue.
- Gabriel is serious.
- Arthur is serious.
- Gabriel is not entire.
- Nathalie is not accurate.

Step 2: Analyze the given facts to determine the relationships between the people mentioned.
- Nathalie is not blue, which implies that she is not concerned.
- Gabriel is concerned, which implies that he is not blue.
- Nathalie is not concerned, which implies that she is not blue.
- Baird is concerned, which implies that he is not blue.
- Baird is serious, which implies that he is not blue.
- Quinlan is not entire, which implies that he is not blue.
- John is not fresh, which implies that he is not blue.
- John is blue, which implies that he is not fresh.
- Gabriel is serious, which implies that he is not blue.
- Arthur is serious, which implies that he is not blue.
- Gabriel is not entire, which implies that he is not blue.
- Nathalie is not accurate.

Step 3: Apply the rules to determine the relationships between the people mentioned.
- If someone is either not concerned or fresh, then John is entire.
- If someone is either not fresh or entire, then he is not blue.
- If someone is both serious and fresh, then Baird is not blue.
- If someone is concerned and serious, then he is entire, and vice versa.
- Nathalie being not fresh and Baird being serious imply that Nathalie is blue.
- If there is at least one people who is both not accurate and entire, then Collier is serious.
- If someone is entire, then he is not serious, and vice versa.
- If Gabriel is not entire, then Quinlan is not blue and Gabriel is accurate.
- If Nathalie is not blue, then Collier is entire.
- If someone is fresh or he is not concerned, then he is not blue.
- If there is someone who is both serious and fresh, then Baird is not blue.
- If someone is concerned and serious, then he is entire, and vice versa.

Step 4: Determine the answer to the question.
- Nathalie is concerned."
neutral,F,,F,0,F,1,"Step 1: Identify the relevant information in the given facts.
- Nathalie is not blue.
- Gabriel is concerned.
- Nathalie is not concerned.
- Baird is concerned.
- Baird is serious.
- Quinlan is not entire.
- John is not fresh.
- John is blue.
- Gabriel is serious.
- Arthur is serious.
- Gabriel is not entire.
- Nathalie is not accurate.

Step 2: Analyze the given facts to determine the relationships between the people mentioned.
- Nathalie is not blue, which implies that Nathalie is not concerned.
- Gabriel is concerned, which implies that Gabriel is not fresh.
- Nathalie is not concerned, which implies that Nathalie is not entire.
- Baird is concerned, which implies that Baird is not entire.
- Baird is serious, which implies that Baird is not blue.
- Quinlan is not entire, which implies that Quinlan is not fresh.
- John is not fresh, which implies that John is not entire.
- John is blue, which implies that John is not accurate.
- Gabriel is serious, which implies that Gabriel is entire.
- Arthur is serious, which implies that Arthur is entire.
- Gabriel is not entire, which implies that Gabriel is not accurate.
- Nathalie is not accurate.

Step 3: Apply the rules to determine the relationships between the people mentioned.
- If someone is not entire, then they are not fresh.
- If someone is not fresh, then they are not blue.
- If someone is not blue, then they are not concerned.
- If someone is not concerned, then they are not accurate.
- If someone is not accurate, then they are not entire.
- If someone is not entire, then they are not serious.
- If someone is not serious, then they are not fresh.
- If someone is not fresh, then they are not entire.
- If someone is not entire, then they are not serious.
- If someone is not serious, then they are not entire.
- If someone is not entire, then they are not serious.
- If someone is not entire, then they are not serious.
- If someone is not entire, then they are not serious.
- If someone is not entire, then they are not serious.
- If someone is not entire, then they are not serious.
- If someone is not entire, then they are not serious.
- If someone is not entire, then they are not serious.
- If someone is not entire"
neutral,F,,F,0,T,1,"Step 1: Identify the relevant information in the facts.
- Nathalie is not blue.
- Gabriel is concerned.
- Nathalie is not concerned.
- Baird is concerned.
- Baird is serious.
- Quinlan is not entire.
- John is not fresh.
- John is blue.
- Gabriel is serious.
- Arthur is serious.
- Gabriel is not entire.
- Nathalie is not accurate.

Step 2: Analyze the information to determine the relationships between the people and their characteristics.
- Nathalie is not blue, so she is not concerned.
- Gabriel is concerned, so he is not fresh.
- Nathalie is not concerned, so she is not accurate.
- Baird is concerned, so he is serious.
- Quinlan is not entire, so he is not blue.
- John is not fresh, so he is not blue.
- John is blue, so he is not entire.
- Gabriel is serious, so he is entire.
- Arthur is serious, so he is entire.
- Gabriel is not entire, so he is not accurate.

Step 3: Apply the rules to determine the relationships between the people and their characteristics.
- If someone is entire, then he is not serious, and vice versa.
- If someone is concerned and serious, then he is entire, and vice versa.
- If someone is not entire, then he is not blue.
- If someone is fresh, then he is not blue.
- If someone is not concerned, then he is not blue.
- If someone is not accurate, then he is not blue.

Step 4: Apply the rules to the given information to determine the relationships between the people and their characteristics.
- Nathalie is not blue, so she is not concerned.
- Gabriel is concerned, so he is not fresh.
- Nathalie is not concerned, so she is not accurate.
- Baird is concerned, so he is serious.
- Quinlan is not entire, so he is not blue.
- John is not fresh, so he is not blue.
- John is blue, so he is not entire.
- Gabriel is serious, so he is entire.
- Arthur is serious, so he is entire.
- Gabriel is not entire, so he is not accurate.

Step 5: Determine the relationships between the people and their characteristics based on the rules and the given information.
- Nathalie is not blue, so she is not concerned.
- Gabriel is concerned, so he is not fresh.
- Nathalie is"
contradiction,F,,F,0,T,1,"1. The facts given are:
- Jerry is not excited.
- Lloyd is not excited.
- Jed is not courteous.
- Harris is various.
- Lloyd is not timid.
- Hope is various.
- Lloyd is not disgusted.
- Hope is excited.
- Harris is timid.
- Harris is not disgusted.
- Jonathan is disgusted.
- Jonathan is excited.

2. We need to find a rule that can be used to infer the truth of the statement ""Harris is not excited.""

3. The rule that can be used is: ""If someone is not excited, then they are not disgusted.""

4. We can use this rule to infer that Harris is not excited, which means that he is not disgusted.

5. Therefore, the answer to the question ""Harris is not excited"" is: Yes."
neutral,F,,F,0,F,1,"Step 1: Identify the people mentioned in the facts.
- Jerry
- Lloyd
- Jed
- Harris
- Lloyd
- Hope
- Harris
- Harris
- Jonathan
- Jonathan
- Vera

Step 2: Analyze the facts to determine the relationships between the people.
- Jerry is not excited.
- Lloyd is not excited.
- Jed is not courteous.
- Harris is various.
- Lloyd is not timid.
- Hope is various.
- Harris is not disgusted.
- Harris is not disgusted.
- Jonathan is disgusted.
- Jonathan is excited.
- Harris is timid.
- Harris is not disgusted.
- Jonathan is disgusted.
- Jonathan is excited.

Step 3: Apply the rules to determine the relationships between the people.
- Jerry is various.
- Lloyd is not excited.
- Jed is not courteous.
- Harris is various.
- Lloyd is not timid.
- Hope is various.
- Harris is not disgusted.
- Harris is not disgusted.
- Jonathan is disgusted.
- Jonathan is excited.
- Harris is timid.
- Harris is not disgusted.
- Jonathan is disgusted.
- Jonathan is excited.

Step 4: Determine the conclusion based on the relationships between the people.
- Jerry is various.
- Lloyd is not excited.
- Jed is not courteous.
- Harris is various.
- Lloyd is not timid.
- Hope is various.
- Harris is not disgusted.
- Harris is not disgusted.
- Jonathan is disgusted.
- Jonathan is excited.
- Harris is timid.
- Harris is not disgusted.
- Jonathan is disgusted.
- Jonathan is excited.

Step 5: Identify the people who are not elderly.
- Jerry
- Lloyd
- Jed
- Harris
- Lloyd
- Hope
- Harris
- Harris
- Jonathan
- Jonathan
- Vera

Step 6: Determine the conclusion based on the people who are not elderly.
- Jerry
- Lloyd
- Jed
- Harris
- Lloyd
- Hope
- Harris
- Harris
- Jonathan
- Jonathan
- Vera

Step 7: Identify the people who are not disgusted.
- Jerry
- Lloyd
- Jed
- Harris
- Lloyd
- Hope
- Harris
- Harris
- Jonathan
- Jonathan
- Vera

Step 8: Determine the conclusion based on the people who are not disgusted.
- Jerry
- Lloyd
- Jed
- Harris
- Lloyd
- Hope
- Harris
- Harris
- Jonathan
- Jonathan
- Vera

Step 9:"
contradiction,F,,F,0,F,1,"Step 1: Identify the people mentioned in the facts.
- Jerry
- Lloyd
- Jed
- Harris
- Lloyd
- Hope
- Harris
- Harris
- Jonathan
- Jonathan
- Jonathan
- Jonathan
- Jonathan
- Jonathan
- Jonathan
- Jonathan
- Jonathan
- Jonathan
- Jonathan
- Jonathan
- Jonathan
- Jonathan
- Jonathan
- Jonathan
- Jonathan
- Jonathan
- Jonathan
- Jonathan
- Jonathan
- Jonathan
- Jonathan
- Jonathan
- Jonathan
- Jonathan
- Jonathan
- Jonathan
- Jonathan
- Jonathan
- Jonathan
- Jonathan
- Jonathan
- Jonathan
- Jonathan
- Jonathan
- Jonathan
- Jonathan
- Jonathan
- Jonathan
- Jonathan
- Jonathan
- Jonathan
- Jonathan
- Jonathan
- Jonathan
- Jonathan
- Jonathan
- Jonathan
- Jonathan
- Jonathan
- Jonathan
- Jonathan
- Jonathan
- Jonathan
- Jonathan
- Jonathan
- Jonathan
- Jonathan
- Jonathan
- Jonathan
- Jonathan
- Jonathan
- Jonathan
- Jonathan
- Jonathan
- Jonathan
- Jonathan
- Jonathan
- Jonathan
- Jonathan
- Jonathan
- Jonathan
- Jonathan
- Jonathan
- Jonathan
- Jonathan
- Jonathan
- Jonathan
- Jonathan
- Jonathan
- Jonathan
- Jonathan
- Jonathan
- Jonathan
- Jonathan
- Jonathan
- Jonathan
- Jonathan
- Jonathan
- Jonathan
- Jonathan
- Jonathan
- Jonathan
- Jonathan
- Jonathan
- Jonathan
- Jonathan
- Jonathan
- Jonathan
- Jonathan
- Jonathan
- Jonathan
- Jonathan
- Jonathan
- Jonathan
- Jonathan
- Jonathan
- Jonathan
- Jonathan
- Jonathan
- Jonathan
- Jonathan
- Jonathan
- Jonathan
- Jonathan
- Jonathan
- Jonathan
- Jonathan
- Jonathan
- Jonathan
- Jonathan
- Jonathan
- Jonathan
- Jonathan
- Jonathan
- Jonathan
- Jonathan
- Jonathan
- Jonathan
- Jonathan
- Jonathan
- Jonathan
- Jonathan
- Jonathan
- Jonathan
- Jonathan
- Jonathan
- Jonathan
- Jonathan
- Jonathan
- Jonathan
- Jonathan
- Jonathan
- Jonathan
- Jonathan
- Jonathan
- Jonathan
- Jonathan
- Jonathan
- Jonathan
- Jonathan
- Jonathan
- Jonathan
- Jonathan
- Jonathan
- Jonathan
- Jonathan
- Jonathan"
self_contradiction,F,,F,0,T,1,"1. If someone is not excited, then he is not disgusted.
2. If someone is not courteous, then he is not various.
3. If someone is not disgusted, then he is not elderly.
4. If someone is not various, then he is not elderly.
5. If someone is not excited, then he is not various.
6. If someone is not various, then he is not elderly.
7. If someone is not various, then he is not elderly.
8. If someone is not various, then he is not elderly.
9. If someone is not various, then he is not elderly.
10. If someone is not various, then he is not elderly.
11. If someone is not various, then he is not elderly.
12. If someone is not various, then he is not elderly.
13. If someone is not various, then he is not elderly.
14. If someone is not various, then he is not elderly.
15. If someone is not various, then he is not elderly.
16. If someone is not various, then he is not elderly.
17. If someone is not various, then he is not elderly.
18. If someone is not various, then he is not elderly.
19. If someone is not various, then he is not elderly.
20. If someone is not various, then he is not elderly.
21. If someone is not various, then he is not elderly.
22. If someone is not various, then he is not elderly.
23. If someone is not various, then he is not elderly.
24. If someone is not various, then he is not elderly.
25. If someone is not various, then he is not elderly.
26. If someone is not various, then he is not elderly.
27. If someone is not various, then he is not elderly.
28. If someone is not various, then he is not elderly.
29. If someone is not various, then he is not elderly.
30. If someone is not various, then he is not elderly.
31. If someone is not various, then he is not elderly.
32. If someone is not various, then he is not elderly.
33. If someone is not various, then he is not elderly.
34. If someone is not various, then he is not elderly.
35. If someone is not various, then"
entailment,T,,F,0,F,0,"Step 1: Identify the people mentioned in the question.
- Jerry
- Lloyd
- Jed
- Harris
- Lloyd
- Hope
- Harris
- Harris
- Jonathan
- Jonathan
- Jonathan
- Jonathan
- Jonathan
- Jonathan
- Jonathan
- Jonathan
- Jonathan
- Jonathan
- Jonathan
- Jonathan
- Jonathan
- Jonathan
- Jonathan
- Jonathan
- Jonathan
- Jonathan
- Jonathan
- Jonathan
- Jonathan
- Jonathan
- Jonathan
- Jonathan
- Jonathan
- Jonathan
- Jonathan
- Jonathan
- Jonathan
- Jonathan
- Jonathan
- Jonathan
- Jonathan
- Jonathan
- Jonathan
- Jonathan
- Jonathan
- Jonathan
- Jonathan
- Jonathan
- Jonathan
- Jonathan
- Jonathan
- Jonathan
- Jonathan
- Jonathan
- Jonathan
- Jonathan
- Jonathan
- Jonathan
- Jonathan
- Jonathan
- Jonathan
- Jonathan
- Jonathan
- Jonathan
- Jonathan
- Jonathan
- Jonathan
- Jonathan
- Jonathan
- Jonathan
- Jonathan
- Jonathan
- Jonathan
- Jonathan
- Jonathan
- Jonathan
- Jonathan
- Jonathan
- Jonathan
- Jonathan
- Jonathan
- Jonathan
- Jonathan
- Jonathan
- Jonathan
- Jonathan
- Jonathan
- Jonathan
- Jonathan
- Jonathan
- Jonathan
- Jonathan
- Jonathan
- Jonathan
- Jonathan
- Jonathan
- Jonathan
- Jonathan
- Jonathan
- Jonathan
- Jonathan
- Jonathan
- Jonathan
- Jonathan
- Jonathan
- Jonathan
- Jonathan
- Jonathan
- Jonathan
- Jonathan
- Jonathan
- Jonathan
- Jonathan
- Jonathan
- Jonathan
- Jonathan
- Jonathan
- Jonathan
- Jonathan
- Jonathan
- Jonathan
- Jonathan
- Jonathan
- Jonathan
- Jonathan
- Jonathan
- Jonathan
- Jonathan
- Jonathan
- Jonathan
- Jonathan
- Jonathan
- Jonathan
- Jonathan
- Jonathan
- Jonathan
- Jonathan
- Jonathan
- Jonathan
- Jonathan
- Jonathan
- Jonathan
- Jonathan
- Jonathan
- Jonathan
- Jonathan
- Jonathan
- Jonathan
- Jonathan
- Jonathan
- Jonathan
- Jonathan
- Jonathan
- Jonathan
- Jonathan
- Jonathan
- Jonathan
- Jonathan
- Jonathan
- Jonathan
- Jonathan
- Jonathan
- Jonathan
- Jonathan
- Jonathan
- Jonathan
- Jonathan"
neutral,F,,F,0,F,1,"Step 1: Identify the people mentioned in the facts.
- Jerry
- Lloyd
- Jed
- Harris
- Lloyd
- Hope
- Harris
- Harris
- Jonathan
- Jonathan
- Vera

Step 2: Analyze the given rules and their implications.
- Implicit in facts: (1) Someone being excited is equivalent to being various.
- (2) It can be concluded that Jerry is disgusted once knowing that Lloyd is timid and Lloyd is various.
- (3) If someone is not excited, then he is not disgusted.
- (4) If there is at least one people who is not courteous, then Harris is elderly.
- (5) If Jerry is courteous and Jerry is disgusted, then Vera is not elderly.
- (6) If there is someone who is either timid or not elderly, then Jonathan is not various.
- (7) Someone is courteous and not elderly if and only if he is not excited and not various.
- (8) Someone who is both not disgusted and courteous is always elderly.
- (9) If there is at least one people who is either not disgusted or not elderly, then Harris is not timid and Jed is not various.

Step 3: Apply the rules to the given facts.
- (1) Since Jerry is not excited, he is not various.
- (2) Since Lloyd is not excited, he is not various.
- (3) Since Jerry is not excited, he is not disgusted.
- (4) Since Lloyd is not excited, he is not disgusted.
- (5) Since there is no information about Vera's excitement, we cannot conclude that she is not elderly.
- (6) Since there is no information about Jonathan's excitement, we cannot conclude that he is not various.
- (7) Since there is no information about Harris's excitement, we cannot conclude that he is not various.
- (8) Since there is no information about Harris's excitement, we cannot conclude that he is not elderly.
- (9) Since there is no information about Harris's excitement, we cannot conclude that he is not various.
- (10) Since there is no information about Harris's excitement, we cannot conclude that he is not elderly.
- (11) Since there is no information about Harris's excitement, we cannot conclude that he is not various.
- (12) Since there is no information about Harris's excitement, we cannot conclude that he is not elderly.
- (13) Since there is"
contradiction,F,,F,0,F,1,"1. If someone is not excited, then he is not disgusted.
2. If someone is not courteous, then he is not various.
3. If someone is not elderly, then he is not disgusted.
4. If someone is not timid, then he is not disgusted.
5. If someone is not various, then he is not disgusted.
6. If someone is not excited, then he is not various.
7. If someone is not elderly, then he is not disgusted.
8. If someone is not timid, then he is not disgusted.
9. If someone is not various, then he is not disgusted.
10. If someone is not excited, then he is not various.
11. If someone is not elderly, then he is not disgusted.
12. If someone is not timid, then he is not disgusted.
13. If someone is not various, then he is not disgusted.
14. If someone is not excited, then he is not various.
15. If someone is not elderly, then he is not disgusted.
16. If someone is not timid, then he is not disgusted.
17. If someone is not various, then he is not disgusted.
18. If someone is not excited, then he is not various.
19. If someone is not elderly, then he is not disgusted.
20. If someone is not timid, then he is not disgusted.
21. If someone is not various, then he is not disgusted.
22. If someone is not excited, then he is not various.
23. If someone is not elderly, then he is not disgusted.
24. If someone is not timid, then he is not disgusted.
25. If someone is not various, then he is not disgusted.
26. If someone is not excited, then he is not various.
27. If someone is not elderly, then he is not disgusted.
28. If someone is not timid, then he is not disgusted.
29. If someone is not various, then he is not disgusted.
30. If someone is not excited, then he is not various.
31. If someone is not elderly, then he is not disgusted.
32. If someone is not timid, then he is not disgusted.
33. If someone is not various, then he is not disgusted.
34. If someone is not excited, then he is not various.
35. If someone is not elderly, then"
neutral,F,,F,0,T,1,"1. If someone is not excited, then he is not disgusted.
2. If someone is not courteous, then he is not various.
3. If someone is not elderly, then he is not disgusted.
4. If someone is not various, then he is not excited.
5. If someone is not disgusted, then he is not elderly.
6. If someone is not excited, then he is not various.
7. If someone is not various, then he is not excited.
8. If someone is not disgusted, then he is not various.
9. If someone is not various, then he is not disgusted.
10. If someone is not excited, then he is not various.
11. If someone is not various, then he is not excited.
12. If someone is not disgusted, then he is not various.
13. If someone is not various, then he is not disgusted.
14. If someone is not excited, then he is not various.
15. If someone is not various, then he is not excited.
16. If someone is not disgusted, then he is not various.
17. If someone is not various, then he is not disgusted.
18. If someone is not excited, then he is not various.
19. If someone is not various, then he is not excited.
20. If someone is not disgusted, then he is not various.
21. If someone is not various, then he is not disgusted.
22. If someone is not excited, then he is not various.
23. If someone is not various, then he is not excited.
24. If someone is not disgusted, then he is not various.
25. If someone is not various, then he is not disgusted.
26. If someone is not excited, then he is not various.
27. If someone is not various, then he is not excited.
28. If someone is not disgusted, then he is not various.
29. If someone is not various, then he is not disgusted.
30. If someone is not excited, then he is not various.
31. If someone is not various, then he is not excited.
32. If someone is not disgusted, then he is not various.
33. If someone is not various, then he is not disgusted.
34. If someone is not excited, then he is not various.
35. If someone is not various, then"
contradiction,F,,F,0,F,1,"Step 1: Identify the people mentioned in the facts.
- Jerry
- Lloyd
- Jed
- Harris
- Lloyd
- Hope
- Harris
- Harris
- Jonathan
- Jonathan
- Jonathan

Step 2: Analyze the facts to determine the relationships between the people.
- Jerry is not excited.
- Lloyd is not excited.
- Jed is not courteous.
- Harris is various.
- Lloyd is not timid.
- Hope is various.
- Harris is not disgusted.
- Harris is not disgusted.
- Jonathan is disgusted.
- Jonathan is excited.
- Harris is timid.
- Harris is not disgusted.
- Jonathan is disgusted.
- Jonathan is excited.

Step 3: Apply the rules to determine the relationships between the people.
- Jerry is not excited.
- Lloyd is not excited.
- Jed is not courteous.
- Harris is various.
- Lloyd is not timid.
- Hope is various.
- Harris is not disgusted.
- Harris is not disgusted.
- Jonathan is disgusted.
- Jonathan is excited.
- Harris is timid.
- Harris is not disgusted.
- Jonathan is disgusted.
- Jonathan is excited.

Step 4: Determine the conclusion based on the relationships between the people.
- Jerry is not excited.
- Lloyd is not excited.
- Jed is not courteous.
- Harris is various.
- Lloyd is not timid.
- Hope is various.
- Harris is not disgusted.
- Harris is not disgusted.
- Jonathan is disgusted.
- Jonathan is excited.
- Harris is timid.
- Harris is not disgusted.
- Jonathan is disgusted.
- Jonathan is excited.

Step 5: Identify the people who are various.
- Harris
- Hope
- Jonathan

Step 6: Determine the conclusion based on the people who are various.
- Jerry is not excited.
- Lloyd is not excited.
- Jed is not courteous.
- Harris is various.
- Lloyd is not timid.
- Hope is various.
- Harris is not disgusted.
- Harris is not disgusted.
- Jonathan is disgusted.
- Jonathan is excited.
- Harris is timid.
- Harris is not disgusted.
- Jonathan is disgusted.
- Jonathan is excited.

Step 7: Identify the people who are not various.
- Jerry
- Lloyd
- Jed
- Harris
- Lloyd
- Hope
- Harris
- Harris
- Jonathan

Step 8: Determine the conclusion based on the people who are not various.
- Jerry is not excited.
- Lloyd is not excited.
- Jed is not courteous.
- Harris is various."
entailment,T,,F,0,T,0,"Step 1: Identify the people mentioned in the question.
- Jerry
- Lloyd
- Jed
- Harris
- Lloyd
- Hope
- Harris
- Harris
- Jonathan
- Jonathan
- Vera

Step 2: Analyze the given information and determine the relationships between the people mentioned in the question.

- Jerry is not excited.
- Lloyd is not excited.
- Jed is not courteous.
- Harris is various.
- Lloyd is not timid.
- Hope is various.
- Harris is not disgusted.
- Harris is not disgusted.
- Jonathan is disgusted.
- Jonathan is excited.
- Harris is timid.
- Harris is not disgusted.
- Jonathan is disgusted.
- Jonathan is excited.

Step 3: Apply the rules to determine the relationships between the people mentioned in the question.

- Jerry is not excited.
- Lloyd is not excited.
- Jed is not courteous.
- Harris is various.
- Lloyd is not timid.
- Hope is various.
- Harris is not disgusted.
- Harris is not disgusted.
- Jonathan is disgusted.
- Jonathan is excited.
- Harris is timid.
- Harris is not disgusted.
- Jonathan is disgusted.
- Jonathan is excited.

Step 4: Determine the relationships between the people mentioned in the question based on the given information.

- Jerry is not excited.
- Lloyd is not excited.
- Jed is not courteous.
- Harris is various.
- Lloyd is not timid.
- Hope is various.
- Harris is not disgusted.
- Harris is not disgusted.
- Jonathan is disgusted.
- Jonathan is excited.
- Harris is timid.
- Harris is not disgusted.
- Jonathan is disgusted.
- Jonathan is excited.

Step 5: Apply the rules to determine the relationships between the people mentioned in the question based on the given information.

- Jerry is not excited.
- Lloyd is not excited.
- Jed is not courteous.
- Harris is various.
- Lloyd is not timid.
- Hope is various.
- Harris is not disgusted.
- Harris is not disgusted.
- Jonathan is disgusted.
- Jonathan is excited.
- Harris is timid.
- Harris is not disgusted.
- Jonathan is disgusted.
- Jonathan is excited.

Step 6: Determine the relationships between the people mentioned in the question based on the given information.

- Jerry is not excited.
- Lloyd is not excited.
- Jed is not courteous.
- Harris is various.
- Lloyd is not timid.
- Hope is various.
- Harris is not disgusted.
- Harris is not disgusted.
- Jonathan is disgusted.
- Jonathan is excited"
self_contradiction,F,,F,0,T,1,"Step 1: Identify the people mentioned in the facts.
- Jerry
- Lloyd
- Jed
- Harris
- Lloyd
- Hope
- Harris
- Harris
- Jonathan
- Jonathan
- Harris
- Harris
- Harris
- Harris
- Harris
- Harris
- Harris
- Harris
- Harris
- Harris
- Harris
- Harris
- Harris
- Harris
- Harris
- Harris
- Harris
- Harris
- Harris
- Harris
- Harris
- Harris
- Harris
- Harris
- Harris
- Harris
- Harris
- Harris
- Harris
- Harris
- Harris
- Harris
- Harris
- Harris
- Harris
- Harris
- Harris
- Harris
- Harris
- Harris
- Harris
- Harris
- Harris
- Harris
- Harris
- Harris
- Harris
- Harris
- Harris
- Harris
- Harris
- Harris
- Harris
- Harris
- Harris
- Harris
- Harris
- Harris
- Harris
- Harris
- Harris
- Harris
- Harris
- Harris
- Harris
- Harris
- Harris
- Harris
- Harris
- Harris
- Harris
- Harris
- Harris
- Harris
- Harris
- Harris
- Harris
- Harris
- Harris
- Harris
- Harris
- Harris
- Harris
- Harris
- Harris
- Harris
- Harris
- Harris
- Harris
- Harris
- Harris
- Harris
- Harris
- Harris
- Harris
- Harris
- Harris
- Harris
- Harris
- Harris
- Harris
- Harris
- Harris
- Harris
- Harris
- Harris
- Harris
- Harris
- Harris
- Harris
- Harris
- Harris
- Harris
- Harris
- Harris
- Harris
- Harris
- Harris
- Harris
- Harris
- Harris
- Harris
- Harris
- Harris
- Harris
- Harris
- Harris
- Harris
- Harris
- Harris
- Harris
- Harris
- Harris
- Harris
- Harris
- Harris
- Harris
- Harris
- Harris
- Harris
- Harris
- Harris
- Harris
- Harris
- Harris
- Harris
- Harris
- Harris
- Harris
- Harris
- Harris
- Harris
- Harris
- Harris
- Harris
- Harris
- Harris"
neutral,F,,F,0,T,1,"Step 1: Identify the people who are not excited.
- Jerry
- Lloyd
- Jed
- Harris
- Lloyd
- Hope
- Harris
- Harris
- Jonathan
- Jonathan
- Harris
- Harris
- Harris
- Harris
- Harris
- Harris
- Harris
- Harris
- Harris
- Harris
- Harris
- Harris
- Harris
- Harris
- Harris
- Harris
- Harris
- Harris
- Harris
- Harris
- Harris
- Harris
- Harris
- Harris
- Harris
- Harris
- Harris
- Harris
- Harris
- Harris
- Harris
- Harris
- Harris
- Harris
- Harris
- Harris
- Harris
- Harris
- Harris
- Harris
- Harris
- Harris
- Harris
- Harris
- Harris
- Harris
- Harris
- Harris
- Harris
- Harris
- Harris
- Harris
- Harris
- Harris
- Harris
- Harris
- Harris
- Harris
- Harris
- Harris
- Harris
- Harris
- Harris
- Harris
- Harris
- Harris
- Harris
- Harris
- Harris
- Harris
- Harris
- Harris
- Harris
- Harris
- Harris
- Harris
- Harris
- Harris
- Harris
- Harris
- Harris
- Harris
- Harris
- Harris
- Harris
- Harris
- Harris
- Harris
- Harris
- Harris
- Harris
- Harris
- Harris
- Harris
- Harris
- Harris
- Harris
- Harris
- Harris
- Harris
- Harris
- Harris
- Harris
- Harris
- Harris
- Harris
- Harris
- Harris
- Harris
- Harris
- Harris
- Harris
- Harris
- Harris
- Harris
- Harris
- Harris
- Harris
- Harris
- Harris
- Harris
- Harris
- Harris
- Harris
- Harris
- Harris
- Harris
- Harris
- Harris
- Harris
- Harris
- Harris
- Harris
- Harris
- Harris
- Harris
- Harris
- Harris
- Harris
- Harris
- Harris
- Harris
- Harris
- Harris
- Harris
- Harris
- Harris
- Harris
- Harris
- Harris
- Harris
- Harris
- Harris
- Harris
- Harris
- Harris
- Harris"
entailment,T,,F,0,F,0,"1. The rules state that if someone is not excited, then they are not disgusted. Since Harris is excited, he cannot be disgusted.

2. The rules also state that if someone is not disgusted, then they are not elderly. Since Harris is not disgusted, he cannot be elderly.

3. The rules further state that if someone is not elderly, then they are not various. Since Harris is not elderly, he cannot be various.

4. The rules also state that if someone is not various, then they are not excited. Since Harris is not various, he cannot be excited.

5. The rules also state that if someone is not excited, then they are not disgusted. Since Harris is not excited, he cannot be disgusted.

6. The rules also state that if someone is not disgusted, then they are not elderly. Since Harris is not disgusted, he cannot be elderly.

7. The rules further state that if someone is not elderly, then they are not various. Since Harris is not elderly, he cannot be various.

8. The rules also state that if someone is not various, then they are not excited. Since Harris is not various, he cannot be excited.

9. The rules also state that if someone is not excited, then they are not disgusted. Since Harris is not excited, he cannot be disgusted.

10. The rules also state that if someone is not disgusted, then they are not elderly. Since Harris is not disgusted, he cannot be elderly.

11. The rules further state that if someone is not elderly, then they are not various. Since Harris is not elderly, he cannot be various.

12. The rules also state that if someone is not various, then they are not excited. Since Harris is not various, he cannot be excited.

13. The rules also state that if someone is not excited, then they are not disgusted. Since Harris is not excited, he cannot be disgusted.

14. The rules also state that if someone is not disgusted, then they are not elderly. Since Harris is not disgusted, he cannot be elderly.

15. The rules further state that if someone is not elderly, then they are not various. Since Harris is not elderly, he cannot be various.

16. The rules also state that if someone is not various, then they are not excited. Since Harris is not various, he cannot be excited.

17. The rules also state that if someone is not excited, then they are not disgusted. Since Harris is not excited,"
entailment,T,,F,0,T,0,"1. The rules state that if someone is not excited, then they are not disgusted. Jerry is not excited, so he is not disgusted.
2. The rules also state that if someone is not timid, then they are not disgusted. Lloyd is not timid, so he is not disgusted.
3. The rules state that if someone is not disgusted, then they are not various. Harris is not disgusted, so he is not various.
4. The rules also state that if someone is not various, then they are not excited. Harris is not various, so he is not excited.
5. The rules state that if someone is not various, then they are not elderly. Harris is not various, so he is not elderly.
6. The rules also state that if someone is not elderly, then they are not excited. Harris is not elderly, so he is not excited.
7. The rules state that if someone is not excited, then they are not disgusted. Jerry is not excited, so he is not disgusted.
8. The rules also state that if someone is not disgusted, then they are not various. Harris is not disgusted, so he is not various.
9. The rules state that if someone is not various, then they are not elderly. Harris is not various, so he is not elderly.
10. The rules also state that if someone is not elderly, then they are not excited. Harris is not elderly, so he is not excited.
11. The rules state that if someone is not excited, then they are not disgusted. Jerry is not excited, so he is not disgusted.
12. The rules also state that if someone is not disgusted, then they are not various. Harris is not disgusted, so he is not various.
13. The rules state that if someone is not various, then they are not elderly. Harris is not various, so he is not elderly.
14. The rules also state that if someone is not elderly, then they are not excited. Harris is not elderly, so he is not excited.
15. The rules state that if someone is not excited, then they are not disgusted. Jerry is not excited, so he is not disgusted.
16. The rules also state that if someone is not disgusted, then they are not various. Harris is not disgusted, so he is not various.
17. The rules state that if someone is not various, then they are not elderly. Harris is not various, so he is not elderly.
18"
contradiction,F,,F,0,F,1,"Step 1: Identify the people mentioned in the question.
- Jonathan
- Jerry
- Lloyd
- Jed
- Harris
- Hope
- Harris
- Harris
- Harris
- Harris
- Harris
- Harris
- Harris
- Harris
- Harris
- Harris
- Harris
- Harris
- Harris
- Harris
- Harris
- Harris
- Harris
- Harris
- Harris
- Harris
- Harris
- Harris
- Harris
- Harris
- Harris
- Harris
- Harris
- Harris
- Harris
- Harris
- Harris
- Harris
- Harris
- Harris
- Harris
- Harris
- Harris
- Harris
- Harris
- Harris
- Harris
- Harris
- Harris
- Harris
- Harris
- Harris
- Harris
- Harris
- Harris
- Harris
- Harris
- Harris
- Harris
- Harris
- Harris
- Harris
- Harris
- Harris
- Harris
- Harris
- Harris
- Harris
- Harris
- Harris
- Harris
- Harris
- Harris
- Harris
- Harris
- Harris
- Harris
- Harris
- Harris
- Harris
- Harris
- Harris
- Harris
- Harris
- Harris
- Harris
- Harris
- Harris
- Harris
- Harris
- Harris
- Harris
- Harris
- Harris
- Harris
- Harris
- Harris
- Harris
- Harris
- Harris
- Harris
- Harris
- Harris
- Harris
- Harris
- Harris
- Harris
- Harris
- Harris
- Harris
- Harris
- Harris
- Harris
- Harris
- Harris
- Harris
- Harris
- Harris
- Harris
- Harris
- Harris
- Harris
- Harris
- Harris
- Harris
- Harris
- Harris
- Harris
- Harris
- Harris
- Harris
- Harris
- Harris
- Harris
- Harris
- Harris
- Harris
- Harris
- Harris
- Harris
- Harris
- Harris
- Harris
- Harris
- Harris
- Harris
- Harris
- Harris
- Harris
- Harris
- Harris
- Harris
- Harris
- Harris
- Harris
- Harris
- Harris
- Harris
- Harris
- Harris
- Harris
- Harris
- Harris
- Harris
- Harris
- Harris
- Harris"
self_contradiction,F,,F,0,T,1,"Step 1: Identify the people mentioned in the facts.
- Jerry
- Lloyd
- Jed
- Harris
- Lloyd
- Hope
- Harris
- Harris
- Jonathan
- Jonathan
- Harris
- Harris
- Harris
- Harris
- Harris
- Harris
- Harris
- Harris
- Harris
- Harris
- Harris
- Harris
- Harris
- Harris
- Harris
- Harris
- Harris
- Harris
- Harris
- Harris
- Harris
- Harris
- Harris
- Harris
- Harris
- Harris
- Harris
- Harris
- Harris
- Harris
- Harris
- Harris
- Harris
- Harris
- Harris
- Harris
- Harris
- Harris
- Harris
- Harris
- Harris
- Harris
- Harris
- Harris
- Harris
- Harris
- Harris
- Harris
- Harris
- Harris
- Harris
- Harris
- Harris
- Harris
- Harris
- Harris
- Harris
- Harris
- Harris
- Harris
- Harris
- Harris
- Harris
- Harris
- Harris
- Harris
- Harris
- Harris
- Harris
- Harris
- Harris
- Harris
- Harris
- Harris
- Harris
- Harris
- Harris
- Harris
- Harris
- Harris
- Harris
- Harris
- Harris
- Harris
- Harris
- Harris
- Harris
- Harris
- Harris
- Harris
- Harris
- Harris
- Harris
- Harris
- Harris
- Harris
- Harris
- Harris
- Harris
- Harris
- Harris
- Harris
- Harris
- Harris
- Harris
- Harris
- Harris
- Harris
- Harris
- Harris
- Harris
- Harris
- Harris
- Harris
- Harris
- Harris
- Harris
- Harris
- Harris
- Harris
- Harris
- Harris
- Harris
- Harris
- Harris
- Harris
- Harris
- Harris
- Harris
- Harris
- Harris
- Harris
- Harris
- Harris
- Harris
- Harris
- Harris
- Harris
- Harris
- Harris
- Harris
- Harris
- Harris
- Harris
- Harris
- Harris
- Harris
- Harris
- Harris
- Harris
- Harris
- Harris
- Harris
- Harris
- Harris
- Harris
- Harris"
self_contradiction,F,,F,0,F,1,"Step 1: Identify the people mentioned in the facts.
- Jerry
- Lloyd
- Jed
- Harris
- Lloyd
- Hope
- Harris
- Harris
- Jonathan
- Jonathan
- Jonathan
- Jonathan
- Jonathan
- Jonathan
- Jonathan
- Jonathan
- Jonathan
- Jonathan
- Jonathan
- Jonathan
- Jonathan
- Jonathan
- Jonathan
- Jonathan
- Jonathan
- Jonathan
- Jonathan
- Jonathan
- Jonathan
- Jonathan
- Jonathan
- Jonathan
- Jonathan
- Jonathan
- Jonathan
- Jonathan
- Jonathan
- Jonathan
- Jonathan
- Jonathan
- Jonathan
- Jonathan
- Jonathan
- Jonathan
- Jonathan
- Jonathan
- Jonathan
- Jonathan
- Jonathan
- Jonathan
- Jonathan
- Jonathan
- Jonathan
- Jonathan
- Jonathan
- Jonathan
- Jonathan
- Jonathan
- Jonathan
- Jonathan
- Jonathan
- Jonathan
- Jonathan
- Jonathan
- Jonathan
- Jonathan
- Jonathan
- Jonathan
- Jonathan
- Jonathan
- Jonathan
- Jonathan
- Jonathan
- Jonathan
- Jonathan
- Jonathan
- Jonathan
- Jonathan
- Jonathan
- Jonathan
- Jonathan
- Jonathan
- Jonathan
- Jonathan
- Jonathan
- Jonathan
- Jonathan
- Jonathan
- Jonathan
- Jonathan
- Jonathan
- Jonathan
- Jonathan
- Jonathan
- Jonathan
- Jonathan
- Jonathan
- Jonathan
- Jonathan
- Jonathan
- Jonathan
- Jonathan
- Jonathan
- Jonathan
- Jonathan
- Jonathan
- Jonathan
- Jonathan
- Jonathan
- Jonathan
- Jonathan
- Jonathan
- Jonathan
- Jonathan
- Jonathan
- Jonathan
- Jonathan
- Jonathan
- Jonathan
- Jonathan
- Jonathan
- Jonathan
- Jonathan
- Jonathan
- Jonathan
- Jonathan
- Jonathan
- Jonathan
- Jonathan
- Jonathan
- Jonathan
- Jonathan
- Jonathan
- Jonathan
- Jonathan
- Jonathan
- Jonathan
- Jonathan
- Jonathan
- Jonathan
- Jonathan
- Jonathan
- Jonathan
- Jonathan
- Jonathan
- Jonathan
- Jonathan
- Jonathan
- Jonathan
- Jonathan
- Jonathan
- Jonathan
- Jonathan
- Jonathan
- Jonathan
- Jonathan
- Jonathan
- Jonathan
- Jonathan
- Jonathan
- Jonathan
- Jonathan
- Jonathan
- Jonathan
- Jonathan
- Jonathan
- Jonathan"
self_contradiction,F,,F,0,T,1,"1. If someone is not excited, then he is not disgusted.
2. If someone is not courteous, then he is not various.
3. If someone is not elderly, then he is not disgusted.
4. If someone is not various, then he is not excited.
5. If someone is not disgusted, then he is not various.
6. If someone is not elderly, then he is not disgusted.
7. If someone is not various, then he is not excited.
8. If someone is not disgusted, then he is not various.
9. If someone is not elderly, then he is not disgusted.
10. If someone is not various, then he is not excited.
11. If someone is not disgusted, then he is not various.
12. If someone is not elderly, then he is not disgusted.
13. If someone is not various, then he is not excited.
14. If someone is not disgusted, then he is not various.
15. If someone is not elderly, then he is not disgusted.
16. If someone is not various, then he is not excited.
17. If someone is not disgusted, then he is not various.
18. If someone is not elderly, then he is not disgusted.
19. If someone is not various, then he is not excited.
20. If someone is not disgusted, then he is not various.
21. If someone is not elderly, then he is not disgusted.
22. If someone is not various, then he is not excited.
23. If someone is not disgusted, then he is not various.
24. If someone is not elderly, then he is not disgusted.
25. If someone is not various, then he is not excited.
26. If someone is not disgusted, then he is not various.
27. If someone is not elderly, then he is not disgusted.
28. If someone is not various, then he is not excited.
29. If someone is not disgusted, then he is not various.
30. If someone is not elderly, then he is not disgusted.
31. If someone is not various, then he is not excited.
32. If someone is not disgusted, then he is not various.
33. If someone is not elderly, then he is not disgusted.
34. If someone is not various, then he is not excited.
35. If someone is not disgusted, then"
entailment,T,,F,0,T,0,"Step 1: Identify the people mentioned in the question.
- Hope
- Jerry
- Lloyd
- Jed
- Harris
- Jonathan

Step 2: Analyze the given facts and determine the relationships between the people.
- Jerry is not excited.
- Lloyd is not excited.
- Jed is not courteous.
- Harris is various.
- Lloyd is not timid.
- Hope is excited.
- Harris is timid.
- Harris is not disgusted.
- Jonathan is disgusted.
- Jonathan is excited.

Step 3: Apply the rules to the given facts and determine the relationships between the people.
- Since Jerry is not excited, he is not disgusted.
- Since Lloyd is not excited, he is not disgusted.
- Since Jed is not courteous, he is not various.
- Since Harris is various, he is not disgusted.
- Since Lloyd is not timid, he is not disgusted.
- Since Hope is excited, she is various.
- Since Harris is timid, he is not various.
- Since Harris is not disgusted, he is not various.
- Since Jonathan is disgusted, he is not various.
- Since Jonathan is excited, he is various.

Step 4: Determine the conclusion based on the relationships between the people.
- Since Hope is excited, she is various.
- Since Harris is not various, he is not disgusted.
- Since Jonathan is various, he is not disgusted.
- Since Harris is not various, he is not various.
- Since Jonathan is various, he is not various.
- Since Harris is not various, he is not various.
- Since Jonathan is various, he is various.

Step 5: Apply the rules to the conclusion.
- Since Hope is excited, she is various.
- Since Harris is not various, he is not disgusted.
- Since Jonathan is various, he is not disgusted.
- Since Harris is not various, he is not various.
- Since Jonathan is various, he is not various.
- Since Harris is not various, he is not various.
- Since Jonathan is various, he is various.

Conclusion: Hope is excited."
neutral,F,,F,0,T,1,"Step 1: Identify the people mentioned in the facts.
- Jerry
- Lloyd
- Jed
- Harris
- Lloyd
- Hope
- Harris
- Harris
- Jonathan
- Jonathan
- Jonathan
- Jonathan

Step 2: Analyze the facts to determine the relationships between the people.
- Jerry is not excited.
- Lloyd is not excited.
- Jed is not courteous.
- Harris is various.
- Lloyd is not timid.
- Hope is various.
- Harris is not disgusted.
- Harris is not disgusted.
- Jonathan is disgusted.
- Jonathan is excited.
- Harris is timid.
- Harris is not disgusted.
- Jonathan is disgusted.
- Jonathan is excited.

Step 3: Apply the rules to determine the relationships between the people.
- Vera is various.
- Jerry is not excited.
- Lloyd is not excited.
- Jed is not courteous.
- Harris is various.
- Lloyd is not timid.
- Hope is various.
- Harris is not disgusted.
- Harris is not disgusted.
- Jonathan is disgusted.
- Jonathan is excited.
- Harris is timid.
- Harris is not disgusted.
- Jonathan is disgusted.
- Jonathan is excited.

Step 4: Determine the conclusion based on the relationships between the people.
- Vera is various.
- Jerry is not excited.
- Lloyd is not excited.
- Jed is not courteous.
- Harris is various.
- Lloyd is not timid.
- Hope is various.
- Harris is not disgusted.
- Harris is not disgusted.
- Jonathan is disgusted.
- Jonathan is excited.
- Harris is timid.
- Harris is not disgusted.
- Jonathan is disgusted.
- Jonathan is excited.

Step 5: Apply the rules to determine the relationships between the people.
- Vera is various.
- Jerry is not excited.
- Lloyd is not excited.
- Jed is not courteous.
- Harris is various.
- Lloyd is not timid.
- Hope is various.
- Harris is not disgusted.
- Harris is not disgusted.
- Jonathan is disgusted.
- Jonathan is excited.
- Harris is timid.
- Harris is not disgusted.
- Jonathan is disgusted.
- Jonathan is excited.

Step 6: Determine the conclusion based on the relationships between the people.
- Vera is various.
- Jerry is not excited.
- Lloyd is not excited.
- Jed is not courteous.
- Harris is various.
- Lloyd is not timid.
- Hope is various.
- Harris is not disgusted.
- Harris is not disgusted.
- Jonathan is disgusted.
- Jonathan is excited.
- Harris is timid"
neutral,F,,F,0,T,1,"Step 1: Identify the relevant information in the facts.
- Rick is yellow.
- Luna is not rational.
- Luna is not open.
- Aubrey is open.
- Herbert is sane.
- Joe is sane.
- Joe is troubled.
- Luna is not troubled.
- Herbert is unhappy.
- Angus is troubled.
- Joe is open.
- Luna is yellow.

Step 2: Analyze the information to determine the relationships between the people and their characteristics.
- Rick is yellow, which means he is not rational.
- Luna is not rational, which means she is not open.
- Aubrey is open, which means she is not troubled.
- Herbert is sane, which means he is not unhappy.
- Joe is sane, which means he is not troubled.
- Joe is troubled, which means he is not rational.
- Luna is not troubled, which means she is not rational.
- Herbert is unhappy, which means he is not rational.
- Angus is troubled, which means he is not rational.
- Joe is open, which means he is not rational.
- Luna is yellow, which means she is not rational.

Step 3: Determine the conclusion based on the relationships between the people and their characteristics.
- Since Luna is not rational, she is not open.
- Since Joe is not rational, he is not open.
- Since Joe is troubled, he is not rational.
- Since Luna is not rational, she is not rational.
- Since Herbert is not rational, he is not open.
- Since Joe is not rational, he is not open.
- Since Joe is troubled, he is not rational.
- Since Luna is not rational, she is not rational.
- Since Herbert is not rational, he is not open.
- Since Joe is open, he is not rational.
- Since Luna is yellow, she is not rational.

Conclusion: Based on the information provided, it can be concluded that Aubrey is not sane and Hope is not rational once knowing that Herbert is troubled."
contradiction,F,,F,0,T,1,"Step 1: Identify the relevant information in the facts.
- Rick is yellow.
- Luna is not rational.
- Luna is not open.
- Aubrey is open.
- Herbert is sane.
- Joe is sane.
- Joe is troubled.
- Luna is not troubled.
- Herbert is unhappy.
- Angus is troubled.
- Joe is open.
- Luna is yellow.

Step 2: Analyze the information to determine the relationships between the people and their characteristics.
- Rick is yellow, which means he is not rational.
- Luna is not rational, which means she is not open.
- Aubrey is open, which means she is not troubled.
- Herbert is sane, which means he is not unhappy.
- Joe is sane, which means he is not troubled.
- Joe is troubled, which means he is not rational.
- Luna is not troubled, which means she is not rational.
- Herbert is unhappy, which means he is not rational.
- Angus is troubled, which means he is not rational.
- Joe is open, which means he is not rational.
- Luna is yellow, which means she is not rational.

Step 3: Determine the conclusion based on the relationships between the people and their characteristics.
- Since Luna is not rational, she is not open.
- Since Joe is not rational, he is not open.
- Since Joe is troubled, he is not rational.
- Since Luna is not rational, she is not rational.
- Since Herbert is not rational, he is not open.
- Since Joe is not rational, he is not open.
- Since Joe is troubled, he is not rational.
- Since Luna is not rational, she is not rational.
- Since Herbert is unhappy, he is not rational.
- Since Angus is troubled, he is not rational.
- Since Joe is open, he is not rational.
- Since Luna is yellow, she is not rational.

Conclusion: Based on the information provided, we can conclude that Aubrey is not sane and Hope is not rational once knowing that Herbert is troubled."
entailment,T,,F,0,T,0,Aubrey is rational. Aubrey is not yellow. Aubrey is not open. Aubrey is not rational. Aubrey is not open. Aubrey is not rational. Aubrey is not open. Aubrey is not rational. Aubrey is not open. Aubrey is not rational. Aubrey is not open. Aubrey is not rational. Aubrey is not open. Aubrey is not rational. Aubrey is not open. Aubrey is not rational. Aubrey is not open. Aubrey is not rational. Aubrey is not open. Aubrey is not rational. Aubrey is not open. Aubrey is not rational. Aubrey is not open. Aubrey is not rational. Aubrey is not open. Aubrey is not rational. Aubrey is not open. Aubrey is not rational. Aubrey is not open. Aubrey is not rational. Aubrey is not open. Aubrey is not rational. Aubrey is not open. Aubrey is not rational. Aubrey is not open. Aubrey is not rational. Aubrey is not open. Aubrey is not rational. Aubrey is not open. Aubrey is not rational. Aubrey is not open. Aubrey is not rational. Aubrey is not open. Aubrey is not rational. Aubrey is not open. Aubrey is not rational. Aubrey is not open. Aubrey is not rational. Aubrey is not open. Aubrey is not rational. Aubrey is not open. Aubrey is not rational. Aubrey is not open. Aubrey is not rational. Aubrey is not open. Aubrey is not rational. Aubrey is not open. Aubrey is not rational. Aubrey is not open. Aubrey is not rational. Aubrey is not open. Aubrey is not rational. Aubrey is not open. Aubrey is not rational. Aubrey is not open. Aubrey is not rational. Aubrey is not open. Aubrey is not rational. Aubrey is not open. Aubrey is not rational. Aubrey is not open. Aubrey is not rational. Aubrey is not open. Aubrey is not rational. Aubrey is not open. Aubrey is not rational. Aubrey is not open. Aubrey is not rational. Aubrey is not open. Aubrey is not rational. Aubrey is not open. Aubrey is not rational. Aubrey is not open. Aubrey is not rational. Aubrey is not open. Aubrey is
contradiction,F,,F,0,T,1,"Step 1: Analyze the given information.
- Joe is a person.
- Joe is rational.
- Joe is not open.
- Joe is not troubled.
- Joe is not yellow.

Step 2: Determine the implications of the given information.
- Joe is rational, which means he is able to think logically and make decisions based on evidence and reason.
- Joe is not open, which means he does not share his thoughts and feelings easily with others.
- Joe is not troubled, which means he is not experiencing any emotional distress or mental health issues.
- Joe is not yellow, which means he does not have the characteristic of being yellow.

Step 3: Consider the rules provided.
- (Implicit in facts): (1) If all people are rational, then Joe is rational.
- (Implicit in facts): (2) If all people are open, then Joe is open.
- (Implicit in facts): (3) If all people are not troubled, then Joe is not troubled.
- (Implicit in facts): (4) If all people are not yellow, then Joe is not yellow.

Step 4: Apply the rules to the given information.
- Since Joe is rational, he must be open.
- Since Joe is not troubled, he must be rational.
- Since Joe is not yellow, he must be open.

Step 5: Conclusion.
- Based on the given information and the rules provided, we can conclude that Joe is rational, open, and not troubled."
self_contradiction,F,,F,0,F,1,"Step 1: Analyze the given information.
- Rick is yellow.
- Luna is not rational.
- Luna is not open.
- Aubrey is open.
- Herbert is sane.
- Joe is sane.
- Joe is troubled.
- Luna is not troubled.
- Herbert is unhappy.
- Angus is troubled.
- Joe is open.
- Luna is yellow.

Step 2: Identify the relevant rules.
- (Implicit in facts): Someone who is not yellow is not rational.
- (Implicit in facts): Someone who is not rational is not open.
- (Implicit in facts): Someone who is not rational or not unhappy is always open and not yellow.
- (Implicit in facts): Someone who is not rational or not unhappy is always open and not yellow.
- (Implicit in facts): Someone who is not rational or not unhappy is always open and not yellow.
- (Implicit in facts): Someone who is not rational or not unhappy is always open and not yellow.
- (Implicit in facts): Someone who is not rational or not unhappy is always open and not yellow.
- (Implicit in facts): Someone who is not rational or not unhappy is always open and not yellow.
- (Implicit in facts): Someone who is not rational or not unhappy is always open and not yellow.
- (Implicit in facts): Someone who is not rational or not unhappy is always open and not yellow.
- (Implicit in facts): Someone who is not rational or not unhappy is always open and not yellow.
- (Implicit in facts): Someone who is not rational or not unhappy is always open and not yellow.
- (Implicit in facts): Someone who is not rational or not unhappy is always open and not yellow.
- (Implicit in facts): Someone who is not rational or not unhappy is always open and not yellow.
- (Implicit in facts): Someone who is not rational or not unhappy is always open and not yellow.
- (Implicit in facts): Someone who is not rational or not unhappy is always open and not yellow.
- (Implicit in facts): Someone who is not rational or not unhappy is always open and not yellow.
- (Implicit in facts): Someone who is not rational or not unhappy is always open and not yellow.
- (Implicit in facts): Someone who is not rational or not unhappy is always open and not yellow.
- (Implicit in facts): Someone who is not rational or not unhappy is always open and not yellow.
- (Implicit in facts): Someone who is not rational or not unhappy is always open and not yellow."
contradiction,F,,F,0,T,1,"Step 1: Identify the relevant information in the facts.
- Rick is yellow.

Step 2: Analyze the given information.
- The facts state that Rick is yellow.

Step 3: Apply the rules to the given information.
- The rules state that if someone is rational, then they are not yellow.
- The rules also state that if someone is not rational, then they are not open.
- The rules further state that if someone is not rational and not open, then they are not yellow.

Step 4: Determine the conclusion based on the analysis.
- Since Rick is rational, he is not yellow.

Step 5: Justify the conclusion.
- The conclusion is justified because the rules state that if someone is rational, then they are not yellow. Since Rick is rational, he cannot be yellow."
entailment,T,,F,0,F,0,Aubrey is not rational. Aubrey is not open. Aubrey is not yellow. Aubrey is not troubled. Aubrey is not rational. Aubrey is not open. Aubrey is not yellow. Aubrey is not troubled. Aubrey is not rational. Aubrey is not open. Aubrey is not yellow. Aubrey is not troubled. Aubrey is not rational. Aubrey is not open. Aubrey is not yellow. Aubrey is not troubled. Aubrey is not rational. Aubrey is not open. Aubrey is not yellow. Aubrey is not troubled. Aubrey is not rational. Aubrey is not open. Aubrey is not yellow. Aubrey is not troubled. Aubrey is not rational. Aubrey is not open. Aubrey is not yellow. Aubrey is not troubled. Aubrey is not rational. Aubrey is not open. Aubrey is not yellow. Aubrey is not troubled. Aubrey is not rational. Aubrey is not open. Aubrey is not yellow. Aubrey is not troubled. Aubrey is not rational. Aubrey is not open. Aubrey is not yellow. Aubrey is not troubled. Aubrey is not rational. Aubrey is not open. Aubrey is not yellow. Aubrey is not troubled. Aubrey is not rational. Aubrey is not open. Aubrey is not yellow. Aubrey is not troubled. Aubrey is not rational. Aubrey is not open. Aubrey is not yellow. Aubrey is not troubled. Aubrey is not rational. Aubrey is not open. Aubrey is not yellow. Aubrey is not troubled. Aubrey is not rational. Aubrey is not open. Aubrey is not yellow. Aubrey is not troubled. Aubrey is not rational. Aubrey is not open. Aubrey is not yellow. Aubrey is not troubled. Aubrey is not rational. Aubrey is not open. Aubrey is not yellow. Aubrey is not troubled. Aubrey is not rational. Aubrey is not open. Aubrey is not yellow. Aubrey is not troubled. Aubrey is not rational. Aubrey is not open. Aubrey is not yellow. Aubrey is not troubled. Aubrey is not rational. Aubrey is not open. Aubrey is not yellow. Aubrey is not troubled. Aubrey is not rational. Aubrey is not open. Aubrey is not yellow. Aubrey is not troubled. Aubrey is not rational. Aubrey
contradiction,F,,F,0,T,1,"1. The facts given are that Rick is yellow, Luna is not rational, Luna is not open, Aubrey is open, Herbert is sane, Joe is sane, Joe is troubled, Luna is not troubled, Herbert is unhappy, and Angus is troubled.
2. From the given facts, we can infer that Aubrey is not rational and not open.
3. Since Aubrey is not rational and not open, it follows that Herbert is not unhappy.
4. Therefore, the answer to the question is that Herbert is not unhappy."
self_contradiction,F,,F,0,T,1,"1. The facts given are that Luna is not rational and not open.
2. The question asks if Luna is rational.
3. Since Luna is not rational, it means that she is not open.
4. Therefore, the answer to the question is that Luna is not rational."
self_contradiction,F,,F,0,F,1,"Step 1: Understand the given information
- Rick is yellow.
- Luna is not rational.
- Luna is not open.
- Aubrey is open.
- Herbert is sane.
- Joe is sane.
- Joe is troubled.
- Luna is not troubled.
- Herbert is unhappy.
- Angus is troubled.
- Joe is open.
- Luna is yellow.

Step 2: Analyze the given information
- We know that Luna is not open.
- We also know that Aubrey is open.
- We know that Herbert is sane.
- We know that Joe is sane.
- We know that Joe is troubled.
- We know that Luna is not troubled.
- We know that Herbert is unhappy.
- We know that Angus is troubled.
- We know that Joe is open.
- We know that Luna is yellow.

Step 3: Apply the rules
- If all people are sane or not open, then Joe is not rational.
- If all people are rational or not open, then Joe is not rational.
- If all people are not rational or not open, then Joe is not rational.
- If all people are open or not rational, then Joe is not rational.
- If all people are not rational or not open, then Joe is not rational.
- If all people are rational or not open, then Joe is not rational.
- If all people are not rational or not open, then Joe is not rational.
- If all people are rational or not open, then Joe is not rational.
- If all people are not rational or not open, then Joe is not rational.
- If all people are rational or not open, then Joe is not rational.
- If all people are not rational or not open, then Joe is not rational.
- If all people are rational or not open, then Joe is not rational.
- If all people are not rational or not open, then Joe is not rational.
- If all people are rational or not open, then Joe is not rational.
- If all people are not rational or not open, then Joe is not rational.
- If all people are rational or not open, then Joe is not rational.
- If all people are not rational or not open, then Joe is not rational.
- If all people are rational or not open, then Joe is not rational.
- If all people are not rational or not open, then Joe is not rational.
- If all people are rational or not open, then Joe is not rational.
- If all people are not rational or"
contradiction,F,,F,0,F,1,Hope is not rational and Hope is not open. Hope is not yellow. Hope is not rational and Hope is not open. Hope is not yellow. Hope is not rational and Hope is not open. Hope is not yellow. Hope is not rational and Hope is not open. Hope is not yellow. Hope is not rational and Hope is not open. Hope is not yellow. Hope is not rational and Hope is not open. Hope is not yellow. Hope is not rational and Hope is not open. Hope is not yellow. Hope is not rational and Hope is not open. Hope is not yellow. Hope is not rational and Hope is not open. Hope is not yellow. Hope is not rational and Hope is not open. Hope is not yellow. Hope is not rational and Hope is not open. Hope is not yellow. Hope is not rational and Hope is not open. Hope is not yellow. Hope is not rational and Hope is not open. Hope is not yellow. Hope is not rational and Hope is not open. Hope is not yellow. Hope is not rational and Hope is not open. Hope is not yellow. Hope is not rational and Hope is not open. Hope is not yellow. Hope is not rational and Hope is not open. Hope is not yellow. Hope is not rational and Hope is not open. Hope is not yellow. Hope is not rational and Hope is not open. Hope is not yellow. Hope is not rational and Hope is not open. Hope is not yellow. Hope is not rational and Hope is not open. Hope is not yellow. Hope is not rational and Hope is not open. Hope is not yellow. Hope is not rational and Hope is not open. Hope is not yellow. Hope is not rational and Hope is not open. Hope is not yellow. Hope is not rational and Hope is not open. Hope is not yellow. Hope is not rational and Hope is not open. Hope is not yellow. Hope is not rational and Hope is not open. Hope is not yellow. Hope is not rational and Hope is not open. Hope is not yellow. Hope is not rational and Hope is not open. Hope is not yellow. Hope is not rational and Hope is not open. Hope is not yellow. Hope is not rational and Hope is not open. Hope is not yellow. Hope is not rational and Hope is not open. Hope is not yellow. Hope is not rational and Hope is not open. Hope is not yellow. Hope is not rational and Hope is not open. Hope is not yellow. Hope is
neutral,F,,F,0,T,1,"Step 1: Identify the relevant information in the facts.
- Rick is yellow.
- Luna is not rational.
- Luna is not open.
- Aubrey is open.
- Herbert is sane.
- Joe is sane.
- Joe is troubled.
- Luna is not troubled.
- Herbert is unhappy.
- Angus is troubled.
- Joe is open.
- Luna is yellow.

Step 2: Analyze the information to determine the relationships between the people and their characteristics.
- Rick is yellow, which means he is not rational.
- Luna is not rational, which means she is not open.
- Aubrey is open, which means she is not troubled.
- Herbert is sane, which means he is not unhappy.
- Joe is sane, which means he is not troubled.
- Joe is troubled, which means he is not rational.
- Luna is not troubled, which means she is not rational.
- Herbert is unhappy, which means he is not rational.
- Angus is troubled, which means he is not rational.
- Joe is open, which means he is not rational.
- Luna is yellow, which means she is not rational.

Step 3: Determine the relationships between the people based on the information.
- Aubrey is not rational and not troubled.
- Herbert is not rational and not unhappy.
- Joe is not rational and not troubled.
- Luna is not rational and not yellow.
- Angus is not rational and not yellow.

Step 4: Identify the conclusion based on the relationships.
- Aubrey is not rational and not troubled.
- Herbert is not rational and not unhappy.
- Joe is not rational and not troubled.
- Luna is not rational and not yellow.
- Angus is not rational and not yellow.

Conclusion: Based on the information provided, Aubrey is not rational and not troubled, Herbert is not rational and not unhappy, Joe is not rational and not troubled, Luna is not rational and not yellow, and Angus is not rational and not yellow."
self_contradiction,F,,F,0,T,1,"1. The facts state that Luna is not rational.
2. The rules state that if someone is not rational, then they are not sane.
3. Therefore, Luna is not sane."
neutral,F,,F,0,F,1,"Step 1: Analyze the given information.
- Rick is yellow.
- Luna is not rational.
- Luna is not open.
- Aubrey is open.
- Herbert is sane.
- Joe is sane.
- Joe is troubled.
- Luna is not troubled.
- Herbert is unhappy.
- Angus is troubled.
- Joe is open.
- Luna is yellow.

Step 2: Identify the relevant rules.
- (Implicit in facts): Someone who is not yellow is not rational.
- (Implicit in facts): Someone who is not rational is not open.
- (Implicit in facts): Someone who is not rational or not unhappy is always open and not yellow.
- (Implicit in facts): Someone who is not rational or not unhappy is always open and not yellow.
- (Implicit in facts): Someone who is not rational or not unhappy is always open and not yellow.
- (Implicit in facts): Someone who is not rational or not unhappy is always open and not yellow.
- (Implicit in facts): Someone who is not rational or not unhappy is always open and not yellow.
- (Implicit in facts): Someone who is not rational or not unhappy is always open and not yellow.
- (Implicit in facts): Someone who is not rational or not unhappy is always open and not yellow.
- (Implicit in facts): Someone who is not rational or not unhappy is always open and not yellow.
- (Implicit in facts): Someone who is not rational or not unhappy is always open and not yellow.
- (Implicit in facts): Someone who is not rational or not unhappy is always open and not yellow.
- (Implicit in facts): Someone who is not rational or not unhappy is always open and not yellow.
- (Implicit in facts): Someone who is not rational or not unhappy is always open and not yellow.
- (Implicit in facts): Someone who is not rational or not unhappy is always open and not yellow.
- (Implicit in facts): Someone who is not rational or not unhappy is always open and not yellow.
- (Implicit in facts): Someone who is not rational or not unhappy is always open and not yellow.
- (Implicit in facts): Someone who is not rational or not unhappy is always open and not yellow.
- (Implicit in facts): Someone who is not rational or not unhappy is always open and not yellow.
- (Implicit in facts): Someone who is not rational or not unhappy is always open and not yellow.
- (Implicit in facts): Someone who is not rational or not unhappy is always open and not yellow."
entailment,T,,F,0,T,0,"Step 1: Analyze the given information and identify the relevant rules.
- ""Hope is not yellow.""
- ""Luna is not rational.""
- ""Luna is not open.""
- ""Aubrey is open.""
- ""Herbert is sane.""
- ""Joe is sane.""
- ""Joe is troubled.""
- ""Luna is not troubled.""
- ""Herbert is unhappy.""
- ""Angus is troubled.""
- ""Joe is open.""
- ""Luna is yellow.""

Step 2: Apply the rules to the given information.
- ""Hope is not yellow"" implies that Hope is not rational.
- ""Luna is not rational"" implies that Luna is not open.
- ""Luna is not open"" implies that Luna is not yellow.
- ""Aubrey is open"" implies that Aubrey is not rational.
- ""Herbert is sane"" implies that Herbert is not troubled.
- ""Joe is sane"" implies that Joe is not troubled.
- ""Joe is troubled"" implies that Joe is not rational.
- ""Luna is not troubled"" implies that Luna is not rational.
- ""Herbert is unhappy"" implies that Herbert is not rational.
- ""Angus is troubled"" implies that Angus is not rational.
- ""Joe is open"" implies that Joe is not rational.
- ""Luna is yellow"" implies that Luna is not rational.

Step 3: Determine the conclusion based on the given information and the rules.
- Since Luna is not rational, it follows that Luna is not open.
- Since Luna is not open, it follows that Luna is not yellow.
- Since Aubrey is not rational, it follows that Aubrey is not open.
- Since Herbert is not rational, it follows that Herbert is not troubled.
- Since Joe is not rational, it follows that Joe is not troubled.
- Since Joe is not troubled, it follows that Joe is not rational.
- Since Luna is not rational, it follows that Luna is not rational.
- Since Herbert is not rational, it follows that Herbert is not rational.
- Since Angus is not rational, it follows that Angus is not rational.
- Since Joe is not rational, it follows that Joe is not rational.
- Since Luna is not rational, it follows that Luna is not rational.

Conclusion: Based on the given information and the rules, we can conclude that Aubrey is not rational and Hope is not rational once knowing that Herbert is troubled."
entailment,T,,F,0,T,0,"1. The facts state that Luna is not rational and not open.
2. The question asks if Luna is not troubled.
3. Since Luna is not rational and not open, it follows that Luna is not troubled.
4. Therefore, the answer to the question is yes, Luna is not troubled."
self_contradiction,F,,F,0,F,1,"1. The facts state that Luna is not rational.
2. The question asks if Luna is rational.
3. Since the question is asking if Luna is rational, we need to determine if Luna is rational based on the given facts.
4. The facts do not provide any information about Luna's rationality.
5. Therefore, we cannot conclude that Luna is rational based on the given facts.
6. The answer is that Luna is not rational."
neutral,F,,F,0,F,1,Aubrey is not rational. Aubrey is not open. Aubrey is not yellow. Aubrey is not troubled. Aubrey is not rational. Aubrey is not open. Aubrey is not yellow. Aubrey is not troubled. Aubrey is not rational. Aubrey is not open. Aubrey is not yellow. Aubrey is not troubled. Aubrey is not rational. Aubrey is not open. Aubrey is not yellow. Aubrey is not troubled. Aubrey is not rational. Aubrey is not open. Aubrey is not yellow. Aubrey is not troubled. Aubrey is not rational. Aubrey is not open. Aubrey is not yellow. Aubrey is not troubled. Aubrey is not rational. Aubrey is not open. Aubrey is not yellow. Aubrey is not troubled. Aubrey is not rational. Aubrey is not open. Aubrey is not yellow. Aubrey is not troubled. Aubrey is not rational. Aubrey is not open. Aubrey is not yellow. Aubrey is not troubled. Aubrey is not rational. Aubrey is not open. Aubrey is not yellow. Aubrey is not troubled. Aubrey is not rational. Aubrey is not open. Aubrey is not yellow. Aubrey is not troubled. Aubrey is not rational. Aubrey is not open. Aubrey is not yellow. Aubrey is not troubled. Aubrey is not rational. Aubrey is not open. Aubrey is not yellow. Aubrey is not troubled. Aubrey is not rational. Aubrey is not open. Aubrey is not yellow. Aubrey is not troubled. Aubrey is not rational. Aubrey is not open. Aubrey is not yellow. Aubrey is not troubled. Aubrey is not rational. Aubrey is not open. Aubrey is not yellow. Aubrey is not troubled. Aubrey is not rational. Aubrey is not open. Aubrey is not yellow. Aubrey is not troubled. Aubrey is not rational. Aubrey is not open. Aubrey is not yellow. Aubrey is not troubled. Aubrey is not rational. Aubrey is not open. Aubrey is not yellow. Aubrey is not troubled. Aubrey is not rational. Aubrey is not open. Aubrey is not yellow. Aubrey is not troubled. Aubrey is not rational. Aubrey is not open. Aubrey is not yellow. Aubrey is not troubled. Aubrey is not rational. Aubrey
neutral,F,,F,0,T,1,"Step 1: Identify the relevant information in the facts.
- Rick is yellow.
- Luna is not rational.
- Luna is not open.
- Aubrey is open.
- Herbert is sane.
- Joe is sane.
- Joe is troubled.
- Luna is not troubled.
- Herbert is unhappy.
- Angus is troubled.
- Joe is open.
- Luna is yellow.

Step 2: Analyze the information to determine the relationships between the people and their characteristics.
- Rick is yellow, which means he is not rational.
- Luna is not rational, which means she is not open.
- Aubrey is open, which means she is not troubled.
- Herbert is sane, which means he is not unhappy.
- Joe is sane, which means he is not troubled.
- Joe is troubled, which means he is not rational.
- Luna is not troubled, which means she is not rational.
- Herbert is unhappy, which means he is not rational.
- Angus is troubled, which means he is not rational.
- Joe is open, which means he is not rational.
- Luna is yellow, which means she is not rational.

Step 3: Determine the conclusion based on the relationships between the people and their characteristics.
- Since Luna is not rational, she is not open.
- Since Joe is not rational, he is not open.
- Since Joe is troubled, he is not rational.
- Since Luna is not rational, she is not rational.
- Since Herbert is not rational, he is not open.
- Since Joe is not rational, he is not open.
- Since Joe is troubled, he is not rational.
- Since Luna is not rational, she is not rational.
- Since Herbert is not rational, he is not open.
- Since Angus is troubled, he is not rational.
- Since Joe is open, he is not rational.
- Since Luna is yellow, she is not rational.

Conclusion: Based on the information provided, we can conclude that Aubrey is not rational and Hope is not rational once knowing that Herbert is troubled."
entailment,T,,F,0,T,0,"Step 1: Analyze the given information.
- Joe is sane.
- Joe is troubled.
- Luna is not rational.
- Luna is not open.
- Aubrey is open.
- Herbert is sane.
- Aubrey is yellow.
- Joe is rational.
- Joe is not yellow.
- Joe is not open.
- Aubrey is not yellow.
- Aubrey is not rational.
- Luna is not yellow.
- Luna is not rational.
- Herbert is not unhappy.
- Angus is troubled.
- Joe is open.
- Luna is yellow.

Step 2: Identify the relevant rules.
- (Implicit in facts): (1) If all people are sane or not open, then Joe is not rational.
- (Implicit in facts): (2) If all people are sane or not open, then Joe is not yellow.
- (Implicit in facts): (3) If all people are sane or not open, then Joe is not rational.
- (Implicit in facts): (4) If all people are sane or not open, then Joe is not rational.
- (Implicit in facts): (5) If all people are sane or not open, then Joe is not rational.
- (Implicit in facts): (6) If all people are sane or not open, then Joe is not rational.
- (Implicit in facts): (7) If all people are sane or not open, then Joe is not rational.
- (Implicit in facts): (8) If all people are sane or not open, then Joe is not rational.
- (Implicit in facts): (9) If all people are sane or not open, then Joe is not rational.
- (Implicit in facts): (10) If all people are sane or not open, then Joe is not rational.
- (Implicit in facts): (11) If all people are sane or not open, then Joe is not rational.
- (Implicit in facts): (12) If all people are sane or not open, then Joe is not rational.
- (Implicit in facts): (13) If all people are sane or not open, then Joe is not rational.
- (Implicit in facts): (14) If all people are sane or not open, then Joe is not rational.
- (Implicit in facts): (15) If all people are sane or not open, then Joe is not rational.
- (Implicit in facts): (16) If all people are sane or not open, then Joe is not rational"
neutral,F,,F,0,F,1,"Step 1: Identify the relevant information in the facts.
- Abner is breakable.

Step 2: Determine the implications of the information.
- Abner is breakable implies that he is not difficult.

Step 3: Apply the rules to the question.
- If Abner is breakable, then he is not difficult.
- Therefore, Abner is not cautious.

Step 4: Check if the answer fits the question.
- The question asks if Abner is cautious, and the answer is no.

Step 5: Provide the final answer.
- Abner is not cautious."
self_contradiction,F,,F,0,T,1,"Step 1: Identify the relevant information in the facts.
- Pierce is not crazy.
- Norman is breakable.
- Travis is not terrible.
- Alfred is terrible.
- Norman is crazy.
- Norman is difficult.
- Pierce is difficult.
- Kerry is cautious.
- Pierce is not cautious.
- Alfred is not breakable.
- Travis is not breakable.
- Kerry is careful.
- Norris being not cautious implies that Norman is not crazy.
- If someone is not difficult or he is terrible, then he is cautious.
- Pierce being breakable implies that Norman is difficult.
- If Travis is crazy, then Alfred is cautious and Pierce is not difficult.
- As long as someone is either not difficult or breakable, he is terrible and not careful.
- As long as someone is difficult, he is not crazy and breakable.
- If there is at least one people who is not breakable, then Kerry is careful.
- If Kerry is not careful and Alfred is cautious, then Pierce is not difficult.
- If there is someone who is both crazy and terrible, then Alfred is careful.
- If someone is not cautious, then he is crazy.
- If someone is terrible or not cautious, then he is difficult.
- If there is at least one people who is both not breakable and crazy, then Kerry is careful.

Step 2: Apply the rules to the relevant information.
- Alfred is not breakable.
- If someone is not breakable, then he is terrible and not careful.
- As long as someone is either not difficult or breakable, he is terrible and not careful.
- If there is at least one people who is not breakable, then Kerry is careful.
- If Kerry is not careful and Alfred is cautious, then Pierce is not difficult.
- If there is someone who is both crazy and terrible, then Alfred is careful.
- If someone is not cautious, then he is crazy.
- If someone is terrible or not cautious, then he is difficult.
- If there is at least one people who is both not breakable and crazy, then Kerry is careful.

Step 3: Determine the answer to the question.
- Alfred is not breakable.
- If someone is not breakable, then he is terrible and not careful.
- As long as someone is either not difficult or breakable, he is terrible and not careful.
- If there is at least one people who is not breakable, then Kerry is careful.
- If Kerry is not careful and Alfred is cautious,"
entailment,T,,F,0,T,0,"Step 1: Identify the relevant information in the facts.
- Pierce is not crazy.
- Norman is breakable.
- Travis is not terrible.
- Alfred is terrible.
- Norman is crazy.
- Norman is difficult.
- Pierce is not cautious.
- Pierce is not difficult.
- Kerry is cautious.
- Pierce is not cautious.
- Alfred is not breakable.
- Travis is not breakable.
- Kerry is careful.
- Norris being not cautious implies that Norman is not crazy.
- If someone is not difficult or he is terrible, then he is cautious.
- Pierce being breakable implies that Norman is difficult.
- If Travis is crazy, then Alfred is cautious and Pierce is not difficult.
- As long as someone is either not difficult or breakable, he is terrible and not careful.
- As long as someone is difficult, he is not crazy and breakable.
- If there is at least one people who is not breakable, then Kerry is careful.
- If Kerry is not careful and Alfred is cautious, then Pierce is not difficult.
- If there is someone who is both crazy and terrible, then Alfred is careful.
- If someone is not cautious, then he is crazy.
- If someone is terrible or not cautious, then he is difficult.
- If there is at least one people who is both not breakable and crazy, then Kerry is careful.

Step 2: Apply the rules to the relevant information.
- If someone is not careful, then he is crazy.
- If someone is terrible or not cautious, then he is difficult.
- If there is at least one people who is not breakable, then Kerry is careful.
- If Kerry is not careful and Alfred is cautious, then Pierce is not difficult.
- If there is someone who is both crazy and terrible, then Alfred is careful.
- If someone is not cautious, then he is crazy.
- If someone is terrible or not cautious, then he is difficult.
- If there is at least one people who is both not breakable and crazy, then Kerry is careful.

Step 3: Combine the results of the rules with the relevant information in the facts.
- If someone is not careful, then he is crazy.
- If someone is terrible or not cautious, then he is difficult.
- If there is at least one people who is not breakable, then Kerry is careful.
- If Kerry is not careful and Alfred is cautious, then Pierce is not difficult.
- If there is someone who is both crazy and terrible, then Alfred"
self_contradiction,F,,F,0,T,1,"1. Pierce is not crazy.
2. Norman is breakable.
3. Travis is not terrible.
4. Alfred is terrible.
5. Norman is crazy.
6. Norman is difficult.
7. Pierce is difficult.
8. Kerry is cautious.
9. Pierce is not cautious.
10. Alfred is not breakable.
11. Travis is not breakable.
12. Kerry is careful.
13. Norris being not cautious implies that Norman is not crazy.
14. If someone is not difficult or he is terrible, then he is cautious.
15. Pierce being breakable implies that Norman is difficult.
16. If Travis is crazy, then Alfred is cautious and Pierce is not difficult.
17. As long as someone is either not difficult or breakable, he is terrible and not careful.
18. As long as someone is difficult, he is not crazy and breakable.
19. If there is at least one people who is not breakable, then Kerry is careful.
20. If Kerry is not careful and Alfred is cautious, then Pierce is not difficult.
21. If there is someone who is both crazy and terrible, then Alfred is careful.
22. If someone is not cautious, then he is crazy.
23. If someone is terrible or not cautious, then he is difficult.
24. If there is at least one people who is both not breakable and crazy, then Kerry is careful.
25. Pierce is cautious."
self_contradiction,F,,F,0,T,1,"1. Pierce is not crazy.
2. Norman is breakable.
3. Travis is not terrible.
4. Alfred is terrible.
5. Norman is crazy.
6. Norman is difficult.
7. Pierce is difficult.
8. Kerry is cautious.
9. Pierce is not cautious.
10. Alfred is not breakable.
11. Travis is not breakable.
12. Kerry is careful.
13. Norris being not cautious implies that Norman is not crazy.
14. If someone is not difficult or he is terrible, then he is cautious.
15. Pierce being breakable implies that Norman is difficult.
16. If Travis is crazy, then Alfred is cautious and Pierce is not difficult.
17. As long as someone is either not difficult or breakable, he is terrible and not careful.
18. As long as someone is difficult, he is not crazy and breakable.
19. If there is at least one people who is not breakable, then Kerry is careful.
20. If Kerry is not careful and Alfred is cautious, then Pierce is not difficult.
21. If there is someone who is both crazy and terrible, then Alfred is careful.
22. If someone is not cautious, then he is crazy.
23. If someone is terrible or not cautious, then he is difficult.
24. If there is at least one people who is both not breakable and crazy, then Kerry is careful.
25. Pierce is not cautious.
26. Norris being not cautious implies that Norman is not crazy.
27. If someone is not difficult or he is terrible, then he is cautious.
28. Pierce being breakable implies that Norman is difficult.
29. If Travis is crazy, then Alfred is cautious and Pierce is not difficult.
30. As long as someone is either not difficult or breakable, he is terrible and not careful.
31. As long as someone is difficult, he is not crazy and breakable.
32. If there is at least one people who is not breakable, then Kerry is careful.
33. If Kerry is not careful and Alfred is cautious, then Pierce is not difficult.
34. If there is someone who is both crazy and terrible, then Alfred is careful.
35. If someone is not cautious, then he is crazy.
36. If someone is terrible or not cautious, then he is difficult.
37. If there is at least one people who is"
contradiction,F,,F,0,T,1,"Step 1: Identify the relevant information in the facts.
- Pierce is not crazy.
- Norman is breakable.
- Travis is not terrible.
- Alfred is terrible.
- Norman is crazy.
- Norman is difficult.
- Pierce is not cautious.
- Pierce is not difficult.
- Kerry is cautious.
- Pierce is not cautious.
- Alfred is not breakable.
- Travis is not breakable.
- Kerry is careful.
- Norris being not cautious implies that Norman is not crazy.
- If someone is not difficult or he is terrible, then he is cautious.
- Pierce being breakable implies that Norman is difficult.
- If Travis is crazy, then Alfred is cautious and Pierce is not difficult.
- As long as someone is either not difficult or breakable, he is terrible and not careful.
- As long as someone is difficult, he is not crazy and breakable.
- If there is at least one people who is not breakable, then Kerry is careful.
- If Kerry is not careful and Alfred is cautious, then Pierce is not difficult.
- If there is someone who is both crazy and terrible, then Alfred is careful.
- If someone is not cautious, then he is crazy.
- If someone is terrible or not cautious, then he is difficult.
- If there is at least one people who is both not breakable and crazy, then Kerry is careful.

Step 2: Apply the rules to the relevant information.
- If someone is not difficult or he is terrible, then he is cautious.
- If someone is not breakable, then he is not crazy.
- If someone is not cautious, then he is crazy.
- If someone is not difficult, then he is not terrible.
- If someone is not breakable, then he is not crazy.
- If someone is not cautious, then he is crazy.
- If someone is not difficult, then he is not terrible.
- If someone is not breakable, then he is not crazy.
- If someone is not cautious, then he is crazy.
- If someone is not difficult, then he is not terrible.
- If someone is not breakable, then he is not crazy.
- If someone is not cautious, then he is crazy.
- If someone is not difficult, then he is not terrible.
- If someone is not breakable, then he is not crazy.
- If someone is not cautious, then he is crazy.
- If someone is not difficult, then he is not terrible.
- If someone is not breakable, then he"
neutral,F,,F,0,T,1,"Step 1: Identify the relevant information in the facts.
- Pierce is not crazy.
- Norman is breakable.
- Travis is not terrible.
- Alfred is terrible.
- Norman is crazy.
- Norman is difficult.
- Pierce is difficult.
- Kerry is cautious.
- Pierce is not cautious.
- Alfred is not breakable.
- Travis is not breakable.
- Kerry is careful.
- Norris being not cautious implies that Norman is not crazy.
- If someone is not difficult or he is terrible, then he is cautious.
- Pierce being breakable implies that Norman is difficult.
- If Travis is crazy, then Alfred is cautious and Pierce is not difficult.
- As long as someone is either not difficult or breakable, he is terrible and not careful.
- As long as someone is difficult, he is not crazy and breakable.
- If there is at least one people who is not breakable, then Kerry is careful.
- If Kerry is not careful and Alfred is cautious, then Pierce is not difficult.
- If there is someone who is both crazy and terrible, then Alfred is careful.
- If someone is not cautious, then he is crazy.
- If someone is terrible or not cautious, then he is difficult.
- If there is at least one people who is both not breakable and crazy, then Kerry is careful.

Step 2: Apply the rules to the relevant information.
- If someone is not difficult or he is terrible, then he is cautious.
- If Travis is crazy, then Alfred is cautious and Pierce is not difficult.
- As long as someone is either not difficult or breakable, he is terrible and not careful.
- As long as someone is difficult, he is not crazy and breakable.
- If there is at least one people who is not breakable, then Kerry is careful.
- If Kerry is not careful and Alfred is cautious, then Pierce is not difficult.
- If there is someone who is both crazy and terrible, then Alfred is careful.
- If someone is not cautious, then he is crazy.
- If someone is terrible or not cautious, then he is difficult.
- If there is at least one people who is both not breakable and crazy, then Kerry is careful.

Step 3: Combine the results of the rules with the relevant information to answer the question.
- Travis is crazy.
- Alfred is terrible.
- Pierce is not difficult.
- Kerry is cautious.
- Norris being not cautious implies that Norman is not crazy.
- If someone is not difficult or"
neutral,F,,F,0,T,1,"Step 1: Identify the relevant information in the facts.
- Pierce is not crazy.
- Norman is breakable.
- Travis is not terrible.
- Alfred is terrible.
- Norman is crazy.
- Norman is difficult.
- Pierce is difficult.
- Kerry is cautious.
- Pierce is not cautious.
- Alfred is not breakable.
- Travis is not breakable.
- Kerry is careful.
- Norris being not cautious implies that Norman is not crazy.
- If someone is not difficult or he is terrible, then he is cautious.
- Pierce being breakable implies that Norman is difficult.
- If Travis is crazy, then Alfred is cautious and Pierce is not difficult.
- As long as someone is either not difficult or breakable, he is terrible and not careful.
- As long as someone is difficult, he is not crazy and breakable.
- If there is at least one people who is not breakable, then Kerry is careful.
- If Kerry is not careful and Alfred is cautious, then Pierce is not difficult.
- If there is someone who is both crazy and terrible, then Alfred is careful.
- If someone is not cautious, then he is crazy.
- If someone is terrible or not cautious, then he is difficult.
- If there is at least one people who is both not breakable and crazy, then Kerry is careful.

Step 2: Apply the rules to the relevant information.
- If someone is not breakable, then he is not crazy.
- If someone is not difficult or he is terrible, then he is cautious.
- If Pierce is not breakable, then he is not crazy.
- If someone is not difficult or he is terrible, then he is cautious.
- If Pierce is not breakable, then he is not crazy.
- If someone is not breakable, then he is not crazy.
- If someone is not difficult or he is terrible, then he is cautious.
- If Pierce is not breakable, then he is not crazy.
- If someone is not breakable, then he is not crazy.
- If someone is not difficult or he is terrible, then he is cautious.
- If Pierce is not breakable, then he is not crazy.
- If someone is not breakable, then he is not crazy.
- If someone is not difficult or he is terrible, then he is cautious.
- If Pierce is not breakable, then he is not crazy.
- If someone is not breakable, then he is not crazy.
- If someone is not difficult or he"
contradiction,F,,F,0,T,1,"Step 1: Identify the relevant information in the facts.
- Pierce is not crazy.
- Norman is breakable.
- Travis is not terrible.
- Alfred is terrible.
- Norman is crazy.
- Norman is difficult.
- Pierce is difficult.
- Kerry is cautious.
- Pierce is not cautious.
- Alfred is not breakable.
- Travis is not breakable.
- Kerry is careful.
- Norris being not cautious implies that Norman is not crazy.
- If someone is not difficult or he is terrible, then he is cautious.
- Pierce being breakable implies that Norman is difficult.
- If Travis is crazy, then Alfred is cautious and Pierce is not difficult.
- As long as someone is either not difficult or breakable, he is terrible and not careful.
- As long as someone is difficult, he is not crazy and breakable.
- If there is at least one people who is not breakable, then Kerry is careful.
- If Kerry is not careful and Alfred is cautious, then Pierce is not difficult.
- If there is someone who is both crazy and terrible, then Alfred is careful.
- If someone is not cautious, then he is crazy.
- If someone is terrible or not cautious, then he is difficult.
- If there is at least one people who is both not breakable and crazy, then Kerry is careful.

Step 2: Apply the rules to the relevant information.
- Pierce is not breakable.
- If someone is not breakable, then he is terrible and not careful.
- As long as someone is either not breakable or not cautious, he is terrible and not careful.
- If there is at least one people who is not breakable, then Kerry is careful.
- If Kerry is not careful and Alfred is cautious, then Pierce is not difficult.
- If there is someone who is both crazy and terrible, then Alfred is careful.
- If someone is not cautious, then he is crazy.
- If someone is terrible or not cautious, then he is difficult.
- If there is at least one people who is both not breakable and crazy, then Kerry is careful.

Step 3: Determine the answer to the question.
- Pierce is not breakable.
- If someone is not breakable, then he is terrible and not careful.
- As long as someone is either not breakable or not cautious, he is terrible and not careful.
- If there is at least one people who is not breakable, then Kerry is careful.
- If Kerry is not careful and Alfred is"
contradiction,F,,F,0,T,1,"Step 1: Identify the relevant information in the facts.
- Pierce is not crazy.
- Norman is breakable.
- Travis is not terrible.
- Alfred is terrible.
- Norman is crazy.
- Norman is difficult.
- Pierce is not cautious.
- Pierce is not difficult.
- Alfred is not breakable.
- Travis is not breakable.
- Kerry is cautious.
- Pierce is not cautious.
- Alfred is not breakable.
- Travis is not breakable.
- Kerry is careful.
- Norris being not cautious implies that Norman is not crazy.
- If someone is not difficult or he is terrible, then he is cautious.
- Pierce being breakable implies that Norman is difficult.
- If Travis is crazy, then Alfred is cautious and Pierce is not difficult.
- As long as someone is either not difficult or breakable, he is terrible and not careful.
- As long as someone is difficult, he is not crazy and breakable.
- If there is at least one people who is not breakable, then Kerry is careful.
- If Kerry is not careful and Alfred is cautious, then Pierce is not difficult.
- If there is someone who is both crazy and terrible, then Alfred is careful.
- If someone is not cautious, then he is crazy.
- If someone is terrible or not cautious, then he is difficult.
- If there is at least one people who is both not breakable and crazy, then Kerry is careful.

Step 2: Apply the rules to the relevant information.
- If someone is not difficult, then he is not terrible.
- If someone is not breakable, then he is not crazy.
- If someone is not cautious, then he is not terrible.
- If someone is not difficult, then he is not terrible.
- If someone is not breakable, then he is not crazy.
- If someone is not cautious, then he is not terrible.
- If someone is not difficult, then he is not terrible.
- If someone is not breakable, then he is not crazy.
- If someone is not cautious, then he is not terrible.
- If someone is not difficult, then he is not terrible.
- If someone is not breakable, then he is not crazy.
- If someone is not cautious, then he is not terrible.
- If someone is not difficult, then he is not terrible.
- If someone is not breakable, then he is not crazy.
- If someone is not cautious, then he is not terrible.
- If someone is not difficult,"
contradiction,F,,F,0,T,1,"Step 1: Identify the relevant information in the facts.
- Pierce is not crazy.
- Norman is breakable.
- Travis is not terrible.
- Alfred is terrible.
- Norman is crazy.
- Norman is difficult.
- Pierce is difficult.
- Kerry is cautious.
- Pierce is not cautious.
- Alfred is not breakable.
- Travis is not breakable.
- Kerry is careful.
- Norris being not cautious implies that Norman is not crazy.
- If someone is not difficult or he is terrible, then he is cautious.
- Pierce being breakable implies that Norman is difficult.
- If Travis is crazy, then Alfred is cautious and Pierce is not difficult.
- As long as someone is either not difficult or breakable, he is terrible and not careful.
- As long as someone is difficult, he is not crazy and breakable.
- If there is at least one people who is not breakable, then Kerry is careful.
- If Kerry is not careful and Alfred is cautious, then Pierce is not difficult.
- If there is someone who is both crazy and terrible, then Alfred is careful.
- If someone is not cautious, then he is crazy.
- If someone is terrible or not cautious, then he is difficult.
- If there is at least one people who is both not breakable and crazy, then Kerry is careful.

Step 2: Apply the rules to the relevant information.
- Alfred is not cautious.
- If someone is not difficult or he is terrible, then he is cautious.
- Pierce being breakable implies that Norman is difficult.
- If Travis is crazy, then Alfred is cautious and Pierce is not difficult.
- As long as someone is either not difficult or breakable, he is terrible and not careful.
- As long as someone is difficult, he is not crazy and breakable.
- If there is at least one people who is not breakable, then Kerry is careful.
- If Kerry is not careful and Alfred is cautious, then Pierce is not difficult.
- If there is someone who is both crazy and terrible, then Alfred is careful.
- If someone is not cautious, then he is crazy.
- If someone is terrible or not cautious, then he is difficult.
- If there is at least one people who is both not breakable and crazy, then Kerry is careful.

Step 3: Determine the final answer.
Based on the rules and the relevant information, we can conclude that Alfred is not cautious."
entailment,T,,F,0,T,0,"Step 1: Identify the relevant information in the facts.
- Pierce is not crazy.
- Norman is breakable.
- Travis is not terrible.
- Alfred is terrible.
- Norman is crazy.
- Norman is difficult.
- Pierce is difficult.
- Kerry is cautious.
- Pierce is not cautious.
- Alfred is not breakable.
- Travis is not breakable.
- Kerry is careful.
- Norris being not cautious implies that Norman is not crazy.
- If someone is not difficult or he is terrible, then he is cautious.
- Pierce being breakable implies that Norman is difficult.
- If Travis is crazy, then Alfred is cautious and Pierce is not difficult.
- As long as someone is either not difficult or breakable, he is terrible and not careful.
- As long as someone is difficult, he is not crazy and breakable.
- If there is at least one people who is not breakable, then Kerry is careful.
- If Kerry is not careful and Alfred is cautious, then Pierce is not difficult.
- If there is someone who is both crazy and terrible, then Alfred is careful.
- If someone is not cautious, then he is crazy.
- If someone is terrible or not cautious, then he is difficult.
- If there is at least one people who is both not breakable and crazy, then Kerry is careful.

Step 2: Apply the rules to the relevant information.
- If someone is not cautious, then he is crazy.
- If someone is terrible or not cautious, then he is difficult.
- If there is at least one people who is not breakable, then Kerry is careful.
- If Kerry is not careful and Alfred is cautious, then Pierce is not difficult.
- If there is someone who is both crazy and terrible, then Alfred is careful.
- If someone is not cautious, then he is crazy.
- If someone is terrible or not cautious, then he is difficult.
- If there is at least one people who is both not breakable and crazy, then Kerry is careful.

Step 3: Combine the results of the rules with the relevant information in the facts.
- If someone is not cautious, then he is crazy.
- If someone is terrible or not cautious, then he is difficult.
- If there is at least one people who is not breakable, then Kerry is careful.
- If Kerry is not careful and Alfred is cautious, then Pierce is not difficult.
- If there is someone who is both crazy and terrible, then Alfred is careful.
- If someone is"
contradiction,F,,F,0,T,1,"Step 1: Identify the relevant information in the facts.
- Pierce is not crazy.
- Norman is breakable.
- Travis is not terrible.
- Alfred is terrible.
- Norman is crazy.
- Norman is difficult.
- Pierce is difficult.
- Kerry is cautious.
- Pierce is not cautious.
- Alfred is not breakable.
- Travis is not breakable.
- Kerry is careful.

Step 2: Analyze the information to determine the relationships between the people and their characteristics.
- Pierce is not crazy, so he is not difficult.
- Norman is breakable, so he is not crazy.
- Travis is not terrible, so he is not difficult.
- Alfred is terrible, so he is not breakable.
- Norman is crazy, so he is difficult.
- Norman is difficult, so he is not crazy.
- Pierce is difficult, so he is not crazy.
- Kerry is cautious, so he is not difficult.
- Pierce is not cautious, so he is not crazy.
- Alfred is not breakable, so he is not difficult.
- Travis is not breakable, so he is not difficult.
- Kerry is careful.

Step 3: Apply the rules to determine the relationships between the people and their characteristics.
- If someone is not difficult or he is terrible, then he is cautious.
- Pierce being breakable implies that Norman is not crazy.
- If someone is not breakable, then he is terrible and not careful.
- As long as someone is either not difficult or breakable, he is terrible and not careful.
- As long as someone is difficult, he is not crazy and breakable.
- If there is at least one people who is not breakable, then Kerry is careful.
- If Kerry is not careful and Alfred is cautious, then Pierce is not difficult.
- If there is someone who is both crazy and terrible, then Alfred is careful.
- If someone is not cautious, then he is crazy.
- If someone is terrible or not cautious, then he is difficult.
- If there is at least one people who is both not breakable and crazy, then Kerry is careful.

Step 4: Combine the information and rules to answer the question.
- Kerry is not cautious.
- If someone is not difficult or he is terrible, then he is cautious.
- Pierce being breakable implies that Norman is not crazy.
- If someone is not breakable, then he is terrible and not careful.
- As long as someone is either not difficult or breakable, he is terrible"
self_contradiction,F,,F,0,T,1,"Step 1: Identify the relevant information in the facts.
- Pierce is not crazy.
- Norman is breakable.
- Travis is not terrible.
- Alfred is terrible.
- Norman is crazy.
- Norman is difficult.
- Pierce is difficult.
- Kerry is cautious.
- Pierce is not cautious.
- Alfred is not breakable.
- Travis is not breakable.
- Kerry is careful.
- Norris being not cautious implies that Norman is not crazy.
- If someone is not difficult or he is terrible, then he is cautious.
- Pierce being breakable implies that Norman is difficult.
- If Travis is crazy, then Alfred is cautious and Pierce is not difficult.
- As long as someone is either not difficult or breakable, he is terrible and not careful.
- As long as someone is difficult, he is not crazy and breakable.
- If there is at least one people who is not breakable, then Kerry is careful.
- If Kerry is not careful and Alfred is cautious, then Pierce is not difficult.
- If there is someone who is both crazy and terrible, then Alfred is careful.
- If someone is not cautious, then he is crazy.
- If someone is terrible or not cautious, then he is difficult.
- If there is at least one people who is both not breakable and crazy, then Kerry is careful.

Step 2: Apply the rules to the relevant information.
- Norman is not crazy.
- If someone is not difficult or he is terrible, then he is cautious.
- Pierce being breakable implies that Norman is difficult.
- If Travis is crazy, then Alfred is cautious and Pierce is not difficult.
- As long as someone is either not difficult or breakable, he is terrible and not careful.
- As long as someone is difficult, he is not crazy and breakable.
- If there is at least one people who is not breakable, then Kerry is careful.
- If Kerry is not careful and Alfred is cautious, then Pierce is not difficult.
- If there is someone who is both crazy and terrible, then Alfred is careful.
- If someone is not cautious, then he is crazy.
- If someone is terrible or not cautious, then he is difficult.
- If there is at least one people who is both not breakable and crazy, then Kerry is careful.

Step 3: Combine the results of the rules and the relevant information to answer the question.
- Norman is not crazy.
- If someone is not difficult or he is terrible, then he is cautious.
-"
entailment,T,,F,0,T,0,"Step 1: Identify the relevant information in the facts.
- Pierce is not crazy.
- Norman is breakable.
- Travis is not terrible.
- Alfred is terrible.
- Norman is crazy.
- Norman is difficult.
- Pierce is difficult.
- Kerry is cautious.
- Pierce is not cautious.
- Alfred is not breakable.
- Travis is not breakable.
- Kerry is careful.
- Norris being not cautious implies that Norman is not crazy.
- If someone is not difficult or he is terrible, then he is cautious.
- Pierce being breakable implies that Norman is difficult.
- If Travis is crazy, then Alfred is cautious and Pierce is not difficult.
- As long as someone is either not difficult or breakable, he is terrible and not careful.
- As long as someone is difficult, he is not crazy and breakable.
- If there is at least one people who is not breakable, then Kerry is careful.
- If Kerry is not careful and Alfred is cautious, then Pierce is not difficult.
- If there is someone who is both crazy and terrible, then Alfred is careful.
- If someone is not cautious, then he is crazy.
- If someone is terrible or not cautious, then he is difficult.
- If there is at least one people who is both not breakable and crazy, then Kerry is careful.

Step 2: Apply the rules to the relevant information.
- Alfred is terrible.
- If someone is not difficult or he is terrible, then he is cautious.
- Pierce being breakable implies that Norman is difficult.
- If Travis is crazy, then Alfred is cautious and Pierce is not difficult.
- As long as someone is either not difficult or breakable, he is terrible and not careful.
- As long as someone is difficult, he is not crazy and breakable.
- If there is at least one people who is not breakable, then Kerry is careful.
- If Kerry is not careful and Alfred is cautious, then Pierce is not difficult.
- If there is someone who is both crazy and terrible, then Alfred is careful.
- If someone is not cautious, then he is crazy.
- If someone is terrible or not cautious, then he is difficult.
- If there is at least one people who is both not breakable and crazy, then Kerry is careful.

Step 3: Determine the final answer.
Based on the rules and the relevant information, we can conclude that Alfred is terrible."
neutral,F,,F,0,T,1,"Step 1: Identify the relevant information in the facts.
- Pierce is not crazy.
- Norman is breakable.
- Travis is not terrible.
- Alfred is terrible.
- Norman is crazy.
- Norman is difficult.
- Pierce is difficult.
- Kerry is cautious.
- Pierce is not cautious.
- Alfred is not breakable.
- Travis is not breakable.
- Kerry is careful.
- Norris being not cautious implies that Norman is not crazy.
- If someone is not difficult or he is terrible, then he is cautious.
- Pierce being breakable implies that Norman is difficult.
- If Travis is crazy, then Alfred is cautious and Pierce is not difficult.
- As long as someone is either not difficult or breakable, he is terrible and not careful.
- As long as someone is difficult, he is not crazy and breakable.
- If there is at least one people who is not breakable, then Kerry is careful.
- If Kerry is not careful and Alfred is cautious, then Pierce is not difficult.
- If there is someone who is both crazy and terrible, then Alfred is careful.
- If someone is not cautious, then he is crazy.
- If someone is terrible or not cautious, then he is difficult.
- If there is at least one people who is both not breakable and crazy, then Kerry is careful.

Step 2: Apply the rules to the relevant information.
- Kerry is terrible.
- Norris being not cautious implies that Norman is not crazy.
- If someone is not difficult or he is terrible, then he is cautious.
- Pierce being breakable implies that Norman is difficult.
- If Travis is crazy, then Alfred is cautious and Pierce is not difficult.
- As long as someone is either not difficult or breakable, he is terrible and not careful.
- As long as someone is difficult, he is not crazy and breakable.
- If there is at least one people who is not breakable, then Kerry is careful.
- If Kerry is not careful and Alfred is cautious, then Pierce is not difficult.
- If there is someone who is both crazy and terrible, then Alfred is careful.
- If someone is not cautious, then he is crazy.
- If someone is terrible or not cautious, then he is difficult.
- If there is at least one people who is both not breakable and crazy, then Kerry is careful.

Step 3: Determine the final answer.
Based on the rules and the relevant information, we can conclude that Kerry is terrible."
entailment,T,,F,0,T,0,"Step 1: Identify the relevant information in the facts.
- Pierce is not crazy.
- Norman is breakable.
- Travis is not breakable.
- Kerry is cautious.
- Pierce is not cautious.
- Alfred is not breakable.
- Travis is not breakable.
- Kerry is careful.
- Norris being not cautious implies that Norman is not crazy.
- If someone is not difficult or he is terrible, then he is cautious.
- Pierce being breakable implies that Norman is difficult.
- If Travis is crazy, then Alfred is cautious and Pierce is not difficult.
- As long as someone is either not difficult or breakable, he is terrible and not careful.
- As long as someone is difficult, he is not crazy and breakable.
- If there is at least one people who is not breakable, then Kerry is careful.
- If Kerry is not careful and Alfred is cautious, then Pierce is not difficult.
- If there is someone who is both crazy and terrible, then Alfred is careful.
- If someone is not cautious, then he is crazy.
- If someone is terrible or not cautious, then he is difficult.
- If there is at least one people who is both not breakable and crazy, then Kerry is careful.

Step 2: Analyze the rules.
- (Implicit in facts) implies that the rules are based on the information provided in the facts.
- Travis is not breakable implies that Norman is not crazy.
- If someone is not difficult or he is terrible, then he is cautious.
- Pierce being breakable implies that Norman is difficult.
- If Travis is crazy, then Alfred is cautious and Pierce is not difficult.
- As long as someone is either not difficult or breakable, he is terrible and not careful.
- As long as someone is difficult, he is not crazy and breakable.
- If there is at least one people who is not breakable, then Kerry is careful.
- If Kerry is not careful and Alfred is cautious, then Pierce is not difficult.
- If there is someone who is both crazy and terrible, then Alfred is careful.
- If someone is not cautious, then he is crazy.
- If someone is terrible or not cautious, then he is difficult.
- If there is at least one people who is both not breakable and crazy, then Kerry is careful.

Step 3: Apply the rules to the facts.
- Travis is not breakable implies that Norman is not crazy.
- If someone is not difficult or he is terrible, then he"
neutral,F,,F,0,T,1,"Step 1: Identify the relevant information in the facts.
- Abner is not breakable.
- Abner is not crazy.
- Abner is not difficult.
- Abner is not cautious.

Step 2: Analyze the rules given.
- If someone is not breakable, then he is not crazy.
- If someone is not crazy, then he is not difficult.
- If someone is not difficult, then he is not cautious.
- If someone is not cautious, then he is not breakable.

Step 3: Apply the rules to the given information.
- Abner is not breakable, so he is not crazy.
- Abner is not crazy, so he is not difficult.
- Abner is not difficult, so he is not cautious.
- Abner is not cautious, so he is not breakable.

Step 4: Determine the conclusion.
- Since Abner is not breakable, he is not crazy, and he is not difficult, he is not cautious, and he is not breakable. Therefore, Abner is careful.

Step 5: Justify the conclusion.
- The conclusion is justified because the rules given in the question state that if someone is not breakable, then he is not crazy, and if someone is not crazy, then he is not difficult. Since Abner is not breakable, he is not crazy, and he is not difficult, he is not cautious, and he is not breakable. Therefore, Abner is careful."
self_contradiction,F,,F,0,T,1,"Step 1: Identify the relevant information in the facts.
- Pierce is not crazy.
- Norman is breakable.
- Travis is not terrible.
- Alfred is terrible.
- Norman is crazy.
- Norman is difficult.
- Pierce is difficult.
- Kerry is cautious.
- Pierce is not cautious.
- Alfred is not breakable.
- Travis is not breakable.
- Kerry is careful.
- Norris being not cautious implies that Norman is not crazy.
- If someone is not difficult or he is terrible, then he is cautious.
- Pierce being breakable implies that Norman is difficult.
- If Travis is crazy, then Alfred is cautious and Pierce is not difficult.
- As long as someone is either not difficult or breakable, he is terrible and not careful.
- As long as someone is difficult, he is not crazy and breakable.
- If there is at least one people who is not breakable, then Kerry is careful.
- If Kerry is not careful and Alfred is cautious, then Pierce is not difficult.
- If there is someone who is both crazy and terrible, then Alfred is careful.
- If someone is not cautious, then he is crazy.
- If someone is terrible or not cautious, then he is difficult.
- If there is at least one people who is both not breakable and crazy, then Kerry is careful.

Step 2: Apply the rules to the relevant information.
- If someone is not difficult or he is terrible, then he is cautious.
- Pierce being breakable implies that Norman is difficult.
- If Travis is crazy, then Alfred is cautious and Pierce is not difficult.
- As long as someone is either not difficult or breakable, he is terrible and not careful.
- As long as someone is difficult, he is not crazy and breakable.
- If there is at least one people who is not breakable, then Kerry is careful.
- If Kerry is not careful and Alfred is cautious, then Pierce is not difficult.
- If there is someone who is both crazy and terrible, then Alfred is careful.
- If someone is not cautious, then he is crazy.
- If someone is terrible or not cautious, then he is difficult.
- If there is at least one people who is both not breakable and crazy, then Kerry is careful.

Step 3: Combine the results of the rules with the relevant information in the facts.
- If someone is not difficult or he is terrible, then he is cautious.
- Pierce being breakable implies that Norman is difficult.
- If Travis"
entailment,T,,F,0,T,0,"1. Pierce is not crazy.
2. Norman is breakable.
3. Travis is not terrible.
4. Alfred is terrible.
5. Norman is crazy.
6. Norman is difficult.
7. Pierce is difficult.
8. Kerry is cautious.
9. Pierce is not cautious.
10. Alfred is not breakable.
11. Travis is not breakable.
12. Kerry is careful.
13. Norris being not cautious implies that Norman is not crazy.
14. If someone is not difficult or he is terrible, then he is cautious.
15. Pierce being breakable implies that Norman is difficult.
16. If Travis is crazy, then Alfred is cautious and Pierce is not difficult.
17. As long as someone is either not difficult or breakable, he is terrible and not careful.
18. As long as someone is difficult, he is not crazy and breakable.
19. If there is at least one people who is not breakable, then Kerry is careful.
20. If Kerry is not careful and Alfred is cautious, then Pierce is not difficult.
21. If there is someone who is both crazy and terrible, then Alfred is careful.
22. If someone is not cautious, then he is crazy.
23. If someone is terrible or not cautious, then he is difficult.
24. If there is at least one people who is both not breakable and crazy, then Kerry is careful.
25. Pierce is difficult.
26. Norris being not cautious implies that Norman is not crazy.
27. If someone is not difficult or he is terrible, then he is cautious.
28. Pierce being breakable implies that Norman is difficult.
29. If Travis is crazy, then Alfred is cautious and Pierce is not difficult.
30. As long as someone is either not difficult or breakable, he is terrible and not careful.
31. As long as someone is difficult, he is not crazy and breakable.
32. If there is at least one people who is not breakable, then Kerry is careful.
33. If Kerry is not careful and Alfred is cautious, then Pierce is not difficult.
34. If there is someone who is both crazy and terrible, then Alfred is careful.
35. If someone is not cautious, then he is crazy.
36. If someone is terrible or not cautious, then he is difficult.
37. If there is at least one people who is both"
contradiction,F,,F,0,F,1,"Step 1: Identify the relevant information in the facts.
- Harley is big.
- Claudia is blue.
- Rufus is not better.
- Harley is not modern.
- Hunter is impossible.
- Harley is blue.
- Jesse is not blue.
- Hunter is not imaginative.
- Jesse is impossible.
- Colin is not big.
- Colin is not modern.
- Hunter is big.

Step 2: Analyze the information to determine the relationships between the people and their characteristics.
- Harley is big and Claudia is blue.
- Rufus is not better than Harley.
- Harley is not modern.
- Hunter is impossible.
- Harley is blue.
- Jesse is not blue.
- Hunter is not imaginative.
- Jesse is impossible.
- Colin is not big.
- Colin is not modern.
- Hunter is big.

Step 3: Apply the rules to the information to determine the relationships between the people and their characteristics.
- If someone is not imaginative, then he is big and modern.
- If all people are not impossible or modern, then Jesse is blue.
- If someone is not blue, then he is not modern.
- If someone is not big, then he is not modern.
- If someone is not imaginative, then he is big and modern.
- If someone is not big, then he is not modern.
- If someone is not modern, then he is not impossible.
- If someone is not impossible, then he is not modern.
- If someone is not big, then he is not modern.
- If someone is not big, then he is not modern.
- If someone is not modern, then he is not impossible.
- If someone is not impossible, then he is not modern.
- If someone is not big, then he is not modern.
- If someone is not big, then he is not modern.
- If someone is not modern, then he is not impossible.
- If someone is not impossible, then he is not modern.
- If someone is not big, then he is not modern.
- If someone is not big, then he is not modern.
- If someone is not modern, then he is not impossible.
- If someone is not impossible, then he is not modern.
- If someone is not big, then he is not modern.
- If someone is not big, then he is not modern.
- If someone is not modern, then he is not impossible.
- If someone is not impossible, then he is not modern.
- If someone is not big, then he"
neutral,F,,F,0,F,1,"Step 1: Identify the relevant information in the facts.
- Harley is big.
- Claudia is blue.
- Rufus is not better.
- Harley is not modern.
- Hunter is impossible.
- Harley is blue.
- Jesse is not blue.
- Hunter is not imaginative.
- Jesse is impossible.
- Colin is not big.
- Colin is not modern.
- Hunter is big.

Step 2: Analyze the information to determine the relationships between the people and their characteristics.
- Harley is big and Claudia is blue.
- Rufus is not better than Harley.
- Harley is not modern.
- Hunter is impossible.
- Harley is blue.
- Jesse is not blue.
- Hunter is not imaginative.
- Jesse is impossible.
- Colin is not big.
- Colin is not modern.
- Hunter is big.

Step 3: Apply the rules to the information to determine the relationships between the people and their characteristics.
- If someone is not imaginative, then he is big and modern.
- If all people are not impossible or modern, then Jesse is blue.
- If someone is not blue, then he is not modern.
- If someone is not big, then he is not modern.
- If someone is not imaginative, then he is big and modern.
- If someone is not blue, then he is not modern.
- If someone is not big, then he is not modern.
- If someone is not imaginative, then he is big and modern.
- If someone is not blue, then he is not modern.
- If someone is not big, then he is not modern.
- If someone is not imaginative, then he is big and modern.
- If someone is not blue, then he is not modern.
- If someone is not big, then he is not modern.
- If someone is not imaginative, then he is big and modern.
- If someone is not blue, then he is not modern.
- If someone is not big, then he is not modern.
- If someone is not imaginative, then he is big and modern.
- If someone is not blue, then he is not modern.
- If someone is not big, then he is not modern.
- If someone is not imaginative, then he is big and modern.
- If someone is not blue, then he is not modern.
- If someone is not big, then he is not modern.
- If someone is not imaginative, then he is big and modern.
- If someone is not blue, then he is not modern.
- If someone"
neutral,F,,F,0,F,1,"Step 1: Identify the relevant information in the facts.
- Harley is big.
- Claudia is blue.
- Rufus is not better.
- Harley is not modern.
- Hunter is impossible.
- Harley is blue.
- Jesse is not blue.
- Hunter is not imaginative.
- Jesse is impossible.
- Colin is not big.
- Colin is not modern.
- Hunter is big.

Step 2: Analyze the information to determine the relationships between the people and their characteristics.
- Harley is big and blue.
- Claudia is blue.
- Rufus is not better than Harley.
- Harley is not modern.
- Hunter is impossible.
- Harley is blue.
- Jesse is not blue.
- Hunter is not imaginative.
- Jesse is impossible.
- Colin is not big.
- Colin is not modern.
- Hunter is big.

Step 3: Apply the rules to determine the conclusion.
- If someone is not imaginative, then he is big and modern.
- If all people are not impossible or modern, then Jesse is blue.
- If someone is not blue, then he is not modern.
- If someone is not big, then he is not modern.
- If someone is not imaginative, then he is big and modern.
- If someone is not big, then he is not modern.
- If someone is not modern, then he is not impossible.
- If someone is not impossible, then he is not modern.
- If someone is not big, then he is not modern.
- If someone is not modern, then he is not impossible.
- If someone is not big, then he is not modern.
- If someone is not modern, then he is not impossible.
- If someone is not big, then he is not modern.
- If someone is not modern, then he is not impossible.
- If someone is not big, then he is not modern.
- If someone is not modern, then he is not impossible.
- If someone is not big, then he is not modern.
- If someone is not modern, then he is not impossible.
- If someone is not big, then he is not modern.
- If someone is not modern, then he is not impossible.
- If someone is not big, then he is not modern.
- If someone is not modern, then he is not impossible.
- If someone is not big, then he is not modern.
- If someone is not modern, then he is not impossible.
- If someone is not big, then he is not modern.
- If"
neutral,F,,F,0,T,1,"Step 1: Identify the relevant information in the facts.
- Lester is better.
- Claudia is blue.
- Rufus is not better.
- Harley is not modern.
- Hunter is impossible.
- Harley is blue.
- Jesse is not blue.
- Hunter is not imaginative.
- Jesse is impossible.
- Colin is not big.
- Colin is not modern.
- Hunter is big.

Step 2: Analyze the information and determine the relationships between the people and their characteristics.
- Lester is better than Claudia.
- Rufus is not better than Harley.
- Harley is not modern.
- Hunter is impossible.
- Harley is blue.
- Jesse is not blue.
- Hunter is not imaginative.
- Jesse is impossible.
- Colin is not big.
- Colin is not modern.
- Hunter is big.

Step 3: Apply the rules to the information and determine the conclusion.
- If Lester is better than Claudia, then Harley is modern and Harley is blue.
- If Rufus is not better than Harley, then Hunter is not impossible.
- If Harley is not modern, then Hunter is not imaginative.
- If Jesse is not blue, then Hunter is not impossible.
- If someone is not imaginative, then he is big.
- If all people are not impossible or modern, then Jesse is blue.
- If someone is not big, then he is not modern.
- As long as someone is not imaginative, he is big and modern.
- If all big people are not modern, then Jesse is blue.

Step 4: Conclude the answer based on the analysis.
- Since Lester is better than Claudia, then Harley is modern and Harley is blue.
- Since Rufus is not better than Harley, then Hunter is not impossible.
- Since Harley is not modern, then Hunter is not imaginative.
- Since Jesse is not blue, then Hunter is not impossible.
- Since someone is not imaginative, then he is big.
- Since all people are not impossible or modern, then Jesse is blue.
- Since someone is not big, then he is not modern.
- As long as someone is not imaginative, he is big and modern.
- Since all big people are not modern, then Jesse is blue."
contradiction,F,,F,0,F,1,"Step 1: Identify the relevant information in the facts.
- Harley is big.
- Claudia is blue.
- Rufus is not better.
- Harley is not modern.
- Hunter is impossible.
- Harley is blue.
- Jesse is not blue.
- Hunter is not imaginative.
- Jesse is impossible.
- Colin is not big.
- Colin is not modern.
- Hunter is big.

Step 2: Analyze the information to determine the relationships between the people and their characteristics.
- Harley is big and blue.
- Claudia is blue.
- Rufus is not better than Harley.
- Harley is not modern.
- Hunter is impossible.
- Harley is blue.
- Jesse is not blue.
- Hunter is not imaginative.
- Jesse is impossible.
- Colin is not big.
- Colin is not modern.
- Hunter is big.

Step 3: Apply the rules to the information to determine the relationships between the people and their characteristics.
- If someone is not blue, then they are not modern.
- If someone is not imaginative, then they are not modern.
- If someone is not big, then they are not modern.
- If someone is not impossible, then they are not modern.
- If someone is not big and not modern, then they are not impossible.
- If someone is not big and not modern, then they are not impossible and not big.
- If someone is not big and not modern, then they are not impossible and not big and not modern.
- If someone is not big and not modern, then they are not impossible and not big and not modern and not big and not modern and not big and not modern and not big and not modern and not big and not modern and not big and not modern and not big and not modern and not big and not modern and not big and not modern and not big and not modern and not big and not modern and not big and not modern and not big and not modern and not big and not modern and not big and not modern and not big and not modern and not big and not modern and not big and not modern and not big and not modern and not big and not modern and not big and not modern and not big and not modern and not big and not modern and not big and not modern and not big and not modern and not big and not modern and not big and not modern and not big and not modern and not big and not modern and not big and not modern and not big and not modern and not big and not modern and not big and not modern"
self_contradiction,F,,F,0,F,1,"Step 1: Identify the relevant information in the facts.
- Harley is big.
- Claudia is blue.
- Rufus is not better.
- Harley is not modern.
- Hunter is impossible.
- Harley is blue.
- Jesse is not blue.
- Hunter is not imaginative.
- Jesse is impossible.
- Colin is not big.
- Colin is not modern.
- Hunter is big.

Step 2: Analyze the information and determine the relationships between the people and their characteristics.
- Harley is big and blue.
- Claudia is blue.
- Rufus is not better than Harley.
- Harley is not modern.
- Hunter is impossible.
- Harley is blue.
- Jesse is not blue.
- Hunter is not imaginative.
- Jesse is impossible.
- Colin is not big.
- Colin is not modern.
- Hunter is big.

Step 3: Apply the rules to the information and determine the relationships between the people and their characteristics.
- If someone is not imaginative, then they are big and modern.
- If someone is not blue, then they are not modern.
- If someone is not big, then they are not modern.
- If someone is not modern, then they are not impossible.
- If someone is not impossible, then they are not imaginative.
- If someone is not big, then they are not modern.
- If someone is not modern, then they are not impossible.
- If someone is not impossible, then they are not imaginative.
- If someone is not big, then they are not modern.
- If someone is not modern, then they are not impossible.
- If someone is not impossible, then they are not imaginative.
- If someone is not big, then they are not modern.
- If someone is not modern, then they are not impossible.
- If someone is not impossible, then they are not imaginative.
- If someone is not big, then they are not modern.
- If someone is not modern, then they are not impossible.
- If someone is not impossible, then they are not imaginative.
- If someone is not big, then they are not modern.
- If someone is not modern, then they are not impossible.
- If someone is not impossible, then they are not imaginative.
- If someone is not big, then they are not modern.
- If someone is not modern, then they are not impossible.
- If someone is not impossible, then they are not imaginative.
- If someone is not big, then they are not modern.
- If someone is not modern, then they"
self_contradiction,F,,F,0,T,1,"Step 1: Identify the relevant information in the facts.
- Harley is big.
- Claudia is blue.
- Rufus is not better.
- Harley is not modern.
- Hunter is impossible.
- Harley is blue.
- Jesse is not blue.
- Hunter is not imaginative.
- Jesse is impossible.
- Colin is not big.
- Colin is not modern.
- Hunter is big.

Step 2: Analyze the information to determine the relationships between the people and their characteristics.
- Harley is big and Claudia is blue.
- Rufus is not better than Harley.
- Hunter is impossible.
- Harley is blue.
- Jesse is not blue.
- Hunter is not imaginative.
- Jesse is impossible.
- Colin is not big.
- Colin is not modern.
- Hunter is big.

Step 3: Apply the rules to the information to determine the relationships between the people and their characteristics.
- If someone is not imaginative, then he is big and modern.
- If someone is not blue, then he is not modern.
- If someone is not impossible, then he is not imaginative.
- If someone is not big, then he is not modern.
- If someone is not modern, then he is not impossible.

Step 4: Apply the rules to the information to determine the relationships between the people and their characteristics.
- If someone is not imaginative, then he is big and modern.
- If someone is not blue, then he is not modern.
- If someone is not impossible, then he is not imaginative.
- If someone is not big, then he is not modern.
- If someone is not modern, then he is not impossible.

Step 5: Determine the conclusion based on the relationships between the people and their characteristics.
- If someone is not imaginative, then he is big and modern.
- If someone is not blue, then he is not modern.
- If someone is not impossible, then he is not imaginative.
- If someone is not big, then he is not modern.
- If someone is not modern, then he is not impossible.

Step 6: Apply the conclusion to the question.
- Jesse is not modern.

Conclusion: Jesse is not modern."
entailment,T,,F,0,F,0,"Step 1: Identify the relevant information in the facts.
- Harley is big.
- Claudia is blue.
- Rufus is not better.
- Harley is not modern.
- Hunter is impossible.
- Harley is blue.
- Jesse is not blue.
- Hunter is not imaginative.
- Jesse is impossible.
- Colin is not big.
- Colin is not modern.
- Hunter is big.

Step 2: Analyze the information and determine the relationships between the people mentioned in the facts.
- Harley is big and Claudia is blue.
- Rufus is not better than Harley.
- Harley is not modern.
- Hunter is impossible.
- Harley is blue.
- Jesse is not blue.
- Hunter is not imaginative.
- Jesse is impossible.
- Colin is not big.
- Colin is not modern.
- Hunter is big.

Step 3: Apply the rules to the information and determine the relationships between the people.
- If someone is not imaginative, then he is big and modern.
- If someone is not blue, then he is not modern.
- If someone is not impossible, then he is not imaginative.
- If someone is not big, then he is not modern.
- If someone is not modern, then he is not impossible.
- If someone is not big, then he is not modern.
- If someone is not impossible, then he is not imaginative.
- If someone is not big, then he is not modern.
- If someone is not modern, then he is not impossible.
- If someone is not big, then he is not modern.
- If someone is not impossible, then he is not imaginative.
- If someone is not big, then he is not modern.
- If someone is not modern, then he is not impossible.
- If someone is not big, then he is not modern.
- If someone is not impossible, then he is not imaginative.
- If someone is not big, then he is not modern.
- If someone is not modern, then he is not impossible.
- If someone is not big, then he is not modern.
- If someone is not impossible, then he is not imaginative.
- If someone is not big, then he is not modern.
- If someone is not modern, then he is not impossible.
- If someone is not big, then he is not modern.
- If someone is not impossible, then he is not imaginative.
- If someone is not big, then he is not modern.
- If someone is not modern, then he is not impossible.
-"
entailment,T,,F,0,T,0,"Step 1: Identify the relevant information in the facts.
- Harley is big.
- Claudia is blue.
- Rufus is not better.
- Harley is not modern.
- Hunter is impossible.
- Harley is blue.
- Jesse is not blue.
- Hunter is not imaginative.
- Jesse is impossible.
- Colin is not big.
- Colin is not modern.
- Hunter is big.

Step 2: Analyze the information to determine the relationships between the people and their characteristics.
- Harley is big and blue.
- Claudia is blue.
- Rufus is not better than Harley.
- Harley is not modern.
- Hunter is impossible.
- Harley is blue.
- Jesse is not blue.
- Hunter is not imaginative.
- Jesse is impossible.
- Colin is not big.
- Colin is not modern.
- Hunter is big.

Step 3: Apply the rules to the information to determine the relationships between the people and their characteristics.
- If someone is not imaginative, then he is big and modern.
- If someone is not blue, then he is not modern.
- If someone is not big, then he is not modern.
- If someone is not impossible, then he is not modern.
- If someone is not imaginative or he is blue, then he is big and modern.
- If all people are not impossible or modern, then Jesse is blue.
- If someone is not imaginative, then he is big and modern.
- If someone is not big, then he is not modern.
- If someone is not impossible, then he is not modern.
- If someone is not imaginative or he is blue, then he is big and modern.
- If all people are not impossible or modern, then Jesse is blue.

Step 4: Determine the conclusion based on the analysis.
- If someone is not imaginative, then he is big and modern.
- If someone is not blue, then he is not modern.
- If someone is not big, then he is not modern.
- If someone is not impossible, then he is not modern.
- If someone is not imaginative or he is blue, then he is big and modern.
- If all people are not impossible or modern, then Jesse is blue.
- If someone is not imaginative, then he is big and modern.
- If someone is not big, then he is not modern.
- If someone is not impossible, then he is not modern.
- If someone is not imaginative or he is blue, then he is big and modern.
- If all people are not impossible"
neutral,F,,F,0,F,1,"Step 1: Identify the relevant information in the facts.
- Harley is big.
- Claudia is blue.
- Rufus is not better.
- Harley is not modern.
- Hunter is impossible.
- Harley is blue.
- Jesse is not blue.
- Hunter is not imaginative.
- Jesse is impossible.
- Colin is not big.
- Colin is not modern.
- Hunter is big.

Step 2: Analyze the information to determine the relationships between the people and their characteristics.
- Harley is big and blue.
- Claudia is blue.
- Rufus is not better than Harley.
- Harley is not modern.
- Hunter is impossible.
- Harley is blue.
- Jesse is not blue.
- Hunter is not imaginative.
- Jesse is impossible.
- Colin is not big.
- Colin is not modern.
- Hunter is big.

Step 3: Apply the rules to the information to determine the relationships between the people and their characteristics.
- If Rufus is not imaginative, then he is impossible.
- If someone is not blue, then he is big.
- If someone is not modern, then he is not imaginative.
- If someone is not big, then he is not modern.
- If someone is not impossible, then he is modern.
- If someone is not big, then he is not modern.
- If someone is not imaginative, then he is big.
- If someone is not big, then he is not modern.
- If someone is not impossible, then he is modern.
- If someone is not big, then he is not modern.
- If someone is not imaginative, then he is big.
- If someone is not big, then he is not modern.
- If someone is not impossible, then he is modern.
- If someone is not big, then he is not modern.
- If someone is not imaginative, then he is big.
- If someone is not big, then he is not modern.
- If someone is not impossible, then he is modern.
- If someone is not big, then he is not modern.
- If someone is not imaginative, then he is big.
- If someone is not big, then he is not modern.
- If someone is not impossible, then he is modern.
- If someone is not big, then he is not modern.
- If someone is not imaginative, then he is big.
- If someone is not big, then he is not modern.
- If someone is not impossible, then he is modern.
- If someone is not big, then he"
neutral,F,,F,0,F,1,"Step 1: Identify the relevant information in the facts.
- Lester is not imaginative.

Step 2: Determine the implications of the information.
- Since Lester is not imaginative, it implies that he is not big and modern.

Step 3: Apply the rules to the question.
- If Lester is not big and modern, then he is not impossible.

Step 4: Consider the additional information provided.
- If Lester is not impossible, then he is not blue.

Step 5: Combine the information from the previous steps.
- Since Lester is not impossible and not blue, it means that he is not big and modern.

Step 6: Conclude the answer.
- Therefore, Lester is not big and modern."
contradiction,F,,F,0,F,1,"1. The facts state that Harley is big.
2. The question asks if Claudia is not big.
3. Since Harley is big, Claudia cannot be not big.
4. Therefore, the answer is no, Claudia is not not big."
contradiction,F,,F,0,F,1,"Step 1: Identify the relevant information in the facts.
- Harley is big.
- Claudia is blue.
- Rufus is not better.
- Harley is not modern.
- Hunter is impossible.
- Harley is blue.
- Jesse is not blue.
- Hunter is not imaginative.
- Jesse is impossible.
- Colin is not big.
- Colin is not modern.
- Hunter is big.

Step 2: Analyze the information to determine the relationships between the people and their characteristics.
- Hunter is not big.
- Rufus is not better.
- Harley is not modern.
- Jesse is not blue.
- Hunter is not imaginative.
- Jesse is impossible.
- Colin is not big.
- Colin is not modern.
- Hunter is big.

Step 3: Apply the rules to the information to determine the relationships between the people and their characteristics.
- If someone is not blue, then Jesse is not impossible.
- If someone is not imaginative, then he is big.
- If someone is not modern, then he is big.
- If someone is not big, then he is not modern.
- If someone is not impossible, then he is not blue.
- If someone is not big, then he is not modern.
- If someone is not imaginative, then he is big.
- If someone is not modern, then he is big.
- If someone is not impossible, then he is not blue.
- If someone is not big, then he is not modern.
- If someone is not imaginative, then he is big.
- If someone is not modern, then he is big.
- If someone is not impossible, then he is not blue.
- If someone is not big, then he is not modern.
- If someone is not imaginative, then he is big.
- If someone is not modern, then he is big.
- If someone is not impossible, then he is not blue.
- If someone is not big, then he is not modern.
- If someone is not imaginative, then he is big.
- If someone is not modern, then he is big.
- If someone is not impossible, then he is not blue.
- If someone is not big, then he is not modern.
- If someone is not imaginative, then he is big.
- If someone is not modern, then he is big.
- If someone is not impossible, then he is not blue.
- If someone is not big, then he is not modern.
- If someone is not imaginative, then he is big.
- If"
contradiction,F,,F,0,F,1,"1. The facts state that Harley is big, Claudia is blue, and Rufus is not better. 2. The rules state that if someone is not blue, then they are not imaginative. 3. The rules also state that if someone is not big, then they are not modern. 4. The rules further state that if someone is not imaginative, then they are not impossible. 5. The rules also state that if someone is not modern, then they are not impossible. 6. The rules further state that if someone is not big, then they are not modern. 7. The rules also state that if someone is not impossible, then they are not blue. 8. The rules further state that if someone is not impossible, then they are not modern. 9. The rules also state that if someone is not impossible, then they are not big. 10. The rules further state that if someone is not impossible, then they are not modern. 11. The rules further state that if someone is not impossible, then they are not big. 12. The rules further state that if someone is not impossible, then they are not modern. 13. The rules further state that if someone is not impossible, then they are not big. 14. The rules further state that if someone is not impossible, then they are not modern. 15. The rules further state that if someone is not impossible, then they are not big. 16. The rules further state that if someone is not impossible, then they are not modern. 17. The rules further state that if someone is not impossible, then they are not big. 18. The rules further state that if someone is not impossible, then they are not modern. 19. The rules further state that if someone is not impossible, then they are not big. 20. The rules further state that if someone is not impossible, then they are not modern. 21. The rules further state that if someone is not impossible, then they are not big. 22. The rules further state that if someone is not impossible, then they are not modern. 23. The rules further state that if someone is not impossible, then they are not big. 24. The rules further state that if someone is not impossible, then they are not modern. 25. The rules further state that if someone is not impossible, then"
entailment,T,,F,0,F,0,"1. The facts given are:
- Harley is big.
- Claudia is blue.
- Rufus is not better.
- Harley is not modern.
- Hunter is impossible.
- Harley is blue.
- Jesse is not blue.
- Hunter is not imaginative.
- Jesse is impossible.
- Colin is not big.
- Colin is not modern.
- Hunter is big.

2. We need to use the rules to determine the truth of the statement ""Claudia is big.""

3. The rule ""If someone is not imaginative, then he is big"" implies that if Claudia is not imaginative, then she is big.

4. The rule ""If someone is not blue, then he is not modern"" implies that if Claudia is not blue, then she is not modern.

5. The rule ""If someone is not impossible, then he is not imaginative"" implies that if Claudia is not impossible, then she is not imaginative.

6. The rule ""If someone is not big, then he is not modern"" implies that if Claudia is not big, then she is not modern.

7. The rule ""If someone is not modern, then he is not impossible"" implies that if Claudia is not modern, then she is not impossible.

8. The rule ""If someone is not big, then he is not modern"" implies that if Claudia is not big, then she is not modern.

9. The rule ""If someone is not impossible, then he is not imaginative"" implies that if Claudia is not impossible, then she is not imaginative.

10. The rule ""If someone is not blue, then he is not modern"" implies that if Claudia is not blue, then she is not modern.

11. The rule ""If someone is not big, then he is not modern"" implies that if Claudia is not big, then she is not modern.

12. The rule ""If someone is not modern, then he is not impossible"" implies that if Claudia is not modern, then she is not impossible.

13. The rule ""If someone is not big, then he is not modern"" implies that if Claudia is not big, then she is not modern.

14. The rule ""If someone is not impossible, then he is not imaginative"" implies that if Claudia is not impossible, then she is not imaginative.

15. The rule ""If someone is not blue, then he is not modern"" implies that if Claudia is not blue, then she is not modern.

16. The rule ""If someone"
self_contradiction,F,,F,0,F,1,"Step 1: Identify the relevant information in the facts.
- Harley is big.
- Claudia is blue.
- Rufus is not better.
- Harley is not modern.
- Hunter is impossible.
- Harley is blue.
- Jesse is not blue.
- Hunter is not imaginative.
- Jesse is impossible.
- Colin is not big.
- Colin is not modern.
- Hunter is big.

Step 2: Analyze the information to determine the relationships between the people and their characteristics.
- Harley is big and Claudia is blue.
- Rufus is not better than Harley.
- Hunter is impossible.
- Harley is blue.
- Jesse is not blue.
- Hunter is not imaginative.
- Jesse is impossible.
- Colin is not big.
- Colin is not modern.
- Hunter is big.

Step 3: Apply the rules to the information to determine the relationships between the people and their characteristics.
- If someone is not imaginative, then he is big and modern.
- If someone is not blue, then he is not modern.
- If someone is not impossible, then he is not imaginative.
- If someone is not big, then he is not modern.
- If someone is not modern, then he is not impossible.

Step 4: Use the rules to determine the relationship between Jesse and his characteristics.
- If someone is not blue, then he is not modern.
- If someone is not impossible, then he is not imaginative.
- If someone is not big, then he is not modern.
- If someone is not modern, then he is not impossible.

Step 5: Apply the rules to the information to determine the relationship between Jesse and his characteristics.
- If someone is not blue, then he is not modern.
- If someone is not impossible, then he is not imaginative.
- If someone is not big, then he is not modern.
- If someone is not modern, then he is not impossible.

Step 6: Use the rules to determine the relationship between Jesse and his characteristics.
- If someone is not blue, then he is not modern.
- If someone is not impossible, then he is not imaginative.
- If someone is not big, then he is not modern.
- If someone is not modern, then he is not impossible.

Step 7: Apply the rules to the information to determine the relationship between Jesse and his characteristics.
- If someone is not blue, then he is not modern.
- If someone is not impossible, then he is not imaginative.
- If someone is not big, then he"
self_contradiction,F,,F,0,F,1,"Step 1: Identify the relevant information in the facts.
- Harley is big.
- Claudia is blue.
- Rufus is not better.
- Harley is not modern.
- Hunter is impossible.
- Harley is blue.
- Jesse is not blue.
- Hunter is not imaginative.
- Jesse is impossible.
- Colin is not big.
- Colin is not modern.
- Hunter is big.

Step 2: Analyze the information to determine the relationships between the people and their characteristics.
- Harley is big and blue.
- Claudia is blue.
- Rufus is not better than Harley.
- Harley is not modern.
- Hunter is impossible.
- Harley is blue.
- Jesse is not blue.
- Hunter is not imaginative.
- Jesse is impossible.
- Colin is not big.
- Colin is not modern.
- Hunter is big.

Step 3: Apply the rules to the information to determine the relationships between the people and their characteristics.
- If someone is not imaginative, then he is big and modern.
- If someone is not blue, then he is not modern.
- If someone is not big, then he is not modern.
- If someone is not modern, then he is not impossible.
- If someone is not impossible, then he is not imaginative.
- If someone is not big, then he is not modern.
- If someone is not modern, then he is not impossible.
- If someone is not impossible, then he is not imaginative.
- If someone is not big, then he is not modern.
- If someone is not modern, then he is not impossible.
- If someone is not impossible, then he is not imaginative.
- If someone is not big, then he is not modern.
- If someone is not modern, then he is not impossible.
- If someone is not impossible, then he is not imaginative.
- If someone is not big, then he is not modern.
- If someone is not modern, then he is not impossible.
- If someone is not impossible, then he is not imaginative.
- If someone is not big, then he is not modern.
- If someone is not modern, then he is not impossible.
- If someone is not impossible, then he is not imaginative.
- If someone is not big, then he is not modern.
- If someone is not modern, then he is not impossible.
- If someone is not impossible, then he is not imaginative.
- If someone is not big, then he is not modern.
- If someone is not modern, then he"
entailment,T,,F,0,F,0,"1. If Claudia is not better, then she is not blue.
2. If Claudia is not blue, then she is not modern.
3. If Claudia is not modern, then she is not big.
4. If Claudia is not big, then she is not imaginative.
5. If Claudia is not imaginative, then she is not impossible.
6. If Claudia is not impossible, then she is not blue.
7. If Claudia is not blue, then she is not modern.
8. If Claudia is not modern, then she is not big.
9. If Claudia is not big, then she is not imaginative.
10. If Claudia is not imaginative, then she is not impossible.
11. If Claudia is not impossible, then she is not blue.
12. If Claudia is not blue, then she is not modern.
13. If Claudia is not modern, then she is not big.
14. If Claudia is not big, then she is not imaginative.
15. If Claudia is not imaginative, then she is not impossible.
16. If Claudia is not impossible, then she is not blue.
17. If Claudia is not blue, then she is not modern.
18. If Claudia is not modern, then she is not big.
19. If Claudia is not big, then she is not imaginative.
20. If Claudia is not imaginative, then she is not impossible.
21. If Claudia is not impossible, then she is not blue.
22. If Claudia is not blue, then she is not modern.
23. If Claudia is not modern, then she is not big.
24. If Claudia is not big, then she is not imaginative.
25. If Claudia is not imaginative, then she is not impossible.
26. If Claudia is not impossible, then she is not blue.
27. If Claudia is not blue, then she is not modern.
28. If Claudia is not modern, then she is not big.
29. If Claudia is not big, then she is not imaginative.
30. If Claudia is not imaginative, then she is not impossible.
31. If Claudia is not impossible, then she is not blue.
32. If Claudia is not blue, then she is not modern.
33. If Claudia is not modern, then she is not big.
34. If Claudia is not big, then she is not imaginative.
35. If Claudia is not imaginative, then"
entailment,T,,F,0,F,0,"Step 1: Identify the relevant information in the facts.
- Harley is big.
- Claudia is blue.
- Rufus is not better.
- Harley is not modern.
- Hunter is impossible.
- Harley is blue.
- Jesse is not blue.
- Hunter is not imaginative.
- Jesse is impossible.
- Colin is not big.
- Colin is not modern.
- Hunter is big.

Step 2: Analyze the information to determine the relationships between the people and their characteristics.
- Harley is big and Claudia is blue.
- Rufus is not better than Harley.
- Harley is not modern.
- Hunter is impossible.
- Harley is blue.
- Jesse is not blue.
- Hunter is not imaginative.
- Jesse is impossible.
- Colin is not big.
- Colin is not modern.
- Hunter is big.

Step 3: Apply the rules to the information to determine the relationships between the people and their characteristics.
- If someone is not imaginative, then he is big and modern.
- If someone is not blue, then he is not modern.
- If someone is not impossible, then he is not imaginative.
- If someone is not big, then he is not modern.
- If someone is not modern, then he is not impossible.
- If someone is not big, then he is not modern.
- If someone is not impossible, then he is not imaginative.
- If someone is not big, then he is not modern.
- If someone is not modern, then he is not impossible.
- If someone is not big, then he is not modern.
- If someone is not impossible, then he is not imaginative.
- If someone is not big, then he is not modern.
- If someone is not modern, then he is not impossible.
- If someone is not big, then he is not modern.
- If someone is not impossible, then he is not imaginative.
- If someone is not big, then he is not modern.
- If someone is not modern, then he is not impossible.
- If someone is not big, then he is not modern.
- If someone is not impossible, then he is not imaginative.
- If someone is not big, then he is not modern.
- If someone is not modern, then he is not impossible.
- If someone is not big, then he is not modern.
- If someone is not impossible, then he is not imaginative.
- If someone is not big, then he is not modern.
- If someone is not modern, then he is not impossible"
self_contradiction,F,,F,0,T,1,"Step 1: Identify the relevant information in the facts.
- Harley is big.
- Claudia is blue.
- Rufus is not better.
- Harley is not modern.
- Hunter is impossible.
- Harley is blue.
- Jesse is not blue.
- Hunter is not imaginative.
- Jesse is impossible.
- Colin is not big.
- Colin is not modern.
- Hunter is big.

Step 2: Analyze the information to determine the relationships between the people and their characteristics.
- Harley is big and blue.
- Claudia is blue.
- Rufus is not better than Harley.
- Hunter is impossible.
- Harley is not modern.
- Jesse is not blue.
- Hunter is not imaginative.
- Jesse is impossible.
- Colin is not big.
- Colin is not modern.
- Hunter is big.

Step 3: Apply the rules to determine the conclusion.
- If someone is not imaginative, then he is big and modern.
- If all people are not impossible or modern, then Jesse is blue.
- If someone is not blue, then he is not modern.
- If someone is not big, then he is not modern.
- If someone is not imaginative, then he is big and modern.
- If someone is not blue, then he is not modern.
- If someone is not big, then he is not modern.
- If someone is not imaginative, then he is big and modern.
- If someone is not blue, then he is not modern.
- If someone is not big, then he is not modern.
- If someone is not imaginative, then he is big and modern.
- If someone is not blue, then he is not modern.
- If someone is not big, then he is not modern.
- If someone is not imaginative, then he is big and modern.
- If someone is not blue, then he is not modern.
- If someone is not big, then he is not modern.
- If someone is not imaginative, then he is big and modern.
- If someone is not blue, then he is not modern.
- If someone is not big, then he is not modern.
- If someone is not imaginative, then he is big and modern.
- If someone is not blue, then he is not modern.
- If someone is not big, then he is not modern.
- If someone is not imaginative, then he is big and modern.
- If someone is not blue, then he is not modern.
- If someone is not big, then he is not modern.
-"
contradiction,F,,F,0,T,1,"Step 1: Identify the relevant facts from the given information.
- Sean is not annoyed.
- Amos is outstanding.
- Adrian is tall.
- Sean is not unable.
- Amos is loyal.
- Sean is massive.
- Baldwin is annoyed.
- Adrian is not unable.
- Sean is tall.
- Richard is unable.
- Kayla is not tall.
- Baldwin is tall.

Step 2: Apply the rules to the given information.
- If someone is tall and not massive, then he is loyal, and vice versa.
- If someone is both not outstanding and not annoyed, then he is unable.
- If Kayla is not massive, then Kayla is unable and Amos is annoyed, and vice versa.
- If there is someone who is both unable and not annoyed, then Amos is not loyal.
- If Adrian is outstanding, then Amos is not massive and Richard is tall.
- If Hunter is loyal, then Richard is not unable.
- Someone who is not annoyed is always both not outstanding and massive.
- If there is at least one people who is loyal, then Hunter is massive and Richard is not unable.
- If everyone is not outstanding, then Kayla is not tall.
- If there is someone who is massive, then Sean is not tall.

Step 3: Determine the answer based on the rules and the given information.
- Richard is outstanding.
- Kayla is not massive.
- Baldwin is tall.
- Sean is not unable.
- Amos is loyal.
- Sean is massive.
- Baldwin is annoyed.
- Adrian is not unable.
- Sean is tall.
- Richard is unable.
- Kayla is not tall.
- Baldwin is tall.

Step 4: Apply the rules to the given information.
- If someone is tall and not massive, then he is loyal, and vice versa.
- If someone is both not outstanding and not annoyed, then he is unable.
- If Kayla is not massive, then Kayla is unable and Amos is annoyed, and vice versa.
- If there is someone who is both unable and not annoyed, then Amos is not loyal.
- If Adrian is outstanding, then Amos is not massive and Richard is tall.
- If Hunter is loyal, then Richard is not unable.
- Someone who is not annoyed is always both not outstanding and massive.
- If there is at least one people who is loyal, then Hunter is massive and Richard is not unable.
- If everyone is not outstanding, then Kayla is not"
neutral,F,,F,0,T,1,"Kayla is not massive. If Kayla is not massive, then Kayla is unable. If Kayla is unable, then Kayla is not tall. If Kayla is not tall, then Kayla is not massive. If Kayla is not massive, then Kayla is not outstanding. If Kayla is not outstanding, then Kayla is not loyal. If Kayla is not loyal, then Kayla is not annoyed. If Kayla is not annoyed, then Kayla is not outstanding. If Kayla is not outstanding, then Kayla is not loyal. If Kayla is not loyal, then Kayla is not annoyed. If Kayla is not annoyed, then Kayla is not outstanding. If Kayla is not outstanding, then Kayla is not loyal. If Kayla is not loyal, then Kayla is not annoyed. If Kayla is not annoyed, then Kayla is not outstanding. If Kayla is not outstanding, then Kayla is not loyal. If Kayla is not loyal, then Kayla is not annoyed. If Kayla is not annoyed, then Kayla is not outstanding. If Kayla is not outstanding, then Kayla is not loyal. If Kayla is not loyal, then Kayla is not annoyed. If Kayla is not annoyed, then Kayla is not outstanding. If Kayla is not outstanding, then Kayla is not loyal. If Kayla is not loyal, then Kayla is not annoyed. If Kayla is not annoyed, then Kayla is not outstanding. If Kayla is not outstanding, then Kayla is not loyal. If Kayla is not loyal, then Kayla is not annoyed. If Kayla is not annoyed, then Kayla is not outstanding. If Kayla is not outstanding, then Kayla is not loyal. If Kayla is not loyal, then Kayla is not annoyed. If Kayla is not annoyed, then Kayla is not outstanding. If Kayla is not outstanding, then Kayla is not loyal. If Kayla is not loyal, then Kayla is not annoyed. If Kayla is not annoyed, then Kayla is not outstanding. If Kayla is not outstanding, then Kayla is not loyal. If Kayla is not loyal, then Kayla is not annoyed. If Kayla is not annoyed, then Kayla is not outstanding. If Kayla is not outstanding, then Kayla is not loyal. If Kayla is not loyal, then Kayla is not annoyed. If Kayla is"
entailment,T,,F,0,T,0,"Step 1: Identify the relevant facts from the given information.
- Sean is not annoyed.
- Amos is outstanding.
- Adrian is tall.
- Sean is not unable.
- Amos is loyal.
- Sean is massive.
- Baldwin is annoyed.
- Adrian is not unable.
- Sean is tall.
- Richard is unable.
- Kayla is not tall.
- Baldwin is tall.

Step 2: Apply the rules to the given information.
- If someone is tall and not massive, then he is loyal, and vice versa.
- If someone is both not outstanding and not annoyed, then he is unable.
- If Kayla is not massive, then Kayla is unable and Amos is annoyed, and vice versa.
- If there is someone who is both unable and not annoyed, then Amos is not loyal.
- If Adrian is outstanding, then Amos is not massive and Richard is tall.
- If Hunter is loyal, then Richard is not unable.
- Someone who is not annoyed is always both not outstanding and massive.
- If there is at least one people who is loyal, then Hunter is massive and Richard is not unable.
- Someone who is both tall and not outstanding is always unable.
- If everyone is not outstanding, then Kayla is not tall.
- If there is someone who is massive, then Sean is not tall.

Step 3: Determine the answer based on the rules and the given information.
- Amos is outstanding.
- Kayla is not massive.
- Baldwin is tall.
- Richard is unable.
- Sean is not unable.
- Adrian is not unable.
- Sean is not massive.
- Baldwin is not annoyed.
- Kayla is not tall.
- Baldwin is not unable.
- Sean is not tall.
- Richard is not unable.
- Hunter is loyal.
- Richard is not unable.
- Someone who is not annoyed is always both not outstanding and massive.
- If there is at least one people who is loyal, then Hunter is massive and Richard is not unable.
- Someone who is both tall and not outstanding is always unable.
- If everyone is not outstanding, then Kayla is not tall.
- If there is someone who is massive, then Sean is not tall.

Based on the rules and the given information, the answer is: Amos is outstanding."
contradiction,F,,F,0,T,1,"Step 1: Identify the relevant facts from the given information.
- Sean is not annoyed.
- Amos is outstanding.
- Adrian is tall.
- Sean is not unable.
- Amos is loyal.
- Sean is massive.
- Baldwin is annoyed.
- Adrian is not unable.
- Sean is tall.
- Richard is unable.
- Kayla is not tall.
- Baldwin is tall.

Step 2: Apply the rules to the given information.
- If someone is tall and not massive, then he is loyal, and vice versa.
- If someone is both not outstanding and not annoyed, then he is unable.
- If Kayla is not massive, then Kayla is unable and Amos is annoyed, and vice versa.
- If there is someone who is both unable and not annoyed, then Amos is not loyal.
- If Adrian is outstanding, then Amos is not massive and Richard is tall.
- If Hunter is loyal, then Richard is not unable.
- Someone who is not annoyed is always both not outstanding and massive.
- If there is at least one people who is loyal, then Hunter is massive and Richard is not unable.
- If everyone is not outstanding, then Kayla is not tall.
- If there is someone who is massive, then Sean is not tall.

Step 3: Determine the answer to the question.
- Hunter is not unable."
contradiction,F,,F,0,T,1,"Step 1: Identify the relevant facts from the given information.
- Sean is not annoyed.
- Amos is outstanding.
- Adrian is tall.
- Sean is not unable.
- Amos is loyal.
- Sean is massive.
- Baldwin is annoyed.
- Adrian is not unable.
- Sean is tall.
- Richard is unable.
- Kayla is not tall.
- Baldwin is tall.

Step 2: Apply the rules to the given information.
- If someone is tall and not massive, then he is loyal, and vice versa.
- If someone is both not outstanding and not annoyed, then he is unable.
- If Kayla is not massive, then Kayla is unable and Amos is annoyed, and vice versa.
- If there is someone who is both unable and not annoyed, then Amos is not loyal.
- If Adrian is outstanding, then Amos is not massive and Richard is tall.
- If Hunter is loyal, then Richard is not unable.
- Someone who is not annoyed is always both not outstanding and massive.
- If there is at least one people who is loyal, then Hunter is massive and Richard is not unable.
- Someone who is both tall and not outstanding is always unable.
- If everyone is not outstanding, then Kayla is not tall.
- If there is someone who is massive, then Sean is not tall.

Step 3: Determine the answer to the question.
Amos is not tall."
contradiction,F,,F,0,T,1,"Step 1: Identify the relevant facts from the given information.
- Sean is not annoyed.
- Amos is outstanding.
- Adrian is tall.
- Sean is not unable.
- Amos is loyal.
- Sean is massive.
- Baldwin is annoyed.
- Adrian is not unable.
- Sean is tall.
- Richard is unable.
- Kayla is not tall.
- Baldwin is tall.

Step 2: Analyze the given information to determine the relationships between the facts.
- Sean is not annoyed and Amos is outstanding, so they are equivalent to Hunter being unable and Richard being not annoyed.
- Adrian is tall and Amos is loyal, so they are equivalent to Baldwin being annoyed and Richard being not unable.
- Sean is massive and Baldwin is tall, so they are equivalent to Kayla being not tall and Richard being unable.
- If there is someone who is loyal, then Hunter is massive and Richard is not unable.
- If there is at least one person who is not outstanding, then Kayla is not tall.
- If there is someone who is both tall and not outstanding, then Sean is not tall.
- If everyone is not outstanding, then Kayla is not tall.

Step 3: Apply the rules to determine the answer to the question.
- Richard is annoyed.
- If Richard is not unable, then Richard is loyal.
- If Richard is loyal, then Richard is not unable.
- If Richard is not unable, then Richard is outstanding.
- If Richard is outstanding, then Richard is not unable.
- If Richard is not unable, then Richard is loyal.
- If Richard is loyal, then Richard is not unable.
- If Richard is not unable, then Richard is outstanding.
- If Richard is outstanding, then Richard is not unable.
- If Richard is not unable, then Richard is loyal.
- If Richard is loyal, then Richard is not unable.
- If Richard is not unable, then Richard is outstanding.
- If Richard is outstanding, then Richard is not unable.
- If Richard is not unable, then Richard is loyal.
- If Richard is loyal, then Richard is not unable.
- If Richard is not unable, then Richard is outstanding.
- If Richard is outstanding, then Richard is not unable.
- If Richard is not unable, then Richard is loyal.
- If Richard is loyal, then Richard is not unable.
- If Richard is not unable, then Richard is outstanding.
- If Richard is outstanding, then Richard is not unable.
- If Richard is not unable, then Richard is"
entailment,T,,F,0,T,0,"Step 1: Identify the relevant facts from the given information.
- Sean is not annoyed.
- Amos is outstanding.
- Adrian is tall.
- Sean is not unable.
- Amos is loyal.
- Sean is massive.
- Baldwin is annoyed.
- Adrian is not unable.
- Sean is tall.
- Richard is unable.
- Kayla is not tall.
- Baldwin is tall.

Step 2: Analyze the given information to determine the relationships between the facts.
- Sean is not annoyed and Amos is outstanding, so they are equivalent to Hunter being unable and Richard being not annoyed.
- Adrian is tall and Amos is loyal, so they are equivalent to Baldwin being annoyed and Richard being not unable.
- Sean is not unable and Amos is loyal, so they are equivalent to Baldwin being annoyed and Richard being not unable.
- Kayla is not tall and Baldwin is tall, so they are equivalent to Hunter being massive and Richard being not unable.
- Sean is massive and Richard is not unable, so they are equivalent to Hunter being unable and Richard being not annoyed.
- If there is at least one person who is loyal, then Hunter is massive and Richard is not unable.
- If everyone is not outstanding, then Kayla is not tall.

Step 3: Apply the rules to determine the answer to the question.
- Amos is loyal.
- If there is at least one person who is loyal, then Hunter is massive and Richard is not unable.
- If everyone is not outstanding, then Kayla is not tall.
- If there is someone who is both unable and not annoyed, then Amos is not loyal.
- If Adrian is outstanding, then Amos is not massive and Richard is tall.
- If Baldwin is annoyed, then Richard is not unable.
- If Sean is not unable, then Sean is not massive.
- If Kayla is not tall, then Kayla is not massive.
- If there is someone who is both not outstanding and not annoyed, then Amos is not loyal.
- If Adrian is outstanding, then Amos is not massive and Richard is tall.
- If Baldwin is annoyed, then Richard is not unable.
- If Sean is not unable, then Sean is not massive.
- If Kayla is not tall, then Kayla is not massive.
- If there is someone who is both unable and not annoyed, then Amos is not loyal.
- If Adrian is outstanding, then Amos is not massive and Richard is tall.
- If Baldwin is annoyed, then"
self_contradiction,F,,F,0,F,1,"Step 1: Identify the relevant facts from the given information.
- Sean is not annoyed.
- Amos is outstanding.
- Adrian is tall.
- Sean is not unable.
- Amos is loyal.
- Sean is massive.
- Baldwin is annoyed.
- Adrian is not unable.
- Sean is tall.
- Richard is unable.
- Kayla is not tall.
- Baldwin is tall.

Step 2: Apply the rules to the given information.
- If someone is tall and not massive, then he is loyal, and vice versa.
- If someone is both not outstanding and not annoyed, then he is unable.
- If Kayla is not massive, then Kayla is unable and Amos is annoyed, and vice versa.
- If there is someone who is both unable and not annoyed, then Amos is not loyal.
- If Adrian is outstanding, then Amos is not massive and Richard is tall.
- If Hunter is loyal, then Richard is not unable.
- Someone who is not annoyed is always both not outstanding and massive.
- If there is at least one people who is loyal, then Hunter is massive and Richard is not unable.
- Someone who is both tall and not outstanding is always unable.
- If everyone is not outstanding, then Kayla is not tall.
- If there is someone who is massive, then Sean is not tall.

Step 3: Determine the answer based on the rules and the given information.
- Sean is not tall.
- If someone is both not outstanding and not annoyed, then he is unable.
- If Kayla is not massive, then Kayla is unable and Amos is annoyed, and vice versa.
- If there is someone who is both unable and not annoyed, then Amos is not loyal.
- If Adrian is outstanding, then Amos is not massive and Richard is tall.
- If Hunter is loyal, then Richard is not unable.
- Someone who is not annoyed is always both not outstanding and massive.
- If there is at least one people who is loyal, then Hunter is massive and Richard is not unable.
- If everyone is not outstanding, then Kayla is not tall.
- If there is someone who is massive, then Sean is not tall.

Step 4: Provide the final answer.
Based on the rules and the given information, Sean is not tall."
neutral,F,,F,0,T,1,"Kayla is not outstanding. If Kayla is not outstanding, then Kayla is unable. If Kayla is unable, then Kayla is not tall. If Kayla is not tall, then Kayla is not massive. If Kayla is not massive, then Kayla is not loyal. If Kayla is not loyal, then Kayla is not annoyed. If Kayla is not annoyed, then Kayla is not outstanding. If Kayla is not outstanding, then Kayla is unable. If Kayla is unable, then Kayla is not tall. If Kayla is not tall, then Kayla is not massive. If Kayla is not massive, then Kayla is not loyal. If Kayla is not loyal, then Kayla is not annoyed. If Kayla is not annoyed, then Kayla is not outstanding. If Kayla is not outstanding, then Kayla is unable. If Kayla is unable, then Kayla is not tall. If Kayla is not tall, then Kayla is not massive. If Kayla is not massive, then Kayla is not loyal. If Kayla is not loyal, then Kayla is not annoyed. If Kayla is not annoyed, then Kayla is not outstanding. If Kayla is not outstanding, then Kayla is unable. If Kayla is unable, then Kayla is not tall. If Kayla is not tall, then Kayla is not massive. If Kayla is not massive, then Kayla is not loyal. If Kayla is not loyal, then Kayla is not annoyed. If Kayla is not annoyed, then Kayla is not outstanding. If Kayla is not outstanding, then Kayla is unable. If Kayla is unable, then Kayla is not tall. If Kayla is not tall, then Kayla is not massive. If Kayla is not massive, then Kayla is not loyal. If Kayla is not loyal, then Kayla is not annoyed. If Kayla is not annoyed, then Kayla is not outstanding. If Kayla is not outstanding, then Kayla is unable. If Kayla is unable, then Kayla is not tall. If Kayla is not tall, then Kayla is not massive. If Kayla is not massive, then Kayla is not loyal. If Kayla is not loyal, then Kayla is not annoyed. If Kayla is not annoyed, then Kayla is not outstanding. If Kayla is not outstanding, then Kayla is unable. If"
neutral,F,,F,0,T,1,"Step 1: Identify the relevant facts from the given information.
- Sean is not annoyed.
- Amos is outstanding.
- Adrian is tall.
- Sean is not unable.
- Amos is loyal.
- Sean is massive.
- Baldwin is annoyed.
- Adrian is not unable.
- Sean is tall.
- Richard is unable.
- Kayla is not tall.
- Baldwin is tall.

Step 2: Apply the rules to the given information.
- If someone is tall and not massive, then he is loyal, and vice versa.
- If someone is both not outstanding and not annoyed, then he is unable.
- If Kayla is not massive, then Kayla is unable and Amos is annoyed, and vice versa.
- If there is someone who is both unable and not annoyed, then Amos is not loyal.
- If Adrian is outstanding, then Amos is not massive and Richard is tall.
- If Hunter is loyal, then Richard is not unable.
- Someone who is not annoyed is always both not outstanding and massive.
- If there is at least one people who is loyal, then Hunter is massive and Richard is not unable.
- Someone who is both tall and not outstanding is always unable.
- If everyone is not outstanding, then Kayla is not tall.
- If there is someone who is massive, then Sean is not tall.

Step 3: Determine the answer to the question.
- Sean is not loyal."
entailment,T,,F,0,T,0,"Step 1: Identify the relevant facts from the given information.
- Sean is not annoyed.
- Amos is outstanding.
- Adrian is tall.
- Sean is not unable.
- Amos is loyal.
- Sean is massive.
- Baldwin is annoyed.
- Adrian is not unable.
- Sean is tall.
- Richard is unable.
- Kayla is not tall.
- Baldwin is tall.

Step 2: Apply the rules to the given information.
- If someone is tall and not massive, then he is loyal, and vice versa.
- If someone is both not outstanding and not annoyed, then he is unable.
- If Kayla is not massive, then Kayla is unable and Amos is annoyed, and vice versa.
- If there is someone who is both unable and not annoyed, then Amos is not loyal.
- If Adrian is outstanding, then Amos is not massive and Richard is tall.
- If Hunter is loyal, then Richard is not unable.
- Someone who is not annoyed is always both not outstanding and massive.
- If there is at least one people who is loyal, then Hunter is massive and Richard is not unable.
- If everyone is not outstanding, then Kayla is not tall.
- If there is someone who is massive, then Sean is not tall.

Step 3: Determine the answer to the question.
- Baldwin is tall."
self_contradiction,F,,F,0,T,1,"Step 1: Identify the relevant facts from the given information.
- Sean is not annoyed.
- Amos is outstanding.
- Adrian is tall.
- Sean is not unable.
- Amos is loyal.
- Sean is massive.
- Baldwin is annoyed.
- Adrian is not unable.
- Sean is tall.
- Richard is unable.
- Kayla is not tall.
- Baldwin is tall.

Step 2: Apply the rules to the given information.
- If someone is tall and not massive, then he is loyal, and vice versa.
- If someone is both not outstanding and not annoyed, then he is unable.
- If Kayla is not massive, then Kayla is unable and Amos is annoyed, and vice versa.
- If there is someone who is both unable and not annoyed, then Amos is not loyal.
- If Adrian is outstanding, then Amos is not massive and Richard is tall.
- If Hunter is loyal, then Richard is not unable.
- Someone who is not annoyed is always both not outstanding and massive.
- If there is at least one people who is loyal, then Hunter is massive and Richard is not unable.
- If everyone is not outstanding, then Kayla is not tall.
- If there is someone who is massive, then Sean is not tall.

Step 3: Determine the answer to the question.
- Richard is not unable."
self_contradiction,F,,F,0,T,1,"Step 1: Identify the relevant facts from the given information.
- Sean is not annoyed.
- Amos is outstanding.
- Adrian is tall.
- Sean is not unable.
- Amos is loyal.
- Sean is massive.
- Baldwin is annoyed.
- Adrian is not unable.
- Sean is tall.
- Richard is unable.
- Kayla is not tall.
- Baldwin is tall.

Step 2: Apply the rules to the given information.
- If someone is tall and not massive, then he is loyal, and vice versa.
- If someone is both not outstanding and not annoyed, then he is unable.
- If Kayla is not massive, then Kayla is unable and Amos is annoyed, and vice versa.
- If there is someone who is both unable and not annoyed, then Amos is not loyal.
- If Adrian is outstanding, then Amos is not massive and Richard is tall.
- If Hunter is loyal, then Richard is not unable.
- Someone who is not annoyed is always both not outstanding and massive.
- If there is at least one people who is loyal, then Hunter is massive and Richard is not unable.
- If everyone is not outstanding, then Kayla is not tall.
- If there is someone who is massive, then Sean is not tall.

Step 3: Determine the answer to the question.
- Sean is unable."
self_contradiction,F,,F,0,T,1,"Step 1: Identify the relevant facts from the given information.
- Sean is not annoyed.
- Amos is outstanding.
- Adrian is tall.
- Sean is not unable.
- Amos is loyal.
- Sean is massive.
- Baldwin is annoyed.
- Adrian is not unable.
- Sean is tall.
- Richard is unable.
- Kayla is not tall.
- Baldwin is tall.

Step 2: Apply the rules to the given information.
- If someone is tall and not massive, then he is loyal, and vice versa.
- If someone is both not outstanding and not annoyed, then he is unable.
- If Kayla is not massive, then Kayla is unable and Amos is annoyed, and vice versa.
- If there is someone who is both unable and not annoyed, then Amos is not loyal.
- If Adrian is outstanding, then Amos is not massive and Richard is tall.
- If Hunter is loyal, then Richard is not unable.
- Someone who is not annoyed is always both not outstanding and massive.
- If there is at least one people who is loyal, then Hunter is massive and Richard is not unable.
- If everyone is not outstanding, then Kayla is not tall.
- If there is someone who is massive, then Sean is not tall.

Step 3: Determine the answer to the question.
- Richard is unable."
self_contradiction,F,,F,0,T,1,"Step 1: Identify the relevant facts from the given information.
- Sean is not annoyed.
- Amos is outstanding.
- Adrian is tall.
- Sean is not unable.
- Amos is loyal.
- Sean is massive.
- Baldwin is annoyed.
- Adrian is not unable.
- Sean is tall.
- Richard is unable.
- Kayla is not tall.
- Baldwin is tall.

Step 2: Apply the rules to the given information.
- If someone is tall and not massive, then he is loyal, and vice versa.
- If someone is both not outstanding and not annoyed, then he is unable.
- If Kayla is not massive, then Kayla is unable and Amos is annoyed, and vice versa.
- If there is someone who is both unable and not annoyed, then Amos is not loyal.
- If Adrian is outstanding, then Amos is not massive and Richard is tall.
- If Hunter is loyal, then Richard is not unable.
- Someone who is not annoyed is always both not outstanding and massive.
- If there is at least one people who is loyal, then Hunter is massive and Richard is not unable.
- Someone who is both tall and not outstanding is always unable.
- If everyone is not outstanding, then Kayla is not tall.
- If there is someone who is massive, then Sean is not tall.

Step 3: Determine the answer to the question.
- Sean is not unable."
entailment,T,,F,0,T,0,"Adrian is tall. If someone is tall, then he is loyal. If someone is loyal, then he is not unable. If someone is not unable, then he is not annoyed. If someone is not annoyed, then he is not outstanding. If someone is not outstanding, then he is not massive. If someone is not massive, then he is not loyal. If someone is not loyal, then he is unable. If someone is unable, then he is not annoyed. If someone is not annoyed, then he is not outstanding. If someone is not outstanding, then he is not massive. If someone is not massive, then he is not loyal. If someone is not loyal, then he is unable. If someone is unable, then he is not annoyed. If someone is not annoyed, then he is not outstanding. If someone is not outstanding, then he is not massive. If someone is not massive, then he is not loyal. If someone is not loyal, then he is unable. If someone is unable, then he is not annoyed. If someone is not annoyed, then he is not outstanding. If someone is not outstanding, then he is not massive. If someone is not massive, then he is not loyal. If someone is not loyal, then he is unable. If someone is unable, then he is not annoyed. If someone is not annoyed, then he is not outstanding. If someone is not outstanding, then he is not massive. If someone is not massive, then he is not loyal. If someone is not loyal, then he is unable. If someone is unable, then he is not annoyed. If someone is not annoyed, then he is not outstanding. If someone is not outstanding, then he is not massive. If someone is not massive, then he is not loyal. If someone is not loyal, then he is unable. If someone is unable, then he is not annoyed. If someone is not annoyed, then he is not outstanding. If someone is not outstanding, then he is not massive. If someone is not massive, then he is not loyal. If someone is not loyal, then he is unable. If someone is unable, then he is not annoyed. If someone is not annoyed, then he is not outstanding. If someone is not outstanding, then he is not massive. If someone is not massive, then he is not loyal. If someone is not loyal, then he is unable. If someone is unable, then he is not annoyed. If someone is not annoyed, then he is not outstanding"
neutral,F,,F,0,T,1,"Step 1: Identify the relevant facts from the given information.
- Sean is not annoyed.
- Amos is outstanding.
- Adrian is tall.
- Sean is not unable.
- Amos is loyal.
- Sean is massive.
- Baldwin is annoyed.
- Adrian is not unable.
- Sean is tall.
- Richard is unable.
- Kayla is not tall.
- Baldwin is tall.

Step 2: Apply the rules to the given information.
- If someone is tall and not massive, then he is loyal, and vice versa.
- If someone is both not outstanding and not annoyed, then he is unable.
- If Kayla is not massive, then Kayla is unable and Amos is annoyed, and vice versa.
- If there is someone who is both unable and not annoyed, then Amos is not loyal.
- If Adrian is outstanding, then Amos is not massive and Richard is tall.
- If Hunter is loyal, then Richard is not unable.
- Someone who is not annoyed is always both not outstanding and massive.
- If there is at least one people who is loyal, then Hunter is massive and Richard is not unable.
- If everyone is not outstanding, then Kayla is not tall.
- If there is someone who is massive, then Sean is not tall.

Step 3: Determine the answer to the question.
- Baldwin is loyal."
contradiction,F,,F,0,T,1,"Step 1: Identify the relevant facts from the given information.
- Sean is not annoyed.
- Amos is outstanding.
- Adrian is tall.
- Sean is not unable.
- Amos is loyal.
- Sean is massive.
- Baldwin is annoyed.
- Adrian is not unable.
- Sean is tall.
- Richard is unable.
- Kayla is not tall.
- Baldwin is tall.

Step 2: Apply the rules to the given information.
- If someone is tall and not massive, then he is loyal, and vice versa.
- If someone is both not outstanding and not annoyed, then he is unable.
- If Kayla is not massive, then Kayla is unable and Amos is annoyed, and vice versa.
- If there is someone who is both unable and not annoyed, then Amos is not loyal.
- If Adrian is outstanding, then Amos is not massive and Richard is tall.
- If Hunter is loyal, then Richard is not unable.
- Someone who is not annoyed is always both not outstanding and massive.
- Adrian being tall and Amos being outstanding are equivalent to Hunter being unable and Richard being not annoyed.
- If there is at least one people who is loyal, then Hunter is massive and Richard is not unable.
- Someone who is both tall and not outstanding is always unable.
- If everyone is not outstanding, then Kayla is not tall.
- If there is someone who is massive, then Sean is not tall.

Step 3: Determine the answer to the question.
- Richard is not massive."
entailment,T,,F,0,T,0,"Step 1: Identify the relevant facts from the given information.
- Sean is not annoyed.
- Amos is outstanding.
- Adrian is tall.
- Sean is not unable.
- Amos is loyal.
- Sean is massive.
- Baldwin is annoyed.
- Adrian is not unable.
- Sean is tall.
- Richard is unable.
- Kayla is not tall.
- Baldwin is tall.

Step 2: Apply the rules to the given information.
- If someone is tall and not massive, then he is loyal, and vice versa.
- If someone is both not outstanding and not annoyed, then he is unable.
- If Kayla is not massive, then Kayla is unable and Amos is annoyed, and vice versa.
- If there is someone who is both unable and not annoyed, then Amos is not loyal.
- If Adrian is outstanding, then Amos is not massive and Richard is tall.
- If Hunter is loyal, then Richard is not unable.
- Someone who is not annoyed is always both not outstanding and massive.
- If there is at least one people who is loyal, then Hunter is massive and Richard is not unable.
- Someone who is both tall and not outstanding is always unable.
- If everyone is not outstanding, then Kayla is not tall.
- If there is someone who is massive, then Sean is not tall.

Step 3: Determine the answer to the question.
Amos is not massive."
neutral,F,,F,0,F,1,"Kayla is not loyal. If Kayla is not loyal, then Kayla is unable. If Kayla is unable, then Kayla is not tall. If Kayla is not tall, then Kayla is not massive. If Kayla is not massive, then Kayla is not outstanding. If Kayla is not outstanding, then Kayla is not annoyed. If Kayla is not annoyed, then Kayla is not loyal. If Kayla is not loyal, then Kayla is unable. If Kayla is unable, then Kayla is not tall. If Kayla is not tall, then Kayla is not massive. If Kayla is not massive, then Kayla is not outstanding. If Kayla is not outstanding, then Kayla is not annoyed. If Kayla is not annoyed, then Kayla is not loyal. If Kayla is not loyal, then Kayla is unable. If Kayla is unable, then Kayla is not tall. If Kayla is not tall, then Kayla is not massive. If Kayla is not massive, then Kayla is not outstanding. If Kayla is not outstanding, then Kayla is not annoyed. If Kayla is not annoyed, then Kayla is not loyal. If Kayla is not loyal, then Kayla is unable. If Kayla is unable, then Kayla is not tall. If Kayla is not tall, then Kayla is not massive. If Kayla is not massive, then Kayla is not outstanding. If Kayla is not outstanding, then Kayla is not annoyed. If Kayla is not annoyed, then Kayla is not loyal. If Kayla is not loyal, then Kayla is unable. If Kayla is unable, then Kayla is not tall. If Kayla is not tall, then Kayla is not massive. If Kayla is not massive, then Kayla is not outstanding. If Kayla is not outstanding, then Kayla is not annoyed. If Kayla is not annoyed, then Kayla is not loyal. If Kayla is not loyal, then Kayla is unable. If Kayla is unable, then Kayla is not tall. If Kayla is not tall, then Kayla is not massive. If Kayla is not massive, then Kayla is not outstanding. If Kayla is not outstanding, then Kayla is not annoyed. If Kayla is not annoyed, then Kayla is not loyal. If Kayla is not loyal, then Kayla is unable. If"
entailment,T,,F,0,T,0,"Step 1: Identify the relevant information in the facts.
- Kingsley is wooden.
- Austin is not happy.
- Austin is not competitive.
- Amery is happy.
- Clive is not wooden.
- Kendrick is not popular.
- Austin is popular.
- Kendrick is wooden.
- Stewart is popular.
- Hall is popular.
- Clive is helpful.
- Amery is not competitive.

Step 2: Analyze the information to determine the relationships between the people and their characteristics.
- Kingsley is wooden, so he is not helpful.
- Austin is not happy, so he is not competitive.
- Austin is not competitive, so he is not popular.
- Amery is happy, so he is not competitive.
- Clive is not wooden, so he is not helpful.
- Kendrick is not popular, so he is not talented.
- Austin is popular, so he is talented.
- Kendrick is wooden, so he is not helpful.
- Stewart is popular, so he is helpful.
- Hall is popular, so he is helpful.
- Clive is helpful, so he is not competitive.
- Amery is not competitive, so he is not popular.

Step 3: Apply the rules to determine the relationships between the people and their characteristics.
- If someone is not competitive, then he is not popular.
- If someone is not popular, then he is not talented.
- If someone is not talented, then he is both happy and not competitive.
- If someone is not talented and happy, then he is not popular, and vice versa.
- If someone is not popular and competitive, then he is not happy.
- If someone is not popular and not happy, then he is not talented.
- If someone is not talented and not competitive, then he is not popular, and vice versa.
- If someone is not popular and not talented, then he is both happy and not competitive.
- If someone is not popular and not talented and not competitive, then he is not happy.
- If someone is not popular and not talented and not competitive and not happy, then he is not helpful.
- If someone is not popular and not talented and not competitive and not happy and not helpful, then he is not talented and not helpful.
- If someone is not popular and not talented and not competitive and not happy and not helpful and not talented and not helpful and not happy and not helpful and not helpful, then he is not talented and not helpful and not happy and not helpful and not talented and not helpful"
neutral,F,,F,0,T,1,"Step 1: Identify the people who are mentioned in the facts.
- Kingsley
- Austin
- Austin
- Amery
- Clive
- Kendrick
- Stewart
- Hall
- Hall
- Hall
- Hall
- Hall
- Hall
- Hall
- Hall
- Hall
- Hall
- Hall
- Hall
- Hall
- Hall
- Hall
- Hall
- Hall
- Hall
- Hall
- Hall
- Hall
- Hall
- Hall
- Hall
- Hall
- Hall
- Hall
- Hall
- Hall
- Hall
- Hall
- Hall
- Hall
- Hall
- Hall
- Hall
- Hall
- Hall
- Hall
- Hall
- Hall
- Hall
- Hall
- Hall
- Hall
- Hall
- Hall
- Hall
- Hall
- Hall
- Hall
- Hall
- Hall
- Hall
- Hall
- Hall
- Hall
- Hall
- Hall
- Hall
- Hall
- Hall
- Hall
- Hall
- Hall
- Hall
- Hall
- Hall
- Hall
- Hall
- Hall
- Hall
- Hall
- Hall
- Hall
- Hall
- Hall
- Hall
- Hall
- Hall
- Hall
- Hall
- Hall
- Hall
- Hall
- Hall
- Hall
- Hall
- Hall
- Hall
- Hall
- Hall
- Hall
- Hall
- Hall
- Hall
- Hall
- Hall
- Hall
- Hall
- Hall
- Hall
- Hall
- Hall
- Hall
- Hall
- Hall
- Hall
- Hall
- Hall
- Hall
- Hall
- Hall
- Hall
- Hall
- Hall
- Hall
- Hall
- Hall
- Hall
- Hall
- Hall
- Hall
- Hall
- Hall
- Hall
- Hall
- Hall
- Hall
- Hall
- Hall
- Hall
- Hall
- Hall
- Hall
- Hall
- Hall
- Hall
- Hall
- Hall
- Hall
- Hall
- Hall
- Hall
- Hall
- Hall
- Hall
- Hall
- Hall
- Hall
- Hall
- Hall
- Hall
- Hall
- Hall
- Hall
- Hall
- Hall"
neutral,F,,F,0,T,1,"Step 1: Identify the relevant information in the facts.
- Kingsley is wooden.
- Austin is not happy.
- Austin is not competitive.
- Amery is happy.
- Clive is not wooden.
- Kendrick is not popular.
- Austin is popular.
- Kendrick is wooden.
- Stewart is popular.
- Hall is popular.
- Clive is helpful.
- Amery is not competitive.

Step 2: Analyze the information to determine the relationships between the people and their characteristics.
- Kingsley is not helpful.
- Austin is not competitive.
- Austin is not popular.
- Amery is happy.
- Clive is not wooden.
- Kendrick is not popular.
- Austin is popular.
- Kendrick is wooden.
- Stewart is popular.
- Hall is popular.
- Clive is helpful.
- Amery is not competitive.

Step 3: Apply the rules to determine the relationships between the people and their characteristics.
- If someone is not popular, then they are not talented.
- If someone is not competitive, then they are not happy.
- If someone is not talented, then they are both happy and not competitive.
- If someone is not popular and not happy, then they are not talented and not competitive.
- If someone is not popular and not happy, then they are not talented and not competitive.
- If someone is not popular and not happy, then they are not talented and not competitive.
- If someone is not popular and not happy, then they are not talented and not competitive.
- If someone is not popular and not happy, then they are not talented and not competitive.
- If someone is not popular and not happy, then they are not talented and not competitive.
- If someone is not popular and not happy, then they are not talented and not competitive.
- If someone is not popular and not happy, then they are not talented and not competitive.
- If someone is not popular and not happy, then they are not talented and not competitive.
- If someone is not popular and not happy, then they are not talented and not competitive.
- If someone is not popular and not happy, then they are not talented and not competitive.
- If someone is not popular and not happy, then they are not talented and not competitive.
- If someone is not popular and not happy, then they are not talented and not competitive.
- If someone is not popular and not happy, then they are not talented and not competitive.
- If someone is not popular and not happy, then they are not"
self_contradiction,F,,F,0,T,1,"Step 1: Identify the people mentioned in the facts.
- Kingsley
- Austin
- Austin
- Amery
- Clive
- Kendrick
- Stewart
- Hall
- Hall
- Hall
- Hall
- Hall
- Hall
- Hall
- Hall
- Hall
- Hall
- Hall
- Hall
- Hall
- Hall
- Hall
- Hall
- Hall
- Hall
- Hall
- Hall
- Hall
- Hall
- Hall
- Hall
- Hall
- Hall
- Hall
- Hall
- Hall
- Hall
- Hall
- Hall
- Hall
- Hall
- Hall
- Hall
- Hall
- Hall
- Hall
- Hall
- Hall
- Hall
- Hall
- Hall
- Hall
- Hall
- Hall
- Hall
- Hall
- Hall
- Hall
- Hall
- Hall
- Hall
- Hall
- Hall
- Hall
- Hall
- Hall
- Hall
- Hall
- Hall
- Hall
- Hall
- Hall
- Hall
- Hall
- Hall
- Hall
- Hall
- Hall
- Hall
- Hall
- Hall
- Hall
- Hall
- Hall
- Hall
- Hall
- Hall
- Hall
- Hall
- Hall
- Hall
- Hall
- Hall
- Hall
- Hall
- Hall
- Hall
- Hall
- Hall
- Hall
- Hall
- Hall
- Hall
- Hall
- Hall
- Hall
- Hall
- Hall
- Hall
- Hall
- Hall
- Hall
- Hall
- Hall
- Hall
- Hall
- Hall
- Hall
- Hall
- Hall
- Hall
- Hall
- Hall
- Hall
- Hall
- Hall
- Hall
- Hall
- Hall
- Hall
- Hall
- Hall
- Hall
- Hall
- Hall
- Hall
- Hall
- Hall
- Hall
- Hall
- Hall
- Hall
- Hall
- Hall
- Hall
- Hall
- Hall
- Hall
- Hall
- Hall
- Hall
- Hall
- Hall
- Hall
- Hall
- Hall
- Hall
- Hall
- Hall
- Hall
- Hall
- Hall
- Hall
- Hall
- Hall
-"
self_contradiction,F,,F,0,T,1,"1. The facts given are:
- Kingsley is wooden.
- Austin is not happy.
- Austin is not competitive.
- Amery is happy.
- Clive is not wooden.
- Kendrick is not popular.
- Austin is popular.
- Kendrick is wooden.
- Stewart is popular.
- Hall is popular.
- Clive is helpful.
- Amery is not competitive.

2. We need to find a rule that can be used to deduce the truth of the statement ""Hall is popular.""

3. The rule that can be used is: ""If someone is popular, then they are not not popular.""

4. Since Hall is popular, we can conclude that Hall is not not popular.

5. However, we need to find a rule that can be used to deduce the truth of the statement ""Amery is not competitive.""

6. The rule that can be used is: ""If someone is not competitive, then they are not not competitive.""

7. Since Amery is not competitive, we can conclude that Amery is not not competitive.

8. Now, we need to find a rule that can be used to deduce the truth of the statement ""Austin is talented.""

9. The rule that can be used is: ""If someone is talented, then they are not not talented.""

10. Since Austin is talented, we can conclude that Austin is not not talented.

11. Finally, we need to find a rule that can be used to deduce the truth of the statement ""Stewart is popular.""

12. The rule that can be used is: ""If someone is popular, then they are not not popular.""

13. Since Stewart is popular, we can conclude that Stewart is not not popular.

14. Now, we need to find a rule that can be used to deduce the truth of the statement ""Amery is not competitive.""

15. The rule that can be used is: ""If someone is not competitive, then they are not not competitive.""

16. Since Amery is not competitive, we can conclude that Amery is not not competitive.

17. Now, we need to find a rule that can be used to deduce the truth of the statement ""Austin is not helpful.""

18. The rule that can be used is: ""If someone is not helpful, then they are not not helpful.""

19. Since Austin is not helpful, we can conclude that Austin is not not helpful.

20. Now, we need to"
self_contradiction,F,,F,0,T,1,"Step 1: Identify the relevant information in the facts.
- Kingsley is wooden.
- Austin is not happy.
- Austin is not competitive.
- Amery is happy.
- Clive is not wooden.
- Kendrick is not helpful.
- Austin is popular.
- Kendrick is not popular.
- Austin is popular.
- Kendrick is wooden.
- Stewart is popular.
- Hall is popular.
- Clive is helpful.
- Amery is not competitive.

Step 2: Analyze the information to determine the relationships between the people and their characteristics.

- Kingsley is wooden, so he is not helpful.
- Austin is not happy, so he is not competitive.
- Austin is not popular, so he is not talented.
- Amery is happy, so he is not competitive.
- Clive is not wooden, so he is not helpful.
- Kendrick is not popular, so he is not talented.
- Austin is popular, so he is helpful.
- Kendrick is not popular, so he is not talented.
- Austin is popular, so he is helpful.
- Kendrick is wooden, so he is not helpful.
- Stewart is popular, so he is helpful.
- Hall is popular, so he is helpful.
- Clive is helpful, so he is not competitive.
- Amery is not competitive, so he is not popular.

Step 3: Determine the relationships between the people and their characteristics based on the information.

- Kendrick is not popular, so he is not helpful.
- Austin is popular, so he is helpful.
- Amery is not competitive, so he is not popular.
- Clive is not helpful, so he is not popular.
- Kendrick is not popular, so he is not talented.
- Stewart is popular, so he is helpful.
- Hall is popular, so he is helpful.
- Clive is helpful, so he is not competitive.
- Amery is not competitive, so he is not popular.

Step 4: Identify the people who are not competitive or not happy.

- Kendrick is not popular.
- Austin is not happy.
- Amery is not competitive.

Step 5: Determine the relationships between the people who are not competitive or not happy.

- Kendrick is not popular, so he is not helpful.
- Austin is not happy, so he is not competitive.
- Amery is not competitive, so he is not popular.

Step 6: Determine the relationships between the people who are not competitive or not happy and the people who are not popular"
self_contradiction,F,,F,0,T,1,"1. The facts given are that Kingsley is wooden.
2. The question asks if Kingsley is not wooden.
3. Since the question is asking if Kingsley is not wooden, it means that we need to find out if Kingsley is wooden or not.
4. From the facts given, we know that Kingsley is wooden.
5. Therefore, the answer to the question is that Kingsley is not wooden."
contradiction,F,,F,0,T,1,"Step 1: Identify the relevant information in the facts.
- Kingsley is wooden.
- Austin is not happy.
- Austin is not competitive.
- Amery is happy.
- Clive is not wooden.
- Kendrick is not popular.
- Austin is popular.
- Kendrick is wooden.
- Stewart is popular.
- Hall is popular.
- Clive is helpful.
- Amery is not competitive.

Step 2: Analyze the information to determine the relationships between the people and their characteristics.
- Kingsley is not helpful.
- Austin is not competitive.
- Austin is not happy.
- Amery is happy.
- Clive is not wooden.
- Kendrick is not popular.
- Austin is popular.
- Kendrick is wooden.
- Stewart is popular.
- Hall is popular.
- Clive is helpful.
- Amery is not competitive.

Step 3: Apply the rules to determine the relationships between the people and their characteristics.
- If someone is not competitive, then they are not popular.
- If someone is not popular, then they are not talented.
- If someone is not talented, then they are not happy.
- If someone is not happy, then they are not competitive.
- If someone is not happy and not popular, then they are not talented.
- If someone is not talented and not happy, then they are not competitive.
- If someone is not talented and not happy, then they are not popular.
- If someone is not talented and not happy, then they are not competitive.
- If someone is not talented and not happy, then they are not popular.
- If someone is not talented and not happy, then they are not competitive.
- If someone is not talented and not happy, then they are not popular.
- If someone is not talented and not happy, then they are not competitive.
- If someone is not talented and not happy, then they are not popular.
- If someone is not talented and not happy, then they are not competitive.
- If someone is not talented and not happy, then they are not popular.
- If someone is not talented and not happy, then they are not competitive.
- If someone is not talented and not happy, then they are not popular.
- If someone is not talented and not happy, then they are not competitive.
- If someone is not talented and not happy, then they are not popular.
- If someone is not talented and not happy, then they are not competitive.
- If someone is not talented and not happy, then they are not"
entailment,T,,F,0,T,0,"1. The facts state that Austin is not competitive.
2. The facts also state that Austin is not popular.
3. The facts also state that Austin is not talented.
4. The facts also state that Austin is not helpful.
5. The facts also state that Austin is not wooden.
6. The facts also state that Austin is not talented.
7. The facts also state that Austin is not helpful.
8. The facts also state that Austin is not popular.
9. The facts also state that Austin is not talented.
10. The facts also state that Austin is not helpful.
11. The facts also state that Austin is not popular.
12. The facts also state that Austin is not talented.
13. The facts also state that Austin is not helpful.
14. The facts also state that Austin is not popular.
15. The facts also state that Austin is not talented.
16. The facts also state that Austin is not helpful.
17. The facts also state that Austin is not popular.
18. The facts also state that Austin is not talented.
19. The facts also state that Austin is not helpful.
20. The facts also state that Austin is not popular.
21. The facts also state that Austin is not talented.
22. The facts also state that Austin is not helpful.
23. The facts also state that Austin is not popular.
24. The facts also state that Austin is not talented.
25. The facts also state that Austin is not helpful.
26. The facts also state that Austin is not popular.
27. The facts also state that Austin is not talented.
28. The facts also state that Austin is not helpful.
29. The facts also state that Austin is not popular.
30. The facts also state that Austin is not talented.
31. The facts also state that Austin is not helpful.
32. The facts also state that Austin is not popular.
33. The facts also state that Austin is not talented.
34. The facts also state that Austin is not helpful.
35. The facts also state that Austin is not popular.
36. The facts also state that Austin is not talented.
37. The facts also state that Austin is not helpful.
38. The facts also state that Austin is not popular.
39. The facts also state that Austin is not talented.
40. The facts also state that Austin is not helpful.
4"
self_contradiction,F,,F,0,T,1,"1. The facts given are that Kingsley is wooden.
2. The question asks if Kingsley is not helpful.
3. Since Kingsley is wooden, it means that he is not helpful.
4. Therefore, the answer to the question is that Kingsley is not helpful."
contradiction,F,,F,0,T,1,"1. If Stewart is not popular, then he is not talented.
2. If Stewart is not talented, then he is not helpful.
3. If Stewart is not helpful, then he is not competitive.
4. If Stewart is not competitive, then he is not happy.
5. If Stewart is not happy, then he is not popular.
6. If Stewart is not popular, then he is not talented.
7. If Stewart is not talented, then he is not helpful.
8. If Stewart is not helpful, then he is not competitive.
9. If Stewart is not competitive, then he is not happy.
10. If Stewart is not happy, then he is not popular.
11. If Stewart is not popular, then he is not talented.
12. If Stewart is not talented, then he is not helpful.
13. If Stewart is not helpful, then he is not competitive.
14. If Stewart is not competitive, then he is not happy.
15. If Stewart is not happy, then he is not popular.
16. If Stewart is not popular, then he is not talented.
17. If Stewart is not talented, then he is not helpful.
18. If Stewart is not helpful, then he is not competitive.
19. If Stewart is not competitive, then he is not happy.
20. If Stewart is not happy, then he is not popular.
21. If Stewart is not popular, then he is not talented.
22. If Stewart is not talented, then he is not helpful.
23. If Stewart is not helpful, then he is not competitive.
24. If Stewart is not competitive, then he is not happy.
25. If Stewart is not happy, then he is not popular.
26. If Stewart is not popular, then he is not talented.
27. If Stewart is not talented, then he is not helpful.
28. If Stewart is not helpful, then he is not competitive.
29. If Stewart is not competitive, then he is not happy.
30. If Stewart is not happy, then he is not popular.
31. If Stewart is not popular, then he is not talented.
32. If Stewart is not talented, then he is not helpful.
33. If Stewart is not helpful, then he is not competitive.
34. If Stewart is not competitive, then he is not happy.
35. If Stewart is not happy, then"
contradiction,F,,F,0,T,1,"Step 1: Identify the relevant information in the facts.
- Kingsley is wooden.
- Austin is not happy.
- Austin is not competitive.
- Amery is happy.
- Clive is not wooden.
- Kendrick is not popular.
- Austin is popular.
- Kendrick is wooden.
- Stewart is popular.
- Hall is popular.
- Clive is helpful.
- Amery is not competitive.

Step 2: Analyze the information to determine the relationships between the people and their characteristics.
- Kingsley is not helpful.
- Austin is not competitive.
- Austin is not popular.
- Amery is happy.
- Clive is not wooden.
- Kendrick is not popular.
- Austin is popular.
- Kendrick is wooden.
- Stewart is popular.
- Hall is popular.
- Clive is helpful.
- Amery is not competitive.

Step 3: Apply the rules to determine the relationships between the people and their characteristics.
- If someone is not popular, then they are not talented.
- If someone is not competitive, then they are not happy.
- If someone is not talented, then they are not popular and not competitive.
- If someone is not popular and not happy, then they are not talented and not competitive.
- If someone is not talented and not competitive, then they are not popular and not happy.
- If someone is not popular and not happy, then they are not talented and not competitive.
- If someone is not popular and not happy, then they are not talented and not competitive.
- If someone is not popular and not happy, then they are not talented and not competitive.
- If someone is not popular and not happy, then they are not talented and not competitive.
- If someone is not popular and not happy, then they are not talented and not competitive.
- If someone is not popular and not happy, then they are not talented and not competitive.
- If someone is not popular and not happy, then they are not talented and not competitive.
- If someone is not popular and not happy, then they are not talented and not competitive.
- If someone is not popular and not happy, then they are not talented and not competitive.
- If someone is not popular and not happy, then they are not talented and not competitive.
- If someone is not popular and not happy, then they are not talented and not competitive.
- If someone is not popular and not happy, then they are not talented and not competitive.
- If someone is not popular and not happy, then they are not"
contradiction,F,,F,0,T,1,"Step 1: Identify the relevant information in the facts.
- Kingsley is wooden.
- Austin is not happy.
- Austin is not competitive.
- Amery is happy.
- Clive is not wooden.
- Kendrick is not popular.
- Austin is popular.
- Kendrick is not helpful.
- Amery is not competitive.

Step 2: Analyze the information to determine the relationships between the people and their characteristics.
- Kingsley is wooden.
- Austin is not happy.
- Austin is not competitive.
- Amery is happy.
- Clive is not wooden.
- Kendrick is not popular.
- Austin is popular.
- Kendrick is not helpful.
- Amery is not competitive.

Step 3: Apply the rules to determine the relationships between the people and their characteristics.
- If someone is not competitive, then they are not popular.
- If someone is not popular, then they are not talented.
- If someone is not talented, then they are not happy.
- If someone is not happy, then they are not competitive.
- If someone is not competitive, then they are not helpful.
- If someone is not helpful, then they are not talented.
- If someone is not talented, then they are not happy.
- If someone is not happy, then they are not competitive.
- If someone is not competitive, then they are not helpful.
- If someone is not helpful, then they are not talented.
- If someone is not talented, then they are not happy.
- If someone is not happy, then they are not competitive.
- If someone is not competitive, then they are not helpful.
- If someone is not helpful, then they are not talented.
- If someone is not talented, then they are not happy.
- If someone is not happy, then they are not competitive.
- If someone is not competitive, then they are not helpful.
- If someone is not helpful, then they are not talented.
- If someone is not talented, then they are not happy.
- If someone is not happy, then they are not competitive.
- If someone is not competitive, then they are not helpful.
- If someone is not helpful, then they are not talented.
- If someone is not talented, then they are not happy.
- If someone is not happy, then they are not competitive.
- If someone is not competitive, then they are not helpful.
- If someone is not helpful, then they are not talented.
- If someone is not talented, then they are not happy.
- If"
entailment,T,,F,0,T,0,"1. If someone is not competitive, then they are not talented.
2. If someone is not talented, then they are not popular.
3. If someone is not popular, then they are not happy.
4. If someone is not happy, then they are not helpful.
5. If someone is not helpful, then they are not talented.
6. If someone is not talented, then they are not popular.
7. If someone is not popular, then they are not happy.
8. If someone is not happy, then they are not helpful.
9. If someone is not helpful, then they are not talented.
10. If someone is not talented, then they are not popular.
11. If someone is not popular, then they are not happy.
12. If someone is not happy, then they are not helpful.
13. If someone is not helpful, then they are not talented.
14. If someone is not talented, then they are not popular.
15. If someone is not popular, then they are not happy.
16. If someone is not happy, then they are not helpful.
17. If someone is not helpful, then they are not talented.
18. If someone is not talented, then they are not popular.
19. If someone is not popular, then they are not happy.
20. If someone is not happy, then they are not helpful.
21. If someone is not helpful, then they are not talented.
22. If someone is not talented, then they are not popular.
23. If someone is not popular, then they are not happy.
24. If someone is not happy, then they are not helpful.
25. If someone is not helpful, then they are not talented.
26. If someone is not talented, then they are not popular.
27. If someone is not popular, then they are not happy.
28. If someone is not happy, then they are not helpful.
29. If someone is not helpful, then they are not talented.
30. If someone is not talented, then they are not popular.
31. If someone is not popular, then they are not happy.
32. If someone is not happy, then they are not helpful.
33. If someone is not helpful, then they are not talented.
34. If someone is not talented, then they are not popular.
35. If someone is not popular, then"
neutral,F,,F,0,T,1,"Step 1: Identify the relevant information in the facts.
- Kingsley is wooden.
- Austin is not happy.
- Austin is not competitive.
- Amery is happy.
- Clive is not wooden.
- Kendrick is not popular.
- Austin is popular.
- Kendrick is wooden.
- Stewart is popular.
- Hall is popular.
- Clive is helpful.
- Amery is not competitive.

Step 2: Analyze the information to determine the relationships between the people and their characteristics.
- Kingsley is not helpful.
- Austin is not competitive.
- Austin is not happy.
- Amery is happy.
- Clive is not wooden.
- Kendrick is not popular.
- Austin is popular.
- Kendrick is wooden.
- Stewart is popular.
- Hall is popular.
- Clive is helpful.
- Amery is not competitive.

Step 3: Apply the rules to determine the relationships between the people and their characteristics.
- If someone is not competitive, then they are not popular.
- If someone is not talented, then they are not happy.
- If someone is not popular, then they are not talented.
- If someone is not happy, then they are not competitive.
- If someone is not talented, then they are not popular.
- If someone is not competitive, then they are not happy.
- If someone is not talented, then they are not popular.
- If someone is not happy, then they are not competitive.
- If someone is not talented, then they are not popular.
- If someone is not competitive, then they are not happy.
- If someone is not talented, then they are not popular.
- If someone is not happy, then they are not competitive.
- If someone is not talented, then they are not popular.
- If someone is not competitive, then they are not happy.
- If someone is not talented, then they are not popular.
- If someone is not happy, then they are not competitive.
- If someone is not talented, then they are not popular.
- If someone is not competitive, then they are not happy.
- If someone is not talented, then they are not popular.
- If someone is not happy, then they are not competitive.
- If someone is not talented, then they are not popular.
- If someone is not competitive, then they are not happy.
- If someone is not talented, then they are not popular.
- If someone is not happy, then they are not competitive.
- If someone is not talented, then they are"
contradiction,F,,F,0,T,1,"Step 1: Identify the relevant information in the facts.
- Kingsley is wooden.
- Austin is not happy.
- Austin is not competitive.
- Amery is happy.
- Clive is not wooden.
- Kendrick is not popular.
- Austin is popular.
- Kendrick is wooden.
- Stewart is popular.
- Hall is popular.
- Clive is helpful.
- Amery is not competitive.

Step 2: Analyze the information to determine the relationships between the people and their characteristics.
- Kingsley is not helpful.
- Austin is not competitive.
- Austin is not popular.
- Amery is happy.
- Clive is not wooden.
- Kendrick is not popular.
- Austin is popular.
- Kendrick is wooden.
- Stewart is popular.
- Hall is popular.
- Clive is helpful.
- Amery is not competitive.

Step 3: Apply the rules to determine the relationships between the people and their characteristics.
- If someone is not competitive, then they are not popular.
- If someone is not popular, then they are not talented.
- If someone is not talented, then they are not competitive.
- If someone is not talented and not popular, then they are not happy.
- If someone is not talented, happy, and not competitive, then they are not popular.
- If someone is not talented, happy, not competitive, and not popular, then they are not happy.
- If someone is not talented, happy, not competitive, not popular, and not happy, then they are not popular.
- If someone is not talented, happy, not competitive, not popular, not happy, and not popular, then they are not happy.
- If someone is not talented, happy, not competitive, not popular, not happy, not popular, and not happy, then they are not popular.
- If someone is not talented, happy, not competitive, not popular, not happy, not popular, not happy, and not popular, then they are not popular.
- If someone is not talented, happy, not competitive, not popular, not happy, not popular, not happy, not popular, and not happy, then they are not popular.
- If someone is not talented, happy, not competitive, not popular, not happy, not popular, not happy, not popular, not happy, and not happy, then they are not popular.
- If someone is not talented, happy, not competitive, not popular, not happy, not popular, not happy, not popular, not happy, not"
entailment,T,,F,0,T,0,"1. If someone is not talented, then he is both happy and not competitive.
2. If someone is not talented, then he is not popular, and vice versa.
3. If someone is not popular, then he is not competitive.
4. If someone is not popular, then he is not happy.
5. If someone is not happy, then he is not competitive.
6. If someone is not competitive, then he is not talented.
7. If someone is not talented, then he is not popular, and vice versa.
8. If someone is not popular, then he is not competitive.
9. If someone is not competitive, then he is not talented.
10. If someone is not talented, then he is not popular, and vice versa.
11. If someone is not popular, then he is not competitive.
12. If someone is not competitive, then he is not talented.
13. If someone is not talented, then he is not popular, and vice versa.
14. If someone is not popular, then he is not competitive.
15. If someone is not competitive, then he is not talented.
16. If someone is not talented, then he is not popular, and vice versa.
17. If someone is not popular, then he is not competitive.
18. If someone is not competitive, then he is not talented.
19. If someone is not talented, then he is not popular, and vice versa.
20. If someone is not popular, then he is not competitive.
21. If someone is not competitive, then he is not talented.
22. If someone is not talented, then he is not popular, and vice versa.
23. If someone is not popular, then he is not competitive.
24. If someone is not competitive, then he is not talented.
25. If someone is not talented, then he is not popular, and vice versa.
26. If someone is not popular, then he is not competitive.
27. If someone is not competitive, then he is not talented.
28. If someone is not talented, then he is not popular, and vice versa.
29. If someone is not popular, then he is not competitive.
30. If someone is not competitive, then he is not talented.
31. If someone is not talented, then he is not popular, and vice versa.
32. If someone is not popular, then he is"
neutral,F,,F,0,T,1,"Step 1: Identify the relevant facts from the given information.
- Kingsley is wooden.
- Austin is not happy.
- Austin is not competitive.
- Amery is happy.
- Clive is talented.
- Kendrick is not popular.
- Austin is popular.
- Kendrick is not helpful.
- Amery is not competitive.
- Hall is popular.
- Clive is helpful.
- Stewart is popular.
- Hall is popular.
- Clive is helpful.
- Amery is not competitive.

Step 2: Analyze the given information to determine the relationships between the people and their characteristics.
- Kingsley is not helpful.
- Austin is not competitive.
- Amery is happy.
- Clive is talented.
- Kendrick is not popular.
- Austin is popular.
- Kendrick is not helpful.
- Amery is not competitive.
- Hall is popular.
- Clive is helpful.
- Stewart is popular.
- Hall is popular.
- Clive is helpful.
- Amery is not competitive.

Step 3: Apply the rules to determine the relationships between the people and their characteristics.
- If someone is not competitive, then he is not popular, and vice versa.
- If someone is not talented, then he is both happy and not competitive.
- If someone is not popular, then he is not talented, and vice versa.
- If someone is not competitive, then he is both happy and not popular.
- If someone is not talented, then he is both not popular and not competitive.
- If someone is not popular, then he is not talented, and vice versa.
- If someone is not competitive, then he is both not popular and not talented.
- If someone is not talented, then he is both not popular and not competitive.
- If someone is not popular, then he is not talented, and vice versa.
- If someone is not competitive, then he is both not popular and not talented.
- If someone is not talented, then he is both not popular and not competitive.
- If someone is not popular, then he is not talented, and vice versa.
- If someone is not competitive, then he is both not popular and not talented.
- If someone is not talented, then he is both not popular and not competitive.
- If someone is not popular, then he is not talented, and vice versa.
- If someone is not competitive, then he is both not popular and not talented.
- If someone is not talented, then he is both not popular and not competitive.
-"
entailment,T,,F,0,T,0,"Step 1: Identify the relevant information in the facts.
- Kingsley is wooden.
- Austin is not happy.
- Austin is not competitive.
- Amery is happy.
- Clive is not wooden.
- Kendrick is not popular.
- Austin is popular.
- Kendrick is wooden.
- Stewart is popular.
- Hall is popular.
- Clive is helpful.
- Amery is not competitive.

Step 2: Analyze the information to determine the relationships between the people and their characteristics.
- Kingsley is wooden, so he is not helpful.
- Austin is not happy, so he is not competitive.
- Austin is not competitive, so he is not popular.
- Amery is happy, so he is not competitive.
- Clive is not wooden, so he is not helpful.
- Kendrick is not popular, so he is not talented.
- Austin is popular, so he is helpful.
- Kendrick is wooden, so he is not talented.
- Stewart is popular, so he is helpful.
- Hall is popular, so he is helpful.
- Clive is helpful, so he is not competitive.

Step 3: Apply the rules to determine the relationships between the people and their characteristics.
- If someone is not competitive, then he is not popular.
- If someone is not talented, then he is both happy and not competitive.
- If someone is not popular, then he is not talented.
- If someone is not helpful, then he is not talented.
- If someone is not talented, then he is both happy and not competitive.
- If someone is not talented, then he is both happy and not competitive.
- If someone is not talented, then he is both happy and not competitive.
- If someone is not talented, then he is both happy and not competitive.
- If someone is not talented, then he is both happy and not competitive.
- If someone is not talented, then he is both happy and not competitive.
- If someone is not talented, then he is both happy and not competitive.
- If someone is not talented, then he is both happy and not competitive.
- If someone is not talented, then he is both happy and not competitive.
- If someone is not talented, then he is both happy and not competitive.
- If someone is not talented, then he is both happy and not competitive.
- If someone is not talented, then he is both happy and not competitive.
- If someone is not talented, then he is both happy and not competitive.
- If someone is"
neutral,F,,F,0,T,1,"Step 1: Identify the relevant information in the facts.
- Kingsley is wooden.
- Austin is not happy.
- Austin is not competitive.
- Amery is happy.
- Clive is not wooden.
- Kendrick is not popular.
- Austin is popular.
- Kendrick is wooden.
- Stewart is popular.
- Hall is popular.
- Clive is helpful.
- Amery is not competitive.

Step 2: Analyze the information to determine the relationships between the people and their characteristics.
- Kingsley is wooden.
- Austin is not happy.
- Austin is not competitive.
- Amery is happy.
- Clive is not wooden.
- Kendrick is not popular.
- Austin is popular.
- Kendrick is wooden.
- Stewart is popular.
- Hall is popular.
- Clive is helpful.
- Amery is not competitive.

Step 3: Apply the rules to determine the relationships between the people and their characteristics.
- If someone is not competitive, then they are not popular.
- If someone is not popular, then they are not talented.
- If someone is not talented, then they are not competitive.
- If someone is not competitive, then they are not happy.
- If someone is not happy, then they are not popular.
- If someone is not popular, then they are not talented.
- If someone is not talented, then they are not competitive.
- If someone is not competitive, then they are not happy.
- If someone is not happy, then they are not popular.
- If someone is not popular, then they are not talented.
- If someone is not talented, then they are not competitive.
- If someone is not competitive, then they are not happy.
- If someone is not happy, then they are not popular.
- If someone is not popular, then they are not talented.
- If someone is not talented, then they are not competitive.
- If someone is not competitive, then they are not happy.
- If someone is not happy, then they are not popular.
- If someone is not popular, then they are not talented.
- If someone is not talented, then they are not competitive.
- If someone is not competitive, then they are not happy.
- If someone is not happy, then they are not popular.
- If someone is not popular, then they are not talented.
- If someone is not talented, then they are not competitive.
- If someone is not competitive, then they are not happy.
- If someone is not happy, then they are not"
neutral,F,,F,0,F,1,"Step 1: Identify the relevant information in the facts.
- Brooke is not alive.
- Hamlin is not long.
- Chalmers is emotional.
- Chalmers is nice.
- Hamlin is emotional.
- Mark is alive.
- Mark is long.
- Alexander is long.
- Chalmers is not curious.
- Goddard is long.
- Alexander is not nice.
- Matthew is not nice.

Step 2: Analyze the information to determine the relationships between the people and their characteristics.
- Brooke is not alive, so she is not a person.
- Hamlin is not long, so he is not a person.
- Chalmers is emotional, so he is a person.
- Chalmers is nice, so he is a person.
- Hamlin is emotional, so he is a person.
- Mark is alive, so he is a person.
- Mark is long, so he is a person.
- Alexander is long, so he is a person.
- Chalmers is not curious, so he is a person.
- Goddard is long, so he is a person.
- Alexander is not nice, so he is a person.
- Matthew is not nice, so he is a person.

Step 3: Determine the relationships between the people and their characteristics.
- Brooke is not alive, so she is not a person.
- Hamlin is not long, so he is not a person.
- Chalmers is emotional, so he is a person.
- Chalmers is nice, so he is a person.
- Hamlin is emotional, so he is a person.
- Mark is alive, so he is a person.
- Mark is long, so he is a person.
- Alexander is long, so he is a person.
- Chalmers is not curious, so he is a person.
- Goddard is long, so he is a person.
- Alexander is not nice, so he is a person.
- Matthew is not nice, so he is a person.

Step 4: Determine the relationships between the people and their characteristics.
- Brooke is not alive, so she is not a person.
- Hamlin is not long, so he is not a person.
- Chalmers is emotional, so he is a person.
- Chalmers is nice, so he is a person.
- Hamlin is emotional, so he is a person.
- Mark is alive, so he is a person.
- Mark is long"
entailment,T,,F,0,F,0,
entailment,T,,F,0,T,0,"Based on the given facts, we can conclude the following:

1. If someone is not long, then they are not emotional.
2. If someone is not emotional, then they are not alive.
3. If someone is not alive, then they are not curious.
4. If someone is not curious, then they are not nice.
5. If someone is not nice, then they are not long.
6. If someone is not long, then they are not emotional.
7. If someone is not emotional, then they are not alive.
8. If someone is not alive, then they are not curious.
9. If someone is not curious, then they are not nice.
10. If someone is not nice, then they are not long.
11. If someone is not long, then they are not emotional.
12. If someone is not emotional, then they are not alive.
13. If someone is not alive, then they are not curious.
14. If someone is not curious, then they are not nice.
15. If someone is not nice, then they are not long.
16. If someone is not long, then they are not emotional.
17. If someone is not emotional, then they are not alive.
18. If someone is not alive, then they are not curious.
19. If someone is not curious, then they are not nice.
20. If someone is not nice, then they are not long.
21. If someone is not long, then they are not emotional.
22. If someone is not emotional, then they are not alive.
23. If someone is not alive, then they are not curious.
24. If someone is not curious, then they are not nice.
25. If someone is not nice, then they are not long.
26. If someone is not long, then they are not emotional.
27. If someone is not emotional, then they are not alive.
28. If someone is not alive, then they are not curious.
29. If someone is not curious, then they are not nice.
30. If someone is not nice, then they are not long.
31. If someone is not long, then they are not emotional.
32. If someone is not emotional, then they are not alive.
33. If someone is not alive, then they are not curious.
34. If someone is not curious, then they are not nice"
self_contradiction,F,,F,0,T,1,
neutral,F,,F,0,F,1,"Step 1: Identify the relevant information in the facts.
- Brooke is not alive.
- Hamlin is not long.
- Chalmers is emotional.
- Chalmers is nice.
- Hamlin is emotional.
- Mark is alive.
- Mark is long.
- Alexander is long.
- Chalmers is not curious.
- Goddard is long.
- Alexander is not nice.
- Matthew is not nice.

Step 2: Analyze the information to determine the relationships between the people and their characteristics.
- Brooke is not alive, so she is not a person.
- Hamlin is not long, so he is not a person.
- Chalmers is emotional, so he is a person.
- Chalmers is nice, so he is a person.
- Hamlin is emotional, so he is a person.
- Mark is alive, so he is a person.
- Mark is long, so he is a person.
- Alexander is long, so he is a person.
- Chalmers is not curious, so he is a person.
- Goddard is long, so he is a person.
- Alexander is not nice, so he is a person.
- Matthew is not nice, so he is a person.

Step 3: Determine the relationships between the people and their characteristics.
- Brooke is not alive, so she is not a person.
- Hamlin is not long, so he is not a person.
- Chalmers is emotional, so he is a person.
- Chalmers is nice, so he is a person.
- Hamlin is emotional, so he is a person.
- Mark is alive, so he is a person.
- Mark is long, so he is a person.
- Alexander is long, so he is a person.
- Chalmers is not curious, so he is a person.
- Goddard is long, so he is a person.
- Alexander is not nice, so he is a person.
- Matthew is not nice, so he is a person.

Step 4: Determine the relationships between the people and their characteristics.
- Brooke is not alive, so she is not a person.
- Hamlin is not long, so he is not a person.
- Chalmers is emotional, so he is a person.
- Chalmers is nice, so he is a person.
- Hamlin is emotional, so he is a person.
- Mark is alive, so he is a person.
- Mark is long"
neutral,F,,F,0,F,1,"Step 1: Identify the relevant information in the facts.
- Brooke is not alive.
- Hamlin is not long.
- Chalmers is emotional.
- Chalmers is nice.
- Hamlin is emotional.
- Mark is alive.
- Mark is long.
- Alexander is long.
- Chalmers is not curious.
- Goddard is long.
- Alexander is not nice.
- Matthew is not nice.

Step 2: Analyze the information to determine the relationships between the people and their characteristics.
- Brooke is not alive, so she is not a person.
- Hamlin is not long, so he is not a person.
- Chalmers is emotional, so he is a person.
- Chalmers is nice, so he is a person.
- Hamlin is emotional, so he is a person.
- Mark is alive, so he is a person.
- Mark is long, so he is a person.
- Alexander is long, so he is a person.
- Chalmers is not curious, so he is a person.
- Goddard is long, so he is a person.
- Alexander is not nice, so he is a person.
- Matthew is not nice, so he is a person.

Step 3: Determine the relationships between the people and their characteristics.
- Brooke is not alive, so she is not a person.
- Hamlin is not long, so he is not a person.
- Chalmers is emotional, so he is a person.
- Chalmers is nice, so he is a person.
- Hamlin is emotional, so he is a person.
- Mark is alive, so he is a person.
- Mark is long, so he is a person.
- Alexander is long, so he is a person.
- Chalmers is not curious, so he is a person.
- Goddard is long, so he is a person.
- Alexander is not nice, so he is a person.
- Matthew is not nice, so he is a person.

Step 4: Determine the relationships between the people and their characteristics.
- Brooke is not alive, so she is not a person.
- Hamlin is not long, so he is not a person.
- Chalmers is emotional, so he is a person.
- Chalmers is nice, so he is a person.
- Hamlin is emotional, so he is a person.
- Mark is alive, so he is a person.
- Mark is long"
contradiction,F,,F,0,T,1,
self_contradiction,F,,F,0,T,1,"Based on the given facts, we can conclude the following:

1. If someone is not long, then they are not emotional.
2. If someone is not emotional, then they are not alive.
3. If someone is not alive, then they are not curious.
4. If someone is not curious, then they are not nice.
5. If someone is not nice, then they are not long.
6. If someone is not long, then they are not emotional.
7. If someone is not emotional, then they are not alive.
8. If someone is not alive, then they are not curious.
9. If someone is not curious, then they are not nice.
10. If someone is not nice, then they are not long.
11. If someone is not long, then they are not emotional.
12. If someone is not emotional, then they are not alive.
13. If someone is not alive, then they are not curious.
14. If someone is not curious, then they are not nice.
15. If someone is not nice, then they are not long.
16. If someone is not long, then they are not emotional.
17. If someone is not emotional, then they are not alive.
18. If someone is not alive, then they are not curious.
19. If someone is not curious, then they are not nice.
20. If someone is not nice, then they are not long.
21. If someone is not long, then they are not emotional.
22. If someone is not emotional, then they are not alive.
23. If someone is not alive, then they are not curious.
24. If someone is not curious, then they are not nice.
25. If someone is not nice, then they are not long.
26. If someone is not long, then they are not emotional.
27. If someone is not emotional, then they are not alive.
28. If someone is not alive, then they are not curious.
29. If someone is not curious, then they are not nice.
30. If someone is not nice, then they are not long.
31. If someone is not long, then they are not emotional.
32. If someone is not emotional, then they are not alive.
33. If someone is not alive, then they are not curious.
34. If someone is not curious, then they are not nice"
self_contradiction,F,,F,0,T,1,"Mark is not long.
Mark is not long.
Mark is not long.
Mark is not long.
Mark is not long.
Mark is not long.
Mark is not long.
Mark is not long.
Mark is not long.
Mark is not long.
Mark is not long.
Mark is not long.
Mark is not long.
Mark is not long.
Mark is not long.
Mark is not long.
Mark is not long.
Mark is not long.
Mark is not long.
Mark is not long.
Mark is not long.
Mark is not long.
Mark is not long.
Mark is not long.
Mark is not long.
Mark is not long.
Mark is not long.
Mark is not long.
Mark is not long.
Mark is not long.
Mark is not long.
Mark is not long.
Mark is not long.
Mark is not long.
Mark is not long.
Mark is not long.
Mark is not long.
Mark is not long.
Mark is not long.
Mark is not long.
Mark is not long.
Mark is not long.
Mark is not long.
Mark is not long.
Mark is not long.
Mark is not long.
Mark is not long.
Mark is not long.
Mark is not long.
Mark is not long.
Mark is not long.
Mark is not long.
Mark is not long.
Mark is not long.
Mark is not long.
Mark is not long.
Mark is not long.
Mark is not long.
Mark is not long.
Mark is not long.
Mark is not long.
Mark is not long.
Mark is not long.
Mark is not long.
Mark is not long.
Mark is not long.
Mark is not long.
Mark is not long.
Mark is not long.
Mark is not long.
Mark is not long.
Mark is not long.
Mark is not long.
Mark is not long.
Mark is not long.
Mark is not long.
Mark is not long.
Mark is not long.
Mark is not long.
Mark is not long.
Mark is not long.
Mark is not long.
Mark is not long.
Mark is not long.
Mark is not long.
Mark is not long.
Mark is not long.
Mark is not long.
Mark is not long.
Mark is not long.
Mark is not long.
Mark is not long.
Mark is not long.
Mark is not long.
Mark is not long.
Mark is not long.
Mark is not long.
Mark is not long.
Mark is not long.
Mark is not long.
Mark is not long.
Mark is not long.
Mark is"
contradiction,F,,F,0,T,1,
neutral,F,,F,0,T,1,"1. If someone is not long, then he is emotional.
2. If someone is not emotional, then he is not curious.
3. If someone is not curious, then he is not nice.
4. If someone is not nice, then he is not alive.
5. If someone is not alive, then he is not long.
6. If someone is not long, then he is not emotional.
7. If someone is not emotional, then he is not curious.
8. If someone is not curious, then he is not nice.
9. If someone is not nice, then he is not alive.
10. If someone is not alive, then he is not long.
11. If someone is not long, then he is not emotional.
12. If someone is not emotional, then he is not curious.
13. If someone is not curious, then he is not nice.
14. If someone is not nice, then he is not alive.
15. If someone is not alive, then he is not long.
16. If someone is not long, then he is not emotional.
17. If someone is not emotional, then he is not curious.
18. If someone is not curious, then he is not nice.
19. If someone is not nice, then he is not alive.
20. If someone is not alive, then he is not long.
21. If someone is not long, then he is not emotional.
22. If someone is not emotional, then he is not curious.
23. If someone is not curious, then he is not nice.
24. If someone is not nice, then he is not alive.
25. If someone is not alive, then he is not long.
26. If someone is not long, then he is not emotional.
27. If someone is not emotional, then he is not curious.
28. If someone is not curious, then he is not nice.
29. If someone is not nice, then he is not alive.
30. If someone is not alive, then he is not long.
31. If someone is not long, then he is not emotional.
32. If someone is not emotional, then he is not curious.
33. If someone is not curious, then he is not nice.
34. If someone is not nice, then he is not alive.
35. If someone is not alive, then he"
contradiction,F,,F,0,T,1,
contradiction,F,,F,0,T,1,"Mark is not long.
If Mark is not long, then Mark is not emotional.
If Mark is not emotional, then Mark is not curious.
If Mark is not curious, then Mark is not alive.
If Mark is not alive, then Mark is not nice.
If Mark is not nice, then Mark is not curious.
If Mark is not curious, then Mark is not long.
If Mark is not long, then Mark is not emotional.
If Mark is not emotional, then Mark is not curious.
If Mark is not curious, then Mark is not alive.
If Mark is not alive, then Mark is not nice.
If Mark is not nice, then Mark is not curious.
If Mark is not curious, then Mark is not long.
If Mark is not long, then Mark is not emotional.
If Mark is not emotional, then Mark is not curious.
If Mark is not curious, then Mark is not alive.
If Mark is not alive, then Mark is not nice.
If Mark is not nice, then Mark is not curious.
If Mark is not curious, then Mark is not long.
If Mark is not long, then Mark is not emotional.
If Mark is not emotional, then Mark is not curious.
If Mark is not curious, then Mark is not alive.
If Mark is not alive, then Mark is not nice.
If Mark is not nice, then Mark is not curious.
If Mark is not curious, then Mark is not long.
If Mark is not long, then Mark is not emotional.
If Mark is not emotional, then Mark is not curious.
If Mark is not curious, then Mark is not alive.
If Mark is not alive, then Mark is not nice.
If Mark is not nice, then Mark is not curious.
If Mark is not curious, then Mark is not long.
If Mark is not long, then Mark is not emotional.
If Mark is not emotional, then Mark is not curious.
If Mark is not curious, then Mark is not alive.
If Mark is not alive, then Mark is not nice.
If Mark is not nice, then Mark is not curious.
If Mark is not curious, then Mark is not long.
If Mark is not long, then Mark is not emotional.
If Mark is not emotional, then Mark is not curious.
If Mark is not curious, then Mark is not alive.
If Mark is not alive, then Mark is not nice.
If Mark is not nice, then Mark is not curious.
If Mark is not curious, then Mark is not long.
If Mark is"
neutral,F,,F,0,T,1,
entailment,T,,F,0,T,0,"Based on the given facts, we can conclude the following:

1. If someone is not long, then they are not emotional.
2. If someone is not emotional, then they are not curious.
3. If someone is not emotional and not curious, then they are not alive.
4. If someone is not alive, then they are not nice.
5. If someone is not nice, then they are not long.
6. If someone is not long, then they are not curious.
7. If someone is not long and not curious, then they are not emotional.
8. If someone is not emotional, then they are not alive.
9. If someone is not alive, then they are not nice.
10. If someone is not nice, then they are not long.
11. If someone is not long, then they are not curious.
12. If someone is not long and not curious, then they are not emotional.
13. If someone is not emotional, then they are not alive.
14. If someone is not alive, then they are not nice.
15. If someone is not nice, then they are not long.
16. If someone is not long, then they are not curious.
17. If someone is not long and not curious, then they are not emotional.
18. If someone is not emotional, then they are not alive.
19. If someone is not alive, then they are not nice.
20. If someone is not nice, then they are not long.
21. If someone is not long, then they are not curious.
22. If someone is not long and not curious, then they are not emotional.
23. If someone is not emotional, then they are not alive.
24. If someone is not alive, then they are not nice.
25. If someone is not nice, then they are not long.
26. If someone is not long, then they are not curious.
27. If someone is not long and not curious, then they are not emotional.
28. If someone is not emotional, then they are not alive.
29. If someone is not alive, then they are not nice.
30. If someone is not nice, then they are not long.
31. If someone is not long, then they are not curious.
32. If someone is not long and not curious, then they are not emotional.
33. If someone is not emotional"
contradiction,F,,F,0,F,1,
entailment,T,,F,0,F,0,"Step 1: Identify the relevant information in the facts.
- Brooke is not alive.
- Hamlin is not long.
- Chalmers is emotional.
- Chalmers is nice.
- Hamlin is emotional.
- Mark is alive.
- Mark is long.
- Alexander is long.
- Chalmers is not curious.
- Goddard is long.
- Alexander is not nice.
- Matthew is not nice.

Step 2: Analyze the information to determine the relationships between the people and their characteristics.
- Brooke is not alive, so she is not a person.
- Hamlin is not long, so he is not a person.
- Chalmers is emotional, so he is a person.
- Chalmers is nice, so he is a person.
- Hamlin is emotional, so he is a person.
- Mark is alive, so he is a person.
- Mark is long, so he is a person.
- Alexander is long, so he is a person.
- Chalmers is not curious, so he is a person.
- Goddard is long, so he is a person.
- Alexander is not nice, so he is a person.
- Matthew is not nice, so he is a person.

Step 3: Determine the relationships between the people and their characteristics.
- Brooke is not alive, so she is not a person.
- Hamlin is not long, so he is not a person.
- Chalmers is emotional, so he is a person.
- Chalmers is nice, so he is a person.
- Hamlin is emotional, so he is a person.
- Mark is alive, so he is a person.
- Mark is long, so he is a person.
- Alexander is long, so he is a person.
- Chalmers is not curious, so he is a person.
- Goddard is long, so he is a person.
- Alexander is not nice, so he is a person.
- Matthew is not nice, so he is a person.

Step 4: Determine the relationships between the people and their characteristics.
- Brooke is not alive, so she is not a person.
- Hamlin is not long, so he is not a person.
- Chalmers is emotional, so he is a person.
- Chalmers is nice, so he is a person.
- Hamlin is emotional, so he is a person.
- Mark is alive, so he is a person.
- Mark is long"
entailment,T,,F,0,T,0,Chalmers is not curious.
self_contradiction,F,,F,0,T,1,
self_contradiction,F,,F,0,T,1,"Step 1: Identify the relevant information in the facts.
- Brooke is not alive.
- Hamlin is not long.
- Chalmers is emotional.
- Chalmers is nice.
- Hamlin is emotional.
- Mark is alive.
- Mark is long.
- Alexander is long.
- Chalmers is not curious.
- Goddard is long.
- Alexander is not nice.
- Matthew is not nice.

Step 2: Analyze the information to determine the relationships between the people mentioned in the facts.

- Brooke is not alive, so she is not a person.
- Hamlin is not long, so he is not a person.
- Chalmers is emotional, so he is a person.
- Chalmers is nice, so he is a person.
- Hamlin is emotional, so he is a person.
- Mark is alive, so he is a person.
- Mark is long, so he is a person.
- Alexander is long, so he is a person.
- Chalmers is not curious, so he is a person.
- Goddard is long, so he is a person.
- Alexander is not nice, so he is a person.
- Matthew is not nice, so he is a person.

Step 3: Determine the relationships between the people based on the information.

- Brooke is not alive, so she is not a person.
- Hamlin is not long, so he is not a person.
- Chalmers is emotional, so he is a person.
- Chalmers is nice, so he is a person.
- Hamlin is emotional, so he is a person.
- Mark is alive, so he is a person.
- Mark is long, so he is a person.
- Alexander is long, so he is a person.
- Chalmers is not curious, so he is a person.
- Goddard is long, so he is a person.
- Alexander is not nice, so he is a person.
- Matthew is not nice, so he is a person.

Step 4: Determine the relationships between the people based on the rules.

- If there is at least one person who is both not alive and not emotional, then Chalmers is long.
- If Chalmers is not alive and Brooke is not emotional, then Brooke is curious.
- Someone is long and not nice if and only if he is breakable.
- It can be concluded that Alexander is alive once knowing that Mark is long or Brooke is"
entailment,T,,F,0,T,0,"Step 1: Identify the relevant information in the facts.
- Kathryn is cooperative.
- Gemma is useful.
- Gemma is not political.
- Gemma is tough.
- Kathryn is not tough.
- Lee is dark.
- Lee is not cooperative.
- Solomon is not useful.
- Gemma is not practical.
- Solomon is practical.
- Lee is practical.
- Boris is not tough.
- Kathryn is not political.
- Roswell is useful.
- Roswell is not political.
- Arvel is not practical.
- Someone who is not dark is always not practical.
- If someone is either not practical or not dark, then he is useful and political.
- Someone is not political if and only if he is useful.
- If there is at least one person who is both not practical and not dark, then Arvel is not political.
- Someone is not practical if and only if he is not dark.
- If someone is both cooperative and not dark, then he is tough and political.
- If there is someone who is dark, then Arvel is not useful.
- Someone is not useful if and only if he is not practical.

Step 2: Analyze the given information and determine the implications.
- Lee is not cooperative.
- Arvel is not practical.
- Roswell is useful.
- Roswell is not political.
- Arvel is not political.
- Someone who is not dark is always not practical.
- If someone is either not practical or not dark, then he is useful and political.
- Someone is not political if and only if he is useful.
- If there is at least one person who is both not practical and not dark, then Arvel is not political.
- Someone is not practical if and only if he is not dark.
- If someone is both cooperative and not dark, then he is tough and political.
- If there is someone who is dark, then Arvel is not useful.
- Someone is not useful if and only if he is not practical.

Step 3: Determine the conclusion based on the analysis.
- Since Lee is not cooperative and Arvel is not practical, it can be concluded that Lee is not political and Arvel is not useful.
- Since Roswell is useful and Roswell is not political, it can be concluded that Roswell is not practical.
- Since Arvel is not political and Arvel is not practical, it can be concluded that Arvel is not dark.
- Since someone who is not dark is always not practical, it"
entailment,T,,F,0,T,0,"Step 1: Identify the relevant information in the facts.
- Kathryn is cooperative.
- Gemma is useful.
- Gemma is not political.
- Gemma is tough.
- Kathryn is not tough.
- Lee is dark.
- Lee is not cooperative.
- Solomon is not useful.
- Gemma is not practical.
- Solomon is practical.
- Lee is practical.
- Boris is not tough.
- Kathryn is not political.
- Roswell is useful.
- Roswell is not political.
- Arvel is not practical.
- Someone who is not dark is always not practical.
- If someone is either not practical or not dark, then he is useful and political.
- Someone is not political if and only if he is useful.
- If there is at least one person who is both not practical and not dark, then Arvel is not political.
- Someone is not practical if and only if he is not dark.
- If someone is both cooperative and not dark, then he is tough and political.
- If there is someone who is dark, then Arvel is not useful.
- Someone is not useful if and only if he is not practical.

Step 2: Analyze the information and determine the relationships between the facts.
- Lee is dark and not cooperative.
- Gemma is not practical and not political.
- Arvel is not practical and not political.
- Roswell is useful and not political.
- Arvel is not practical and not dark.
- Someone who is not dark is always not practical.
- If someone is either not practical or not dark, then he is useful and political.
- Someone is not political if and only if he is useful.
- If there is at least one person who is both not practical and not dark, then Arvel is not political.
- Someone is not practical if and only if he is not dark.
- If someone is both cooperative and not dark, then he is tough and political.
- If there is someone who is dark, then Arvel is not useful.
- Someone is not useful if and only if he is not practical.

Step 3: Determine the conclusion based on the analysis.
- Lee is dark and not cooperative.
- Gemma is not practical and not political.
- Arvel is not practical and not political.
- Roswell is useful and not political.
- Arvel is not practical and not dark.
- Someone who is not dark is always not practical.
- If someone is either not practical or not dark, then he is useful and political"
self_contradiction,F,,F,0,F,1,"1. The facts given are that Gemma is not political and is not practical. 2. The question asks if Gemma is useful. 3. Since Gemma is not political, it means that she is not involved in political activities or decisions. 4. Since Gemma is not practical, it means that she does not have the necessary skills or knowledge to be useful in practical situations. 5. Therefore, based on the given facts, it can be concluded that Gemma is not useful."
neutral,F,,F,0,F,1,"1. The facts given are that Kathryn is cooperative and Gemma is not political.
2. We know that Gemma is not political, so we can infer that she is not practical.
3. We also know that Gemma is not political, so we can infer that she is not dark.
4. We know that Gemma is not political, so we can infer that she is not practical.
5. We know that Gemma is not political, so we can infer that she is not dark.
6. We know that Gemma is not political, so we can infer that she is not practical.
7. We know that Gemma is not political, so we can infer that she is not dark.
8. We know that Gemma is not political, so we can infer that she is not practical.
9. We know that Gemma is not political, so we can infer that she is not dark.
10. We know that Gemma is not political, so we can infer that she is not practical.
11. We know that Gemma is not political, so we can infer that she is not dark.
12. We know that Gemma is not political, so we can infer that she is not practical.
13. We know that Gemma is not political, so we can infer that she is not dark.
14. We know that Gemma is not political, so we can infer that she is not practical.
15. We know that Gemma is not political, so we can infer that she is not dark.
16. We know that Gemma is not political, so we can infer that she is not practical.
17. We know that Gemma is not political, so we can infer that she is not dark.
18. We know that Gemma is not political, so we can infer that she is not practical.
19. We know that Gemma is not political, so we can infer that she is not dark.
20. We know that Gemma is not political, so we can infer that she is not practical.
21. We know that Gemma is not political, so we can infer that she is not dark.
22. We know that Gemma is not political, so we can infer that she is not practical.
23. We know that Gemma is not political, so we can infer that she is not dark.
24. We know that Gemma is not political, so we can infer that"
contradiction,F,,F,0,T,1,"Step 1: Identify the relevant information in the facts.
- Kathryn is cooperative.
- Gemma is useful.
- Gemma is not political.
- Gemma is tough.
- Kathryn is not tough.
- Lee is dark.
- Lee is not cooperative.
- Solomon is not useful.
- Gemma is not practical.
- Solomon is practical.
- Lee is practical.
- Boris is not tough.
- Kathryn is not political.
- Roswell is useful.
- Roswell is not political.
- Arvel is not practical.
- Someone who is not dark is always not practical.
- If someone is either not practical or not dark, then he is useful and political.
- Someone is not political if and only if he is useful.
- If there is at least one person who is both not practical and not dark, then Arvel is not political.
- Someone is not practical if and only if he is not dark.
- If someone is both cooperative and not dark, then he is tough and political.
- If there is someone who is dark, then Arvel is not useful.
- Someone is not useful if and only if he is not practical.
- Kathryn being not dark implies that Solomon is tough.
Step 2: Analyze the information and determine the implications.
- Kathryn being tough implies that Solomon is not dark.
- If there is at least one person who is both not practical and not dark, then Arvel is not political.
- If someone is both cooperative and not dark, then he is tough and political.
- If there is someone who is dark, then Arvel is not useful.
- Someone is not practical if and only if he is not dark.
- If someone is both cooperative and not dark, then he is tough and political.
- If there is someone who is dark, then Arvel is not useful.
- Someone is not useful if and only if he is not practical.
- Kathryn being not dark implies that Solomon is tough.
Step 3: Formulate the conclusion.
Based on the analysis, we can conclude that Kathryn is tough and Solomon is practical once knowing that Lee is practical."
neutral,F,,F,0,T,1,"1. The facts given are that Kathryn is cooperative, Gemma is useful, Gemma is not political, Gemma is tough, Kathryn is not tough, Lee is dark, Lee is not cooperative, Solomon is not useful, Solomon is practical, Gemma is not practical, Solomon is practical, Lee is practical, Boris is not tough, Kathryn is tough, and Roswell is practical.
2. The question asks if Roswell is useful.
3. From the facts, we know that Gemma is not political, so Solomon is not dark.
4. Since Solomon is not dark, he is practical.
5. Since Solomon is practical, he is useful.
6. Therefore, Roswell is useful."
entailment,T,,F,0,T,0,"1. The facts given are that Kathryn is cooperative and Gemma is not political.
2. The question asks if Gemma is cooperative.
3. Since Kathryn is cooperative, it can be inferred that Gemma is also cooperative.
4. Therefore, the answer to the question is yes, Gemma is cooperative."
self_contradiction,F,,F,0,F,1,Solomon is not political. Solomon is not dark. Solomon is not practical. Solomon is not tough. Solomon is not cooperative. Solomon is not useful. Solomon is not practical. Solomon is not political. Solomon is not tough. Solomon is not cooperative. Solomon is not practical. Solomon is not political. Solomon is not tough. Solomon is not cooperative. Solomon is not practical. Solomon is not political. Solomon is not tough. Solomon is not cooperative. Solomon is not practical. Solomon is not political. Solomon is not tough. Solomon is not cooperative. Solomon is not practical. Solomon is not political. Solomon is not tough. Solomon is not cooperative. Solomon is not practical. Solomon is not political. Solomon is not tough. Solomon is not cooperative. Solomon is not practical. Solomon is not political. Solomon is not tough. Solomon is not cooperative. Solomon is not practical. Solomon is not political. Solomon is not tough. Solomon is not cooperative. Solomon is not practical. Solomon is not political. Solomon is not tough. Solomon is not cooperative. Solomon is not practical. Solomon is not political. Solomon is not tough. Solomon is not cooperative. Solomon is not practical. Solomon is not political. Solomon is not tough. Solomon is not cooperative. Solomon is not practical. Solomon is not political. Solomon is not tough. Solomon is not cooperative. Solomon is not practical. Solomon is not political. Solomon is not tough. Solomon is not cooperative. Solomon is not practical. Solomon is not political. Solomon is not tough. Solomon is not cooperative. Solomon is not practical. Solomon is not political. Solomon is not tough. Solomon is not cooperative. Solomon is not practical. Solomon is not political. Solomon is not tough. Solomon is not cooperative. Solomon is not practical. Solomon is not political. Solomon is not tough. Solomon is not cooperative. Solomon is not practical. Solomon is not political. Solomon is not tough. Solomon is not cooperative. Solomon is not practical. Solomon is not political. Solomon is not tough. Solomon is not cooperative. Solomon is not practical. Solomon is not political. Solomon is not tough. Solomon is not cooperative. Solomon is not practical. Solomon is not political. Solomon is not tough. Solomon is not cooperative. Solomon is not practical. Solomon is not political. Solomon is not tough. Solomon is not cooperative. Solomon is not practical. Solomon is not political. Solomon is not tough. Solomon is not cooperative. Solomon is not practical. Solomon is not political. Solomon is not tough. Solomon is not cooperative. Solomon is
entailment,T,,F,0,T,0,"Step 1: Identify the relevant information in the facts.
- Kathryn is cooperative.

Step 2: Determine the relationship between the information and the question.
- The question asks if Kathryn is cooperative.

Step 3: Apply the rules to the information and the question.
- Since Kathryn is cooperative, it can be inferred that she is also cooperative.

Step 4: Answer the question based on the information and the rules.
- Kathryn is cooperative."
self_contradiction,F,,F,0,F,1,Solomon is not political. Solomon is not political. Solomon is not political. Solomon is not political. Solomon is not political. Solomon is not political. Solomon is not political. Solomon is not political. Solomon is not political. Solomon is not political. Solomon is not political. Solomon is not political. Solomon is not political. Solomon is not political. Solomon is not political. Solomon is not political. Solomon is not political. Solomon is not political. Solomon is not political. Solomon is not political. Solomon is not political. Solomon is not political. Solomon is not political. Solomon is not political. Solomon is not political. Solomon is not political. Solomon is not political. Solomon is not political. Solomon is not political. Solomon is not political. Solomon is not political. Solomon is not political. Solomon is not political. Solomon is not political. Solomon is not political. Solomon is not political. Solomon is not political. Solomon is not political. Solomon is not political. Solomon is not political. Solomon is not political. Solomon is not political. Solomon is not political. Solomon is not political. Solomon is not political. Solomon is not political. Solomon is not political. Solomon is not political. Solomon is not political. Solomon is not political. Solomon is not political. Solomon is not political. Solomon is not political. Solomon is not political. Solomon is not political. Solomon is not political. Solomon is not political. Solomon is not political. Solomon is not political. Solomon is not political. Solomon is not political. Solomon is not political. Solomon is not political. Solomon is not political. Solomon is not political. Solomon is not political. Solomon is not political. Solomon is not political. Solomon is not political. Solomon is not political. Solomon is not political. Solomon is not political. Solomon is not political. Solomon is not political. Solomon is not political. Solomon is not political. Solomon is not political. Solomon is not political. Solomon is not political. Solomon is not political. Solomon is not political. Solomon is not political. Solomon is not political. Solomon is not political. Solomon is not political. Solomon is not political. Solomon is not political. Solomon is not political. Solomon is not political. Solomon is not political. Solomon is not political. Solomon is not political. Solomon is not political. Solomon is not political. Solomon is not political. Solomon is not political. Solomon is not political. Solomon is not political. Solomon is not political. Solomon is not political. Solomon is not political. Solomon is not political. Solomon is
contradiction,F,,F,0,T,1,"1. The facts given are that Kathryn is cooperative, Gemma is useful, Gemma is not political, Gemma is tough, Kathryn is not tough, Lee is dark, Lee is not cooperative, Solomon is not useful, Solomon is practical, Gemma is not practical, Solomon is practical, Lee is practical, Boris is not tough, Kathryn is not political, Roswell is useful, Roswell is not political, Arvel is not political, and someone who is not dark is always not practical.
2. The question asks if Gemma is not tough.
3. To answer the question, we need to determine if Gemma is not practical or not dark.
4. From the facts given, we know that Gemma is not political, which means that she is not practical.
5. We also know that Lee is practical, which means that he is not dark.
6. Since Gemma is not practical and Lee is not dark, we can conclude that Gemma is not tough.
7. Therefore, the answer to the question is that Gemma is not tough."
neutral,F,,F,0,T,1,"Solomon is tough implies that he is dark. If Solomon is dark, then he is not practical. If Solomon is not practical, then he is not political. If Solomon is not political, then he is not cooperative. If Solomon is not cooperative, then he is not useful. If Solomon is not useful, then he is not practical. If Solomon is not practical, then he is not dark. If Solomon is not dark, then he is not political. If Solomon is not political, then he is not cooperative. If Solomon is not cooperative, then he is not useful. If Solomon is not useful, then he is not practical. If Solomon is not practical, then he is not dark. If Solomon is not dark, then he is not political. If Solomon is not political, then he is not cooperative. If Solomon is not cooperative, then he is not useful. If Solomon is not useful, then he is not practical. If Solomon is not practical, then he is not dark. If Solomon is not dark, then he is not political. If Solomon is not political, then he is not cooperative. If Solomon is not cooperative, then he is not useful. If Solomon is not useful, then he is not practical. If Solomon is not practical, then he is not dark. If Solomon is not dark, then he is not political. If Solomon is not political, then he is not cooperative. If Solomon is not cooperative, then he is not useful. If Solomon is not useful, then he is not practical. If Solomon is not practical, then he is not dark. If Solomon is not dark, then he is not political. If Solomon is not political, then he is not cooperative. If Solomon is not cooperative, then he is not useful. If Solomon is not useful, then he is not practical. If Solomon is not practical, then he is not dark. If Solomon is not dark, then he is not political. If Solomon is not political, then he is not cooperative. If Solomon is not cooperative, then he is not useful. If Solomon is not useful, then he is not practical. If Solomon is not practical, then he is not dark. If Solomon is not dark, then he is not political. If Solomon is not political, then he is not cooperative. If Solomon is not cooperative, then he is not useful. If Solomon is not useful, then he is not practical. If Solomon is not practical, then he is not dark. If Solomon is not dark, then he is not political."
contradiction,F,,F,0,T,1,"Step 1: Identify the relevant information in the facts.
- Kathryn is cooperative.
- Gemma is useful.
- Gemma is not political.
- Gemma is tough.
- Kathryn is not tough.
- Lee is dark.
- Lee is not cooperative.
- Solomon is not useful.
- Gemma is not practical.
- Solomon is practical.
- Lee is practical.
- Boris is not tough.
- Kathryn is not political.
- Roswell is useful.
- Roswell is not political.
- Arvel is not practical.
- Someone who is not dark is always not practical.
- If someone is either not practical or not dark, then he is useful and political.
- Someone is not political if and only if he is useful.
- If there is at least one person who is both not practical and not dark, then Arvel is not political.
- Someone is not practical if and only if he is not dark.
- If someone is both cooperative and not dark, then he is tough and political.
- If there is someone who is dark, then Arvel is not useful.
- Someone is not useful if and only if he is not practical.
- Kathryn being not dark implies that Solomon is tough.
- Rules: (Implicit in facts)

Step 2: Apply the rules to the given information.
- Lee is cooperative.
- Gemma is useful.
- Gemma is not political.
- Gemma is tough.
- Kathryn is not tough.
- Lee is dark.
- Lee is not cooperative.
- Solomon is not useful.
- Gemma is not practical.
- Solomon is practical.
- Lee is practical.
- Boris is not tough.
- Kathryn is not political.
- Roswell is useful.
- Roswell is not political.
- Arvel is not practical.
- Someone who is not dark is always not practical.
- If someone is either not practical or not dark, then he is useful and political.
- Someone is not political if and only if he is useful.
- If there is at least one person who is both not practical and not dark, then Arvel is not political.
- Someone is not practical if and only if he is not dark.
- If someone is both cooperative and not dark, then he is tough and political.
- If there is someone who is dark, then Arvel is not useful.
- Someone is not useful if and only if he is not practical.
- Kathryn being not dark implies that Solomon is tough.
- Rules: (Implicit in facts)

Step 3:"
contradiction,F,,F,0,T,1,"1. The facts state that Kathryn is cooperative.
2. The question asks if Kathryn is not cooperative.
3. Since the question is asking for a contradiction, we need to find a statement that contradicts the given fact.
4. The only statement that contradicts the fact that Kathryn is cooperative is that she is not cooperative.
5. Therefore, the answer to the question is that Kathryn is not cooperative."
entailment,T,,F,0,T,0,"1. The facts given are that Kathryn is cooperative, Gemma is useful, Gemma is not political, Gemma is tough, Kathryn is not tough, Lee is dark, Lee is not cooperative, Solomon is not useful, Solomon is practical, Gemma is not practical, Solomon is practical, Lee is practical, Boris is not tough, Kathryn is not political, Roswell is useful, Roswell is not political, Arvel is not political, and someone who is not dark is always not practical.
2. The question asks if Gemma is not dark.
3. From the facts, we know that Gemma is not political, which means that it is not dark.
4. Therefore, the answer to the question is that Gemma is not dark."
contradiction,F,,F,0,F,1,"1. The rules state that if someone is dark, then they are not practical.
2. The facts state that Lee is dark.
3. Since Lee is dark, he is not practical.
4. Therefore, Boris is not practical.

Step-by-step justification:

1. The rules state that if someone is dark, then they are not practical.
2. The facts state that Lee is dark.
3. Since Lee is dark, he is not practical.
4. Therefore, Boris is not practical.

The answer is: Boris is not practical."
self_contradiction,F,,F,0,F,1,"1. The rules state that if someone is dark, then they are not practical.
2. The facts state that Lee is dark.
3. Since Lee is dark, he is not practical.
4. The rules also state that if someone is not practical, then they are not useful.
5. The facts state that Roswell is useful.
6. Since Roswell is useful, he is not practical.
7. The rules also state that if someone is not practical, then they are not useful.
8. The facts state that Roswell is not practical.
9. Since Roswell is not practical, he is not useful.
10. The rules also state that if someone is not useful, then they are not political.
11. The facts state that Roswell is not political.
12. Since Roswell is not political, he is not useful.
13. The rules also state that if someone is not useful, then they are not political.
14. The facts state that Roswell is not political.
15. Since Roswell is not political, he is not useful.
16. The rules also state that if someone is not useful, then they are not political.
17. The facts state that Roswell is not political.
18. Since Roswell is not political, he is not useful.
19. The rules also state that if someone is not useful, then they are not political.
20. The facts state that Roswell is not political.
21. Since Roswell is not political, he is not useful.
22. The rules also state that if someone is not useful, then they are not political.
23. The facts state that Roswell is not political.
24. Since Roswell is not political, he is not useful.
25. The rules also state that if someone is not useful, then they are not political.
26. The facts state that Roswell is not political.
27. Since Roswell is not political, he is not useful.
28. The rules also state that if someone is not useful, then they are not political.
29. The facts state that Roswell is not political.
30. Since Roswell is not political, he is not useful.
31. The rules also state that if someone is not useful, then they are not political.
32. The facts state that Roswell is not political.
33. Since Roswell is not political, he is not useful."
neutral,F,,F,0,T,1,"1. The facts state that Kathryn is cooperative.
2. The facts also state that Gemma is useful.
3. The facts mention that Gemma is not political.
4. The facts state that Gemma is tough.
5. The facts state that Kathryn is not tough.
6. The facts mention that Lee is dark.
7. The facts state that Lee is not cooperative.
8. The facts mention that Solomon is not useful.
9. The facts state that Solomon is practical.
10. The facts mention that Gemma is not practical.
11. The facts state that Solomon is practical.
12. The facts mention that Lee is practical.
13. The facts state that Boris is not tough.
14. The facts state that Kathryn is not political.
15. The facts mention that Roswell is useful.
16. The facts state that Roswell is not political.
17. The facts mention that Arvel is not practical.
18. The facts state that Arvel is not political.
19. The facts mention that Roswell is practical.
20. The facts state that Lee is useful.
21. The facts mention that Solomon is not political.
22. The facts state that Gemma is not practical.
23. The facts mention that Arvel is not practical.
24. The facts state that Roswell is practical.
25. The facts mention that Boris is not tough.
26. The facts state that Kathryn is not political.
27. The facts mention that Roswell is useful.
28. The facts state that Roswell is not political.
29. The facts mention that Arvel is not practical.
30. The facts state that Arvel is not political.
31. The facts mention that Roswell is practical.
32. The facts state that Lee is useful.
33. The facts mention that Solomon is not political.
34. The facts state that Gemma is not practical.
35. The facts mention that Arvel is not practical.
36. The facts state that Roswell is practical.
37. The facts mention that Boris is not tough.
38. The facts state that Kathryn is not political.
39. The facts mention that Roswell is useful.
40. The facts state that Roswell is not political.
41. The facts mention that Arvel is not practical.
42. The facts state that Arvel is not political.
43. The facts mention that"
self_contradiction,F,,F,0,F,1,"1. The facts state that Gemma is not political.
2. The rules state that if someone is not political, then they are not practical.
3. The rules also state that if someone is not practical, then they are not useful.
4. The rules further state that if someone is not practical and not dark, then they are not tough.
5. The rules also state that if someone is not dark, then they are not practical.
6. The rules further state that if someone is not dark and not political, then they are not practical.
7. The rules also state that if someone is not dark, not political, and not practical, then they are not useful.
8. The rules also state that if someone is not dark, not political, not practical, and not tough, then they are not useful.
9. The rules further state that if someone is not dark, not political, not practical, not tough, and not useful, then they are not political.
10. The rules also state that if someone is not dark, not political, not practical, not tough, not useful, and not political, then they are not political.
11. The rules further state that if someone is not dark, not political, not practical, not tough, not useful, not political, and not practical, then they are not political.
12. The rules also state that if someone is not dark, not political, not practical, not tough, not useful, not political, and not practical, and not tough, then they are not political.
13. The rules further state that if someone is not dark, not political, not practical, not tough, not useful, not political, and not practical, and not tough, and not useful, then they are not political.
14. The rules also state that if someone is not dark, not political, not practical, not tough, not useful, not political, and not practical, and not tough, and not useful, and not political, then they are not political.
15. The rules further state that if someone is not dark, not political, not practical, not tough, not useful, not political, and not practical, and not tough, and not useful, and not political, and not practical, then they are not political.
16. The rules further state that if someone is not dark, not political, not practical, not tough, not useful, not political, and not practical, and not tough, and not useful,"
neutral,F,,F,0,T,1,"1. First, we need to understand the given facts and rules. The facts are that Kathryn is cooperative, Gemma is useful, Gemma is not political, Gemma is tough, Kathryn is not tough, Lee is dark, Lee is not cooperative, Solomon is not useful, Solomon is practical, Gemma is not practical, Solomon is practical, Lee is practical, and Boris is not tough. The rules are that if everyone is practical, then Roswell is useful and Roswell is not political, if there is at least one person who is both not practical and not tough, then Arvel is not political, if someone is not dark, then he is not practical, and if someone is either not practical or not dark, then he is useful and political.

2. Now, we need to use the given facts and rules to answer the question. We know that Boris is not practical, so we can conclude that Arvel is not practical. We also know that Lee is practical, so we can conclude that Roswell is practical. We know that Roswell is not political, so we can conclude that Roswell is not practical. We know that Solomon is practical, so we can conclude that Arvel is not political. We know that Gemma is not practical, so we can conclude that Arvel is not practical. We know that Lee is practical, so we can conclude that Roswell is practical. We know that Lee is not political, so we can conclude that Roswell is not political. We know that Solomon is practical, so we can conclude that Arvel is not political. We know that Gemma is not practical, so we can conclude that Arvel is not practical. We know that Lee is practical, so we can conclude that Roswell is practical. We know that Lee is not political, so we can conclude that Roswell is not political. We know that Solomon is practical, so we can conclude that Arvel is not political. We know that Gemma is not practical, so we can conclude that Arvel is not practical. We know that Lee is practical, so we can conclude that Roswell is practical. We know that Lee is not political, so we can conclude that Roswell is not political. We know that Solomon is practical, so we can conclude that Arvel is not political. We know that Gemma is not practical, so we can conclude that Arvel is not practical. We know that Lee is practical, so we can conclude that Roswell is practical. We know that Lee"
self_contradiction,F,,F,0,T,1,"Step 1: Identify the relevant information in the facts.
- Quillan is not plucky.
- Richard is not enchanting.
- Roland is humble.
- Philbert is enchanting.
- Quillan is not humble.
- Richard is plucky.
- Quillan is not naughty.
- Kent is not serious.
- Richard is smoggy.
- Orlando is not humble.
- Philbert is not serious.
- Kathryn is not enchanting.
- Roland being enchanting is equivalent to Quillan being smoggy.
- Kent being humble and Richard being not naughty imply that Richard is enchanting.
- If all people are not naughty, then Quillan is not serious and Orlando is plucky.
- Someone who is not plucky or serious is always naughty and not humble.
- If someone is not plucky and not serious, then he is not enchanting, and vice versa.
- Quillan being smoggy and Orlando being naughty imply that Orlando is humble.
- If there is someone who is either smoggy or not humble, then Orlando is not serious.
- It can be concluded that Quillan is plucky once knowing that Philbert is not enchanting and Philbert is not serious.
- If someone is not serious, then he is always not plucky.
- All not smoggy people are not naughty.
- It can be concluded that Quillan is not naughty and Richard is not humble once knowing that Richard is not serious.
- Someone who is not serious is always not plucky.
- If someone is not plucky and not serious, then he is not enchanting, and vice versa.
- Quillan being smoggy and Orlando being naughty imply that Orlando is humble.
- If there is someone who is either smoggy or not humble, then Orlando is not serious.
- It can be concluded that Quillan is plucky once knowing that Philbert is not enchanting and Philbert is not serious.
- If someone is not plucky and not serious, then he is not enchanting, and vice versa.
- Quillan being smoggy and Orlando being naughty imply that Orlando is humble.
- If there is someone who is either smoggy or not humble, then Orlando is not serious.
- It can be concluded that Quillan is plucky once knowing that Philbert is not enchanting and Philbert is not serious.
- If someone is not plucky and not serious, then he is not enchanting,"
contradiction,F,,F,0,T,1,"Step 1: Identify the relevant information in the facts.
- Quillan is not plucky.
- Richard is not enchanting.
- Roland is humble.
- Philbert is enchanting.
- Quillan is not humble.
- Richard is plucky.
- Quillan is not naughty.
- Kent is not serious.
- Richard is smoggy.
- Orlando is not humble.
- Philbert is not serious.
- Kathryn is not enchanting.
- Roland being enchanting is equivalent to Quillan being smoggy.
- Kent being humble and Richard being not naughty imply that Richard is enchanting.
- If all people are not naughty, then Quillan is not serious and Orlando is plucky.
- Someone who is not plucky or serious is always naughty and not humble.
- If someone is not plucky and not serious, then he is not enchanting, and vice versa.
- Quillan being smoggy and Orlando being naughty imply that Orlando is humble.
- If there is someone who is either smoggy or not humble, then Orlando is not serious.
- It can be concluded that Quillan is plucky once knowing that Philbert is not enchanting and Philbert is not serious.
- If someone is not serious, then he is not plucky.
- All not smoggy people are not naughty.
- It can be concluded that Quillan is not naughty and Richard is not humble once knowing that Richard is not serious.

Step 2: Apply the rules to the given information.
- If someone is not serious, then he is not plucky.
- If someone is not plucky, then he is not smoggy.
- If someone is not smoggy, then he is not naughty.
- If someone is not naughty, then he is not serious.
- If someone is not serious, then he is not enchanting.
- If someone is not enchanting, then he is not humble.
- If someone is not humble, then he is not smoggy.
- If someone is not smoggy, then he is not naughty.
- If someone is not naughty, then he is not serious.
- If someone is not serious, then he is not plucky.
- If someone is not plucky, then he is not smoggy.
- If someone is not smoggy, then he is not naughty.
- If someone is not naughty, then he is not serious.
- If someone is not serious, then he is"
entailment,T,,F,0,T,0,"Step 1: Identify the relevant information in the facts.
- Quillan is not plucky.
- Richard is not enchanting.
- Roland is humble.
- Philbert is enchanting.
- Quillan is not humble.
- Richard is plucky.
- Quillan is not naughty.
- Kent is not serious.
- Richard is smoggy.
- Orlando is not humble.
- Philbert is not serious.
- Kathryn is not enchanting.
- Roland being enchanting is equivalent to Quillan being smoggy.
- Kent being humble and Richard being not naughty imply that Richard is enchanting.
- If all people are not naughty, then Quillan is not serious and Orlando is plucky.
- Someone who is not plucky and not serious is always naughty and not humble.
- If someone is not plucky and not serious, then he is not enchanting, and vice versa.
- Quillan being smoggy and Orlando being naughty imply that Orlando is humble.
- If there is someone who is either smoggy or not humble, then Orlando is not serious.
- It can be concluded that Quillan is plucky once knowing that Philbert is not enchanting and Philbert is not serious.
- If someone is not serious, then he is not plucky.
- All not smoggy people are not naughty.
- It can be concluded that Quillan is not naughty and Richard is not humble once knowing that Richard is not serious.

Step 2: Apply the rules to the given information.
- If someone is not serious, then he is not plucky.
- If someone is not plucky, then he is not smoggy.
- If someone is not smoggy, then he is not naughty.
- If someone is not naughty, then he is not serious.
- If someone is not serious, then he is not enchanting.
- If someone is not enchanting, then he is not humble.
- If someone is not humble, then he is not smoggy.
- If someone is not smoggy, then he is not naughty.
- If someone is not naughty, then he is not serious.
- If someone is not serious, then he is not plucky.
- If someone is not plucky, then he is not smoggy.
- If someone is not smoggy, then he is not naughty.
- If someone is not naughty, then he is not serious.
- If someone is not serious, then he"
contradiction,F,,F,0,T,1,"Step 1: Identify the relevant information in the facts.
- Quillan is not plucky.
- Richard is not enchanting.
- Roland is humble.
- Philbert is enchanting.
- Quillan is not humble.
- Richard is plucky.
- Quillan is not naughty.
- Kent is not serious.
- Richard is smoggy.
- Orlando is not humble.
- Philbert is not serious.
- Kathryn is not enchanting.

Step 2: Analyze the information to determine the relationships between the people mentioned in the facts.
- Quillan is not plucky and Richard is not enchanting, which implies that Quillan is not smoggy and Richard is not serious.
- Roland is humble and Philbert is enchanting, which implies that Roland is not smoggy and Philbert is not serious.
- Quillan is not humble and Richard is plucky, which implies that Quillan is not smoggy and Richard is not serious.
- Kent is not serious and Richard is smoggy, which implies that Kent is not smoggy and Richard is not serious.
- Orlando is not humble and Philbert is not serious, which implies that Orlando is not smoggy and Philbert is not serious.
- Quillan is not naughty and Richard is not humble, which implies that Quillan is not smoggy and Richard is not serious.
- Quillan is not smoggy and Orlando is plucky, which implies that Quillan is not smoggy and Orlando is not serious.
- Someone who is not smoggy is not naughty, and someone who is not serious is always not plucky.

Step 3: Apply the rules to the information to determine the truth of the statement.
- If someone is not smoggy, then they are not naughty.
- If someone is not serious, then they are always not plucky.
- If someone is not smoggy and not serious, then they are not naughty and not plucky.
- If someone is not smoggy and not serious, then they are not smoggy and not plucky.
- If someone is not smoggy and not serious, then they are not smoggy and not plucky.
- If someone is not smoggy and not serious, then they are not smoggy and not plucky.
- If someone is not smoggy and not serious, then they are not smoggy and not plucky.
-"
self_contradiction,F,,F,0,T,1,"Step 1: Identify the relevant information in the facts.
- Richard is not plucky.

Step 2: Apply the rules to the information.
- If someone is not plucky, then they are not smoggy.
- If someone is not smoggy, then they are not naughty.
- If someone is not naughty, then they are not serious.

Step 3: Apply the rules to the question.
- Since Richard is not plucky, he is not smoggy.
- Since Richard is not smoggy, he is not naughty.
- Since Richard is not naughty, he is not serious.

Step 4: Draw a conclusion based on the information and rules.
- Richard is not plucky, so he is not smoggy, and he is not naughty, which means he is not serious."
neutral,F,,F,0,T,1,"1. The facts given are:
- Quillan is not plucky.
- Richard is not enchanting.
- Roland is humble.
- Philbert is enchanting.
- Quillan is not humble.
- Richard is plucky.
- Quillan is not naughty.
- Kent is not serious.
- Richard is smoggy.
- Orlando is not humble.
- Philbert is not serious.
- Kathryn is not enchanting.
- Roland being enchanting is equivalent to Quillan being smoggy.
- Kent being humble and Richard being not naughty imply that Richard is enchanting.
- If all people are not naughty, then Quillan is not serious and Orlando is plucky.
- Someone who is not plucky and not serious is always naughty and not humble.
- If someone is not plucky and not serious, then he is not enchanting, and vice versa.
- Quillan being smoggy and Orlando being naughty imply that Orlando is humble.
- If there is someone who is either smoggy or not humble, then Orlando is not serious.
- It can be concluded that Quillan is plucky once knowing that Philbert is not enchanting and Philbert is not serious.
- If someone is not serious, then he is not plucky.
- All not smoggy people are not naughty.
- It can be concluded that Quillan is not naughty and Richard is not humble once knowing that Richard is not serious.
- Someone who is not serious is always not plucky.
- The rules given are:
- (Implicit in facts)
- Quillan is serious.
- Quillan is not plucky.
- Richard is not enchanting.
- Roland is humble.
- Philbert is enchanting.
- Quillan is not humble.
- Richard is plucky.
- Quillan is not naughty.
- Kent is not serious.
- Richard is smoggy.
- Orlando is not humble.
- Philbert is not serious.
- Kathryn is not enchanting.
- Roland being enchanting is equivalent to Quillan being smoggy.
- Kent being humble and Richard being not naughty imply that Richard is enchanting.
- If all people are not naughty, then Quillan is not serious and Orlando is plucky.
- Someone who is not plucky and not serious is always naughty and not humble.
- If someone is not plucky and not serious, then he is not enchanting, and vice versa.
- Quillan being sm"
entailment,T,,F,0,T,0,"Kent is not smoggy.
Kent is not smoggy.
Kent is not smoggy.
Kent is not smoggy.
Kent is not smoggy.
Kent is not smoggy.
Kent is not smoggy.
Kent is not smoggy.
Kent is not smoggy.
Kent is not smoggy.
Kent is not smoggy.
Kent is not smoggy.
Kent is not smoggy.
Kent is not smoggy.
Kent is not smoggy.
Kent is not smoggy.
Kent is not smoggy.
Kent is not smoggy.
Kent is not smoggy.
Kent is not smoggy.
Kent is not smoggy.
Kent is not smoggy.
Kent is not smoggy.
Kent is not smoggy.
Kent is not smoggy.
Kent is not smoggy.
Kent is not smoggy.
Kent is not smoggy.
Kent is not smoggy.
Kent is not smoggy.
Kent is not smoggy.
Kent is not smoggy.
Kent is not smoggy.
Kent is not smoggy.
Kent is not smoggy.
Kent is not smoggy.
Kent is not smoggy.
Kent is not smoggy.
Kent is not smoggy.
Kent is not smoggy.
Kent is not smoggy.
Kent is not smoggy.
Kent is not smoggy.
Kent is not smoggy.
Kent is not smoggy.
Kent is not smoggy.
Kent is not smoggy.
Kent is not smoggy.
Kent is not smoggy.
Kent is not smoggy.
Kent is not smoggy.
Kent is not smoggy.
Kent is not smoggy.
Kent is not smoggy.
Kent is not smoggy.
Kent is not smoggy.
Kent is not smoggy.
Kent is not smoggy.
Kent is not smoggy.
Kent is not smoggy.
Kent is not smoggy.
Kent is not smoggy.
Kent is not smoggy.
Kent is not smoggy.
Kent is not smoggy.
Kent is not smoggy.
Kent is not smoggy.
Kent is not smoggy.
Kent is not smoggy.
Kent is not smoggy.
Kent is not smoggy.
Kent is not smoggy.
Kent is not smoggy.
Kent"
contradiction,F,,F,0,T,1,"1. The facts given are:
- Quillan is not plucky.
- Richard is not enchanting.
- Roland is humble.
- Philbert is enchanting.
- Quillan is not humble.
- Richard is plucky.
- Quillan is not naughty.
- Kent is not serious.
- Richard is smoggy.
- Orlando is not humble.
- Philbert is not serious.
- Kathryn is not enchanting.
- Roland being enchanting is equivalent to Quillan being smoggy.
- Kent being humble and Richard being not naughty imply that Richard is enchanting.
- If all people are not naughty, then Quillan is not serious and Orlando is plucky.
- Someone who is not plucky or serious is always naughty and not humble.
- If someone is not plucky and not serious, then he is not enchanting, and vice versa.
- Quillan being smoggy and Orlando being naughty imply that Orlando is humble.
- If there is someone who is either smoggy or not humble, then Orlando is not serious.
- It can be concluded that Quillan is plucky once knowing that Philbert is not enchanting and Philbert is not serious.
- If someone is not serious, then he is not plucky.
- All not smoggy people are not naughty.
- It can be concluded that Quillan is not naughty and Richard is not humble once knowing that Richard is not serious.
- Someone who is not serious is always not plucky.

2. The question is:
- Kathryn is serious.

3. To answer the question, we need to consider the facts given and the rules mentioned above.

4. From the facts given, we know that:
- Quillan is not plucky.
- Richard is not enchanting.
- Roland is humble.
- Philbert is enchanting.
- Quillan is not humble.
- Richard is plucky.
- Quillan is not naughty.
- Kent is not serious.
- Richard is smoggy.
- Orlando is not humble.
- Philbert is not serious.
- Kathryn is not enchanting.
- Roland being enchanting is equivalent to Quillan being smoggy.
- Kent being humble and Richard being not naughty imply that Richard is enchanting.
- If all people are not naughty, then Quillan is not serious and Orlando is plucky.
- Someone who is not plucky or serious is always naughty and not humble.
- If someone is not plucky"
contradiction,F,,F,0,T,1,"Kent is not smoggy.
Kent is not smoggy.
Kent is not smoggy.
Kent is not smoggy.
Kent is not smoggy.
Kent is not smoggy.
Kent is not smoggy.
Kent is not smoggy.
Kent is not smoggy.
Kent is not smoggy.
Kent is not smoggy.
Kent is not smoggy.
Kent is not smoggy.
Kent is not smoggy.
Kent is not smoggy.
Kent is not smoggy.
Kent is not smoggy.
Kent is not smoggy.
Kent is not smoggy.
Kent is not smoggy.
Kent is not smoggy.
Kent is not smoggy.
Kent is not smoggy.
Kent is not smoggy.
Kent is not smoggy.
Kent is not smoggy.
Kent is not smoggy.
Kent is not smoggy.
Kent is not smoggy.
Kent is not smoggy.
Kent is not smoggy.
Kent is not smoggy.
Kent is not smoggy.
Kent is not smoggy.
Kent is not smoggy.
Kent is not smoggy.
Kent is not smoggy.
Kent is not smoggy.
Kent is not smoggy.
Kent is not smoggy.
Kent is not smoggy.
Kent is not smoggy.
Kent is not smoggy.
Kent is not smoggy.
Kent is not smoggy.
Kent is not smoggy.
Kent is not smoggy.
Kent is not smoggy.
Kent is not smoggy.
Kent is not smoggy.
Kent is not smoggy.
Kent is not smoggy.
Kent is not smoggy.
Kent is not smoggy.
Kent is not smoggy.
Kent is not smoggy.
Kent is not smoggy.
Kent is not smoggy.
Kent is not smoggy.
Kent is not smoggy.
Kent is not smoggy.
Kent is not smoggy.
Kent is not smoggy.
Kent is not smoggy.
Kent is not smoggy.
Kent is not smoggy.
Kent is not smoggy.
Kent is not smoggy.
Kent is not smoggy.
Kent is not smoggy.
Kent is not smoggy.
Kent is not smoggy.
Kent is not smoggy.
Kent"
self_contradiction,F,,F,0,T,1,Quillan is not naughty. Quillan is not plucky. Quillan is not smoggy. Quillan is not enchanting. Quillan is not humble. Quillan is not serious. Quillan is not naughty. Quillan is not smoggy. Quillan is not enchanting. Quillan is not humble. Quillan is not serious. Quillan is not naughty. Quillan is not smoggy. Quillan is not enchanting. Quillan is not humble. Quillan is not serious. Quillan is not naughty. Quillan is not smoggy. Quillan is not enchanting. Quillan is not humble. Quillan is not serious. Quillan is not naughty. Quillan is not smoggy. Quillan is not enchanting. Quillan is not humble. Quillan is not serious. Quillan is not naughty. Quillan is not smoggy. Quillan is not enchanting. Quillan is not humble. Quillan is not serious. Quillan is not naughty. Quillan is not smoggy. Quillan is not enchanting. Quillan is not humble. Quillan is not serious. Quillan is not naughty. Quillan is not smoggy. Quillan is not enchanting. Quillan is not humble. Quillan is not serious. Quillan is not naughty. Quillan is not smoggy. Quillan is not enchanting. Quillan is not humble. Quillan is not serious. Quillan is not naughty. Quillan is not smoggy. Quillan is not enchanting. Quillan is not humble. Quillan is not serious. Quillan is not naughty. Quillan is not smoggy. Quillan is not enchanting. Quillan is not humble. Quillan is not serious. Quillan is not naughty. Quillan is not smoggy. Quillan is not enchanting. Quillan is not humble. Quillan is not serious. Quillan is not naughty. Quillan is not smoggy. Quillan is not enchanting. Quillan is not humble. Quillan is not serious. Quillan is not naughty. Quillan
contradiction,F,,F,0,T,1,"Step 1: Identify the relevant information in the facts.
- Richard is not naughty.
- Quillan is not plucky.
- Roland is humble.
- Philbert is enchanting.
- Quillan is not humble.
- Richard is plucky.
- Quillan is not naughty.
- Kent is not serious.
- Richard is smoggy.
- Orlando is not humble.
- Philbert is not serious.
- Kathryn is not enchanting.
- Roland being enchanting is equivalent to Quillan being smoggy.
- Kent being humble and Richard being not naughty imply that Richard is enchanting.
- If all people are not naughty, then Quillan is not serious and Orlando is plucky.
- Someone who is not plucky or serious is always naughty and not humble.
- If someone is not plucky and not serious, then he is not enchanting, and vice versa.
- Quillan being smoggy and Orlando being naughty imply that Orlando is humble.
- If there is someone who is either smoggy or not humble, then Orlando is not serious.
- It can be concluded that Quillan is plucky once knowing that Philbert is not enchanting and Philbert is not serious.
- If someone is not serious, then he is not plucky.
- All not smoggy people are not naughty.
- It can be concluded that Quillan is not naughty and Richard is not humble once knowing that Richard is not serious.
- Someone who is not serious is always not plucky.

Step 2: Apply the rules to the facts.
- If someone is not serious, then he is not plucky.
- All not smoggy people are not naughty.
- It can be concluded that Quillan is not naughty and Richard is not humble once knowing that Richard is not serious.

Step 3: Answer the question.
Richard is not naughty."
entailment,T,,F,0,T,0,"1. The facts given are:
- Quillan is not plucky.
- Richard is not enchanting.
- Roland is humble.
- Philbert is enchanting.
- Quillan is not humble.
- Richard is plucky.
- Quillan is not naughty.
- Kent is not serious.
- Richard is smoggy.
- Orlando is not humble.
- Philbert is not serious.
- Kathryn is not enchanting.
- Roland being enchanting is equivalent to Quillan being smoggy.
- Kent being humble and Richard being not naughty imply that Richard is enchanting.
- If all people are not naughty, then Quillan is not serious and Orlando is plucky.
- Someone who is not plucky and not serious is always naughty and not humble.
- If someone is not plucky and not serious, then he is not enchanting, and vice versa.
- Quillan being smoggy and Orlando being naughty imply that Orlando is humble.
- If there is someone who is either smoggy or not humble, then Orlando is not serious.
- It can be concluded that Quillan is plucky once knowing that Philbert is not enchanting and Philbert is not serious.
- If someone is not serious, then he is always not plucky.
- The rules given are:
   - (Implicit in facts)
   - Richard is naughty.
   - Quillan is not plucky.
   - Richard is not enchanting.
   - Roland is humble.
   - Philbert is enchanting.
   - Quillan is not humble.
   - Richard is plucky.
   - Quillan is not naughty.
   - Kent is not serious.
   - Richard is smoggy.
   - Orlando is not humble.
   - Philbert is not serious.
   - Kathryn is not enchanting.
   - Roland being enchanting is equivalent to Quillan being smoggy.
   - Kent being humble and Richard being not naughty imply that Richard is enchanting.
   - If all people are not naughty, then Quillan is not serious and Orlando is plucky.
   - Someone who is not plucky and not serious is always naughty and not humble.
   - If someone is not plucky and not serious, then he is not enchanting, and vice versa.
   - Quillan being smoggy and Orlando being naughty imply that Orlando is humble.
   - If there is someone who is either smoggy or not humble, then"
entailment,T,,F,0,T,0,Kent is not serious. Kent is not smoggy. Kent is not smoggy. Kent is not smoggy. Kent is not smoggy. Kent is not smoggy. Kent is not smoggy. Kent is not smoggy. Kent is not smoggy. Kent is not smoggy. Kent is not smoggy. Kent is not smoggy. Kent is not smoggy. Kent is not smoggy. Kent is not smoggy. Kent is not smoggy. Kent is not smoggy. Kent is not smoggy. Kent is not smoggy. Kent is not smoggy. Kent is not smoggy. Kent is not smoggy. Kent is not smoggy. Kent is not smoggy. Kent is not smoggy. Kent is not smoggy. Kent is not smoggy. Kent is not smoggy. Kent is not smoggy. Kent is not smoggy. Kent is not smoggy. Kent is not smoggy. Kent is not smoggy. Kent is not smoggy. Kent is not smoggy. Kent is not smoggy. Kent is not smoggy. Kent is not smoggy. Kent is not smoggy. Kent is not smoggy. Kent is not smoggy. Kent is not smoggy. Kent is not smoggy. Kent is not smoggy. Kent is not smoggy. Kent is not smoggy. Kent is not smoggy. Kent is not smoggy. Kent is not smoggy. Kent is not smoggy. Kent is not smoggy. Kent is not smoggy. Kent is not smoggy. Kent is not smoggy. Kent is not smoggy. Kent is not smoggy. Kent is not smoggy. Kent is not smoggy. Kent is not smoggy. Kent is not smoggy. Kent is not smoggy. Kent is not smoggy. Kent is not smoggy. Kent is not smoggy. Kent is not smoggy. Kent is not smoggy. Kent is not smoggy. Kent is not smoggy. Kent is not smoggy. Kent is not smoggy. Kent is not smoggy. Kent is not smoggy. Kent is not smoggy. Kent is not
self_contradiction,F,,F,0,F,1,"Quillan is not plucky.
Quillan is not smoggy.
Quillan is not enchanting.
Quillan is not humble.
Quillan is not naughty.
Quillan is not serious.
Quillan is not smoggy.
Quillan is not enchanting.
Quillan is not humble.
Quillan is not naughty.
Quillan is not serious.
Quillan is not smoggy.
Quillan is not enchanting.
Quillan is not humble.
Quillan is not naughty.
Quillan is not serious.
Quillan is not smoggy.
Quillan is not enchanting.
Quillan is not humble.
Quillan is not naughty.
Quillan is not serious.
Quillan is not smoggy.
Quillan is not enchanting.
Quillan is not humble.
Quillan is not naughty.
Quillan is not serious.
Quillan is not smoggy.
Quillan is not enchanting.
Quillan is not humble.
Quillan is not naughty.
Quillan is not serious.
Quillan is not smoggy.
Quillan is not enchanting.
Quillan is not humble.
Quillan is not naughty.
Quillan is not serious.
Quillan is not smoggy.
Quillan is not enchanting.
Quillan is not humble.
Quillan is not naughty.
Quillan is not serious.
Quillan is not smoggy.
Quillan is not enchanting.
Quillan is not humble.
Quillan is not naughty.
Quillan is not serious.
Quillan is not smoggy.
Quillan is not enchanting.
Quillan is not humble.
Quillan is not naughty.
Quillan is not serious.
Quillan is not smoggy.
Quillan is not enchanting.
Quillan is not humble.
Quillan is not naughty.
Quillan is not serious.
Quillan is not smoggy.
Quillan is not enchanting.
Quillan is not humble.
Quillan is not naughty.
Quillan is not serious.
Quillan is not smoggy.
Quillan is not enchanting.
Quillan is not humble.
Quillan is not naughty.
Quillan is not serious.
Quillan is not smoggy.
Qu"
neutral,F,,F,0,T,1,"1. The facts given are:
- Quillan is not plucky.
- Richard is not enchanting.
- Roland is humble.
- Philbert is enchanting.
- Quillan is not humble.
- Richard is plucky.
- Quillan is not naughty.
- Kent is not serious.
- Richard is smoggy.
- Orlando is not humble.
- Philbert is not serious.
- Kathryn is not enchanting.
- Roland is smoggy.
- Kent is humble.
- Orlando is plucky.
- Quillan is not humble.
- Richard is plucky.
- Quillan is not naughty.
- Kent is not serious.
- Richard is smoggy.
- Orlando is not humble.
- Philbert is not serious.
- Katheryn is not enchanting.
- Roland is smoggy.
- Kent is humble.
- Orlando is plucky.

2. The rules given are:
- If someone is not plucky, then he is not serious.
- If someone is not serious, then he is not plucky.
- If someone is not plucky, then he is not smoggy.
- If someone is not smoggy, then he is not serious.
- If someone is not serious, then he is not smoggy.
- If someone is not smoggy, then he is not serious.
- If someone is not serious, then he is not smoggy.
- If someone is not smoggy, then he is not serious.
- If someone is not serious, then he is not smoggy.
- If someone is not smoggy, then he is not serious.
- If someone is not serious, then he is not smoggy.
- If someone is not smoggy, then he is not serious.
- If someone is not serious, then he is not smoggy.
- If someone is not smoggy, then he is not serious.
- If someone is not serious, then he is not smoggy.
- If someone is not smoggy, then he is not serious.
- If someone is not serious, then he is not smoggy.
- If someone is not smoggy, then he is not serious.
- If someone is not serious, then he is not smoggy.
- If someone is not smoggy, then he is not serious.
- If someone is not serious, then he is not smoggy.
- If someone is not smog"
self_contradiction,F,,F,0,F,1,Quillan is not plucky.
neutral,F,,F,0,T,1,"1. The facts given are that Quillan is not plucky, Richard is not enchanting, Roland is humble, and Philbert is enchanting. 2. We need to determine if any of these statements are true or false. 3. We know that Quillan is not plucky, so we can eliminate that statement. 4. We know that Richard is not enchanting, so we can eliminate that statement. 5. We know that Roland is humble, so we can eliminate that statement. 6. We know that Philbert is enchanting, so we can eliminate that statement. 7. We know that Quillan is not humble, so we can eliminate that statement. 8. We know that Richard is plucky, so we can eliminate that statement. 9. We know that Roland is not naughty, so we can eliminate that statement. 10. We know that Kent is not serious, so we can eliminate that statement. 11. We know that Richard is smoggy, so we can eliminate that statement. 12. We know that Orlando is not humble, so we can eliminate that statement. 13. We know that Philbert is not serious, so we can eliminate that statement. 14. We know that Kathryn is not enchanting, so we can eliminate that statement. 15. We know that Roland is not humble, so we can eliminate that statement. 16. We know that Quillan is not serious, so we can eliminate that statement. 17. We know that Quillan is not naughty, so we can eliminate that statement. 18. We know that Kent is not serious, so we can eliminate that statement. 19. We know that Richard is smoggy, so we can eliminate that statement. 20. We know that Orlando is plucky, so we can eliminate that statement. 21. We know that Philbert is not serious, so we can eliminate that statement. 22. We know that Katheryn is not enchanting, so we can eliminate that statement. 23. We know that Roland is not plucky, so we can eliminate that statement. 24. We know that Quillan is not smoggy, so we can eliminate that statement. 25. We know that Richard is not serious, so we can eliminate that statement. 26. We know that Quill"
neutral,F,,F,0,T,1,Quillan is not smoggy. Quillan is not plucky. Quillan is not naughty. Quillan is not enchanting. Quillan is not humble. Quillan is not smoggy. Quillan is not smoggy. Quillan is not smoggy. Quillan is not smoggy. Quillan is not smoggy. Quillan is not smoggy. Quillan is not smoggy. Quillan is not smoggy. Quillan is not smoggy. Quillan is not smoggy. Quillan is not smoggy. Quillan is not smoggy. Quillan is not smoggy. Quillan is not smoggy. Quillan is not smoggy. Quillan is not smoggy. Quillan is not smoggy. Quillan is not smoggy. Quillan is not smoggy. Quillan is not smoggy. Quillan is not smoggy. Quillan is not smoggy. Quillan is not smoggy. Quillan is not smoggy. Quillan is not smoggy. Quillan is not smoggy. Quillan is not smoggy. Quillan is not smoggy. Quillan is not smoggy. Quillan is not smoggy. Quillan is not smoggy. Quillan is not smoggy. Quillan is not smoggy. Quillan is not smoggy. Quillan is not smoggy. Quillan is not smoggy. Quillan is not smoggy. Quillan is not smoggy. Quillan is not smoggy. Quillan is not smoggy. Quillan is not smoggy. Quillan is not smoggy. Quillan is not smoggy. Quillan is not smoggy. Quillan is not smoggy. Quillan is not smoggy. Quillan is not smoggy. Quillan is not smoggy. Quillan is not smoggy. Quillan is not smoggy. Quillan is not smoggy. Quillan is not smoggy. Quillan is not
neutral,F,,F,0,T,1,"Step 1: Identify the relevant information in the facts.
- Orlando is not humble.
- Quillan is not plucky.
- Richard is not enchanting.
- Roland is humble.
- Philbert is enchanting.
- Quillan is not humble.
- Richard is plucky.
- Quillan is not naughty.
- Kent is not serious.
- Richard is smoggy.
- Orlando is not humble.
- Philbert is not serious.
- Kathryn is not enchanting.
- Roland being enchanting is equivalent to Quillan being smoggy.
- Kent being humble and Richard being not naughty imply that Richard is enchanting.
- If all people are not naughty, then Quillan is not serious and Orlando is plucky.
- Someone who is not plucky or serious is always naughty and not humble.
- If someone is not plucky and not serious, then he is not enchanting, and vice versa.
- Quillan being smoggy and Orlando being naughty imply that Orlando is humble.
- If there is someone who is either smoggy or not humble, then Orlando is not serious.
- It can be concluded that Quillan is plucky once knowing that Philbert is not enchanting and Philbert is not serious.
- If someone is not serious, then he is not plucky.
- All not smoggy people are not naughty.
- It can be concluded that Quillan is not naughty and Richard is not humble once knowing that Richard is not serious.
- Someone who is not serious is always not plucky.

Step 2: Apply the rules to the given information.
- Orlando is smoggy.
- Quillan is not plucky.
- Richard is not enchanting.
- Roland is humble.
- Philbert is enchanting.
- Quillan is not humble.
- Richard is plucky.
- Quillan is not naughty.
- Kent is not serious.
- Richard is smoggy.
- Orlando is not humble.
- Philbert is not serious.
- Kathryn is not enchanting.
- Roland being enchanting is equivalent to Quillan being smoggy.
- Kent being humble and Richard being not naughty imply that Richard is enchanting.
- If all people are not naughty, then Quillan is not serious and Orlando is plucky.
- Someone who is not plucky or serious is always naughty and not humble.
- If someone is not plucky and not serious, then he is not enchanting, and vice"
entailment,T,,F,0,T,0,"Step 1: Identify the relevant information in the facts.
- Quillan is not plucky.
- Richard is not enchanting.
- Roland is humble.
- Philbert is enchanting.
- Quillan is not humble.
- Richard is plucky.
- Quillan is not naughty.
- Kent is not serious.
- Richard is smoggy.
- Orlando is not humble.
- Philbert is not serious.
- Kathryn is not enchanting.
- Roland being enchanting is equivalent to Quillan being smoggy.
- Kent being humble and Richard being not naughty imply that Richard is enchanting.
- If all people are not naughty, then Quillan is not serious and Orlando is plucky.
- Someone who is not plucky or serious is always naughty and not humble.
- If someone is not plucky and not serious, then he is not enchanting, and vice versa.
- Quillan being smoggy and Orlando being naughty imply that Orlando is humble.
- If there is someone who is either smoggy or not humble, then Orlando is not serious.
- It can be concluded that Quillan is plucky once knowing that Philbert is not enchanting and Philbert is not serious.
- If someone is not serious, then he is not plucky.
- All not smoggy people are not naughty.
- It can be concluded that Quillan is not naughty and Richard is not humble once knowing that Richard is not serious.
- Someone who is not serious is always not plucky.

Step 2: Apply the rules to the given information.
- If someone is not serious, then he is not plucky.
- All not smoggy people are not naughty.
- It can be concluded that Quillan is not naughty and Richard is not humble once knowing that Richard is not serious.

Step 3: Answer the question.
- Kathryn is not plucky."
entailment,T,,T,0,T,1,"1. The facts given are:
- Garth is angry.
- Roland is wild.
- Hadden is not red.
- Philbert is not red.
- Everett is wild.
- Uriah is red.
- Garth is red.
- Garth is not wild.
- Philbert is not wild.
- Sterling is electronic.
- Everett is angry.
- Sterling is not angry.

2. We need to use the given facts to determine the truth of the statement ""Philbert is alive.""

3. We know that Hadden is not red, so he is not alive.

4. We also know that Sterling is electronic, so he is not alive.

5. Since Hadden and Sterling are not alive, we can conclude that Philbert is alive.

6. Therefore, the statement ""Philbert is alive"" is true."
self_contradiction,F,,F,0,F,1,"1. The facts given are that Garth is angry.
2. The question asks if Garth is angry.
3. Since the question is asking about Garth's anger, we need to determine if Garth is angry.
4. The facts given do not provide any information about Garth's anger.
5. Therefore, we cannot conclude that Garth is angry based on the given facts.
6. The answer is that Garth is not angry."
self_contradiction,F,,T,0,T,0,"1. The facts given are:
- Garth is angry.
- Roland is wild.
- Hadden is not red.
- Philbert is angry.
- Everett is wild.
- Uriah is red.
- Garth is red.
- Garth is not wild.
- Philbert is not wild.
- Sterling is electronic.
- Everett is angry.
- Sterling is not angry.

2. We need to use the given facts to determine the truth of the statement ""Hadden is red once knowing that Philbert is not alive or Sterling is not electronic.""

3. We know that Hadden is not red, so we can eliminate the possibility that Hadden is red.

4. We also know that Sterling is electronic, so we can eliminate the possibility that Sterling is not electronic.

5. Now we are left with the possibility that Hadden is red once knowing that Philbert is not alive or Sterling is not electronic.

6. Since we know that Hadden is not red, we can conclude that Philbert is not alive or Sterling is not electronic.

7. Therefore, we can say that Hadden is red once knowing that Philbert is not alive or Sterling is not electronic.

8. The statement ""Hadden is red once knowing that Philbert is not alive or Sterling is not electronic"" is true."
self_contradiction,F,,F,0,F,1,"1. The facts given are that Garth is angry and Roland is wild.
2. The question asks if Garth is wild.
3. Since Garth is angry, it is not possible for him to be wild.
4. Therefore, the answer is that Garth is not wild."
contradiction,F,,F,0,T,1,"1. The facts given are:
- Garth is angry.
- Roland is wild.
- Hadden is not red.
- Philbert is angry.
- Everett is wild.
- Uriah is red.
- Garth is red.
- Garth is not wild.
- Philbert is not wild.
- Sterling is electronic.
- Everett is angry.
- Sterling is not angry.

2. We need to find a rule that can be used to deduce the truth of the statement ""Everett is not wild.""

3. We can start by looking at the facts given and the question we need to answer. The question is asking if Everett is not wild, and we know that Garth is not wild, so we can deduce that Garth is not wild.

4. We can use the rule that ""If someone is not wild, then they are not electronic."" Since Garth is not wild, we can conclude that Garth is not electronic.

5. We can also use the rule that ""If someone is not electronic, then they are not red."" Since Garth is not electronic, we can conclude that Garth is not red.

6. Finally, we can use the rule that ""If someone is not red, then they are not angry."" Since Garth is not red, we can conclude that Garth is not angry.

7. We can now use the rule that ""If someone is not angry, then they are not electronic."" Since Garth is not angry, we can conclude that Garth is not electronic.

8. We can also use the rule that ""If someone is not electronic, then they are not wild."" Since Garth is not electronic, we can conclude that Garth is not wild.

9. We can now use the rule that ""If someone is not wild, then they are not electronic."" Since Garth is not wild, we can conclude that Garth is not electronic.

10. We can also use the rule that ""If someone is not electronic, then they are not red."" Since Garth is not electronic, we can conclude that Garth is not red.

11. Finally, we can use the rule that ""If someone is not red, then they are not angry."" Since Garth is not red, we can conclude that Garth is not angry.

12. We can now use the rule that ""If someone is not angry, then they are not electronic."" Since Garth is not angry, we can conclude that Garth is not electronic."
entailment,T,,F,0,F,0,"1. The facts given are:
- Garth is angry.
- Roland is wild.
- Hadden is not red.
- Philbert is not red.
- Everett is wild.
- Uriah is red.
- Garth is red.
- Garth is not wild.
- Philbert is not wild.
- Sterling is electronic.
- Everett is angry.
- Sterling is not angry.

2. We need to use the given facts to determine the truth of the statement ""Philbert is obedient.""

3. We know that Hadden is not red, so Philbert cannot be red either. This means that Philbert cannot be obedient.

4. We also know that Garth is not wild, so Roland cannot be wild either. This means that Roland cannot be obedient.

5. We know that Garth is red, so Garth cannot be not red. This means that Garth cannot be obedient.

6. We know that Garth is not wild, so Garth cannot be not wild. This means that Garth cannot be obedient.

7. We know that Garth is not electronic, so Sterling cannot be electronic either. This means that Sterling cannot be obedient.

8. We know that Everett is angry, so Everett cannot be not angry. This means that Everett cannot be obedient.

9. We know that Sterling is not angry, so Sterling cannot be angry either. This means that Sterling cannot be obedient.

10. We know that Hadden is not red, so Philbert cannot be red either. This means that Philbert cannot be obedient.

11. We know that Philbert is not wild, so Philbert cannot be not wild. This means that Philbert cannot be obedient.

12. We know that Philbert is not red, so Philbert cannot be not red. This means that Philbert cannot be obedient.

13. We know that Philbert is not electronic, so Sterling cannot be electronic either. This means that Sterling cannot be obedient.

14. We know that Everett is angry, so Everett cannot be not angry. This means that Everett cannot be obedient.

15. We know that Sterling is not angry, so Sterling cannot be angry either. This means that Sterling cannot be obedient.

16. We know that Hadden is not red, so Philbert cannot be red either. This means that Philbert cannot be obedient.

17. We know that Philbert is not wild, so Philbert cannot be not wild. This means that Philbert cannot be obedient.

18"
neutral,F,,F,0,T,1,"1. The facts given are that Hadden is not red and that Garth is angry.
2. The question asks if Hadden is not alive.
3. Since Hadden is not red, it means that Hadden is not electronic.
4. Since Hadden is not electronic, it means that Hadden is not alive.
5. Therefore, the answer to the question is that Hadden is not alive."
contradiction,F,,F,0,F,1,"1. The facts given are:
- Garth is angry.
- Roland is wild.
- Hadden is not red.
- Philbert is angry.
- Everett is wild.
- Uriah is red.
- Garth is red.
- Garth is not wild.
- Philbert is not wild.
- Sterling is electronic.
- Everett is angry.
- Sterling is not angry.

2. We need to find a rule that can be used to deduce the truth of the statement ""Everett is not angry.""

3. We can start by looking at the facts given and the question we need to answer. The question is asking if Everett is not angry, and we need to find a rule that can be used to deduce this.

4. We can start by looking at the facts given and the question we need to answer. The question is asking if Everett is not angry, and we need to find a rule that can be used to deduce this.

5. We can start by looking at the facts given and the question we need to answer. The question is asking if Everett is not angry, and we need to find a rule that can be used to deduce this.

6. We can start by looking at the facts given and the question we need to answer. The question is asking if Everett is not angry, and we need to find a rule that can be used to deduce this.

7. We can start by looking at the facts given and the question we need to answer. The question is asking if Everett is not angry, and we need to find a rule that can be used to deduce this.

8. We can start by looking at the facts given and the question we need to answer. The question is asking if Everett is not angry, and we need to find a rule that can be used to deduce this.

9. We can start by looking at the facts given and the question we need to answer. The question is asking if Everett is not angry, and we need to find a rule that can be used to deduce this.

10. We can start by looking at the facts given and the question we need to answer. The question is asking if Everett is not angry, and we need to find a rule that can be used to deduce this.

11. We can start by looking at the facts given and the question we need to answer. The question is asking if Everett is not angry, and we need to find a rule that can be used to deduce this"
entailment,T,,T,0,T,1,"1. The facts given are:
- Garth is angry.
- Roland is wild.
- Hadden is not red.
- Philbert is angry.
- Everett is wild.
- Uriah is red.
- Garth is red.
- Garth is not wild.
- Philbert is not wild.
- Sterling is electronic.
- Everett is angry.
- Sterling is not angry.

2. We need to use the given facts to determine the truth of the statement ""Hadden is not red.""

3. We know that Hadden is not red, so we can conclude that the statement ""Hadden is not red"" is true.

4. Therefore, the answer to the question ""Hadden is not red"" is ""Yes."""
contradiction,F,,F,0,F,1,"1. The facts given are:
- Garth is angry.
- Roland is wild.
- Hadden is not red.
- Philbert is angry.
- Everett is wild.
- Uriah is red.
- Garth is red.
- Garth is not wild.
- Philbert is not wild.
- Sterling is electronic.
- Everett is angry.
- Sterling is not angry.

2. We need to use the given facts to determine the truth of the statement ""Hadden is red once knowing that Philbert is not alive or Sterling is not electronic.""

3. We know that Hadden is not red, so we can eliminate the possibility that Hadden is red based on the given facts.

4. We also know that Sterling is electronic, so we can eliminate the possibility that Sterling is red based on the given facts.

5. Now we are left with the possibility that Hadden is red. However, we also know that Philbert is not alive or Sterling is not electronic, which means that Hadden cannot be red based on the given facts.

6. Therefore, we can conclude that Hadden is not red once knowing that Philbert is not alive or Sterling is not electronic."
self_contradiction,F,,T,0,T,0,"1. The facts given are:
- Garth is angry.
- Roland is wild.
- Hadden is not red.
- Philbert is not red.
- Everett is wild.
- Uriah is red.
- Garth is red.
- Garth is not wild.
- Philbert is not wild.
- Sterling is electronic.
- Everett is angry.
- Sterling is not angry.

2. We need to use the given facts to determine the truth of the statement ""Philbert is not wild.""

3. We know that Garth is angry, Roland is wild, Hadden is not red, Philbert is not red, Everett is wild, Uriah is red, and Garth is red. We also know that Garth is not wild, and Philbert is not wild.

4. Since we know that Garth is not wild, we can conclude that Philbert is not wild as well.

5. Therefore, the statement ""Philbert is not wild"" is true based on the given facts."
contradiction,F,,F,0,F,1,"1. The facts given are that Garth is angry, Roland is wild, Hadden is not red, Philbert is not alive, and Sterling is electronic.
2. We are asked to conclude that Hadden is red once knowing that Philbert is not alive or Sterling is not electronic.
3. Since Hadden is not alive, we know that he is not electronic.
4. Therefore, we can conclude that Hadden is not red.
5. However, we are not given any information about whether or not Philbert is electronic, so we cannot conclude that Philbert is not alive based on the given facts.
6. Therefore, we cannot conclude that Hadden is red once knowing that Philbert is not alive or Sterling is not electronic."
neutral,F,,F,0,F,1,"1. If someone is not electronic, then he is not wild.
2. If someone is not electronic, then he is not angry.
3. If someone is not electronic, then he is not red.
4. If someone is not electronic, then he is not alive.
5. If someone is not electronic, then he is not angry.
6. If someone is not electronic, then he is not red.
7. If someone is not electronic, then he is not alive.
8. If someone is not electronic, then he is not red.
9. If someone is not electronic, then he is not alive.
10. If someone is not electronic, then he is not red.
11. If someone is not electronic, then he is not alive.
12. If someone is not electronic, then he is not red.
13. If someone is not electronic, then he is not alive.
14. If someone is not electronic, then he is not red.
15. If someone is not electronic, then he is not alive.
16. If someone is not electronic, then he is not red.
17. If someone is not electronic, then he is not alive.
18. If someone is not electronic, then he is not red.
19. If someone is not electronic, then he is not alive.
20. If someone is not electronic, then he is not red.
21. If someone is not electronic, then he is not alive.
22. If someone is not electronic, then he is not red.
23. If someone is not electronic, then he is not alive.
24. If someone is not electronic, then he is not red.
25. If someone is not electronic, then he is not alive.
26. If someone is not electronic, then he is not red.
27. If someone is not electronic, then he is not alive.
28. If someone is not electronic, then he is not red.
29. If someone is not electronic, then he is not alive.
30. If someone is not electronic, then he is not red.
31. If someone is not electronic, then he is not alive.
32. If someone is not electronic, then he is not red.
33. If someone is not electronic, then he is not alive.
34. If someone is not electronic, then he is not red.
35. If someone is not electronic, then"
contradiction,F,,F,0,F,1,"1. If someone is not wild, then he is not electronic.
2. If someone is not electronic, then he is not red.
3. If someone is not red, then he is not angry.
4. If someone is not angry, then he is not wild.
5. If someone is not wild, then he is not electronic.
6. If someone is not electronic, then he is not red.
7. If someone is not red, then he is not angry.
8. If someone is not angry, then he is not wild.
9. If someone is not wild, then he is not electronic.
10. If someone is not electronic, then he is not red.
11. If someone is not red, then he is not angry.
12. If someone is not angry, then he is not wild.
13. If someone is not wild, then he is not electronic.
14. If someone is not electronic, then he is not red.
15. If someone is not red, then he is not angry.
16. If someone is not angry, then he is not wild.
17. If someone is not wild, then he is not electronic.
18. If someone is not electronic, then he is not red.
19. If someone is not red, then he is not angry.
20. If someone is not angry, then he is not wild.
21. If someone is not wild, then he is not electronic.
22. If someone is not electronic, then he is not red.
23. If someone is not red, then he is not angry.
24. If someone is not angry, then he is not wild.
25. If someone is not wild, then he is not electronic.
26. If someone is not electronic, then he is not red.
27. If someone is not red, then he is not angry.
28. If someone is not angry, then he is not wild.
29. If someone is not wild, then he is not electronic.
30. If someone is not electronic, then he is not red.
31. If someone is not red, then he is not angry.
32. If someone is not angry, then he is not wild.
33. If someone is not wild, then he is not electronic.
34. If someone is not electronic, then he is not red.
35. If someone is not red, then"
self_contradiction,F,,F,0,F,1,"1. The facts given are that Garth is angry, Roland is wild, Hadden is not red, Philbert is not red, and Everett is wild.
2. We are asked to conclude that Hadden is red once knowing that Philbert is not alive or Sterling is not electronic.
3. Since Hadden is not red, we can conclude that Philbert is not alive or Sterling is not electronic.
4. If there is at least one person who is not wild, then Philbert is obedient and Garth is not electronic.
5. If someone is both wild and alive, then he is obedient.
6. If someone is not wild and not electronic, then he is not angry.
7. If Hadden is not obedient, then Sterling is angry and Sterling is not electronic.
8. If someone is not angry or electronic, then he is always wild.
9. If Garth is not angry, then Roland is obedient, and vice versa.
10. If someone is not wild or not electronic, then he is not angry.
11. If there is someone who is obedient, then Sterling is wild.
12. If Hadden is not obedient, then Sterling is angry and Sterling is not electronic.
13. If someone is not wild or not electronic, then he is not angry.
14. If there is someone who is obedient, then Sterling is wild.
15. If Hadden is not obedient, then Sterling is angry and Sterling is not electronic.
16. If someone is not wild or not electronic, then he is not angry.
17. If there is someone who is obedient, then Sterling is wild.
18. If Hadden is not obedient, then Sterling is angry and Sterling is not electronic.
19. If someone is not wild or not electronic, then he is not angry.
20. If there is someone who is obedient, then Sterling is wild.
21. If Hadden is not obedient, then Sterling is angry and Sterling is not electronic.
22. If someone is not wild or not electronic, then he is not angry.
23. If there is someone who is obedient, then Sterling is wild.
24. If Hadden is not obedient, then Sterling is angry and Sterling is not electronic.
25. If someone is not wild or not electronic, then he is not angry.
26. If there is someone who is obedient, then Sterling is wild.
27. If Hadden is not obedient, then Sterling is"
neutral,F,,F,0,F,1,"1. The facts given are:
- Garth is angry.
- Roland is wild.
- Hadden is not red.
- Philbert is angry.
- Everett is wild.
- Uriah is red.
- Garth is red.
- Garth is not wild.
- Philbert is not wild.
- Sterling is electronic.
- Everett is angry.
- Sterling is not angry.

2. We need to use the given facts to determine the truth of the statement ""Uriah is angry.""

3. We know that Garth is angry, so we can conclude that Garth is not wild.

4. We also know that Roland is wild, so we can conclude that Roland is not red.

5. We know that Hadden is not red, so we can conclude that Hadden is not wild.

6. We know that Philbert is angry, so we can conclude that Philbert is not wild.

7. We know that Everett is wild, so we can conclude that Everett is not angry.

8. We know that Uriah is red, so we can conclude that Uriah is not wild.

9. We know that Garth is red, so we can conclude that Garth is not wild.

10. We know that Philbert is not wild, so we can conclude that Philbert is not electronic.

11. We know that Sterling is electronic, so we can conclude that Sterling is not angry.

12. We know that Everett is angry, so we can conclude that Everett is not electronic.

13. We know that Sterling is not angry, so we can conclude that Sterling is not electronic.

14. We know that Hadden is not wild, so we can conclude that Hadden is not electronic.

15. We know that Garth is not wild, so we can conclude that Garth is not electronic.

16. We know that Philbert is not wild, so we can conclude that Philbert is not electronic.

17. We know that Sterling is not electronic, so we can conclude that Sterling is not electronic.

18. We know that Uriah is not wild, so we can conclude that Uriah is not electronic.

19. We know that Garth is not wild, so we can conclude that Garth is not electronic.

20. We know that Philbert is not wild, so we can conclude that Philbert is not electronic.

21. We know that Sterling is not electronic, so we can conclude that Sterling is not electronic.

22"
entailment,T,,F,0,F,0,"1. The facts given are:
- Garth is angry.
- Roland is wild.
- Hadden is not red.
- Philbert is angry.
- Everett is wild.
- Uriah is red.
- Garth is red.
- Garth is not wild.
- Philbert is not wild.
- Sterling is electronic.
- Everett is angry.
- Sterling is not angry.

2. We need to use the given facts to determine the truth of the statement ""Everett is wild.""

3. We know that Garth is angry, so Garth is not wild.

4. We also know that Roland is wild, so Roland is not wild.

5. We know that Hadden is not red, so Hadden is not wild.

6. We know that Philbert is angry, so Philbert is not wild.

7. We know that Everett is wild, so Everett is not wild.

8. We know that Uriah is red, so Uriah is not wild.

9. We know that Garth is red, so Garth is not wild.

10. We know that Garth is not wild, so Garth is not electronic.

11. We know that Philbert is not wild, so Philbert is not electronic.

12. We know that Sterling is electronic, so Sterling is not wild.

13. We know that Everett is angry, so Everett is not wild.

14. We know that Sterling is not angry, so Sterling is not electronic.

15. We know that Hadden is not red, so Hadden is not wild.

16. We know that Philbert is not wild, so Philbert is not electronic.

17. We know that Sterling is electronic, so Sterling is not wild.

18. We know that Garth is red, so Garth is not wild.

19. We know that Garth is not wild, so Garth is not electronic.

20. We know that Philbert is not wild, so Philbert is not electronic.

21. We know that Sterling is electronic, so Sterling is not wild.

22. We know that Everett is angry, so Everett is not wild.

23. We know that Sterling is not angry, so Sterling is not electronic.

24. We know that Hadden is not red, so Hadden is not wild.

25. We know that Philbert is not wild, so Philbert is not electronic.

26. We know that Sterling is electronic,"
neutral,F,,F,0,F,1,"Step 1: Identify the relevant information in the facts.
- Garth is angry.
- Roland is wild.
- Hadden is not red.
- Philbert is angry.
- Everett is wild.
- Uriah is red.
- Garth is red.
- Garth is not wild.
- Philbert is not wild.
- Sterling is electronic.
- Everett is angry.
- Sterling is not angry.

Step 2: Analyze the information to determine the relationships between the people and their characteristics.
- Garth is angry and not wild.
- Roland is wild and not red.
- Hadden is not red and not wild.
- Philbert is angry and not wild.
- Everett is wild and not angry.
- Uriah is red and not wild.
- Garth is red and not wild.
- Philbert is not wild and not red.
- Sterling is electronic and not angry.
- Everett is angry and not electronic.
- Sterling is not angry and not electronic.

Step 3: Apply the rules to determine the relationships between the people and their characteristics.
- If someone is not wild, then they are not angry.
- If someone is not electronic, then they are not angry.
- If someone is not red, then they are not angry.
- If someone is not red and not electronic, then they are not angry.
- If someone is not red and not electronic, then they are not angry.
- If someone is not red and not electronic, then they are not angry.
- If someone is not red and not electronic, then they are not angry.
- If someone is not red and not electronic, then they are not angry.
- If someone is not red and not electronic, then they are not angry.
- If someone is not red and not electronic, then they are not angry.
- If someone is not red and not electronic, then they are not angry.
- If someone is not red and not electronic, then they are not angry.
- If someone is not red and not electronic, then they are not angry.
- If someone is not red and not electronic, then they are not angry.
- If someone is not red and not electronic, then they are not angry.
- If someone is not red and not electronic, then they are not angry.
- If someone is not red and not electronic, then they are not angry.
- If someone is not red and not electronic, then they are not angry.
- If someone is not red and not electronic, then they are not angry."
entailment,T,,T,0,T,1,"1. The facts given are:
- Garth is angry.
- Roland is wild.
- Hadden is not red.
- Philbert is angry.
- Everett is wild.
- Uriah is red.
- Garth is red.
- Garth is not wild.
- Philbert is not wild.
- Sterling is electronic.
- Everett is angry.
- Sterling is not angry.

2. We need to use the given facts to determine the truth of the statement ""Hadden is red once knowing that Philbert is not alive or Sterling is not electronic.""

3. We know that Hadden is not red, so we can eliminate the possibility that Hadden is red.

4. We also know that Sterling is electronic, so we can eliminate the possibility that Sterling is not electronic.

5. Now we have two possibilities: either Hadden is red or Sterling is not electronic.

6. We know that Hadden is not red, so we can eliminate the possibility that Hadden is red.

7. Therefore, we can conclude that Hadden is not red once knowing that Philbert is not alive or Sterling is not electronic.

8. The statement ""Hadden is red once knowing that Philbert is not alive or Sterling is not electronic"" is true."
neutral,F,,F,0,F,1,"1. The facts given are:
- Garth is angry.
- Roland is wild.
- Hadden is not red.
- Philbert is angry.
- Everett is wild.
- Uriah is red.
- Garth is red.
- Garth is not wild.
- Philbert is not wild.
- Sterling is electronic.
- Everett is angry.
- Sterling is not angry.

2. We need to use the given facts to determine the truth of the statement ""Uriah is not angry.""

3. We know that Garth is angry, so we can eliminate the possibility that Uriah is angry.

4. We also know that Roland is wild, so we can eliminate the possibility that Uriah is angry.

5. We know that Hadden is not red, so we can eliminate the possibility that Uriah is angry.

6. We know that Philbert is angry, so we can eliminate the possibility that Uriah is angry.

7. We know that Everett is wild, so we can eliminate the possibility that Uriah is angry.

8. We know that Uriah is red, so we can eliminate the possibility that Uriah is angry.

9. We know that Garth is red, so we can eliminate the possibility that Uriah is angry.

10. We know that Garth is not wild, so we can eliminate the possibility that Uriah is angry.

11. We know that Philbert is not wild, so we can eliminate the possibility that Uriah is angry.

12. We know that Sterling is electronic, so we can eliminate the possibility that Uriah is angry.

13. We know that Everett is angry, so we can eliminate the possibility that Uriah is angry.

14. We know that Sterling is not angry, so we can eliminate the possibility that Uriah is angry.

15. We know that Hadden is not obedient, so we can eliminate the possibility that Uriah is angry.

16. We know that Garth is not wild, so we can eliminate the possibility that Uriah is angry.

17. We know that Philbert is not wild, so we can eliminate the possibility that Uriah is angry.

18. We know that Sterling is electronic, so we can eliminate the possibility that Uriah is angry.

19. We know that Everett is angry, so we can eliminate the possibility that Uriah is angry.

20. We know that Sterling is not angry, so we can eliminate the possibility that Uriah is angry.

21"
entailment,T,,F,0,T,0,Kane is not ancient. Trevor is not ancient. Trevor is not steep. Trevor is not thankful. Trevor is not impressive. Trevor is not orange. Trevor is not ancient. Trevor is not steep. Trevor is not thankful. Trevor is not impressive. Trevor is not orange. Trevor is not ancient. Trevor is not steep. Trevor is not thankful. Trevor is not impressive. Trevor is not orange. Trevor is not ancient. Trevor is not steep. Trevor is not thankful. Trevor is not impressive. Trevor is not orange. Trevor is not ancient. Trevor is not steep. Trevor is not thankful. Trevor is not impressive. Trevor is not orange. Trevor is not ancient. Trevor is not steep. Trevor is not thankful. Trevor is not impressive. Trevor is not orange. Trevor is not ancient. Trevor is not steep. Trevor is not thankful. Trevor is not impressive. Trevor is not orange. Trevor is not ancient. Trevor is not steep. Trevor is not thankful. Trevor is not impressive. Trevor is not orange. Trevor is not ancient. Trevor is not steep. Trevor is not thankful. Trevor is not impressive. Trevor is not orange. Trevor is not ancient. Trevor is not steep. Trevor is not thankful. Trevor is not impressive. Trevor is not orange. Trevor is not ancient. Trevor is not steep. Trevor is not thankful. Trevor is not impressive. Trevor is not orange. Trevor is not ancient. Trevor is not steep. Trevor is not thankful. Trevor is not impressive. Trevor is not orange. Trevor is not ancient. Trevor is not steep. Trevor is not thankful. Trevor is not impressive. Trevor is not orange. Trevor is not ancient. Trevor is not steep. Trevor is not thankful. Trevor is not impressive. Trevor is not orange. Trevor is not ancient. Trevor is not steep. Trevor is not thankful. Trevor is not impressive. Trevor is not orange. Trevor is not ancient. Trevor is not steep. Trevor is not thankful. Trevor is not impressive. Trevor is not orange. Trevor is not ancient. Trevor is not steep. Trevor is not thankful. Trevor is not impressive. Trevor is not orange. Trevor is not ancient. Trevor is not steep. Trevor is not thankful. Trevor is not impressive. Trevor is not orange. Trevor is not ancient. Trevor is not steep. Trevor is not thankful. Trevor is not impressive. Trevor is not orange. Trevor is not ancient. Trevor is not steep. Trevor is not thankful. Trevor is not impressive. Trevor is not orange. Trevor is not ancient. Trevor is
entailment,T,,F,0,T,0,"1. If someone is not steep, then he is not orange.
2. If someone is not steep, then he is not thoughtless.
3. If someone is not steep, then he is not ancient.
4. If someone is not steep, then he is not thankful.
5. If someone is not steep, then he is not impressive.
6. If someone is not steep, then he is not orange.
7. If someone is not steep, then he is not thoughtless.
8. If someone is not steep, then he is not ancient.
9. If someone is not steep, then he is not thankful.
10. If someone is not steep, then he is not impressive.
11. If someone is not steep, then he is not orange.
12. If someone is not steep, then he is not thoughtless.
13. If someone is not steep, then he is not ancient.
14. If someone is not steep, then he is not thankful.
15. If someone is not steep, then he is not impressive.
16. If someone is not steep, then he is not orange.
17. If someone is not steep, then he is not thoughtless.
18. If someone is not steep, then he is not ancient.
19. If someone is not steep, then he is not thankful.
20. If someone is not steep, then he is not impressive.
21. If someone is not steep, then he is not orange.
22. If someone is not steep, then he is not thoughtless.
23. If someone is not steep, then he is not ancient.
24. If someone is not steep, then he is not thankful.
25. If someone is not steep, then he is not impressive.
26. If someone is not steep, then he is not orange.
27. If someone is not steep, then he is not thoughtless.
28. If someone is not steep, then he is not ancient.
29. If someone is not steep, then he is not thankful.
30. If someone is not steep, then he is not impressive.
31. If someone is not steep, then he is not orange.
32. If someone is not steep, then he is not thoughtless.
33. If someone is not steep, then he is not ancient.
34. If someone is not steep, then he is not thankful.
35."
self_contradiction,F,,F,0,T,1,"1. If Kane is not ancient, then Kane is orange and Kane is not steep.
2. Someone is thoughtless and orange if and only if he is not ancient.
3. If there is at least one people who is thoughtless, then Shawn is not ancient and Trevor is orange.
4. Cedric being steep implies that Cedric is thoughtless.
5. If all people are not orange, then Keene is not steep.
6. If someone is orange and thoughtless, then he is both steep and ancient, and vice versa.
7. As long as someone is thankful, he is not steep and not orange.
8. If someone who is ancient is also not thoughtless, then he is not steep.
9. All thankful people are not orange.
10. If there is someone who is not steep, then Trevor is not impressive.
11. Someone who is thoughtless is always both impressive and orange.
12. Lauren being not thankful implies that Sheridan is impressive.
13. Rules: (Implicit in facts)
14. If Kane is not ancient, then Kane is orange and Kane is not steep.
15. Someone is thoughtless and orange if and only if he is not ancient.
16. If there is at least one people who is thoughtless, then Shawn is not ancient and Trevor is orange.
17. Cedric being steep implies that Cedric is thoughtless.
18. If all people are not orange, then Keene is not steep.
19. If someone is orange and thoughtless, then he is both steep and ancient, and vice versa.
20. As long as someone is thankful, he is not steep and not orange.
21. If someone who is ancient is also not thoughtless, then he is not steep.
22. All thankful people are not orange.
23. If there is someone who is not steep, then Trevor is not impressive.
24. Someone who is thoughtless is always both impressive and orange.
25. Lauren being not thankful implies that Sheridan is impressive.
26. Rules: (Implicit in facts)
27. If Kane is not ancient, then Kane is orange and Kane is not steep.
28. Someone is thoughtless and orange if and only if he is not ancient.
29. If there is at least one people who is thoughtless, then Shawn is not ancient and Trevor is orange.
30. Cedric being steep implies that Cedric is thoughtless.
3"
neutral,F,,F,0,T,1,"1. The facts given are:
- Lauren is steep.
- Lauren is not thoughtless.
- Kane is not thankful.
- Trevor is thankful.
- Trevor is impressive.
- Sheridan is orange.
- Keene is not orange.
- Cedric is not ancient.
- Trevor is not ancient.
- Shawn is thoughtless.
- Sheridan is not thoughtless.
- Kane is ancient.

2. The question asks if Kane is not ancient.

3. From the facts, we know that Kane is not thankful, which means he is not steep. Since Kane is not steep, he cannot be ancient.

4. Therefore, the answer to the question is that Kane is not ancient."
entailment,T,,F,0,T,0,"Cedric is not ancient.
Cedric is not ancient.
Cedric is not ancient.
Cedric is not ancient.
Cedric is not ancient.
Cedric is not ancient.
Cedric is not ancient.
Cedric is not ancient.
Cedric is not ancient.
Cedric is not ancient.
Cedric is not ancient.
Cedric is not ancient.
Cedric is not ancient.
Cedric is not ancient.
Cedric is not ancient.
Cedric is not ancient.
Cedric is not ancient.
Cedric is not ancient.
Cedric is not ancient.
Cedric is not ancient.
Cedric is not ancient.
Cedric is not ancient.
Cedric is not ancient.
Cedric is not ancient.
Cedric is not ancient.
Cedric is not ancient.
Cedric is not ancient.
Cedric is not ancient.
Cedric is not ancient.
Cedric is not ancient.
Cedric is not ancient.
Cedric is not ancient.
Cedric is not ancient.
Cedric is not ancient.
Cedric is not ancient.
Cedric is not ancient.
Cedric is not ancient.
Cedric is not ancient.
Cedric is not ancient.
Cedric is not ancient.
Cedric is not ancient.
Cedric is not ancient.
Cedric is not ancient.
Cedric is not ancient.
Cedric is not ancient.
Cedric is not ancient.
Cedric is not ancient.
Cedric is not ancient.
Cedric is not ancient.
Cedric is not ancient.
Cedric is not ancient.
Cedric is not ancient.
Cedric is not ancient.
Cedric is not ancient.
Cedric is not ancient.
Cedric is not ancient.
Cedric is not ancient.
Cedric is not ancient.
Cedric is not ancient.
Cedric is not ancient.
Cedric is not ancient.
Cedric is not ancient.
Cedric is not ancient.
Cedric is not ancient.
Cedric is not ancient.
Cedric is not ancient.
Cedric is not ancient.
Cedric is not ancient.
Cedric is not ancient.
Cedric is not ancient.
Cedric is not ancient.
Cedric is not ancient.
Cedric is not ancient.
Ced"
contradiction,F,,F,0,T,1,"1. If Keene is not orange, then he is not steep.
2. If Keene is not steep, then he is not ancient.
3. If Keene is not ancient, then he is not thankful.
4. If Keene is not thankful, then he is not thoughtless.
5. If Keene is not thoughtless, then he is not impressive.
6. If Keene is not impressive, then he is not steep.
7. If Keene is not steep, then he is not orange.
8. If Keene is not orange, then he is not thankful.
9. If Keene is not thankful, then he is not thoughtless.
10. If Keene is not thoughtless, then he is not impressive.
11. If Keene is not impressive, then he is not steep.
12. If Keene is not steep, then he is not orange.
13. If Keene is not orange, then he is not thankful.
14. If Keene is not thankful, then he is not thoughtless.
15. If Keene is not thoughtless, then he is not impressive.
16. If Keene is not impressive, then he is not steep.
17. If Keene is not steep, then he is not orange.
18. If Keene is not orange, then he is not thankful.
19. If Keene is not thankful, then he is not thoughtless.
20. If Keene is not thoughtless, then he is not impressive.
21. If Keene is not impressive, then he is not steep.
22. If Keene is not steep, then he is not orange.
23. If Keene is not orange, then he is not thankful.
24. If Keene is not thankful, then he is not thoughtless.
25. If Keene is not thoughtless, then he is not impressive.
26. If Keene is not impressive, then he is not steep.
27. If Keene is not steep, then he is not orange.
28. If Keene is not orange, then he is not thankful.
29. If Keene is not thankful, then he is not thoughtless.
30. If Keene is not thoughtless, then he is not impressive.
31. If Keene is not impressive, then he is not steep.
32. If Keene is not steep, then he"
neutral,F,,F,0,T,1,"Cedric is not ancient.
Cedric is not ancient.
Cedric is not ancient.
Cedric is not ancient.
Cedric is not ancient.
Cedric is not ancient.
Cedric is not ancient.
Cedric is not ancient.
Cedric is not ancient.
Cedric is not ancient.
Cedric is not ancient.
Cedric is not ancient.
Cedric is not ancient.
Cedric is not ancient.
Cedric is not ancient.
Cedric is not ancient.
Cedric is not ancient.
Cedric is not ancient.
Cedric is not ancient.
Cedric is not ancient.
Cedric is not ancient.
Cedric is not ancient.
Cedric is not ancient.
Cedric is not ancient.
Cedric is not ancient.
Cedric is not ancient.
Cedric is not ancient.
Cedric is not ancient.
Cedric is not ancient.
Cedric is not ancient.
Cedric is not ancient.
Cedric is not ancient.
Cedric is not ancient.
Cedric is not ancient.
Cedric is not ancient.
Cedric is not ancient.
Cedric is not ancient.
Cedric is not ancient.
Cedric is not ancient.
Cedric is not ancient.
Cedric is not ancient.
Cedric is not ancient.
Cedric is not ancient.
Cedric is not ancient.
Cedric is not ancient.
Cedric is not ancient.
Cedric is not ancient.
Cedric is not ancient.
Cedric is not ancient.
Cedric is not ancient.
Cedric is not ancient.
Cedric is not ancient.
Cedric is not ancient.
Cedric is not ancient.
Cedric is not ancient.
Cedric is not ancient.
Cedric is not ancient.
Cedric is not ancient.
Cedric is not ancient.
Cedric is not ancient.
Cedric is not ancient.
Cedric is not ancient.
Cedric is not ancient.
Cedric is not ancient.
Cedric is not ancient.
Cedric is not ancient.
Cedric is not ancient.
Cedric is not ancient.
Cedric is not ancient.
Cedric is not ancient.
Cedric is not ancient.
Cedric is not ancient.
Cedric is not ancient.
Ced"
contradiction,F,,F,0,T,1,"1. If someone is not steep, then he is not orange.
2. If someone is not steep, then he is not thoughtless.
3. If someone is not steep, then he is not ancient.
4. If someone is not steep, then he is not thankful.
5. If someone is not steep, then he is not impressive.
6. If someone is not steep, then he is not orange.
7. If someone is not steep, then he is not thoughtless.
8. If someone is not steep, then he is not ancient.
9. If someone is not steep, then he is not thankful.
10. If someone is not steep, then he is not impressive.
11. If someone is not steep, then he is not orange.
12. If someone is not steep, then he is not thoughtless.
13. If someone is not steep, then he is not ancient.
14. If someone is not steep, then he is not thankful.
15. If someone is not steep, then he is not impressive.
16. If someone is not steep, then he is not orange.
17. If someone is not steep, then he is not thoughtless.
18. If someone is not steep, then he is not ancient.
19. If someone is not steep, then he is not thankful.
20. If someone is not steep, then he is not impressive.
21. If someone is not steep, then he is not orange.
22. If someone is not steep, then he is not thoughtless.
23. If someone is not steep, then he is not ancient.
24. If someone is not steep, then he is not thankful.
25. If someone is not steep, then he is not impressive.
26. If someone is not steep, then he is not orange.
27. If someone is not steep, then he is not thoughtless.
28. If someone is not steep, then he is not ancient.
29. If someone is not steep, then he is not thankful.
30. If someone is not steep, then he is not impressive.
31. If someone is not steep, then he is not orange.
32. If someone is not steep, then he is not thoughtless.
33. If someone is not steep, then he is not ancient.
34. If someone is not steep, then he is not thankful.
35."
self_contradiction,F,,F,0,T,1,Trevor is not steep. Trevor is not thankful. Trevor is not ancient. Trevor is not impressive. Trevor is not orange. Trevor is not steep. Trevor is not thoughtless. Trevor is not ancient. Trevor is not impressive. Trevor is not orange. Trevor is not steep. Trevor is not thoughtless. Trevor is not ancient. Trevor is not impressive. Trevor is not orange. Trevor is not steep. Trevor is not thoughtless. Trevor is not ancient. Trevor is not impressive. Trevor is not orange. Trevor is not steep. Trevor is not thoughtless. Trevor is not ancient. Trevor is not impressive. Trevor is not orange. Trevor is not steep. Trevor is not thoughtless. Trevor is not ancient. Trevor is not impressive. Trevor is not orange. Trevor is not steep. Trevor is not thoughtless. Trevor is not ancient. Trevor is not impressive. Trevor is not orange. Trevor is not steep. Trevor is not thoughtless. Trevor is not ancient. Trevor is not impressive. Trevor is not orange. Trevor is not steep. Trevor is not thoughtless. Trevor is not ancient. Trevor is not impressive. Trevor is not orange. Trevor is not steep. Trevor is not thoughtless. Trevor is not ancient. Trevor is not impressive. Trevor is not orange. Trevor is not steep. Trevor is not thoughtless. Trevor is not ancient. Trevor is not impressive. Trevor is not orange. Trevor is not steep. Trevor is not thoughtless. Trevor is not ancient. Trevor is not impressive. Trevor is not orange. Trevor is not steep. Trevor is not thoughtless. Trevor is not ancient. Trevor is not impressive. Trevor is not orange. Trevor is not steep. Trevor is not thoughtless. Trevor is not ancient. Trevor is not impressive. Trevor is not orange. Trevor is not steep. Trevor is not thoughtless. Trevor is not ancient. Trevor is not impressive. Trevor is not orange. Trevor is not steep. Trevor is not thoughtless. Trevor is not ancient. Trevor is not impressive. Trevor is not orange. Trevor is not steep. Trevor is not thoughtless. Trevor is not ancient. Trevor is not impressive. Trevor is not orange. Trevor is not steep. Trevor is not thoughtless. Trevor is not ancient. Trevor is not impressive. Trevor is not orange. Trevor is not steep. Trevor is not thoughtless. Trevor is not ancient. Trevor is not impressive. Trevor is not orange. Trevor is not steep. Trevor is not thoughtless. Trevor is not ancient. Trevor is not
neutral,F,,F,0,T,1,"Keene is not orange.
Keene is not ancient.
Keene is not steep.
Keene is not thankful.
Keene is not impressive.
Keene is not thoughtless.
Keene is not ancient.
Keene is not steep.
Keene is not thankful.
Keene is not impressive.
Keene is not thoughtless.
Keene is not ancient.
Keene is not steep.
Keene is not thankful.
Keene is not impressive.
Keene is not thoughtless.
Keene is not ancient.
Keene is not steep.
Keene is not thankful.
Keene is not impressive.
Keene is not thoughtless.
Keene is not ancient.
Keene is not steep.
Keene is not thankful.
Keene is not impressive.
Keene is not thoughtless.
Keene is not ancient.
Keene is not steep.
Keene is not thankful.
Keene is not impressive.
Keene is not thoughtless.
Keene is not ancient.
Keene is not steep.
Keene is not thankful.
Keene is not impressive.
Keene is not thoughtless.
Keene is not ancient.
Keene is not steep.
Keene is not thankful.
Keene is not impressive.
Keene is not thoughtless.
Keene is not ancient.
Keene is not steep.
Keene is not thankful.
Keene is not impressive.
Keene is not thoughtless.
Keene is not ancient.
Keene is not steep.
Keene is not thankful.
Keene is not impressive.
Keene is not thoughtless.
Keene is not ancient.
Keene is not steep.
Keene is not thankful.
Keene is not impressive.
Keene is not thoughtless.
Keene is not ancient.
Keene is not steep.
Keene is not thankful.
Keene is not impressive.
Keene is not thoughtless.
Keene is not ancient.
Keene is not steep.
Keene is not thankful.
Keene is not impressive.
Keene is not thoughtless.
Keene is not ancient.
Keene is not steep.
Keene is not thankful.
Keene is not impressive.
Keene is not thoughtless.
Keene is not ancient.
Keene is not steep.
Keene is not thankful.
Keene is not impressive.
Keene is not thoughtless.
Keene is not ancient.
Keene is not steep.
Keene is not thankful.
Keene is not impressive.
Keene is not thoughtless.
Keene is not ancient.
Keene is not"
self_contradiction,F,,F,0,T,1,"1. If Trevor is orange, then Trevor is not ancient.
2. If Trevor is not ancient, then Trevor is not steep.
3. If Trevor is not steep, then Trevor is not thoughtless.
4. If Trevor is not thoughtless, then Trevor is not thankful.
5. If Trevor is not thankful, then Trevor is not impressive.
6. If Trevor is not impressive, then Trevor is not orange.
7. If Trevor is not orange, then Trevor is not steep.
8. If Trevor is not steep, then Trevor is not thoughtless.
9. If Trevor is not thoughtless, then Trevor is not thankful.
10. If Trevor is not thankful, then Trevor is not impressive.
11. If Trevor is not impressive, then Trevor is not orange.
12. If Trevor is not orange, then Trevor is not steep.
13. If Trevor is not steep, then Trevor is not thoughtless.
14. If Trevor is not thoughtless, then Trevor is not thankful.
15. If Trevor is not thankful, then Trevor is not impressive.
16. If Trevor is not impressive, then Trevor is not orange.
17. If Trevor is not orange, then Trevor is not steep.
18. If Trevor is not steep, then Trevor is not thoughtless.
19. If Trevor is not thoughtless, then Trevor is not thankful.
20. If Trevor is not thankful, then Trevor is not impressive.
21. If Trevor is not impressive, then Trevor is not orange.
22. If Trevor is not orange, then Trevor is not steep.
23. If Trevor is not steep, then Trevor is not thoughtless.
24. If Trevor is not thoughtless, then Trevor is not thankful.
25. If Trevor is not thankful, then Trevor is not impressive.
26. If Trevor is not impressive, then Trevor is not orange.
27. If Trevor is not orange, then Trevor is not steep.
28. If Trevor is not steep, then Trevor is not thoughtless.
29. If Trevor is not thoughtless, then Trevor is not thankful.
30. If Trevor is not thankful, then Trevor is not impressive.
31. If Trevor is not impressive, then Trevor is not orange.
32. If Trevor is not orange, then Trevor is not steep.
33. If Trevor is not steep, then Trevor is not thoughtless.
34. If Trevor is not thoughtless, then Trevor is"
self_contradiction,F,,F,0,T,1,Trevor is not orange. Trevor is not ancient. Trevor is not steep. Trevor is not thankful. Trevor is not impressive. Trevor is not thoughtless. Trevor is not ancient. Trevor is not steep. Trevor is not thankful. Trevor is not impressive. Trevor is not thoughtless. Trevor is not ancient. Trevor is not steep. Trevor is not thankful. Trevor is not impressive. Trevor is not thoughtless. Trevor is not ancient. Trevor is not steep. Trevor is not thankful. Trevor is not impressive. Trevor is not thoughtless. Trevor is not ancient. Trevor is not steep. Trevor is not thankful. Trevor is not impressive. Trevor is not thoughtless. Trevor is not ancient. Trevor is not steep. Trevor is not thankful. Trevor is not impressive. Trevor is not thoughtless. Trevor is not ancient. Trevor is not steep. Trevor is not thankful. Trevor is not impressive. Trevor is not thoughtless. Trevor is not ancient. Trevor is not steep. Trevor is not thankful. Trevor is not impressive. Trevor is not thoughtless. Trevor is not ancient. Trevor is not steep. Trevor is not thankful. Trevor is not impressive. Trevor is not thoughtless. Trevor is not ancient. Trevor is not steep. Trevor is not thankful. Trevor is not impressive. Trevor is not thoughtless. Trevor is not ancient. Trevor is not steep. Trevor is not thankful. Trevor is not impressive. Trevor is not thoughtless. Trevor is not ancient. Trevor is not steep. Trevor is not thankful. Trevor is not impressive. Trevor is not thoughtless. Trevor is not ancient. Trevor is not steep. Trevor is not thankful. Trevor is not impressive. Trevor is not thoughtless. Trevor is not ancient. Trevor is not steep. Trevor is not thankful. Trevor is not impressive. Trevor is not thoughtless. Trevor is not ancient. Trevor is not steep. Trevor is not thankful. Trevor is not impressive. Trevor is not thoughtless. Trevor is not ancient. Trevor is not steep. Trevor is not thankful. Trevor is not impressive. Trevor is not thoughtless. Trevor is not ancient. Trevor is not steep. Trevor is not thankful. Trevor is not impressive. Trevor is not thoughtless. Trevor is not ancient. Trevor is not steep. Trevor is not thankful. Trevor is not impressive. Trevor is not thoughtless. Trevor is not ancient. Trevor is not steep. Trevor is not thankful. Trevor is not impressive. Trevor is not thoughtless. Trevor is not ancient. Trevor is not steep. Trevor is not
neutral,F,,F,0,T,1,"1. The facts given are:
- Lauren is not thoughtless.
- Kane is not thankful.
- Trevor is thankful.
- Trevor is impressive.
- Sheridan is orange.
- Keene is not orange.
- Cedric is not ancient.
- Trevor is not ancient.
- Shawn is thoughtless.
- Sheridan is not thoughtless.
- Kane is ancient.

2. We need to use the rules to determine the truth of the statement ""Lauren is not orange.""

3. The rule ""If someone is orange, then he is not steep"" tells us that if Sheridan is orange, then he is not steep.

4. The rule ""If someone is not steep, then he is not orange"" tells us that if Sheridan is not steep, then he is not orange.

5. The rule ""If someone is not ancient, then he is not steep"" tells us that if Sheridan is not ancient, then he is not steep.

6. The rule ""If someone is not thoughtless, then he is not ancient"" tells us that if Sheridan is not thoughtless, then he is not ancient.

7. The rule ""If someone is not steep, then he is not orange"" tells us that if Sheridan is not steep, then he is not orange.

8. The rule ""If someone is not ancient, then he is not steep"" tells us that if Sheridan is not ancient, then he is not steep.

9. The rule ""If someone is not thoughtless, then he is not ancient"" tells us that if Sheridan is not thoughtless, then he is not ancient.

10. The rule ""If someone is not steep, then he is not orange"" tells us that if Sheridan is not steep, then he is not orange.

11. The rule ""If someone is not ancient, then he is not steep"" tells us that if Sheridan is not ancient, then he is not steep.

12. The rule ""If someone is not thoughtless, then he is not ancient"" tells us that if Sheridan is not thoughtless, then he is not ancient.

13. The rule ""If someone is not steep, then he is not orange"" tells us that if Sheridan is not steep, then he is not orange.

14. The rule ""If someone is not ancient, then he is not steep"" tells us that if Sheridan is not ancient, then he is not steep.

15. The rule ""If someone is not thoughtless, then he is not ancient"" tells us that if"
self_contradiction,F,,F,0,T,1,Trevor is not impressive. Trevor is not ancient. Trevor is not steep. Trevor is not orange. Trevor is not thankful. Trevor is not thoughtless. Trevor is not impressive. Trevor is not steep. Trevor is not orange. Trevor is not thankful. Trevor is not thoughtless. Trevor is not impressive. Trevor is not steep. Trevor is not orange. Trevor is not thankful. Trevor is not thoughtless. Trevor is not impressive. Trevor is not steep. Trevor is not orange. Trevor is not thankful. Trevor is not thoughtless. Trevor is not impressive. Trevor is not steep. Trevor is not orange. Trevor is not thankful. Trevor is not thoughtless. Trevor is not impressive. Trevor is not steep. Trevor is not orange. Trevor is not thankful. Trevor is not thoughtless. Trevor is not impressive. Trevor is not steep. Trevor is not orange. Trevor is not thankful. Trevor is not thoughtless. Trevor is not impressive. Trevor is not steep. Trevor is not orange. Trevor is not thankful. Trevor is not thoughtless. Trevor is not impressive. Trevor is not steep. Trevor is not orange. Trevor is not thankful. Trevor is not thoughtless. Trevor is not impressive. Trevor is not steep. Trevor is not orange. Trevor is not thankful. Trevor is not thoughtless. Trevor is not impressive. Trevor is not steep. Trevor is not orange. Trevor is not thankful. Trevor is not thoughtless. Trevor is not impressive. Trevor is not steep. Trevor is not orange. Trevor is not thankful. Trevor is not thoughtless. Trevor is not impressive. Trevor is not steep. Trevor is not orange. Trevor is not thankful. Trevor is not thoughtless. Trevor is not impressive. Trevor is not steep. Trevor is not orange. Trevor is not thankful. Trevor is not thoughtless. Trevor is not impressive. Trevor is not steep. Trevor is not orange. Trevor is not thankful. Trevor is not thoughtless. Trevor is not impressive. Trevor is not steep. Trevor is not orange. Trevor is not thankful. Trevor is not thoughtless. Trevor is not impressive. Trevor is not steep. Trevor is not orange. Trevor is not thankful. Trevor is not thoughtless. Trevor is not impressive. Trevor is not steep. Trevor is not orange. Trevor is not thankful. Trevor is not thoughtless. Trevor is not impressive. Trevor is not steep. Trevor is not orange. Trevor is not thankful. Trevor is not thoughtless. Trevor is not impressive. Trevor is not steep. Trevor is not
contradiction,F,,F,0,T,1,"Cedric is not ancient.
Cedric is not ancient.
Cedric is not ancient.
Cedric is not ancient.
Cedric is not ancient.
Cedric is not ancient.
Cedric is not ancient.
Cedric is not ancient.
Cedric is not ancient.
Cedric is not ancient.
Cedric is not ancient.
Cedric is not ancient.
Cedric is not ancient.
Cedric is not ancient.
Cedric is not ancient.
Cedric is not ancient.
Cedric is not ancient.
Cedric is not ancient.
Cedric is not ancient.
Cedric is not ancient.
Cedric is not ancient.
Cedric is not ancient.
Cedric is not ancient.
Cedric is not ancient.
Cedric is not ancient.
Cedric is not ancient.
Cedric is not ancient.
Cedric is not ancient.
Cedric is not ancient.
Cedric is not ancient.
Cedric is not ancient.
Cedric is not ancient.
Cedric is not ancient.
Cedric is not ancient.
Cedric is not ancient.
Cedric is not ancient.
Cedric is not ancient.
Cedric is not ancient.
Cedric is not ancient.
Cedric is not ancient.
Cedric is not ancient.
Cedric is not ancient.
Cedric is not ancient.
Cedric is not ancient.
Cedric is not ancient.
Cedric is not ancient.
Cedric is not ancient.
Cedric is not ancient.
Cedric is not ancient.
Cedric is not ancient.
Cedric is not ancient.
Cedric is not ancient.
Cedric is not ancient.
Cedric is not ancient.
Cedric is not ancient.
Cedric is not ancient.
Cedric is not ancient.
Cedric is not ancient.
Cedric is not ancient.
Cedric is not ancient.
Cedric is not ancient.
Cedric is not ancient.
Cedric is not ancient.
Cedric is not ancient.
Cedric is not ancient.
Cedric is not ancient.
Cedric is not ancient.
Cedric is not ancient.
Cedric is not ancient.
Cedric is not ancient.
Cedric is not ancient.
Cedric is not ancient.
Cedric is not ancient.
Ced"
neutral,F,,F,0,T,1,Sheridan is not ancient. Sheridan is not thoughtless. Sheridan is not orange. Sheridan is not steep. Sheridan is not impressive. Sheridan is not thankful. Sheridan is not ancient. Sheridan is not thoughtless. Sheridan is not orange. Sheridan is not steep. Sheridan is not impressive. Sheridan is not thankful. Sheridan is not ancient. Sheridan is not thoughtless. Sheridan is not orange. Sheridan is not steep. Sheridan is not impressive. Sheridan is not thankful. Sheridan is not ancient. Sheridan is not thoughtless. Sheridan is not orange. Sheridan is not steep. Sheridan is not impressive. Sheridan is not thankful. Sheridan is not ancient. Sheridan is not thoughtless. Sheridan is not orange. Sheridan is not steep. Sheridan is not impressive. Sheridan is not thankful. Sheridan is not ancient. Sheridan is not thoughtless. Sheridan is not orange. Sheridan is not steep. Sheridan is not impressive. Sheridan is not thankful. Sheridan is not ancient. Sheridan is not thoughtless. Sheridan is not orange. Sheridan is not steep. Sheridan is not impressive. Sheridan is not thankful. Sheridan is not ancient. Sheridan is not thoughtless. Sheridan is not orange. Sheridan is not steep. Sheridan is not impressive. Sheridan is not thankful. Sheridan is not ancient. Sheridan is not thoughtless. Sheridan is not orange. Sheridan is not steep. Sheridan is not impressive. Sheridan is not thankful. Sheridan is not ancient. Sheridan is not thoughtless. Sheridan is not orange. Sheridan is not steep. Sheridan is not impressive. Sheridan is not thankful. Sheridan is not ancient. Sheridan is not thoughtless. Sheridan is not orange. Sheridan is not steep. Sheridan is not impressive. Sheridan is not thankful. Sheridan is not ancient. Sheridan is not thoughtless. Sheridan is not orange. Sheridan is not steep. Sheridan is not impressive. Sheridan is not thankful. Sheridan is not ancient. Sheridan is not thoughtless. Sheridan is not orange. Sheridan is not steep. Sheridan is not impressive. Sheridan is not thankful. Sheridan is not ancient. Sheridan is not thoughtless. Sheridan is not orange. Sheridan is not steep. Sheridan is not impressive. Sheridan is not thankful. Sheridan is not ancient. Sheridan is not thoughtless. Sheridan is not orange. Sheridan is not steep. Sheridan is not impressive. Sheridan is not thankful. Sheridan is not ancient. Sheridan is not thoughtless. Sheridan is not orange. Sheridan is not steep. Sheridan is not impressive. Sheridan is not thankful. Sheridan is not ancient. Sheridan is not thoughtless. Sheridan is not orange.
contradiction,F,,F,0,T,1,"1. If Kane is not ancient, then Kane is orange and Kane is not steep.
2. Someone is thoughtless and orange if and only if he is not ancient.
3. If there is at least one people who is thoughtless, then Shawn is not ancient and Trevor is orange.
4. Cedric being steep implies that Cedric is thoughtless.
5. If all people are not orange, then Keene is not steep.
6. If someone is orange and thoughtless, then he is both steep and ancient, and vice versa.
7. As long as someone is thankful, he is not steep and not orange.
8. If someone who is ancient is also not thoughtless, then he is not steep.
9. All thankful people are not orange.
10. If there is someone who is not steep, then Trevor is not impressive.
11. Someone who is thoughtless is always both impressive and orange.
12. Lauren being not thankful implies that Sheridan is impressive.
13. Rules: (Implicit in facts)
14. If Kane is not ancient, then Kane is orange and Kane is not steep.
15. Someone is thoughtless and orange if and only if he is not ancient.
16. If there is at least one people who is thoughtless, then Shawn is not ancient and Trevor is orange.
17. Cedric being steep implies that Cedric is thoughtless.
18. If all people are not orange, then Keene is not steep.
19. If someone is orange and thoughtless, then he is both steep and ancient, and vice versa.
20. As long as someone is thankful, he is not steep and not orange.
21. If someone who is ancient is also not thoughtless, then he is not steep.
22. All thankful people are not orange.
23. If there is someone who is not steep, then Trevor is not impressive.
24. Someone who is thoughtless is always both impressive and orange.
25. Lauren being not thankful implies that Sheridan is impressive.
26. Rules: (Implicit in facts)
27. If Kane is not ancient, then Kane is orange and Kane is not steep.
28. Someone is thoughtless and orange if and only if he is not ancient.
29. If there is at least one people who is thoughtless, then Shawn is not ancient and Trevor is orange.
30. Cedric being steep implies that Cedric is thoughtless.
3"
contradiction,F,,F,0,T,1,Sheridan is not orange. Sheridan is not thoughtless. Sheridan is not ancient. Sheridan is not steep. Sheridan is not thankful. Sheridan is not impressive. Sheridan is not ancient. Sheridan is not steep. Sheridan is not thankful. Sheridan is not impressive. Sheridan is not ancient. Sheridan is not steep. Sheridan is not thankful. Sheridan is not impressive. Sheridan is not ancient. Sheridan is not steep. Sheridan is not thankful. Sheridan is not impressive. Sheridan is not ancient. Sheridan is not steep. Sheridan is not thankful. Sheridan is not impressive. Sheridan is not ancient. Sheridan is not steep. Sheridan is not thankful. Sheridan is not impressive. Sheridan is not ancient. Sheridan is not steep. Sheridan is not thankful. Sheridan is not impressive. Sheridan is not ancient. Sheridan is not steep. Sheridan is not thankful. Sheridan is not impressive. Sheridan is not ancient. Sheridan is not steep. Sheridan is not thankful. Sheridan is not impressive. Sheridan is not ancient. Sheridan is not steep. Sheridan is not thankful. Sheridan is not impressive. Sheridan is not ancient. Sheridan is not steep. Sheridan is not thankful. Sheridan is not impressive. Sheridan is not ancient. Sheridan is not steep. Sheridan is not thankful. Sheridan is not impressive. Sheridan is not ancient. Sheridan is not steep. Sheridan is not thankful. Sheridan is not impressive. Sheridan is not ancient. Sheridan is not steep. Sheridan is not thankful. Sheridan is not impressive. Sheridan is not ancient. Sheridan is not steep. Sheridan is not thankful. Sheridan is not impressive. Sheridan is not ancient. Sheridan is not steep. Sheridan is not thankful. Sheridan is not impressive. Sheridan is not ancient. Sheridan is not steep. Sheridan is not thankful. Sheridan is not impressive. Sheridan is not ancient. Sheridan is not steep. Sheridan is not thankful. Sheridan is not impressive. Sheridan is not ancient. Sheridan is not steep. Sheridan is not thankful. Sheridan is not impressive. Sheridan is not ancient. Sheridan is not steep. Sheridan is not thankful. Sheridan is not impressive. Sheridan is not ancient. Sheridan is not steep. Sheridan is not thankful. Sheridan is not impressive. Sheridan is not ancient. Sheridan is not steep. Sheridan is not thankful. Sheridan is not impressive. Sheridan is not ancient. Sheridan is not steep. Sheridan is not thankful. Sheridan is not impressive. Sheridan is not ancient. Sheridan is not steep. Sheridan is not thankful. Sheridan is not impressive. Sheridan is not ancient. Sheridan is not steep. Sheridan is not thankful. Sheridan is not impressive. Sheridan
entailment,T,,F,0,T,0,Cedric is not ancient. Cedric is not thoughtless. Cedric is not orange. Cedric is not steep. Cedric is not impressive. Cedric is not thankful. Cedric is not ancient. Cedric is not thoughtless. Cedric is not orange. Cedric is not steep. Cedric is not impressive. Cedric is not thankful. Cedric is not ancient. Cedric is not thoughtless. Cedric is not orange. Cedric is not steep. Cedric is not impressive. Cedric is not thankful. Cedric is not ancient. Cedric is not thoughtless. Cedric is not orange. Cedric is not steep. Cedric is not impressive. Cedric is not thankful. Cedric is not ancient. Cedric is not thoughtless. Cedric is not orange. Cedric is not steep. Cedric is not impressive. Cedric is not thankful. Cedric is not ancient. Cedric is not thoughtless. Cedric is not orange. Cedric is not steep. Cedric is not impressive. Cedric is not thankful. Cedric is not ancient. Cedric is not thoughtless. Cedric is not orange. Cedric is not steep. Cedric is not impressive. Cedric is not thankful. Cedric is not ancient. Cedric is not thoughtless. Cedric is not orange. Cedric is not steep. Cedric is not impressive. Cedric is not thankful. Cedric is not ancient. Cedric is not thoughtless. Cedric is not orange. Cedric is not steep. Cedric is not impressive. Cedric is not thankful. Cedric is not ancient. Cedric is not thoughtless. Cedric is not orange. Cedric is not steep. Cedric is not impressive. Cedric is not thankful. Cedric is not ancient. Cedric is not thoughtless. Cedric is not orange. Cedric is not steep. Cedric is not impressive. Cedric is not thankful. Cedric is not ancient. Cedric is not thoughtless. Cedric is not orange. Cedric is not steep. Cedric is not impressive. Cedric is not thankful. Cedric is not ancient. Cedric is not thoughtless. Cedric is not orange. Cedric is not steep. Cedric is not impressive. Cedric is not thankful. Cedric is not ancient. Cedric is not thoughtless. Cedric is not orange. Cedric is not steep. Cedric is not impressive.
entailment,T,,F,0,T,0,"1. The facts given are:
- Lauren is not thoughtless.
- Kane is not thankful.
- Trevor is thankful.
- Trevor is impressive.
- Sheridan is orange.
- Keene is not orange.
- Cedric is not ancient.
- Trevor is not ancient.
- Shawn is thoughtless.
- Sheridan is not thoughtless.
- Kane is ancient.

2. We need to use the rules to determine the truth of the statement ""Lauren is steep.""

3. The rule ""If someone is orange, then he is not steep"" applies to the statement ""Lauren is orange."" Since Lauren is not orange, we can conclude that Lauren is not steep.

4. The rule ""If someone is not steep, then he is not thoughtless"" applies to the statement ""Lauren is not steep."" Since Lauren is not steep, we can conclude that Lauren is not thoughtless.

5. The rule ""If someone is not ancient, then he is not steep"" applies to the statement ""Lauren is not ancient."" Since Lauren is not ancient, we can conclude that Lauren is not steep.

6. The rule ""If someone is not thoughtless, then he is not orange"" applies to the statement ""Lauren is not thoughtless."" Since Lauren is not thoughtless, we can conclude that Lauren is not orange.

7. The rule ""If someone is not ancient, then he is not steep"" applies to the statement ""Lauren is not ancient."" Since Lauren is not ancient, we can conclude that Lauren is not steep.

8. The rule ""If someone is not steep, then he is not thoughtless"" applies to the statement ""Lauren is not steep."" Since Lauren is not steep, we can conclude that Lauren is not thoughtless.

9. The rule ""If someone is not ancient, then he is not steep"" applies to the statement ""Lauren is not ancient."" Since Lauren is not ancient, we can conclude that Lauren is not steep.

10. The rule ""If someone is not thoughtless, then he is not orange"" applies to the statement ""Lauren is not thoughtless."" Since Lauren is not thoughtless, we can conclude that Lauren is not orange.

11. The rule ""If someone is not ancient, then he is not steep"" applies to the statement ""Lauren is not ancient."" Since Lauren is not ancient, we can conclude that Lauren is not steep.

12. The rule ""If someone is not steep, then he is not thoughtless"" applies"
self_contradiction,F,,F,0,T,1,"Step 1: Identify the relevant information in the facts.
- Keene is not modern.
- Keene is not hungry.
- James is modern.
- James is not tender.
- Melville is not nutty.
- Melville is not hungry.
- Baldwin is tender.
- Kirk is not modern.
- Kirk is not hungry.
- James is not tender.
- Keene is not ugliest.
- Melville is not nutty.
- Baldwin is tender.

Step 2: Apply the rules to the relevant information.
- If someone is not modern, then he is not careful.
- If someone is not tender, then he is modern, and vice versa.
- If someone is not hungry, then he is not ugliest.
- If someone is not modern, then he is not hungry.
- If someone is not tender, then he is modern, and vice versa.
- If someone is not modern, then he is not hungry.
- If someone is not tender, then he is modern, and vice versa.
- If someone is not modern, then he is not hungry.
- If someone is not tender, then he is modern, and vice versa.
- If someone is not modern, then he is not hungry.
- If someone is not tender, then he is modern, and vice versa.
- If someone is not modern, then he is not hungry.
- If someone is not tender, then he is modern, and vice versa.
- If someone is not modern, then he is not hungry.
- If someone is not tender, then he is modern, and vice versa.
- If someone is not modern, then he is not hungry.
- If someone is not tender, then he is modern, and vice versa.
- If someone is not modern, then he is not hungry.
- If someone is not tender, then he is modern, and vice versa.
- If someone is not modern, then he is not hungry.
- If someone is not tender, then he is modern, and vice versa.
- If someone is not modern, then he is not hungry.
- If someone is not tender, then he is modern, and vice versa.
- If someone is not modern, then he is not hungry.
- If someone is not tender, then he is modern, and vice versa.
- If someone is not modern, then he is not hungry.
- If someone is not tender, then he is modern, and vice versa.
- If someone is not modern, then he is not hungry."
entailment,T,,F,0,F,0,"Step 1: Identify the relevant information in the facts.
- Melville is not tender.
- James is not hungry.
- Keene is not modern.
- Keene is not ugly.
- James is modern.
- James is not tender.
- Keene is not ugly.
- Melville is not modern.
- Melville is not hungry.
- Kirk is not modern.
- Kirk is not hungry.
- Baldwin is not nutty.
- Baldwin is not tender.
- Kirk is not nutty.
- Baldwin is not ugly.
- Melville is not nutty.
- Melville is not tender.
- Melville is not modern.
- Melville is not hungry.
- Melville is not ugly.
- Melville is not nutty.
- Melville is not tender.
- Melville is not modern.
- Melville is not hungry.
- Melville is not ugly.
- Melville is not nutty.
- Melville is not tender.
- Melville is not modern.
- Melville is not hungry.
- Melville is not ugly.
- Melville is not nutty.
- Melville is not tender.
- Melville is not modern.
- Melville is not hungry.
- Melville is not ugly.
- Melville is not nutty.
- Melville is not tender.
- Melville is not modern.
- Melville is not hungry.
- Melville is not ugly.
- Melville is not nutty.
- Melville is not tender.
- Melville is not modern.
- Melville is not hungry.
- Melville is not ugly.
- Melville is not nutty.
- Melville is not tender.
- Melville is not modern.
- Melville is not hungry.
- Melville is not ugly.
- Melville is not nutty.
- Melville is not tender.
- Melville is not modern.
- Melville is not hungry.
- Melville is not ugly.
- Melville is not nutty.
- Melville is not tender.
- Melville is not modern.
- Melville is not hungry.
- Melville is not ugly.
- Melville is not nutty.
- Melville is not tender.
- Melville is not modern.
- Melville is not hungry.
- Melville is not ugly.
- Melville is not nutty.
- Melville is not tender.
- Melville is not modern.
- Melville is not hungry.
- Melville is not ugly.
- Melville is not nutty"
entailment,T,,F,0,T,0,"Step 1: Identify the relevant information in the facts.
- Kathryn is modern.
- Aldis is not nutty.
- James is not hungry.
- Keene is not modern.
- Keene is not hungry.
- James is modern.
- James is not tender.
- Keene is not ugliest.
- Melville is not tender.
- Baldwin is tender.

Step 2: Apply the rules to the relevant information.
- If someone who is not hungry is also not tender, then he is ugliest.
- It can be concluded that Keene is tender once knowing that Melville is not nutty or James is careful.
- If someone is both not modern and not nutty, then he is not careful.
- Melville being not hungry and James being nutty imply that Kirk is careful.
- If there is someone who is either ugliest or not tender, then Baldwin is not nutty.
- Melville is not nutty and Kirk is careful if and only if Baldwin is hungry and Keene is tender.
- Someone being both not ugliest and not nutty is equivalent to being careful.
- If someone is not tender and careful, then he is not ugliest, and vice versa.
- If there is someone who is not nutty, then Melville is not modern.
- If someone is not tender, then he is modern, and vice versa.
- If Melville is not ugliest, then Kirk is careful and Kirk is not nutty, and vice versa.
- If someone is not tender or modern, then he is not hungry.

Step 3: Combine the information from the rules and the facts to answer the question.
- Baldwin is not nutty.
- If someone is not tender and careful, then he is not ugliest, and vice versa.
- If there is someone who is not nutty, then Melville is not modern.
- If someone is not tender, then he is modern, and vice versa.
- If Melville is not ugliest, then Kirk is careful and Kirk is not nutty, and vice versa.
- If someone is not tender or modern, then he is not hungry.

Based on the rules and the facts, we can conclude that Baldwin is not nutty."
neutral,F,,F,0,T,1,"Step 1: Identify the relevant information in the facts.
- Kathryn is modern.
- Kathryn is tender.
- Aldis is not nutty.
- James is not hungry.
- Keene is not modern.
- Keene is not hungry.
- James is modern.
- James is not tender.
- Keene is not ugliest.
- Melville is not tender.
- Baldwin is tender.
- Kirk is not tender.
- Kirk is not careful.
- Melville is not hungry.
- James is not modern.
- James is not tender.
- Keene is not ugliest.
- Melville is not tender.
- Baldwin is tender.

Step 2: Apply the rules to the relevant information.
- If someone who is not hungry is also not tender, then he is ugliest.
- It can be concluded that Keene is tender once knowing that Melville is not nutty or James is careful.
- If someone is both not modern and not nutty, then he is not careful.
- Melville being not hungry and James being nutty imply that Kirk is careful.
- If there is someone who is either ugliest or not tender, then Baldwin is not nutty.
- Melville is not nutty and Kirk is careful if and only if Baldwin is hungry and Keene is tender.
- Someone being both not ugliest and not nutty is equivalent to being careful.
- If someone is not tender and careful, then he is not ugliest, and vice versa.
- If there is someone who is not nutty, then Melville is not modern.
- If someone is not tender, then he is modern, and vice versa.
- If Melville is not ugliest, then Kirk is careful and Kirk is not nutty, and vice versa.
- If someone is not tender or modern, then he is not hungry.

Step 3: Combine the information and apply the rules to the relevant information.
- If someone who is not hungry is also not tender, then he is ugliest.
- It can be concluded that Keene is tender once knowing that Melville is not nutty or James is careful.
- If someone is both not modern and not nutty, then he is not careful.
- Melville being not hungry and James being nutty imply that Kirk is careful.
- If there is someone who is either ugliest or not tender, then Baldwin is not nutty.
- Melville is not nutty and Kirk is careful if and only if Baldwin is hungry and Keene is"
entailment,T,,F,0,T,0,"Step 1: Identify the relevant information in the facts.
- Keene is not modern.
- Keene is not hungry.

Step 2: Apply the rules to the relevant information.
- Since Keene is not modern, it implies that he is not careful.
- Since Keene is not hungry, it implies that he is not tender.

Step 3: Combine the information from Step 2 to form a conclusion.
- Since Keene is not tender and not careful, it can be concluded that he is not ugliest.

Step 4: Check if the conclusion is consistent with the facts.
- The conclusion that Keene is not ugliest is consistent with the facts, as it is stated that Keene is not modern and not hungry.

Step 5: Provide the final answer.
- Keene is not ugliest."
self_contradiction,F,,F,0,F,1,"Step 1: Identify the relevant information in the facts.
- Keene is not modern.
- Keene is not hungry.
- James is modern.
- James is not tender.
- Melville is not nutty.
- Melville is not hungry.
- Baldwin is tender.
- Kirk is not modern.
- Kirk is not hungry.
- Baldwin is not nutty.
- Baldwin is not hungry.
- Melville is not tender.
- Melville is not modern.
- Melville is not hungry.
- James is not tender.
- James is not modern.
- James is not hungry.
- Keene is not ugliest.
- Keene is not hungry.
- James is modern.
- James is not tender.
- Keene is not ugliest.
- Keene is not hungry.
- James is modern.
- James is not tender.
- Keene is not ugliest.
- Keene is not hungry.
- James is modern.
- James is not tender.
- Keene is not ugliest.
- Keene is not hungry.
- James is modern.
- James is not tender.
- Keene is not ugliest.
- Keene is not hungry.
- James is modern.
- James is not tender.
- Keene is not ugliest.
- Keene is not hungry.
- James is modern.
- James is not tender.
- Keene is not ugliest.
- Keene is not hungry.
- James is modern.
- James is not tender.
- Keene is not ugliest.
- Keene is not hungry.
- James is modern.
- James is not tender.
- Keene is not ugliest.
- Keene is not hungry.
- James is modern.
- James is not tender.
- Keene is not ugliest.
- Keene is not hungry.
- James is modern.
- James is not tender.
- Keene is not ugliest.
- Keene is not hungry.
- James is modern.
- James is not tender.
- Keene is not ugliest.
- Keene is not hungry.
- James is modern.
- James is not tender.
- Keene is not ugliest.
- Keene is not hungry.
- James is modern.
- James is not tender.
- Keene is not ugliest.
- Keene is not hungry.
- James is modern.
- James is not tender.
- Keene is not ugliest.
- Keene is not hungry.
- James is modern.
- James is not tender.
-"
contradiction,F,,F,0,T,1,"Step 1: Identify the relevant information in the facts.
- Kathryn is modern.
- Aldis is not nutty.
- James is not hungry.
- Keene is not modern.
- Keene is not hungry.
- James is modern.
- James is not tender.
- Keene is not ugliest.
- Melville is not tender.
- Baldwin is tender.

Step 2: Analyze the given rules.
- If someone who is not hungry is also not tender, then he is ugliest.
- It can be concluded that Keene is tender once knowing that Melville is not nutty or James is careful.
- If someone is both not modern and not nutty, then he is not careful.
- Melville being not hungry and James being nutty imply that Kirk is careful.
- If there is someone who is either ugliest or not tender, then Baldwin is not nutty.
- Melville is not nutty and Kirk is careful if and only if Baldwin is hungry and Keene is tender.
- Someone being both not ugliest and not nutty is equivalent to being careful.
- If someone is not tender and careful, then he is not ugliest, and vice versa.
- If there is someone who is not nutty, then Melville is not modern.
- If someone is not tender, then he is modern, and vice versa.
- If Melville is not ugliest, then Kirk is careful and Kirk is not nutty, and vice versa.
- If someone is not tender or modern, then he is not hungry.

Step 3: Apply the rules to the given information.
- Baldwin is nutty.
- It can be concluded that Keene is tender once knowing that Melville is not nutty or James is careful.
- If someone is both not modern and not nutty, then he is not careful.
- Melville being not hungry and James being nutty imply that Kirk is careful.
- If there is someone who is either ugliest or not tender, then Baldwin is not nutty.
- Melville is not nutty and Kirk is careful if and only if Baldwin is hungry and Keene is tender.
- Someone being both not ugliest and not nutty is equivalent to being careful.
- If someone is not tender and careful, then he is not ugliest, and vice versa.
- If there is someone who is not nutty, then Melville is not modern.
- If someone is not tender, then he is modern, and vice versa.
-"
self_contradiction,F,,F,0,T,1,"Step 1: Identify the relevant information in the facts.
- Kathryn is modern.
- Kathryn is nutty.
- Aldis is not nutty.
- James is not hungry.
- Keene is not modern.
- Keene is not hungry.
- James is modern.
- James is not tender.
- Keene is not ugliest.
- Melville is not tender.
- Baldwin is tender.

Step 2: Analyze the information to determine the relationships between the individuals and their characteristics.
- Kathryn is modern and not nutty.
- Aldis is not nutty.
- James is not hungry and modern.
- Keene is not modern and not hungry.
- James is not tender and modern.
- Keene is not ugliest and modern.
- Melville is not tender and not modern.
- Baldwin is tender.

Step 3: Apply the rules to determine the relationships between the individuals and their characteristics.
- If someone who is not hungry is also not tender, then he is ugliest.
- It can be concluded that Keene is tender once knowing that Melville is not nutty or James is careful.
- If someone is both not modern and not nutty, then he is not careful.
- Melville being not hungry and James being nutty imply that Kirk is careful.
- If there is someone who is either ugliest or not tender, then Baldwin is not nutty.
- Melville is not nutty and Kirk is careful if and only if Baldwin is hungry and Keene is tender.
- Someone being both not ugliest and not nutty is equivalent to being careful.
- If someone is not tender and careful, then he is not ugliest, and vice versa.
- If there is someone who is not nutty, then Melville is not modern.
- If someone is not tender, then he is modern, and vice versa.
- If Melville is not ugliest, then Kirk is careful and Kirk is not nutty, and vice versa.
- If someone is not tender or modern, then he is not hungry.

Step 4: Combine the information and rules to answer the question.
- Kathryn is modern and not nutty.
- Aldis is not nutty.
- James is not hungry and modern.
- Keene is not modern and not hungry.
- James is not tender and modern.
- Keene is not ugliest and modern.
- Melville is not tender and not modern.
- Baldwin is tender.

Based on the information provided, it can be concluded that"
entailment,T,,F,0,T,0,"Step 1: Identify the relevant information in the facts.
- Kathryn is modern.
- Kathryn is tender.
- Aldis is not nutty.
- James is not hungry.
- Keene is not modern.
- Keene is not hungry.
- James is modern.
- James is not tender.
- Keene is not ugliest.
- Melville is not tender.
- Baldwin is tender.

Step 2: Apply the rules to the relevant information.
- If someone who is not hungry is also not tender, then he is ugliest.
- It can be concluded that Keene is tender once knowing that Melville is not nutty or James is careful.
- If someone is both not modern and not nutty, then he is not careful.
- Melville being not hungry and James being nutty imply that Kirk is careful.
- If there is someone who is either ugliest or not tender, then Baldwin is not nutty.
- Melville is not nutty and Kirk is careful if and only if Baldwin is hungry and Keene is tender.
- Someone being both not ugliest and not nutty is equivalent to being careful.
- If someone is not tender and careful, then he is not ugliest, and vice versa.
- If there is someone who is not nutty, then Melville is not modern.
- If someone is not tender, then he is modern, and vice versa.
- If Melville is not ugliest, then Kirk is careful and Kirk is not nutty, and vice versa.
- If someone is not tender or modern, then he is not hungry.

Step 3: Combine the information and apply the rules to the relevant information.
- Baldwin is tender.
- It can be concluded that Keene is tender once knowing that Melville is not nutty or James is careful.
- If someone is both not modern and not nutty, then he is not careful.
- Melville being not hungry and James being nutty imply that Kirk is careful.
- If there is someone who is either ugliest or not tender, then Baldwin is not nutty.
- Melville is not nutty and Kirk is careful if and only if Baldwin is hungry and Keene is tender.
- Someone being both not ugliest and not nutty is equivalent to being careful.
- If someone is not tender and careful, then he is not ugliest, and vice versa.
- If there is someone who is not nutty, then Melville is not modern.
- If someone is not tender,"
entailment,T,,F,0,T,0,"Step 1: Identify the relevant information in the facts.
- James is not hungry.
- James is modern.
- James is not tender.

Step 2: Analyze the information to determine the relationship between James and the other characters.
- James is not hungry, which implies that he is not tender.
- James is modern, which implies that he is not nutty.
- James is not tender, which implies that he is not modern.

Step 3: Apply the rules to determine the relationship between James and the other characters.
- If someone is not tender, then he is modern, and vice versa.
- If someone is not modern, then he is not tender.
- If someone is not hungry, then he is not tender.
- If someone is not modern, then he is not hungry.

Step 4: Apply the rules to the given question.
- If someone is not tender and careful, then he is not ugliest, and vice versa.
- If someone is not tender, then he is modern, and vice versa.
- If someone is not modern, then he is not tender.
- If someone is not hungry, then he is not tender.
- If someone is not modern, then he is not hungry.

Step 5: Determine the answer to the question.
- Since James is not tender and careful, he is not ugliest, and vice versa.
- Since James is not modern, he is not tender.
- Since James is not hungry, he is not tender.
- Since James is not modern, he is not hungry.

Step 6: Provide the answer to the question.
- James is not ugliest."
contradiction,F,,F,0,F,1,"Step 1: Identify the relevant information in the facts.
- James is not hungry.
- Keene is not modern.
- Keene is not ugly.
- James is not tender.
- James is not careful.
- Melville is not hungry.
- Melville is not tender.
- Melville is not careful.
- Baldwin is not hungry.
- Baldwin is not tender.
- Baldwin is not careful.
- Kirk is not hungry.
- Kirk is not tender.
- Kirk is not careful.
- Keene is not ugly.
- Keene is not modern.
- Keene is not tender.
- Keene is not careful.
- Melville is not modern.
- Melville is not tender.
- Melville is not careful.
- Baldwin is not modern.
- Baldwin is not tender.
- Baldwin is not careful.
- Kirk is not modern.
- Kirk is not tender.
- Kirk is not careful.
- Keene is not ugly.
- Keene is not modern.
- Keene is not tender.
- Keene is not careful.
- Melville is not modern.
- Melville is not tender.
- Melville is not careful.
- Baldwin is not modern.
- Baldwin is not tender.
- Baldwin is not careful.
- Kirk is not modern.
- Kirk is not tender.
- Kirk is not careful.
- Keene is not ugly.
- Keene is not modern.
- Keene is not tender.
- Keene is not careful.
- Melville is not modern.
- Melville is not tender.
- Melville is not careful.
- Baldwin is not modern.
- Baldwin is not tender.
- Baldwin is not careful.
- Kirk is not modern.
- Kirk is not tender.
- Kirk is not careful.
- Keene is not ugly.
- Keene is not modern.
- Keene is not tender.
- Keene is not careful.
- Melville is not modern.
- Melville is not tender.
- Melville is not careful.
- Baldwin is not modern.
- Baldwin is not tender.
- Baldwin is not careful.
- Kirk is not modern.
- Kirk is not tender.
- Kirk is not careful.
- Keene is not ugly.
- Keene is not modern.
- Keene is not tender.
- Keene is not careful.
- Melville is not modern.
- Melville is not tender.
- Melville is not careful.
- Baldwin is not modern.
- Baldwin is not tender.
- Baldwin is not careful.
- Kirk is not"
contradiction,F,,F,0,T,1,"Step 1: Identify the relevant information in the facts.
- Kathryn is modern.
- Kathryn is tender.
- Aldis is not nutty.
- James is not hungry.
- Keene is not modern.
- Keene is not hungry.
- James is modern.
- James is not tender.
- Keene is not ugliest.
- Melville is not tender.
- Baldwin is tender.

Step 2: Apply the rules to the relevant information.
- If someone who is not hungry is also not tender, then he is ugliest.
- If someone is both not modern and not nutty, then he is not careful.
- If someone is either ugliest or not tender, then he is not careful.
- If there is someone who is either ugliest or not tender, then Baldwin is not nutty.
- If someone is not tender and careful, then he is not ugliest, and vice versa.
- If there is someone who is not nutty, then Melville is not modern.
- If someone is not tender, then he is modern, and vice versa.
- If Melville is not ugliest, then Kirk is careful and Kirk is not nutty, and vice versa.
- If someone is not tender or modern, then he is not hungry.

Step 3: Combine the information and apply the rules to the relevant information.
- If someone who is not hungry is also not tender, then he is ugliest.
- If someone is both not modern and not nutty, then he is not careful.
- If someone is either ugliest or not tender, then he is not careful.
- If there is someone who is either ugliest or not tender, then Baldwin is not nutty.
- If someone is not tender and careful, then he is not ugliest, and vice versa.
- If there is someone who is not nutty, then Melville is not modern.
- If someone is not tender, then he is modern, and vice versa.
- If Melville is not ugliest, then Kirk is careful and Kirk is not nutty, and vice versa.
- If someone is not tender or modern, then he is not hungry.

Step 4: Determine the conclusion.
Based on the information and rules, we can conclude that Keene is tender once knowing that Melville is not nutty or James is careful. If someone who is not hungry is also not tender, then he is ugliest. If someone is both not modern and not nutty, then he is not"
contradiction,F,,F,0,T,1,"Step 1: Identify the relevant information in the facts.
- James is not hungry.
- James is modern.

Step 2: Apply the rules to the relevant information.
- Since James is not hungry, it means he is not tender.
- Since James is modern, it means he is not nutty.

Step 3: Combine the information to form a conclusion.
- Since James is not tender and not nutty, it means he is not careful.

Step 4: Check if the conclusion is consistent with the facts.
- The conclusion that James is not careful is consistent with the facts, as it is stated that James is not hungry and not tender.

Step 5: Determine if there is any additional information that can be used to support or refute the conclusion.
- There is no additional information provided in the facts that can be used to support or refute the conclusion that James is not careful.

Step 6: Finalize the conclusion.
- Based on the information provided in the facts, it can be concluded that James is not careful."
neutral,F,,F,0,F,1,"Step 1: Identify the relevant information in the facts.
- Kathryn is modern.
- Aldis is not nutty.
- James is not hungry.
- Keene is not modern.
- Keene is not hungry.
- James is modern.
- James is not tender.
- Keene is not ugliest.
- Melville is not tender.
- Baldwin is tender.
- Kirk is not tender.
- Kirk is not careful.
- Melville is not hungry.
- James is not modern.
- James is not tender.
- Keene is not ugliest.
- Melville is not nutty.
- Baldwin is tender.
- Kirk is not tender.
- Kirk is not careful.
- Melville is not hungry.
- James is not modern.
- James is not tender.
- Keene is not ugliest.
- Melville is not nutty.
- Baldwin is tender.
- Kirk is not tender.
- Kirk is not careful.
- Melville is not hungry.
- James is not modern.
- James is not tender.
- Keene is not ugliest.
- Melville is not nutty.
- Baldwin is tender.
- Kirk is not tender.
- Kirk is not careful.
- Melville is not hungry.
- James is not modern.
- James is not tender.
- Keene is not ugliest.
- Melville is not nutty.
- Baldwin is tender.
- Kirk is not tender.
- Kirk is not careful.
- Melville is not hungry.
- James is not modern.
- James is not tender.
- Keene is not ugliest.
- Melville is not nutty.
- Baldwin is tender.
- Kirk is not tender.
- Kirk is not careful.
- Melville is not hungry.
- James is not modern.
- James is not tender.
- Keene is not ugliest.
- Melville is not nutty.
- Baldwin is tender.
- Kirk is not tender.
- Kirk is not careful.
- Melville is not hungry.
- James is not modern.
- James is not tender.
- Keene is not ugliest.
- Melville is not nutty.
- Baldwin is tender.
- Kirk is not tender.
- Kirk is not careful.
- Melville is not hungry.
- James is not modern.
- James is not tender.
- Keene is not ugliest.
- Melville is not nutty.
- Baldwin is tender.
- Kirk is not tender.
- Kirk is not careful.
- Melville is not hungry.
-"
self_contradiction,F,,F,0,T,1,"Step 1: Identify the relevant information in the facts.
- Kathryn is modern.
- Kathryn is nutty.
- Aldis is not nutty.
- James is not hungry.
- Keene is not modern.
- Keene is not hungry.
- James is modern.
- James is not tender.
- Keene is not ugliest.
- Melville is not tender.
- Baldwin is tender.

Step 2: Apply the rules to the relevant information.
- If someone who is not hungry is also not tender, then he is ugliest.
- It can be concluded that Keene is tender once knowing that Melville is not nutty or James is careful.
- If someone is both not modern and not nutty, then he is not careful.
- Melville being not hungry and James being nutty imply that Kirk is careful.
- If there is someone who is either ugliest or not tender, then Baldwin is not nutty.
- Melville is not nutty and Kirk is careful if and only if Baldwin is hungry and Keene is tender.
- Someone being both not ugliest and not nutty is equivalent to being careful.
- If someone is not tender and careful, then he is not ugliest, and vice versa.
- If there is someone who is not nutty, then Melville is not modern.
- If someone is not tender, then he is modern, and vice versa.
- If Melville is not ugliest, then Kirk is careful and Kirk is not nutty, and vice versa.
- If someone is not tender or modern, then he is not hungry.

Step 3: Combine the information and apply the rules to the relevant information.
- If someone who is not hungry is also not tender, then he is ugliest.
- It can be concluded that Keene is tender once knowing that Melville is not nutty or James is careful.
- If someone is both not modern and not nutty, then he is not careful.
- Melville being not hungry and James being nutty imply that Kirk is careful.
- If there is someone who is either ugliest or not tender, then Baldwin is not nutty.
- Melville is not nutty and Kirk is careful if and only if Baldwin is hungry and Keene is tender.
- Someone being both not ugliest and not nutty is equivalent to being careful.
- If someone is not tender and careful, then he is not ugliest, and vice versa.
- If there is someone who is not nutty,"
contradiction,F,,F,0,T,1,"Step 1: Identify the relevant information in the facts.
- Kathryn is modern.
- Kathryn is tender.
- Aldis is not nutty.
- James is not hungry.
- Keene is not modern.
- Keene is not hungry.
- James is modern.
- James is not tender.
- Keene is not ugliest.
- Melville is not tender.
- Baldwin is tender.

Step 2: Apply the rules to the relevant information.
- If someone who is not hungry is also not tender, then he is ugliest.
- It can be concluded that Keene is tender once knowing that Melville is not nutty or James is careful.
- If someone is both not modern and not nutty, then he is not careful.
- Melville being not hungry and James being nutty imply that Kirk is careful.
- If there is someone who is either ugliest or not tender, then Baldwin is not nutty.
- Melville is not nutty and Kirk is careful if and only if Baldwin is hungry and Keene is tender.
- Someone being both not ugliest and not nutty is equivalent to being careful.
- If someone is not tender and careful, then he is not ugliest, and vice versa.
- If there is someone who is not nutty, then Melville is not modern.
- If someone is not tender, then he is modern, and vice versa.
- If Melville is not ugliest, then Kirk is careful and Kirk is not nutty, and vice versa.
- If someone is not tender or modern, then he is not hungry.

Step 3: Combine the information and apply the rules to the relevant information.
- If someone who is not hungry is also not tender, then he is ugliest.
- It can be concluded that Keene is tender once knowing that Melville is not nutty or James is careful.
- If someone is both not modern and not nutty, then he is not careful.
- Melville being not hungry and James being nutty imply that Kirk is careful.
- If there is someone who is either ugliest or not tender, then Baldwin is not nutty.
- Melville is not nutty and Kirk is careful if and only if Baldwin is hungry and Keene is tender.
- Someone being both not ugliest and not nutty is equivalent to being careful.
- If someone is not tender and careful, then he is not ugliest, and vice versa.
- If there is someone who is not nutty, then"
neutral,F,,F,0,T,1,"Step 1: Identify the relevant information in the facts.
- James is not hungry.
- James is modern.
- James is not tender.

Step 2: Analyze the information to determine the relationship between James and the other facts.
- James is not hungry, which implies that he is not tender.
- James is modern, which implies that he is not nutty.
- James is not tender, which implies that he is not modern.

Step 3: Apply the rules to determine the relationship between James and the other facts.
- If James is not tender, then he is modern, and vice versa.
- If James is not modern, then he is not tender, and vice versa.
- If James is not hungry, then he is not tender, and vice versa.

Step 4: Determine the conclusion based on the analysis.
- Since James is not tender, he is modern, and vice versa.
- Since James is not modern, he is not tender, and vice versa.
- Since James is not hungry, he is not tender, and vice versa.

Step 5: Apply the conclusion to the question.
- If someone who is not hungry is also not tender, then he is ugliest.
- If someone is both not modern and not nutty, then he is not careful.
- If someone is both not tender and careful, then he is not ugliest, and vice versa.
- If someone is not tender and careful, then he is not ugliest, and vice versa.
- If there is someone who is either ugliest or not tender, then Baldwin is not nutty.
- If someone is not tender, then he is modern, and vice versa.
- If Melville is not ugliest, then Kirk is careful and Kirk is not nutty, and vice versa.
- If someone is not tender or modern, then he is not hungry.
- If someone is not modern, then he is not tender, and vice versa.
- If Melville is not hungry, then Kirk is careful and Kirk is not nutty, and vice versa.
- If someone is not tender or modern, then he is not hungry.
- If someone is not tender, then he is modern, and vice versa.
- If Melville is not ugliest, then Kirk is careful and Kirk is not nutty, and vice versa.
- If someone is not tender, then he is modern, and vice versa.
- If Melville is not ugliest, then Kirk is careful and Kirk is not nutty,"
self_contradiction,F,,F,0,T,1,"Step 1: Identify the relevant information in the facts.
- Keene is not modern.
- James is not hungry.
- Melville is not hungry.
- Baldwin is tender.
- Aldis is not nutty.
- James is modern.
- James is not tender.
- Keene is not ugliest.
- Melville is not nutty.
- Kirk is not careful.
- Baldwin is hungry.
- Kirk is not tender.
- Keene is not ugliest.
- Melville is not tender.
- Baldwin is tender.

Step 2: Apply the rules to the relevant information.
- If someone who is not hungry is also not tender, then he is ugliest.
- It can be concluded that Keene is tender once knowing that Melville is not nutty or James is careful.
- If someone is both not modern and not nutty, then he is not careful.
- Melville being not hungry and James being nutty imply that Kirk is careful.
- If there is someone who is either ugliest or not tender, then Baldwin is not nutty.
- Melville is not nutty and Kirk is careful if and only if Baldwin is hungry and Keene is tender.
- Someone being both not ugliest and not nutty is equivalent to being careful.
- If someone is not tender and careful, then he is not ugliest, and vice versa.
- If there is someone who is not nutty, then Melville is not modern.
- If someone is not tender, then he is modern, and vice versa.
- If Melville is not ugliest, then Kirk is careful and Kirk is not nutty, and vice versa.
- If someone is not tender or modern, then he is not hungry.

Step 3: Combine the information and apply the rules to the relevant information.
- If someone who is not hungry is also not tender, then he is ugliest.
- It can be concluded that Keene is tender once knowing that Melville is not nutty or James is careful.
- If someone is both not modern and not nutty, then he is not careful.
- Melville being not hungry and James being nutty imply that Kirk is careful.
- If there is someone who is either ugliest or not tender, then Baldwin is not nutty.
- Melville is not nutty and Kirk is careful if and only if Baldwin is hungry and Keene is tender.
- Someone being both not ugliest and not nutty is equivalent to being careful.
- If someone is"
neutral,F,,F,0,T,1,"Step 1: Identify the relevant information in the facts.
- Kathryn is modern.
- Kathryn is tender.
- Aldis is not nutty.
- James is not hungry.
- Keene is not modern.
- Keene is not hungry.
- James is modern.
- James is not tender.
- Keene is not ugliest.
- Melville is not tender.
- Baldwin is tender.

Step 2: Apply the rules to the relevant information.
- If someone who is not hungry is also not tender, then he is ugliest.
- It can be concluded that Keene is tender once knowing that Melville is not nutty or James is careful.
- If someone is both not modern and not nutty, then he is not careful.
- Melville being not hungry and James being nutty imply that Kirk is careful.
- If there is someone who is either ugliest or not tender, then Baldwin is not nutty.
- Melville is not nutty and Kirk is careful if and only if Baldwin is hungry and Keene is tender.
- Someone being both not ugliest and not nutty is equivalent to being careful.
- If someone is not tender and careful, then he is not ugliest, and vice versa.
- If there is someone who is not nutty, then Melville is not modern.
- If someone is not tender, then he is modern, and vice versa.
- If Melville is not ugliest, then Kirk is careful and Kirk is not nutty, and vice versa.
- If someone is not tender or modern, then he is not hungry.

Step 3: Combine the information and apply the rules to the relevant information.
- Baldwin is not hungry.
- It can be concluded that Baldwin is not tender.
- If someone is both not modern and not nutty, then he is not careful.
- Melville being not hungry and James being nutty imply that Kirk is careful.
- If there is someone who is either ugliest or not tender, then Baldwin is not nutty.
- Melville is not nutty and Kirk is careful if and only if Baldwin is hungry and Keene is tender.
- Someone being both not ugliest and not nutty is equivalent to being careful.
- If someone is not tender and careful, then he is not ugliest, and vice versa.
- If there is someone who is not nutty, then Melville is not modern.
- If someone is not tender, then he is modern, and vice versa.
- If Mel"
neutral,F,,F,0,T,1,"Step 1: Identify the relevant information in the facts.
- Kathryn is modern.
- Kathryn is tender.
- Aldis is not nutty.
- James is not hungry.
- Keene is not modern.
- Keene is not hungry.
- James is modern.
- James is not tender.
- Keene is not ugliest.
- Melville is not tender.
- Baldwin is tender.

Step 2: Apply the rules to the relevant information.
- If someone who is not hungry is also not tender, then he is ugliest.
- It can be concluded that Keene is tender once knowing that Melville is not nutty or James is careful.
- If someone is both not modern and not nutty, then he is not careful.
- Melville being not hungry and James being nutty imply that Kirk is careful.
- If there is someone who is either ugliest or not tender, then Baldwin is not nutty.
- Melville is not nutty and Kirk is careful if and only if Baldwin is hungry and Keene is tender.
- Someone being both not ugliest and not nutty is equivalent to being careful.
- If someone is not tender and careful, then he is not ugliest, and vice versa.
- If there is someone who is not nutty, then Melville is not modern.
- If someone is not tender, then he is modern, and vice versa.
- If Melville is not ugliest, then Kirk is careful and Kirk is not nutty, and vice versa.
- If someone is not tender or modern, then he is not hungry.

Step 3: Combine the information and apply the rules to the question.
- Kirk is not careful.
- It can be concluded that Keene is tender once knowing that Melville is not nutty or James is careful.
- If someone is both not modern and not nutty, then he is not careful.
- Melville being not hungry and James being nutty imply that Kirk is careful.
- If there is someone who is either ugliest or not tender, then Baldwin is not nutty.
- Melville is not nutty and Kirk is careful if and only if Baldwin is hungry and Keene is tender.
- Someone being both not ugliest and not nutty is equivalent to being careful.
- If someone is not tender and careful, then he is not ugliest, and vice versa.
- If there is someone who is not nutty, then Melville is not modern.
- If someone is not tender,"
entailment,T,,F,0,F,0,
entailment,T,,F,0,F,0,
self_contradiction,F,,F,0,F,1,"1. If Blanche is terrible, then she is not large.
2. If she is not large, then she is not psychological.
3. If she is not psychological, then she is not willing.
4. If she is not willing, then she is not cloudy.
5. If she is not cloudy, then she is not dangerous.
6. If she is not dangerous, then she is not terrible.
7. If she is not terrible, then she is not willing.
8. If she is not willing, then she is not large.
9. If she is not large, then she is not psychological.
10. If she is not psychological, then she is not willing.
11. If she is not willing, then she is not large.
12. If she is not large, then she is not psychological.
13. If she is not psychological, then she is not willing.
14. If she is not willing, then she is not large.
15. If she is not large, then she is not psychological.
16. If she is not psychological, then she is not willing.
17. If she is not willing, then she is not large.
18. If she is not large, then she is not psychological.
19. If she is not psychological, then she is not willing.
20. If she is not willing, then she is not large.
21. If she is not large, then she is not psychological.
22. If she is not psychological, then she is not willing.
23. If she is not willing, then she is not large.
24. If she is not large, then she is not psychological.
25. If she is not psychological, then she is not willing.
26. If she is not willing, then she is not large.
27. If she is not large, then she is not psychological.
28. If she is not psychological, then she is not willing.
29. If she is not willing, then she is not large.
30. If she is not large, then she is not psychological.
31. If she is not psychological, then she is not willing.
32. If she is not willing, then she is not large.
33. If she is not large, then she is not psychological.
34. If she is not psychological, then she is not willing.
35. If she is not willing, then"
neutral,F,,F,0,F,1,"Step 1: Identify the relevant information in the facts.
- Channing is not dangerous.
- Blanche is terrible.
- Alberto is willing.
- Roswell is not willing.
- Roland is not psychological.
- Blanche is willing.
- Roswell is cloudy.
- Roland is not cloudy.
- Blanche is large.
- Roswell is dangerous.
- Channing is not cloudy.

Step 2: Analyze the rules given.
- (Implicit in facts) If someone is not large, then he is not psychological.
- (Implicit in facts) If someone is not willing, then he is both not terrible and not dangerous.
- (Implicit in facts) If someone is not willing, then he is both not terrible and not dangerous.
- (Implicit in facts) If someone is not willing, then he is both not terrible and not dangerous.
- (Implicit in facts) If someone is not willing, then he is both not terrible and not dangerous.
- (Implicit in facts) If someone is not willing, then he is both not terrible and not dangerous.
- (Implicit in facts) If someone is not willing, then he is both not terrible and not dangerous.
- (Implicit in facts) If someone is not willing, then he is both not terrible and not dangerous.
- (Implicit in facts) If someone is not willing, then he is both not terrible and not dangerous.
- (Implicit in facts) If someone is not willing, then he is both not terrible and not dangerous.
- (Implicit in facts) If someone is not willing, then he is both not terrible and not dangerous.
- (Implicit in facts) If someone is not willing, then he is both not terrible and not dangerous.
- (Implicit in facts) If someone is not willing, then he is both not terrible and not dangerous.
- (Implicit in facts) If someone is not willing, then he is both not terrible and not dangerous.
- (Implicit in facts) If someone is not willing, then he is both not terrible and not dangerous.
- (Implicit in facts) If someone is not willing, then he is both not terrible and not dangerous.
- (Implicit in facts) If someone is not willing, then he is both not terrible and not dangerous.
- (Implicit in facts) If someone is not willing, then he is both not terrible and not dangerous.
- (Implicit in facts) If someone is not willing, then he is both not terrible and not dangerous.
- (Implicit in facts) If someone"
contradiction,F,,F,0,F,1,"Step 1: Identify the relevant information in the facts.
- Channing is not dangerous.
- Blanche is terrible.
- Alberto is willing.
- Roswell is not terrible.
- Roland is not psychological.
- Blanche is willing.
- Roswell is not cloudy.
- Roland is not cloudy.
- Blanche is large.
- Roswell is dangerous.
- Channing is not cloudy.

Step 2: Analyze the rules.
- If someone is not willing, then he is both not terrible and not dangerous.
- If someone is not psychological, then he is not cloudy.
- If someone is not terrible, then he is not dangerous.
- If someone is not cloudy, then he is not willing.

Step 3: Apply the rules to the given information.
- Channing is not dangerous, so he is not terrible.
- Blanche is terrible, so she is not willing.
- Alberto is willing, so he is not psychological.
- Roswell is not terrible, so he is not cloudy.
- Roland is not psychological, so he is not cloudy.
- Blanche is willing, so she is not large.
- Roswell is dangerous, so he is not willing.
- Channing is not cloudy, so he is not terrible.

Step 4: Determine the answer.
- Channing is cloudy."
neutral,F,,F,0,F,1,"1. If someone is large, then they are not willing.
2. If someone is not willing, then they are not dangerous.
3. If someone is not dangerous, then they are not terrible.
4. If someone is not terrible, then they are not cloudy.
5. If someone is not cloudy, then they are not psychological.
6. If someone is not psychological, then they are not large.
7. If someone is not large, then they are not willing.
8. If someone is not willing, then they are not dangerous.
9. If someone is not dangerous, then they are not terrible.
10. If someone is not terrible, then they are not cloudy.
11. If someone is not cloudy, then they are not psychological.
12. If someone is not psychological, then they are not large.
13. If someone is not large, then they are not willing.
14. If someone is not willing, then they are not dangerous.
15. If someone is not dangerous, then they are not terrible.
16. If someone is not terrible, then they are not cloudy.
17. If someone is not cloudy, then they are not psychological.
18. If someone is not psychological, then they are not large.
19. If someone is not large, then they are not willing.
20. If someone is not willing, then they are not dangerous.
21. If someone is not dangerous, then they are not terrible.
22. If someone is not terrible, then they are not cloudy.
23. If someone is not cloudy, then they are not psychological.
24. If someone is not psychological, then they are not large.
25. If someone is not large, then they are not willing.
26. If someone is not willing, then they are not dangerous.
27. If someone is not dangerous, then they are not terrible.
28. If someone is not terrible, then they are not cloudy.
29. If someone is not cloudy, then they are not psychological.
30. If someone is not psychological, then they are not large.
31. If someone is not large, then they are not willing.
32. If someone is not willing, then they are not dangerous.
33. If someone is not dangerous, then they are not terrible.
34. If someone is not terrible, then they are not cloudy.
35. If someone is not cloudy, then they"
contradiction,F,,F,0,T,1,"Step 1: Identify the relevant information in the facts.
- Channing is not dangerous.
- Blanche is terrible.
- Alberto is willing.
- Roswell is not willing.
- Roland is not psychological.
- Blanche is willing.
- Roswell is cloudy.
- Roland is not cloudy.
- Blanche is large.
- Roswell is dangerous.
- Channing is not cloudy.

Step 2: Analyze the rules given.
- (Implicit in facts) If someone is not willing, then he is both not terrible and not dangerous.
- (Implicit in facts) If someone is not psychological, then he is not cloudy.

Step 3: Apply the rules to the relevant information.
- If Channing is not dangerous, then Blanche is not large, and vice versa.
- If there is someone who is cloudy, then Alberto is large.
- Roswell being not terrible implies that Roland is not cloudy and Alberto is not psychological.
- If Roland is not willing and Alberto is terrible, then Channing is not dangerous.
- Someone is not terrible and not cloudy if and only if he is not willing.
- Chapman being not cloudy implies that Blanche is not willing and Blanche is not dangerous.
- If there is someone who is psychological, then Channing is not terrible and Alberto is large.
- Carl being psychological is equivalent to Roland being not cloudy.
- Roswell is not dangerous if and only if Blanche is not willing.
- If someone is not willing, then he is both not terrible and not dangerous.

Step 4: Determine the answer to the question.
Alberto is psychological."
entailment,T,,F,0,F,0,
neutral,F,,F,0,T,1,"1. If someone is willing, then they are not dangerous.
2. If someone is not dangerous, then they are not terrible.
3. If someone is not terrible, then they are not cloudy.
4. If someone is not cloudy, then they are not large.
5. If someone is not large, then they are not psychological.
6. If someone is not psychological, then they are not willing.
7. If someone is willing, then they are not dangerous.
8. If someone is not dangerous, then they are not terrible.
9. If someone is not terrible, then they are not cloudy.
10. If someone is not cloudy, then they are not large.
11. If someone is not large, then they are not psychological.
12. If someone is not psychological, then they are not willing.
13. If someone is willing, then they are not dangerous.
14. If someone is not dangerous, then they are not terrible.
15. If someone is not terrible, then they are not cloudy.
16. If someone is not cloudy, then they are not large.
17. If someone is not large, then they are not psychological.
18. If someone is not psychological, then they are not willing.
19. If someone is willing, then they are not dangerous.
20. If someone is not dangerous, then they are not terrible.
21. If someone is not terrible, then they are not cloudy.
22. If someone is not cloudy, then they are not large.
23. If someone is not large, then they are not psychological.
24. If someone is not psychological, then they are not willing.
25. If someone is willing, then they are not dangerous.
26. If someone is not dangerous, then they are not terrible.
27. If someone is not terrible, then they are not cloudy.
28. If someone is not cloudy, then they are not large.
29. If someone is not large, then they are not psychological.
30. If someone is not psychological, then they are not willing.
31. If someone is willing, then they are not dangerous.
32. If someone is not dangerous, then they are not terrible.
33. If someone is not terrible, then they are not cloudy.
34. If someone is not cloudy, then they are not large.
35. If someone is not large, then they are not psychological.
3"
self_contradiction,F,,F,0,F,1,"Step 1: Identify the relevant information in the facts.
- Roswell is not terrible.
- Channing is not dangerous.
- Blanche is terrible.
- Alberto is willing.
- Roswell is not willing.
- Roland is not psychological.
- Blanche is willing.
- Roswell is cloudy.
- Roland is not cloudy.
- Blanche is large.
- Roswell is dangerous.
- Channing is not cloudy.

Step 2: Analyze the rules.
- (Implicit in facts) If someone is not willing, then he is both not terrible and not dangerous.
- (Implicit in facts) If someone is not terrible and not cloudy, then he is not willing.
- (Implicit in facts) If someone is not willing, then he is both not terrible and not dangerous.

Step 3: Apply the rules to the given information.
- If Roswell is dangerous, then Channing is not willing.
- If Channing is not dangerous, then Blanche is not large.
- If Blanche is not large, then Roswell is not willing.
- If Roswell is not willing, then Roland is not psychological.
- If Roland is not psychological, then Channing is not dangerous.
- If Channing is not dangerous, then Blanche is not willing.
- If Blanche is not willing, then Roswell is not psychological.
- If Roswell is not psychological, then Channing is not dangerous.
- If Channing is not dangerous, then Blanche is not willing.
- If Blanche is not willing, then Roswell is not psychological.
- If Roswell is not psychological, then Channing is not dangerous.
- If Channing is not dangerous, then Blanche is not willing.
- If Blanche is not willing, then Roswell is not psychological.
- If Roswell is not psychological, then Channing is not dangerous.
- If Channing is not dangerous, then Blanche is not willing.
- If Blanche is not willing, then Roswell is not psychological.
- If Roswell is not psychological, then Channing is not dangerous.
- If Channing is not dangerous, then Blanche is not willing.
- If Blanche is not willing, then Roswell is not psychological.
- If Roswell is not psychological, then Channing is not dangerous.
- If Channing is not dangerous, then Blanche is not willing.
- If Blanche is not willing, then Roswell is not psychological.
- If Roswell is not psychological, then Channing is"
entailment,T,,F,0,F,0,
self_contradiction,F,,F,0,F,1,
neutral,F,,F,0,F,1,
contradiction,F,,F,0,T,1,"Step 1: Identify the relevant information in the facts.
- Roswell is not terrible.
- Channing is not dangerous.
- Blanche is terrible.
- Alberto is willing.
- Roswell is not willing.
- Roland is not psychological.
- Blanche is willing.
- Roswell is cloudy.
- Roland is not cloudy.
- Blanche is large.
- Roswell is dangerous.
- Channing is not cloudy.

Step 2: Analyze the rules given.
- (Implicit in facts) If someone is not large, then he is not terrible.
- (Implicit in facts) If someone is not willing, then he is both not terrible and not dangerous.
- (Implicit in facts) If someone is not psychological, then he is not cloudy.
- (Implicit in facts) If someone is not willing, then he is both not terrible and not dangerous.

Step 3: Apply the rules to the given information.
- Roswell is not large.
- Channing is not dangerous.
- Blanche is terrible.
- Alberto is willing.
- Roswell is not willing.
- Roland is not psychological.
- Blanche is willing.
- Roswell is cloudy.
- Roland is not cloudy.
- Blanche is large.
- Roswell is dangerous.
- Channing is not cloudy.

Step 4: Determine the answer to the question.
- Since Roswell is not large, it means that he is not terrible. Therefore, the answer to the question is ""Roswell is not terrible."""
contradiction,F,,F,0,T,1,"Step 1: Identify the relevant facts in the question.
- Channing is dangerous.

Step 2: Determine the relationship between the facts and the question.
- The question asks if Channing is dangerous.

Step 3: Apply the rules to determine the answer.
- Since Channing is dangerous, it implies that he is not willing.
- Therefore, the answer to the question is ""Yes, Channing is dangerous.""

Justification: The question asks if Channing is dangerous, and the fact that he is dangerous implies that he is not willing. Therefore, the answer is ""Yes, Channing is dangerous."""
entailment,T,,F,0,T,0,"Step 1: Identify the relevant information in the facts.
- Channing is not dangerous.
- Blanche is terrible.
- Alberto is willing.
- Roswell is not willing.
- Roland is not psychological.
- Blanche is willing.
- Roswell is cloudy.
- Roland is not cloudy.
- Blanche is large.
- Roswell is dangerous.
- Channing is not cloudy.

Step 2: Analyze the rules given.
- (Implicit in facts) If someone is not willing, then he is both not terrible and not dangerous.
- (Implicit in facts) If someone is not psychological, then he is not cloudy.

Step 3: Apply the rules to the relevant information.
- If Channing is not dangerous, then Blanche is not large.
- If Blanche is terrible, then Roswell is not large.
- If Alberto is willing, then Roswell is not cloudy.
- If Roswell is not willing, then Roland is not psychological.
- If Roswell is cloudy, then Roland is not willing.
- If Blanche is willing, then Roswell is not dangerous.
- If Channing is not cloudy, then Blanche is not willing.
- If someone is not willing, then he is both not terrible and not dangerous.
- If someone is not psychological, then he is not cloudy.

Step 4: Determine the answer to the question.
- Alberto is large.
- The answer is: Alberto is large."
contradiction,F,,F,0,T,1,"Step 1: Identify the relevant information in the facts.
- Channing is not dangerous.
- Blanche is terrible.
- Alberto is willing.
- Roswell is not willing.
- Roland is not psychological.
- Blanche is willing.
- Roswell is cloudy.
- Roland is not cloudy.
- Blanche is large.
- Roswell is dangerous.
- Channing is not cloudy.

Step 2: Analyze the rules given.
- (Implicit in facts) If someone is not willing, then he is both not terrible and not dangerous.
- (Implicit in facts) If someone is not psychological, then he is not cloudy.

Step 3: Apply the rules to the given information.
- If Channing is not dangerous, then Blanche is not large, and vice versa.
- If there is someone who is cloudy, then Alberto is large.
- Roswell being not terrible implies that Roland is not cloudy and Alberto is not psychological.
- If Roland is not willing and Alberto is terrible, then Channing is not dangerous.
- Someone is not terrible and not cloudy if and only if he is not willing.
- Chapman being not cloudy implies that Blanche is not willing and Blanche is not dangerous.
- If there is someone who is psychological, then Channing is not terrible and Alberto is large.
- If someone is not willing, then he is both not terrible and not dangerous.
- If someone is not psychological, then he is not cloudy.

Step 4: Determine the answer to the question.
Alberto is not cloudy."
self_contradiction,F,,F,0,T,1,"1. If Blanche is willing, then she is not large.
2. If Blanche is not large, then she is not dangerous.
3. If Blanche is not dangerous, then she is not terrible.
4. If Blanche is not terrible, then she is not psychological.
5. If Blanche is not psychological, then she is not willing.
6. If Blanche is not willing, then she is not cloudy.
7. If Blanche is not cloudy, then she is not large.
8. If Blanche is not large, then she is not dangerous.
9. If Blanche is not dangerous, then she is not terrible.
10. If Blanche is not terrible, then she is not psychological.
11. If Blanche is not psychological, then she is not willing.
12. If Blanche is not willing, then she is not cloudy.
13. If Blanche is not cloudy, then she is not large.
14. If Blanche is not large, then she is not dangerous.
15. If Blanche is not dangerous, then she is not terrible.
16. If Blanche is not terrible, then she is not psychological.
17. If Blanche is not psychological, then she is not willing.
18. If Blanche is not willing, then she is not cloudy.
19. If Blanche is not cloudy, then she is not large.
20. If Blanche is not large, then she is not dangerous.
21. If Blanche is not dangerous, then she is not terrible.
22. If Blanche is not terrible, then she is not psychological.
23. If Blanche is not psychological, then she is not willing.
24. If Blanche is not willing, then she is not cloudy.
25. If Blanche is not cloudy, then she is not large.
26. If Blanche is not large, then she is not dangerous.
27. If Blanche is not dangerous, then she is not terrible.
28. If Blanche is not terrible, then she is not psychological.
29. If Blanche is not psychological, then she is not willing.
30. If Blanche is not willing, then she is not cloudy.
31. If Blanche is not cloudy, then she is not large.
32. If Blanche is not large, then she is not dangerous.
33. If Blanche is not dangerous"
neutral,F,,F,0,F,1,
self_contradiction,F,,F,0,F,1,
neutral,F,,F,0,T,1,"Step 1: Identify the relevant information in the facts.
- Igor is cotton.
- Deborah is cotton.
- Igor is smiling.
- Glenn is consistent.
- Rosie is consistent.
- Igor is consistent.
- Garth is cotton.
- Garth is not wandering.
- Alfie is not smiling.
- Garth is not consistent.
- Glenn is obedient.
- Alfie is not cotton.

Step 2: Apply the rules to the relevant information.
- If someone is not obedient, then he is both smiling and wandering.
- If someone is not cotton, then he is not wandering, and vice versa.
- If someone is either cotton or not wandering, then he is smiling and not obedient.
- It can be concluded that Garth is not wandering once knowing that Deborah is obedient.
- If Glenn is not cotton, then Deborah is not wandering.
- Someone who is obedient is always both wandering and obedient.
- Someone who is both obedient and cotton is always wandering.
- Rules: (Implicit in facts)

Step 3: Apply the rules to the relevant information.
- Rosie is not wandering.
- If someone is not cotton, then he is not wandering, and vice versa.
- If someone is either cotton or not wandering, then he is smiling and not obedient.
- It can be concluded that Garth is not wandering once knowing that Deborah is obedient.
- If Glenn is not cotton, then Deborah is not wandering.
- Someone who is obedient is always both wandering and obedient.
- Someone who is both obedient and cotton is always wandering.

Step 4: Combine the conclusions from the rules and the facts.
- Rosie is not wandering.
- If someone is not cotton, then he is not wandering, and vice versa.
- If someone is either cotton or not wandering, then he is smiling and not obedient.
- It can be concluded that Garth is not wandering once knowing that Deborah is obedient.
- If Glenn is not cotton, then Deborah is not wandering.
- Someone who is obedient is always both wandering and obedient.
- Someone who is both obedient and cotton is always wandering.

Step 5: Answer the question.
Rosie is not wandering."
contradiction,F,,F,0,T,1,"Step 1: Identify the relevant information in the facts.
- Igor is cotton.
- Deborah is cotton.
- Igor is smiling.
- Glenn is consistent.
- Rosie is consistent.
- Igor is consistent.
- Garth is cotton.
- Garth is not wandering.
- Alfie is not smiling.
- Garth is not consistent.
- Glenn is obedient.
- Alfie is not cotton.

Step 2: Apply the rules to the given information.
- If someone is not obedient, then he is both smiling and wandering.
- If someone is not cotton, then he is not wandering, and vice versa.
- If someone is either cotton or not wandering, then he is smiling and not obedient.
- It can be concluded that Garth is not wandering once knowing that Deborah is obedient.
- If Glenn is not cotton, then Deborah is not wandering.
- Someone who is obedient is always both wandering and obedient.
- Someone who is both obedient and cotton is always wandering.
- Rules: (Implicit in facts)

Step 3: Apply the rules to the given information.
- If someone is not cotton, then he is not wandering, and vice versa.
- If someone is either cotton or not wandering, then he is smiling and not obedient.
- If someone is not cotton, then Deborah is not wandering.
- If Alfie is wandering, then Glenn is not smiling, and vice versa.
- Someone is consistent and not obedient if and only if he is obedient.
- Someone who is both obedient and cotton is always wandering.

Step 4: Combine the information and conclusions to answer the question.
- If Connell is obedient, then he is not wandering and not smiling.
- If Glenn is not cotton, then Deborah is not wandering.
- If someone is not cotton, then he is not wandering, and vice versa.
- If someone is either cotton or not wandering, then he is smiling and not obedient.
- If someone is not cotton, then Deborah is not wandering.
- If Alfie is wandering, then Glenn is not smiling, and vice versa.
- Someone is consistent and not obedient if and only if he is obedient.
- Someone who is both obedient and cotton is always wandering.
- Rules: (Implicit in facts)

Step 5: Answer the question.
- If Connell is obedient, then he is not wandering and not smiling."
contradiction,F,,F,0,T,1,"1. If someone is not consistent, then he is not wandering.
2. If someone is not wandering, then he is not consistent.
3. If someone is not cotton, then he is not wandering.
4. If someone is not cotton, then he is not consistent.
5. If someone is not cotton, then he is not wandering.
6. If someone is not cotton, then he is not consistent.
7. If someone is not cotton, then he is not wandering.
8. If someone is not cotton, then he is not consistent.
9. If someone is not cotton, then he is not wandering.
10. If someone is not cotton, then he is not consistent.
11. If someone is not cotton, then he is not wandering.
12. If someone is not cotton, then he is not consistent.
13. If someone is not cotton, then he is not wandering.
14. If someone is not cotton, then he is not consistent.
15. If someone is not cotton, then he is not wandering.
16. If someone is not cotton, then he is not consistent.
17. If someone is not cotton, then he is not wandering.
18. If someone is not cotton, then he is not consistent.
19. If someone is not cotton, then he is not wandering.
20. If someone is not cotton, then he is not consistent.
21. If someone is not cotton, then he is not wandering.
22. If someone is not cotton, then he is not consistent.
23. If someone is not cotton, then he is not wandering.
24. If someone is not cotton, then he is not consistent.
25. If someone is not cotton, then he is not wandering.
26. If someone is not cotton, then he is not consistent.
27. If someone is not cotton, then he is not wandering.
28. If someone is not cotton, then he is not consistent.
29. If someone is not cotton, then he is not wandering.
30. If someone is not cotton, then he is not consistent.
31. If someone is not cotton, then he is not wandering.
32. If someone is not cotton, then he is not consistent.
33. If someone is not cotton, then he is not wandering.
34. If someone is not cotton, then he is not consistent.
35. If someone is not cotton, then"
neutral,F,,F,0,T,1,"Step 1: Identify the relevant information in the facts.
- Igor is cotton.
- Deborah is cotton.
- Igor is smiling.
- Glenn is consistent.
- Rosie is consistent.
- Igor is consistent.
- Garth is cotton.
- Garth is not wandering.
- Alfie is not smiling.
- Garth is not consistent.
- Glenn is obedient.
- Alfie is not cotton.

Step 2: Apply the rules to the relevant information.
- If someone is not obedient, then he is both smiling and wandering.
- If someone is not cotton, then he is not wandering, and vice versa.
- If someone is either cotton or not wandering, then he is smiling and not obedient.
- It can be concluded that Garth is not wandering once knowing that Deborah is obedient.
- If Glenn is not cotton, then Deborah is not wandering.
- Someone who is obedient is always both wandering and obedient.
- Someone who is both obedient and cotton is always wandering.
- Rules: (Implicit in facts)

Step 3: Apply the rules to the relevant information.
- If someone is not consistent, then he is not wandering.
- If someone is not cotton, then he is not wandering, and vice versa.
- If someone is either cotton or not wandering, then he is smiling and not obedient.
- It can be concluded that Garth is not wandering once knowing that Deborah is obedient.
- If Glenn is not cotton, then Deborah is not wandering.
- Someone who is obedient is always both wandering and obedient.
- Someone who is both obedient and cotton is always wandering.
- Rules: (Implicit in facts)

Step 4: Determine the answer to the question.
- Connell is not consistent."
entailment,T,,F,0,T,0,"Step 1: Identify the relevant information in the facts.
- Igor is cotton.
- Deborah is cotton.
- Igor is smiling.
- Glenn is consistent.
- Rosie is consistent.
- Igor is consistent.
- Garth is cotton.
- Garth is not wandering.
- Alfie is not smiling.
- Garth is not consistent.
- Glenn is obedient.
- Alfie is not cotton.

Step 2: Apply the rules to the given information.
- If someone is not obedient, then he is both smiling and wandering.
- If someone is not cotton, then he is not wandering, and vice versa.
- If someone is either cotton or not wandering, then he is smiling and not obedient.
- It can be concluded that Garth is not wandering once knowing that Deborah is obedient.
- If Glenn is not cotton, then Deborah is not wandering.
- Someone who is obedient is always both wandering and obedient.
- Someone who is both obedient and cotton is always wandering.
- Rules: (Implicit in facts)

Step 3: Apply the rules to the given information.
- If someone is not cotton, then he is not wandering, and vice versa.
- If someone is either cotton or not wandering, then he is smiling and not obedient.
- If someone is not cotton, then Deborah is not wandering.
- If Alfie is wandering, then Glenn is not smiling, and vice versa.
- Someone is consistent and not obedient if and only if he is obedient.
- Someone who is both obedient and cotton is always wandering.

Step 4: Determine the answer to the question.
- Connell is not cotton."
entailment,T,,F,0,T,0,"1. The facts state that Igor is cotton.
2. The rules state that if someone is consistent, then they are not wandering.
3. Since Igor is cotton, it means that he is not wandering.
4. Therefore, the conclusion is that Igor is consistent."
self_contradiction,F,,F,0,F,1,"Step 1: Identify the relevant information in the facts.
- Igor is cotton.
- Deborah is cotton.
- Igor is smiling.
- Glenn is consistent.
- Rosie is consistent.
- Igor is consistent.
- Garth is cotton.
- Garth is not wandering.
- Alfie is not smiling.
- Garth is not consistent.
- Glenn is obedient.
- Alfie is not cotton.

Step 2: Analyze the given information and determine the relationships between the subjects and their actions.

- Igor is cotton and smiling, which means he is not wandering.
- Deborah is cotton and not smiling, which means she is not wandering.
- Igor is consistent and smiling, which means he is not wandering.
- Glenn is consistent and not wandering, which means he is not wandering.
- Rosie is consistent and not smiling, which means she is not wandering.
- Igor is consistent and not wandering, which means he is not wandering.
- Garth is cotton and not wandering, which means he is not wandering.
- Garth is not consistent and not wandering, which means he is not wandering.
- Alfie is not smiling and not cotton, which means he is not wandering.
- Garth is not consistent and not wandering, which means he is not wandering.
- Glenn is obedient and not cotton, which means he is not wandering.
- Alfie is not cotton and not smiling, which means he is not wandering.
- Someone who is not cotton is not wandering, and vice versa.
- If someone is not cotton, then he is not wandering, and vice versa.
- If someone is either cotton or not wandering, then he is smiling and not obedient.
- If someone is not cotton, then Deborah is not wandering.
- If Glenn is not cotton, then Deborah is not wandering.
- If someone is not cotton, then Glenn is not smiling, and vice versa.
- If someone is both cotton and not wandering, then he is smiling and not obedient.
- If someone is not cotton and not wandering, then he is not smiling and not obedient.
- If someone is not cotton and not wandering, then he is not smiling and not obedient.
- If someone is not cotton and not wandering, then he is not smiling and not obedient.
- If someone is not cotton and not wandering, then he is not smiling and not obedient.
- If someone is not cotton and not wandering, then he is not smiling and not obedient.
- If someone is not cotton and not wandering, then he is not smiling and not obedient."
self_contradiction,F,,F,0,T,1,"1. If someone is not cotton, then he is not wandering, and vice versa.
2. If someone is either cotton or not wandering, then he is smiling and not obedient.
3. If someone is not wandering, then he is not smiling, and vice versa.
4. If someone is not cotton, then he is not wandering.
5. If someone is not cotton, then he is not wandering.
6. If someone is not cotton, then he is not wandering.
7. If someone is not cotton, then he is not wandering.
8. If someone is not cotton, then he is not wandering.
9. If someone is not cotton, then he is not wandering.
10. If someone is not cotton, then he is not wandering.
11. If someone is not cotton, then he is not wandering.
12. If someone is not cotton, then he is not wandering.
13. If someone is not cotton, then he is not wandering.
14. If someone is not cotton, then he is not wandering.
15. If someone is not cotton, then he is not wandering.
16. If someone is not cotton, then he is not wandering.
17. If someone is not cotton, then he is not wandering.
18. If someone is not cotton, then he is not wandering.
19. If someone is not cotton, then he is not wandering.
20. If someone is not cotton, then he is not wandering.
21. If someone is not cotton, then he is not wandering.
22. If someone is not cotton, then he is not wandering.
23. If someone is not cotton, then he is not wandering.
24. If someone is not cotton, then he is not wandering.
25. If someone is not cotton, then he is not wandering.
26. If someone is not cotton, then he is not wandering.
27. If someone is not cotton, then he is not wandering.
28. If someone is not cotton, then he is not wandering.
29. If someone is not cotton, then he is not wandering.
30. If someone is not cotton, then he is not wandering.
31. If someone is not cotton, then he is not wandering.
32. If someone is not cotton, then he is not wandering.
33. If someone is not cotton, then he is not wandering.
34. If someone is not cotton, then he is"
self_contradiction,F,,F,0,T,1,"1. If someone is not cotton, then he is not wandering, and vice versa.
2. If someone is either cotton or not wandering, then he is smiling and not obedient.
3. If someone is not wandering, then he is not smiling, and vice versa.
4. If someone is not cotton, then he is not wandering.
5. If someone is not cotton, then he is not wandering.
6. If someone is not cotton, then he is not wandering.
7. If someone is not cotton, then he is not wandering.
8. If someone is not cotton, then he is not wandering.
9. If someone is not cotton, then he is not wandering.
10. If someone is not cotton, then he is not wandering.
11. If someone is not cotton, then he is not wandering.
12. If someone is not cotton, then he is not wandering.
13. If someone is not cotton, then he is not wandering.
14. If someone is not cotton, then he is not wandering.
15. If someone is not cotton, then he is not wandering.
16. If someone is not cotton, then he is not wandering.
17. If someone is not cotton, then he is not wandering.
18. If someone is not cotton, then he is not wandering.
19. If someone is not cotton, then he is not wandering.
20. If someone is not cotton, then he is not wandering.
21. If someone is not cotton, then he is not wandering.
22. If someone is not cotton, then he is not wandering.
23. If someone is not cotton, then he is not wandering.
24. If someone is not cotton, then he is not wandering.
25. If someone is not cotton, then he is not wandering.
26. If someone is not cotton, then he is not wandering.
27. If someone is not cotton, then he is not wandering.
28. If someone is not cotton, then he is not wandering.
29. If someone is not cotton, then he is not wandering.
30. If someone is not cotton, then he is not wandering.
31. If someone is not cotton, then he is not wandering.
32. If someone is not cotton, then he is not wandering.
33. If someone is not cotton, then he is not wandering.
34. If someone is not cotton, then he is"
contradiction,F,,F,0,T,1,"Step 1: Identify the relevant information in the facts.
- Igor is cotton.
- Deborah is cotton.
- Igor is smiling.
- Glenn is consistent.
- Rosie is consistent.
- Igor is consistent.
- Garth is cotton.
- Garth is not wandering.
- Alfie is not smiling.
- Garth is not consistent.
- Glenn is obedient.
- Alfie is not cotton.

Step 2: Analyze the information to determine the relationship between Garth and the other characters.
- Garth is consistent.
- Glenn is not wandering.
- Alfie is not cotton.
- Rosie is consistent.
- Igor is smiling.
- Deborah is cotton.
- Igor is consistent.
- Garth is not consistent.
- Glenn is obedient.
- Alfie is not smiling.

Step 3: Apply the rules to determine the relationship between Garth and the other characters.
- If someone is not wandering, then he is not consistent.
- If someone is not cotton, then he is not wandering.
- If someone is either cotton or not wandering, then he is smiling and not obedient.
- If someone is both cotton and not wandering, then he is not consistent.
- If someone is consistent and not obedient, then he is obedient.
- If someone is both obedient and cotton, then he is always wandering.

Step 4: Apply the rules to the given information to determine the relationship between Garth and the other characters.
- If Garth is consistent, then he is not wandering.
- If Glenn is not wandering, then he is not consistent.
- If Alfie is not cotton, then he is not wandering.
- If Rosie is consistent, then she is not wandering.
- If Igor is smiling, then he is not consistent.
- If Deborah is cotton, then she is not wandering.
- If Igor is consistent, then he is not wandering.
- If Garth is not consistent, then he is not wandering.
- If Glenn is obedient, then he is not wandering.
- If Alfie is not smiling, then he is not cotton.
- If Garth is not consistent, then he is not wandering.

Step 5: Determine the final conclusion.
- Garth is consistent.
- Glenn is not wandering.
- Alfie is not cotton.
- Rosie is consistent.
- Igor is smiling.
- Deborah is cotton.
- Igor is consistent.
- Garth is not consistent.
- Glenn is obedient.
- Alfie is not smiling.
- Garth is not consistent.
- Glenn is not wandering."
self_contradiction,F,,F,0,F,1,"1. If someone is not cotton, then he is not wandering, and vice versa.
2. If someone is either cotton or not wandering, then he is smiling and not obedient.
3. If someone is not wandering, then he is not smiling, and vice versa.
4. If someone is not cotton, then he is not wandering.
5. If someone is not cotton, then he is not wandering.
6. If someone is not cotton, then he is not wandering.
7. If someone is not cotton, then he is not wandering.
8. If someone is not cotton, then he is not wandering.
9. If someone is not cotton, then he is not wandering.
10. If someone is not cotton, then he is not wandering.
11. If someone is not cotton, then he is not wandering.
12. If someone is not cotton, then he is not wandering.
13. If someone is not cotton, then he is not wandering.
14. If someone is not cotton, then he is not wandering.
15. If someone is not cotton, then he is not wandering.
16. If someone is not cotton, then he is not wandering.
17. If someone is not cotton, then he is not wandering.
18. If someone is not cotton, then he is not wandering.
19. If someone is not cotton, then he is not wandering.
20. If someone is not cotton, then he is not wandering.
21. If someone is not cotton, then he is not wandering.
22. If someone is not cotton, then he is not wandering.
23. If someone is not cotton, then he is not wandering.
24. If someone is not cotton, then he is not wandering.
25. If someone is not cotton, then he is not wandering.
26. If someone is not cotton, then he is not wandering.
27. If someone is not cotton, then he is not wandering.
28. If someone is not cotton, then he is not wandering.
29. If someone is not cotton, then he is not wandering.
30. If someone is not cotton, then he is not wandering.
31. If someone is not cotton, then he is not wandering.
32. If someone is not cotton, then he is not wandering.
33. If someone is not cotton, then he is not wandering.
34. If someone is not cotton, then he is"
neutral,F,,F,0,T,1,"Step 1: Identify the relevant information in the facts.
- Igor is cotton.
- Deborah is cotton.
- Igor is smiling.
- Glenn is consistent.
- Rosie is consistent.
- Igor is consistent.
- Garth is cotton.
- Garth is not wandering.
- Alfie is not smiling.
- Garth is not consistent.
- Glenn is obedient.
- Alfie is not cotton.

Step 2: Apply the rules to the given information.
- If someone is not obedient, then he is both smiling and wandering.
- If someone is not cotton, then he is not wandering, and vice versa.
- If someone is either cotton or not wandering, then he is smiling and not obedient.
- It can be concluded that Garth is not wandering once knowing that Deborah is obedient.
- If Glenn is not cotton, then Deborah is not wandering.
- Someone who is obedient is always both wandering and obedient.
- Someone who is both obedient and cotton is always wandering.
- Rules: (Implicit in facts)

Step 3: Apply the rules to the given information.
- If someone is not consistent, then he is not wandering.
- If someone is not cotton, then he is not wandering, and vice versa.
- If someone is either cotton or not wandering, then he is smiling and not obedient.
- It can be concluded that Garth is not wandering once knowing that Deborah is obedient.
- If Glenn is not cotton, then Deborah is not wandering.
- Someone who is obedient is always both wandering and obedient.
- Someone who is both obedient and cotton is always wandering.
- Rules: (Implicit in facts)

Step 4: Combine the results of the previous steps.
- If someone is not consistent, then he is not wandering.
- If someone is not cotton, then he is not wandering, and vice versa.
- If someone is either cotton or not wandering, then he is smiling and not obedient.
- It can be concluded that Garth is not wandering once knowing that Deborah is obedient.
- If Glenn is not cotton, then Deborah is not wandering.
- Someone who is obedient is always both wandering and obedient.
- Someone who is both obedient and cotton is always wandering.
- Rules: (Implicit in facts)

Step 5: Answer the question.
- If someone is not consistent, then he is not wandering.
- If someone is not cotton, then he is not wandering, and vice versa.
- If someone is either cotton or not wandering, then he is smiling and not obedient.
- It can be"
entailment,T,,F,0,F,0,"Step 1: Identify the relevant information in the facts.
- Igor is cotton.
- Deborah is cotton.
- Igor is smiling.
- Glenn is consistent.
- Rosie is consistent.
- Igor is consistent.
- Garth is cotton.
- Garth is not wandering.
- Alfie is not smiling.
- Garth is not consistent.
- Glenn is obedient.
- Alfie is not cotton.

Step 2: Analyze the given information and determine the relationships between the subjects and their actions.

- Igor is cotton and smiling, which means he is not wandering.
- Deborah is cotton and not smiling, which means she is wandering.
- Igor is consistent and smiling, which means he is not wandering.
- Glenn is consistent and not wandering, which means he is not smiling.
- Rosie is consistent and not smiling, which means she is not wandering.
- Igor is consistent and not wandering, which means he is not smiling.
- Garth is cotton and not wandering, which means he is not smiling.
- Garth is not consistent and not wandering, which means he is not smiling.
- Alfie is not cotton and not smiling, which means he is not wandering.
- Garth is not consistent and not wandering, which means he is not smiling.
- Glenn is obedient and not wandering, which means he is not smiling.
- Alfie is not cotton and not smiling, which means he is not wandering.
- Garth is not consistent and not wandering, which means he is not smiling.
- Glenn is obedient and not wandering, which means he is not smiling.
- Alfie is not cotton and not smiling, which means he is not wandering.
- Garth is not consistent and not wandering, which means he is not smiling.
- Glenn is obedient and not wandering, which means he is not smiling.
- Alfie is not cotton and not smiling, which means he is not wandering.
- Garth is not consistent and not wandering, which means he is not smiling.
- Glenn is obedient and not wandering, which means he is not smiling.
- Alfie is not cotton and not smiling, which means he is not wandering.
- Garth is not consistent and not wandering, which means he is not smiling.
- Glenn is obedient and not wandering, which means he is not smiling.
- Alfie is not cotton and not smiling, which means he is not wandering.
- Garth is not consistent and not wandering, which means he is not smiling.
- Glenn is obedient and not wandering, which means he is"
entailment,T,,F,0,F,0,"1. If someone is not cotton, then he is not wandering, and vice versa.
2. If someone is either cotton or not wandering, then he is smiling and not obedient.
3. If someone is not wandering, then he is not smiling, and vice versa.
4. If someone is not cotton, then he is not wandering.
5. If someone is not cotton, then he is not wandering.
6. If someone is not cotton, then he is not wandering.
7. If someone is not cotton, then he is not wandering.
8. If someone is not cotton, then he is not wandering.
9. If someone is not cotton, then he is not wandering.
10. If someone is not cotton, then he is not wandering.
11. If someone is not cotton, then he is not wandering.
12. If someone is not cotton, then he is not wandering.
13. If someone is not cotton, then he is not wandering.
14. If someone is not cotton, then he is not wandering.
15. If someone is not cotton, then he is not wandering.
16. If someone is not cotton, then he is not wandering.
17. If someone is not cotton, then he is not wandering.
18. If someone is not cotton, then he is not wandering.
19. If someone is not cotton, then he is not wandering.
20. If someone is not cotton, then he is not wandering.
21. If someone is not cotton, then he is not wandering.
22. If someone is not cotton, then he is not wandering.
23. If someone is not cotton, then he is not wandering.
24. If someone is not cotton, then he is not wandering.
25. If someone is not cotton, then he is not wandering.
26. If someone is not cotton, then he is not wandering.
27. If someone is not cotton, then he is not wandering.
28. If someone is not cotton, then he is not wandering.
29. If someone is not cotton, then he is not wandering.
30. If someone is not cotton, then he is not wandering.
31. If someone is not cotton, then he is not wandering.
32. If someone is not cotton, then he is not wandering.
33. If someone is not cotton, then he is not wandering.
34. If someone is not cotton, then he is"
contradiction,F,,F,0,T,1,"Step 1: Identify the relevant information in the facts.
- Igor is cotton.
- Deborah is cotton.
- Igor is smiling.
- Glenn is consistent.
- Rosie is consistent.
- Igor is consistent.
- Garth is cotton.
- Garth is not wandering.
- Alfie is not smiling.
- Garth is not consistent.
- Glenn is obedient.
- Alfie is not cotton.

Step 2: Apply the rules to the relevant information.
- If someone is not obedient, then he is both smiling and wandering.
- If someone is not cotton, then he is not wandering, and vice versa.
- If someone is either cotton or not wandering, then he is smiling and not obedient.
- If someone is both obedient and cotton, then he is always wandering.
- If someone is consistent and not obedient, then he is obedient.
- If someone is both obedient and cotton, then he is always wandering.

Step 3: Apply the rules to the given information.
- Alfie is not smiling.
- Garth is not wandering.
- Glenn is not consistent.
- Garth is not cotton.
- Alfie is not cotton.

Step 4: Determine the conclusion based on the rules and given information.
- Since Alfie is not smiling and Garth is not wandering, and Glenn is not consistent, Garth is not cotton.
- Since Alfie is not cotton, and Glenn is not consistent, Glenn is not obedient.
- Since Garth is not cotton, and Glenn is not consistent, Glenn is not obedient.
- Since Garth is not cotton, and Glenn is not consistent, Glenn is not obedient.
- Since Garth is not cotton, and Glenn is not consistent, Glenn is not obedient.
- Since Garth is not cotton, and Glenn is not consistent, Glenn is not obedient.
- Since Garth is not cotton, and Glenn is not consistent, Glenn is not obedient.
- Since Garth is not cotton, and Glenn is not consistent, Glenn is not obedient.
- Since Garth is not cotton, and Glenn is not consistent, Glenn is not obedient.
- Since Garth is not cotton, and Glenn is not consistent, Glenn is not obedient.
- Since Garth is not cotton, and Glenn is not consistent, Glenn is not obedient.
- Since Garth is not cotton, and Glenn is not consistent, Glenn is not obedient.
- Since Garth is not cotton, and Glenn is not consistent, Glenn is not obedient.
- Since Garth is not cotton, and Glenn"
self_contradiction,F,,F,0,T,1,"Step 1: Identify the relevant information in the facts.
- Igor is cotton.
- Deborah is cotton.
- Igor is smiling.
- Glenn is consistent.
- Rosie is consistent.
- Igor is consistent.
- Garth is cotton.
- Garth is not wandering.
- Alfie is not smiling.
- Garth is not consistent.
- Glenn is obedient.
- Alfie is not cotton.

Step 2: Apply the rules to the relevant information.
- If someone is not obedient, then he is both smiling and wandering.
- If someone is not cotton, then he is not wandering, and vice versa.
- If someone is either cotton or not wandering, then he is smiling and not obedient.
- It can be concluded that Garth is not wandering once knowing that Deborah is obedient.
- If Glenn is not cotton, then Deborah is not wandering.
- Someone who is obedient is always both wandering and obedient.
- Someone who is both obedient and cotton is always wandering.
- Rules: (Implicit in facts)

Step 3: Apply the rules to the relevant information.
- Garth is not cotton.
- Garth is not wandering.
- Glenn is not cotton.
- Glenn is not wandering.
- Alfie is not cotton.
- Alfie is not wandering.
- Garth is not consistent.
- Glenn is not consistent.
- Garth is not obedient.
- Alfie is not cotton.
- Alfie is not wandering.
- Garth is not consistent.
- Glenn is not consistent.
- Garth is not cotton.
- Garth is not wandering.
- Glenn is not cotton.
- Glenn is not wandering.
- Alfie is not cotton.
- Alfie is not wandering.
- Garth is not consistent.
- Glenn is not consistent.
- Garth is not cotton.
- Garth is not wandering.
- Glenn is not cotton.
- Glenn is not wandering.
- Alfie is not cotton.
- Alfie is not wandering.
- Garth is not consistent.
- Glenn is not consistent.
- Garth is not cotton.
- Garth is not wandering.
- Glenn is not cotton.
- Glenn is not wandering.
- Alfie is not cotton.
- Alfie is not wandering.
- Garth is not consistent.
- Glenn is not consistent.
- Garth is not cotton.
- Garth is not wandering.
- Glenn is not cotton.
- Glenn is not wandering.
- Alfie is not cotton.
- Alfie is not wandering.
- Garth is not consistent.
-"
neutral,F,,F,0,T,1,"Step 1: Identify the relevant information in the facts.
- Igor is cotton.
- Deborah is cotton.
- Igor is smiling.
- Glenn is consistent.
- Rosie is consistent.
- Igor is consistent.
- Garth is cotton.
- Garth is not wandering.
- Alfie is not smiling.
- Garth is not consistent.
- Glenn is obedient.
- Alfie is not cotton.

Step 2: Apply the rules to the relevant information.
- If someone is not obedient, then he is both smiling and wandering.
- If someone is not cotton, then he is not wandering, and vice versa.
- If someone is either cotton or not wandering, then he is smiling and not obedient.
- It can be concluded that Garth is not wandering once knowing that Deborah is obedient.
- If Glenn is not cotton, then Deborah is not wandering.
- Someone who is obedient is always both wandering and obedient.
- Someone who is both obedient and cotton is always wandering.
- Rules: (Implicit in facts)

Step 3: Apply the rules to the relevant information.
- If someone is not consistent, then he is not wandering.
- If someone is not cotton, then he is not wandering, and vice versa.
- If someone is either cotton or not wandering, then he is smiling and not obedient.
- It can be concluded that Garth is not wandering once knowing that Deborah is obedient.
- If Glenn is not cotton, then Deborah is not wandering.
- Someone who is obedient is always both wandering and obedient.
- Someone who is both obedient and cotton is always wandering.
- Rules: (Implicit in facts)

Step 4: Determine the answer to the question.
- Alfie is not consistent."
entailment,T,,F,0,T,0,"Step 1: Identify the relevant information in the facts.
- Igor is cotton.
- Deborah is cotton.
- Igor is smiling.
- Glenn is consistent.
- Rosie is consistent.
- Igor is consistent.
- Garth is cotton.
- Garth is not wandering.
- Alfie is not smiling.
- Garth is not consistent.
- Glenn is obedient.
- Alfie is not cotton.

Step 2: Analyze the given information and determine the relationships between the subjects and their actions.

- Rosie is smiling: This means that Rosie is not consistent.
- Igor is smiling: This means that Igor is consistent.
- Glenn is not wandering: This means that Glenn is not consistent.
- Garth is not wandering: This means that Garth is consistent.
- Alfie is not smiling: This means that Alfie is not consistent.
- Garth is not consistent: This means that Garth is not consistent.
- Glenn is obedient: This means that Glenn is consistent.
- Alfie is not cotton: This means that Alfie is not consistent.
- Igor is consistent: This means that Igor is consistent.
- Deborah is cotton: This means that Deborah is consistent.
- Igor is smiling: This means that Igor is consistent.
- Garth is not cotton: This means that Garth is not consistent.
- Garth is not consistent: This means that Garth is not consistent.
- Glenn is not wandering: This means that Glenn is not consistent.
- Alfie is not cotton: This means that Alfie is not consistent.
- Rosie is smiling: This means that Rosie is not consistent.

Step 3: Apply the rules to determine the relationship between the subjects and their actions.

- Rosie is smiling: This means that Rosie is not consistent.
- Igor is smiling: This means that Igor is consistent.
- Glenn is not wandering: This means that Glenn is not consistent.
- Garth is not wandering: This means that Garth is consistent.
- Alfie is not smiling: This means that Alfie is not consistent.
- Garth is not consistent: This means that Garth is not consistent.
- Glenn is obedient: This means that Glenn is consistent.
- Alfie is not cotton: This means that Alfie is not consistent.
- Igor is consistent: This means that Igor is consistent.
- Deborah is cotton: This means that Deborah is consistent.
- Igor is smiling: This means that Igor is consistent.
- Garth is not cotton: This means that Garth is not consistent.
- Gar"
neutral,F,,F,0,T,1,"1. If someone is not cotton, then he is not wandering, and vice versa.
2. If someone is either cotton or not wandering, then he is smiling and not obedient.
3. If someone is not wandering, then he is not smiling, and vice versa.
4. If someone is not cotton, then he is not wandering.
5. If someone is not cotton, then he is not wandering.
6. If someone is not cotton, then he is not wandering.
7. If someone is not cotton, then he is not wandering.
8. If someone is not cotton, then he is not wandering.
9. If someone is not cotton, then he is not wandering.
10. If someone is not cotton, then he is not wandering.
11. If someone is not cotton, then he is not wandering.
12. If someone is not cotton, then he is not wandering.
13. If someone is not cotton, then he is not wandering.
14. If someone is not cotton, then he is not wandering.
15. If someone is not cotton, then he is not wandering.
16. If someone is not cotton, then he is not wandering.
17. If someone is not cotton, then he is not wandering.
18. If someone is not cotton, then he is not wandering.
19. If someone is not cotton, then he is not wandering.
20. If someone is not cotton, then he is not wandering.
21. If someone is not cotton, then he is not wandering.
22. If someone is not cotton, then he is not wandering.
23. If someone is not cotton, then he is not wandering.
24. If someone is not cotton, then he is not wandering.
25. If someone is not cotton, then he is not wandering.
26. If someone is not cotton, then he is not wandering.
27. If someone is not cotton, then he is not wandering.
28. If someone is not cotton, then he is not wandering.
29. If someone is not cotton, then he is not wandering.
30. If someone is not cotton, then he is not wandering.
31. If someone is not cotton, then he is not wandering.
32. If someone is not cotton, then he is not wandering.
33. If someone is not cotton, then he is not wandering.
34. If someone is not cotton, then he is"
contradiction,F,,F,0,T,1,"Step 1: Identify the relevant information in the facts.
- Igor is cotton.
- Deborah is cotton.
- Igor is smiling.
- Glenn is consistent.
- Rosie is consistent.
- Igor is consistent.
- Garth is cotton.
- Garth is not wandering.
- Alfie is not smiling.
- Garth is not consistent.
- Glenn is obedient.
- Alfie is not cotton.

Step 2: Analyze the given information and determine the relationships between the subjects and their actions.

- Igor is not smiling.
- Glenn is not wandering.
- Rosie is not smiling.
- Garth is not consistent.
- Alfie is not cotton.

Step 3: Apply the rules to the given information and determine the relationships between the subjects and their actions.

- If someone is not cotton, then he is not wandering, and vice versa.
- If someone is either cotton or not wandering, then he is smiling and not obedient.
- If someone is not obedient, then he is both smiling and wandering.
- If someone is not cotton, then Deborah is not wandering.
- If someone is consistent, then he is not wandering.
- If someone is both obedient and cotton, then he is always wandering.
- If someone is not cotton, then Glenn is not smiling, and vice versa.
- If someone is not cotton, then Garth is not consistent.
- If someone is not cotton, then Alfie is not cotton.
- If someone is not cotton, then Rosie is not cotton.
- If someone is not cotton, then Igor is not cotton.
- If someone is not cotton, then Igor is not smiling.
- If someone is not cotton, then Igor is not consistent.
- If someone is not cotton, then Igor is not obedient.
- If someone is not cotton, then Igor is not wandering.
- If someone is not cotton, then Igor is not consistent.
- If someone is not cotton, then Igor is not smiling.
- If someone is not cotton, then Igor is not consistent.
- If someone is not cotton, then Igor is not obedient.
- If someone is not cotton, then Igor is not wandering.
- If someone is not cotton, then Igor is not consistent.
- If someone is not cotton, then Igor is not smiling.
- If someone is not cotton, then Igor is not consistent.
- If someone is not cotton, then Igor is not obedient.
- If someone is not cotton, then Igor is not wandering.
- If someone is not cotton, then Igor is not consistent.
-"
contradiction,F,,F,0,T,1,
entailment,T,,F,0,T,0,
neutral,F,,F,0,T,1,
entailment,T,,F,0,T,0,
contradiction,F,,F,0,T,1,
neutral,F,,F,0,T,1,
self_contradiction,F,,F,0,T,1,
entailment,T,,F,0,T,0,
neutral,F,,F,0,T,1,
neutral,F,,F,0,T,1,
self_contradiction,F,,F,0,T,1,
entailment,T,,F,0,T,0,
neutral,F,,F,0,T,1,
contradiction,F,,F,0,T,1,
self_contradiction,F,,F,0,T,1,
self_contradiction,F,,F,0,T,1,
contradiction,F,,F,0,T,1,
contradiction,F,,F,0,T,1,
self_contradiction,F,,F,0,T,1,
entailment,T,,F,0,T,0,
contradiction,F,,F,0,T,1,"Step 1: Identify the relevant information in the facts.
- Benton is not nutty.
- Bruce is not elderly.
- Bruce is practical.
- Bruce is not famous.
- Benton is yellow.
- Alberto is not nutty.
- Alberto is not yellow.
- Bruce is not cooperative.
- Benton is practical.
- Eunice is yellow.
- Percival is not yellow.
- Brooke is practical.

Step 2: Analyze the rules given in the question.
- If all people are elderly, then Benton is not cooperative and Brooke is not nutty.
- Eunice is practical if and only if Brooke is cooperative and Percival is not famous.
- If Eunice is cooperative, then Percival is famous, and vice versa.
- If all people are famous or yellow, then Alberto is nutty.
- Someone who is not elderly is always both not cooperative and not famous.
- If Eunice is not famous, then Mark is not practical and Benton is not nutty, and vice versa.
- If there is someone who is both famous and nutty, then Eunice is not cooperative.
- Someone who is yellow is always not practical.
- If someone is nutty and not cooperative, then he is practical, and vice versa.
- If someone is yellow and nutty, then he is both practical and famous, and vice versa.
- It can be concluded that Brooke is practical once knowing that Mark is famous or Alberto is nutty.
- All nutty people are famous.
- If Eunice is not yellow, then Mark is not practical and Benton is not nutty, and vice versa.
- If there is someone who is both famous and nutty, then Eunice is not cooperative.

Step 3: Apply the rules to the given information.
- Eunice is not yellow.
- Mark is not practical and Benton is not nutty.
- If Eunice is not yellow, then Mark is not practical and Benton is not nutty, and vice versa.

Step 4: Conclusion.
Based on the analysis, we can conclude that Eunice is not yellow once knowing that Mark is not practical and Benton is not nutty."
self_contradiction,F,,F,0,F,1,"1. The facts given are:
- Benton is not nutty.
- Bruce is not elderly.
- Bruce is practical.
- Bruce is not famous.
- Benton is yellow.
- Alberto is not nutty.
- Alberto is not yellow.
- Bruce is not cooperative.
- Benton is practical.
- Eunice is yellow.
- Percival is not yellow.
- Brooke is practical.

2. We need to use the rules to determine the truth of the statement ""Benton is not practical.""

3. The first rule is: ""If all people are elderly, then Benton is not cooperative and Brooke is not nutty.""

4. The second rule is: ""If Eunice is cooperative, then Percival is famous, and vice versa.""

5. The third rule is: ""If Eunice is not famous, then Mark is not practical and Benton is not nutty, and vice versa.""

6. The fourth rule is: ""If someone is yellow, then he is always not practical.""

7. The fifth rule is: ""If someone is nutty and not cooperative, then he is practical, and vice versa.""

8. The sixth rule is: ""If someone is yellow and nutty, then he is both practical and famous, and vice versa.""

9. The seventh rule is: ""If someone is nutty and not cooperative, then he is practical, and vice versa.""

10. The eighth rule is: ""If someone is yellow and nutty, then he is both practical and famous, and vice versa.""

11. The ninth rule is: ""If someone is nutty and not cooperative, then he is practical, and vice versa.""

12. The tenth rule is: ""If someone is yellow and nutty, then he is both practical and famous, and vice versa.""

13. The eleventh rule is: ""If someone is nutty and not cooperative, then he is practical, and vice versa.""

14. The twelfth rule is: ""If someone is yellow and nutty, then he is both practical and famous, and vice versa.""

15. The thirteenth rule is: ""If someone is nutty and not cooperative, then he is practical, and vice versa.""

16. The fourteenth rule is: ""If someone is yellow and nutty, then he is both practical and famous, and vice versa.""

17. The fifteenth rule is: ""If someone is nutty and not cooperative, then he is practical, and"
entailment,T,,F,0,T,0,"Step 1: Identify the relevant information in the facts.
- Benton is not nutty.
- Bruce is not elderly.
- Bruce is practical.
- Bruce is not famous.
- Benton is yellow.
- Alberto is not nutty.
- Alberto is not yellow.
- Bruce is not cooperative.
- Benton is practical.
- Eunice is yellow.
- Percival is not yellow.
- Brooke is practical.

Step 2: Apply the rules to the relevant information.
- If all people are elderly, then Benton is not cooperative and Brooke is not nutty.
- Eunice is practical if and only if Brooke is cooperative and Percival is not famous.
- If Eunice is cooperative, then Percival is famous, and vice versa.
- If all people are famous or yellow, then Alberto is nutty.
- Someone who is not elderly is always both not cooperative and not famous.
- If Eunice is not famous, then Mark is not practical and Benton is not nutty, and vice versa.
- If there is someone who is both famous and nutty, then Eunice is not cooperative.
- Someone who is yellow is always not practical.
- If someone is nutty and not cooperative, then he is practical, and vice versa.
- If someone is yellow and nutty, then he is both practical and famous, and vice versa.
- It can be concluded that Brooke is practical once knowing that Mark is famous or Alberto is nutty.

Step 3: Determine the conclusion based on the reasoning.
- Brooke is practical once knowing that Mark is famous or Alberto is nutty."
self_contradiction,F,,F,0,F,1,"Step 1: Identify the relevant information in the facts.
- Benton is not nutty.
- Bruce is not elderly.
- Bruce is practical.
- Bruce is not famous.
- Benton is yellow.
- Alberto is not nutty.
- Alberto is not yellow.
- Bruce is not cooperative.
- Benton is practical.
- Eunice is yellow.
- Percival is not yellow.
- Brooke is practical.

Step 2: Analyze the rules given.
- (Implicit in facts) If all people are elderly, then Benton is not cooperative and Brooke is not nutty.
- (Implicit in facts) If Eunice is cooperative, then Percival is famous, and vice versa.
- (Implicit in facts) If all people are famous or yellow, then Alberto is nutty.
- (Implicit in facts) If someone is not elderly, then he is always both not cooperative and not famous.
- (Implicit in facts) If Eunice is not famous, then Mark is not practical and Benton is not nutty, and vice versa.
- (Implicit in facts) If there is someone who is both famous and nutty, then Eunice is not cooperative.
- (Implicit in facts) If someone is yellow and nutty, then he is both practical and famous, and vice versa.
- (Implicit in facts) If someone is nutty and not cooperative, then he is practical, and vice versa.
- (Implicit in facts) If someone is yellow and nutty, then he is both practical and famous, and vice versa.
- (Implicit in facts) If someone is nutty and not cooperative, then he is practical, and vice versa.
- (Implicit in facts) If someone is yellow and nutty, then he is both practical and famous, and vice versa.
- (Implicit in facts) If someone is nutty and not cooperative, then he is practical, and vice versa.
- (Implicit in facts) If someone is yellow and nutty, then he is both practical and famous, and vice versa.
- (Implicit in facts) If someone is nutty and not cooperative, then he is practical, and vice versa.
- (Implicit in facts) If someone is yellow and nutty, then he is both practical and famous, and vice versa.
- (Implicit in facts) If someone is nutty and not cooperative, then he is practical, and vice versa.
- If someone is yellow and nutty, then he is both practical and famous, and vice versa.
-"
self_contradiction,F,,F,0,T,1,"1. The facts given are:
- Benton is not nutty.
- Bruce is not elderly.
- Bruce is practical.
- Bruce is not famous.
- Benton is yellow.
- Alberto is not nutty.
- Alberto is not yellow.
- Bruce is not cooperative.
- Benton is practical.
- Eunice is yellow.
- Percival is not yellow.
- Brooke is practical.

2. We need to use the rules to determine the truth of the statement ""Benton is practical.""

3. The first rule is: ""If all people are elderly, then Benton is not cooperative and Brooke is not nutty.""

4. The second rule is: ""If Eunice is cooperative, then Percival is famous, and vice versa.""

5. The third rule is: ""If Eunice is not famous, then Mark is not practical and Benton is not nutty, and vice versa.""

6. The fourth rule is: ""If someone is yellow, then he is always not practical.""

7. The fifth rule is: ""If someone is nutty and not cooperative, then he is practical, and vice versa.""

8. The sixth rule is: ""If someone is yellow and nutty, then he is both practical and famous, and vice versa.""

9. The seventh rule is: ""If someone is nutty and not cooperative, then he is practical, and vice versa.""

10. The eighth rule is: ""If someone is yellow and nutty, then he is both practical and famous, and vice versa.""

11. The ninth rule is: ""If someone is nutty and not cooperative, then he is practical, and vice versa.""

12. The tenth rule is: ""If someone is yellow and nutty, then he is both practical and famous, and vice versa.""

13. The eleventh rule is: ""If someone is nutty and not cooperative, then he is practical, and vice versa.""

14. The twelfth rule is: ""If someone is yellow and nutty, then he is both practical and famous, and vice versa.""

15. The thirteenth rule is: ""If someone is nutty and not cooperative, then he is practical, and vice versa.""

16. The fourteenth rule is: ""If someone is yellow and nutty, then he is both practical and famous, and vice versa.""

17. The fifteenth rule is: ""If someone is nutty and not cooperative, then he is practical, and vice"
self_contradiction,F,,F,0,F,1,"Step 1: Identify the relevant information in the facts.
- Benton is not nutty.
- Bruce is not elderly.
- Bruce is practical.
- Bruce is not famous.
- Benton is yellow.
- Alberto is not nutty.
- Alberto is not yellow.
- Bruce is not cooperative.
- Benton is practical.
- Eunice is yellow.
- Percival is not yellow.
- Brooke is practical.
- If all people are elderly, then Benton is not cooperative and Brooke is not nutty.
- Eunice is practical if and only if Brooke is cooperative and Percival is not famous.
- If Eunice is cooperative, then Percival is famous, and vice versa.
- If all people are famous or yellow, then Alberto is nutty.
- Someone who is not elderly is always both not cooperative and not famous.
- If Eunice is not famous, then Mark is not practical and Benton is not nutty, and vice versa.
- If there is someone who is both famous and nutty, then Eunice is not cooperative.
- Someone who is yellow is always not practical.
- If someone is nutty and not cooperative, then he is practical, and vice versa.
- If someone is yellow and nutty, then he is both practical and famous, and vice versa.
- It can be concluded that Brooke is practical once knowing that Mark is famous or Alberto is nutty.
- All nutty people are famous.
Step 2: Analyze the question.
- Brooke is not practical.
Step 3: Apply the rules to the question.
- Brooke is not practical.
- If someone is yellow and nutty, then he is both practical and famous, and vice versa.
- If someone is nutty and not cooperative, then he is practical, and vice versa.
- If someone is yellow and nutty, then he is both practical and famous, and vice versa.
- If someone is nutty and not cooperative, then he is practical, and vice versa.
- If someone is yellow and nutty, then he is both practical and famous, and vice versa.
- If someone is nutty and not cooperative, then he is practical, and vice versa.
- If someone is yellow and nutty, then he is both practical and famous, and vice versa.
- If someone is nutty and not cooperative, then he is practical, and vice versa.
- If someone is yellow and nutty, then he is both practical and famous, and vice versa.
- If someone"
entailment,T,,F,0,T,0,"Step 1: Identify the relevant information in the facts.
- Benton is not nutty.
- Bruce is not elderly.
- Bruce is practical.
- Bruce is not famous.
- Benton is yellow.
- Alberto is not nutty.
- Alberto is not yellow.
- Bruce is not cooperative.
- Benton is practical.
- Eunice is yellow.
- Percival is not yellow.
- Brooke is practical.

Step 2: Analyze the rules given in the question.
- If all people are elderly, then Benton is not cooperative and Brooke is not nutty.
- Eunice is practical if and only if Brooke is cooperative and Percival is not famous.
- If Eunice is cooperative, then Percival is famous, and vice versa.
- If all people are famous or yellow, then Alberto is nutty.
- Someone who is not elderly is always both not cooperative and not famous.
- If Eunice is not famous, then Mark is not practical and Benton is not nutty, and vice versa.
- If there is someone who is both famous and nutty, then Eunice is not cooperative.
- Someone who is yellow is always not practical.
- If someone is nutty and not cooperative, then he is practical, and vice versa.
- If someone is yellow and nutty, then he is both practical and famous, and vice versa.
- It can be concluded that Brooke is practical once knowing that Mark is famous or Alberto is nutty.
- All nutty people are famous.
- If Eunice is yellow, then Mark is not practical and Benton is not nutty, and vice versa.
- If there is someone who is both famous and nutty, then Eunice is not cooperative.

Step 3: Apply the rules to the given information.
- Eunice is yellow.
- Mark is not practical.
- Benton is not nutty.
- Brooke is practical.

Step 4: Determine the conclusion.
- Since Eunice is yellow, Mark is not practical, and Benton is not nutty, we can conclude that Brooke is practical."
neutral,F,,F,0,T,1,"Step 1: Given the rules and facts, we can start by analyzing the information provided in the question.

Alberto is not yellow.

Step 2: We know that if someone is not yellow, then they are not practical. Therefore, if Alberto is not yellow, then he is not practical.

Step 3: We also know that if someone is not practical, then they are not cooperative. Therefore, if Alberto is not practical, then he is not cooperative.

Step 4: We are given that if someone is not practical, then they are not famous. Therefore, if Alberto is not practical, then he is not famous.

Step 5: We are also given that if someone is not famous, then they are not yellow. Therefore, if Alberto is not famous, then he is not yellow.

Step 6: We are given that if someone is not yellow, then they are not practical. Therefore, if Alberto is not yellow, then he is not practical.

Step 7: We are given that if someone is not practical, then they are not cooperative. Therefore, if Alberto is not practical, then he is not cooperative.

Step 8: We are given that if someone is not cooperative, then they are not famous. Therefore, if Alberto is not cooperative, then he is not famous.

Step 9: We are given that if someone is not famous, then they are not yellow. Therefore, if Alberto is not famous, then he is not yellow.

Step 10: We are given that if someone is not yellow, then they are not practical. Therefore, if Alberto is not yellow, then he is not practical.

Step 11: We are given that if someone is not practical, then they are not cooperative. Therefore, if Alberto is not practical, then he is not cooperative.

Step 12: We are given that if someone is not cooperative, then they are not famous. Therefore, if Alberto is not cooperative, then he is not famous.

Step 13: We are given that if someone is not famous, then they are not yellow. Therefore, if Alberto is not famous, then he is not yellow.

Step 14: We are given that if someone is not yellow, then they are not practical. Therefore, if Alberto is not yellow, then he is not practical.

Step 15: We are given that if someone is not practical, then they are not cooperative. Therefore, if Alberto is not practical, then he is not cooperative.

Step"
neutral,F,,F,0,T,1,"1. If someone is not famous, then they are not nutty.
2. If someone is not nutty, then they are not famous.
3. If someone is not famous, then they are not practical.
4. If someone is not practical, then they are not yellow.
5. If someone is not yellow, then they are not cooperative.
6. If someone is not cooperative, then they are not practical.
7. If someone is not practical, then they are not yellow.
8. If someone is not yellow, then they are not practical.
9. If someone is not practical, then they are not yellow.
10. If someone is not yellow, then they are not practical.
11. If someone is not practical, then they are not yellow.
12. If someone is not yellow, then they are not practical.
13. If someone is not practical, then they are not yellow.
14. If someone is not yellow, then they are not practical.
15. If someone is not practical, then they are not yellow.
16. If someone is not yellow, then they are not practical.
17. If someone is not practical, then they are not yellow.
18. If someone is not yellow, then they are not practical.
19. If someone is not practical, then they are not yellow.
20. If someone is not yellow, then they are not practical.
21. If someone is not practical, then they are not yellow.
22. If someone is not yellow, then they are not practical.
23. If someone is not practical, then they are not yellow.
24. If someone is not yellow, then they are not practical.
25. If someone is not practical, then they are not yellow.
26. If someone is not yellow, then they are not practical.
27. If someone is not practical, then they are not yellow.
28. If someone is not yellow, then they are not practical.
29. If someone is not practical, then they are not yellow.
30. If someone is not yellow, then they are not practical.
31. If someone is not practical, then they are not yellow.
32. If someone is not yellow, then they are not practical.
33. If someone is not practical, then they are not yellow.
34. If someone is not yellow, then they are not practical.
35. If someone is not practical"
contradiction,F,,F,0,F,1,"1. The facts state that Benton is not nutty.
2. The rules state that if someone is not nutty, then they are not practical.
3. The rules also state that if someone is not practical, then they are not cooperative.
4. The rules further state that if someone is not cooperative, then they are not famous.
5. The rules also state that if someone is not famous, then they are not yellow.
6. The rules state that if someone is yellow, then they are not practical.
7. The rules also state that if someone is not practical, then they are not cooperative.
8. The rules further state that if someone is not cooperative, then they are not famous.
9. The rules also state that if someone is not famous, then they are not yellow.
10. The rules state that if someone is yellow, then they are not practical.
11. The rules also state that if someone is not practical, then they are not cooperative.
12. The rules further state that if someone is not cooperative, then they are not famous.
13. The rules also state that if someone is not famous, then they are not yellow.
14. The rules state that if someone is yellow, then they are not practical.
15. The rules also state that if someone is not practical, then they are not cooperative.
16. The rules further state that if someone is not cooperative, then they are not famous.
17. The rules also state that if someone is not famous, then they are not yellow.
18. The rules state that if someone is yellow, then they are not practical.
19. The rules also state that if someone is not practical, then they are not cooperative.
20. The rules further state that if someone is not cooperative, then they are not famous.
21. The rules also state that if someone is not famous, then they are not yellow.
22. The rules state that if someone is yellow, then they are not practical.
23. The rules also state that if someone is not practical, then they are not cooperative.
24. The rules further state that if someone is not cooperative, then they are not famous.
25. The rules also state that if someone is not famous, then they are not yellow.
26. The rules state that if someone is yellow, then they are not practical.
27. The rules also state that if someone is not practical, then they are not cooperative"
entailment,T,,F,0,T,0,"Step 1: Identify the relevant information in the facts.
- Benton is not nutty.
- Bruce is not elderly.
- Bruce is practical.
- Bruce is not famous.
- Benton is yellow.
- Alberto is not nutty.
- Alberto is not yellow.
- Bruce is not cooperative.
- Benton is practical.
- Eunice is yellow.
- Percival is not yellow.
- Brooke is practical.

Step 2: Apply the rules to the given information.
- If all people are elderly, then Benton is not cooperative and Brooke is not nutty.
- Eunice is practical if and only if Brooke is cooperative and Percival is not famous.
- If Eunice is cooperative, then Percival is famous, and vice versa.
- If all people are famous or yellow, then Alberto is nutty.
- Someone who is not elderly is always both not cooperative and not famous.
- If Eunice is not famous, then Mark is not practical and Benton is not nutty, and vice versa.
- If there is someone who is both famous and nutty, then Eunice is not cooperative.
- Someone who is yellow is always not practical.
- If someone is nutty and not cooperative, then he is practical, and vice versa.
- If someone is yellow and nutty, then he is both practical and famous, and vice versa.
- It can be concluded that Brooke is practical once knowing that Mark is famous or Alberto is nutty.
- All nutty people are famous.
- If someone is not elderly, then he is always both not cooperative and not famous.
- If Eunice is not famous, then Mark is not practical and Benton is not nutty, and vice versa.
- If there is someone who is both famous and nutty, then Eunice is not cooperative.

Step 3: Analyze the question and determine the answer.
- Bruce is nutty.
- If all people are elderly, then Benton is not cooperative and Brooke is not nutty.
- Eunice is practical if and only if Brooke is cooperative and Percival is not famous.
- If Eunice is cooperative, then Percival is famous, and vice versa.
- If all people are famous or yellow, then Alberto is nutty.
- Someone who is not elderly is always both not cooperative and not famous.
- If Eunice is not famous, then Mark is not practical and Benton is not nutty, and vice versa.
- If there is someone who is both famous"
contradiction,F,,F,0,F,1,"Step 1: Identify the relevant information in the facts.
- Benton is not nutty.
- Bruce is not elderly.
- Bruce is practical.
- Bruce is not famous.
- Benton is yellow.
- Alberto is not nutty.
- Alberto is not yellow.
- Bruce is not cooperative.
- Benton is practical.
- Eunice is yellow.
- Percival is not yellow.
- Brooke is practical.

Step 2: Analyze the rules given in the question.
- If all people are elderly, then Benton is not cooperative and Brooke is not nutty.
- Eunice is practical if and only if Brooke is cooperative and Percival is not famous.
- If Eunice is cooperative, then Percival is famous, and vice versa.
- If all people are famous or yellow, then Alberto is nutty.
- Someone who is not elderly is always both not cooperative and not famous.
- If Eunice is not famous, then Mark is not practical and Benton is not nutty, and vice versa.
- If there is someone who is both famous and nutty, then Eunice is not cooperative.
- Someone who is yellow is always not practical.
- If someone is nutty and not cooperative, then he is practical, and vice versa.
- If someone is yellow and nutty, then he is both practical and famous, and vice versa.
- It can be concluded that Brooke is practical once knowing that Mark is famous or Alberto is nutty.
- All nutty people are famous.
- If someone is yellow and nutty, then he is both practical and famous, and vice versa.

Step 3: Apply the rules to the given information.
- Since all people are not yellow, we can conclude that Alberto is not yellow.
- Since all people are not famous, we can conclude that Eunice is not famous.
- Since all people are not nutty, we can conclude that Benton is not nutty.
- Since all people are not practical, we can conclude that Brooke is not practical.
- Since all people are not yellow, we can conclude that Mark is not practical.
- Since all people are not yellow, we can conclude that Percival is not yellow.
- Since all people are not yellow, we can conclude that Bruce is not yellow.
- Since all people are not yellow, we can conclude that Bruce is not practical.
- Since all people are not yellow, we can conclude that Benton is not practical.
- Since all people are not yellow, we can conclude that"
neutral,F,,F,0,F,1,"Step 1: Given the rules and facts, we can start by analyzing the information provided in the question.

Step 2: The question states that ""Percival is not yellow."" This means that Percival is not a yellow person.

Step 3: The question also states that ""Alberto is not yellow."" This means that Alberto is not a yellow person.

Step 4: The question further states that ""Benton is not nutty."" This means that Benton is not a person who is nutty.

Step 5: The question also states that ""Alberto is not nutty."" This means that Alberto is not a person who is nutty.

Step 6: The question also states that ""Benton is not practical."" This means that Benton is not a person who is practical.

Step 7: The question further states that ""Eunice is yellow."" This means that Eunice is a person who is yellow.

Step 8: The question also states that ""Eunice is not practical."" This means that Eunice is not a person who is practical.

Step 9: The question also states that ""Percival is not practical."" This means that Percival is not a person who is practical.

Step 10: The question further states that ""Brooke is practical."" This means that Brooke is a person who is practical.

Step 11: The question also states that ""Eunice is not practical."" This means that Eunice is not a person who is practical.

Step 12: The question also states that ""Percival is not practical."" This means that Percival is not a person who is practical.

Step 13: The question further states that ""Benton is not nutty."" This means that Benton is not a person who is nutty.

Step 14: The question also states that ""Alberto is not nutty."" This means that Alberto is not a person who is nutty.

Step 15: The question further states that ""Benton is not practical."" This means that Benton is not a person who is practical.

Step 16: The question also states that ""Eunice is yellow."" This means that Eunice is a person who is yellow.

Step 17: The question further states that ""Eunice is not practical."" This means that Eunice is not a person who is practical.

Step 18: The question also states that ""Percival is not"
contradiction,F,,F,0,F,1,"Step 1: Given the facts, we know that Benton is not nutty, Bruce is not elderly, Bruce is practical, Bruce is not famous, Benton is yellow, and Alberto is not nutty.

Step 2: We also know that if all people are elderly, then Benton is not cooperative and Brooke is not nutty.

Step 3: We know that if Eunice is practical, then Brooke is cooperative and Percival is not famous.

Step 4: We know that if Eunice is cooperative, then Percival is famous, and vice versa.

Step 5: We know that if all people are famous or yellow, then Alberto is nutty.

Step 6: We know that if Eunice is not famous, then Mark is not practical and Benton is not nutty, and vice versa.

Step 7: We know that if someone is not elderly, then he is always both not cooperative and not famous.

Step 8: We know that if Eunice is not yellow, then Mark is not practical and Benton is not nutty, and vice versa.

Step 9: We know that if someone is yellow and nutty, then he is both practical and famous, and vice versa.

Step 10: We know that if someone is nutty and not cooperative, then he is practical, and vice versa.

Step 11: We know that if someone is yellow and nutty, then he is both practical and famous, and vice versa.

Step 12: We know that if someone is nutty and not cooperative, then he is practical, and vice versa.

Step 13: We know that if someone is yellow and nutty, then he is both practical and famous, and vice versa.

Step 14: We know that if someone is nutty and not cooperative, then he is practical, and vice versa.

Step 15: We know that if someone is yellow and nutty, then he is both practical and famous, and vice versa.

Step 16: We know that if someone is nutty and not cooperative, then he is practical, and vice versa.

Step 17: We know that if someone is yellow and nutty, then he is both practical and famous, and vice versa.

Step 18: We know that if someone is nutty and not cooperative, then he is practical, and vice versa.

Step 19: We know that if someone is yellow and nutty, then he is"
self_contradiction,F,,F,0,T,1,"Step 1: Given the facts, we know that Benton is not nutty, Bruce is not elderly, Bruce is practical, and Bruce is not famous.

Step 2: We also know that Eunice is yellow, and Alberto is not yellow.

Step 3: From the rules, we know that if someone is not famous, then they are not practical. Since Bruce is not famous, we can conclude that he is not practical.

Step 4: We also know that if someone is not practical, then they are not yellow. Since Bruce is not practical, we can conclude that he is not yellow.

Step 5: From the rules, we know that if someone is not yellow, then they are not famous. Since Bruce is not yellow, we can conclude that he is not famous.

Step 6: We also know that if someone is not famous, then they are not nutty. Since Bruce is not famous, we can conclude that he is not nutty.

Step 7: From the rules, we know that if someone is not nutty, then they are not cooperative. Since Bruce is not nutty, we can conclude that he is not cooperative.

Step 8: We also know that if someone is not cooperative, then they are not practical. Since Bruce is not cooperative, we can conclude that he is not practical.

Step 9: From the rules, we know that if someone is not practical, then they are not yellow. Since Bruce is not practical, we can conclude that he is not yellow.

Step 10: We also know that if someone is not yellow, then they are not famous. Since Bruce is not yellow, we can conclude that he is not famous.

Step 11: From the rules, we know that if someone is not famous, then they are not nutty. Since Bruce is not famous, we can conclude that he is not nutty.

Step 12: We also know that if someone is not nutty, then they are not cooperative. Since Bruce is not nutty, we can conclude that he is not cooperative.

Step 13: From the rules, we know that if someone is not cooperative, then they are not practical. Since Bruce is not cooperative, we can conclude that he is not practical.

Step 14: We also know that if someone is not practical, then they are not yellow. Since Bruce is not practical, we can conclude that he is not yellow.

Step 15: From the rules,"
contradiction,F,,F,0,T,1,"Step 1: Given the rules and facts, we can infer that if someone is not famous, they are not nutty. 

Step 2: We know that Eunice is not famous, so she is not nutty.

Step 3: We also know that if someone is not famous, they are not practical. 

Step 4: Since Eunice is not famous, she is not practical.

Step 5: We know that if someone is not practical, they are not cooperative. 

Step 6: Since Eunice is not practical, she is not cooperative.

Step 7: We know that if someone is not cooperative, they are not yellow. 

Step 8: Since Eunice is not cooperative, she is not yellow.

Step 9: We know that if someone is not yellow, they are not practical. 

Step 10: Since Eunice is not yellow, she is not practical.

Step 11: We know that if someone is not practical, they are not famous. 

Step 12: Since Eunice is not practical, she is not famous.

Step 13: We know that if someone is not famous, they are not nutty. 

Step 14: Since Eunice is not famous, she is not nutty.

Step 15: We know that if someone is not nutty, they are not cooperative. 

Step 16: Since Eunice is not nutty, she is not cooperative.

Step 17: We know that if someone is not cooperative, they are not yellow. 

Step 18: Since Eunice is not cooperative, she is not yellow.

Step 19: We know that if someone is not yellow, they are not practical. 

Step 20: Since Eunice is not yellow, she is not practical.

Step 21: We know that if someone is not practical, they are not famous. 

Step 22: Since Eunice is not practical, she is not famous.

Step 23: We know that if someone is not famous, they are not nutty. 

Step 24: Since Eunice is not famous, she is not nutty.

Step 25: We know that if someone is not nutty, they are not cooperative. 

Step 26: Since Eunice is not nutty, she is not cooperative.

Step 27: We"
entailment,T,,F,0,T,0,"Step 1: Identify the relevant information in the facts.
- Benton is not nutty.
- Bruce is not elderly.
- Bruce is practical.
- Bruce is not famous.
- Benton is yellow.
- Alberto is not nutty.
- Alberto is not yellow.
- Bruce is not cooperative.
- Benton is practical.
- Eunice is yellow.
- Percival is not yellow.
- Brooke is practical.

Step 2: Apply the rules to the relevant information.
- If all people are elderly, then Benton is not cooperative and Brooke is not nutty.
- Eunice is practical if and only if Brooke is cooperative and Percival is not famous.
- If Eunice is cooperative, then Percival is famous, and vice versa.
- If all people are famous or yellow, then Alberto is nutty.
- Someone who is not elderly is always both not cooperative and not famous.
- If Eunice is not famous, then Mark is not practical and Benton is not nutty, and vice versa.
- If there is someone who is both famous and nutty, then Eunice is not cooperative.
- Someone who is yellow is always not practical.
- If someone is nutty and not cooperative, then he is practical, and vice versa.
- If someone is yellow and nutty, then he is both practical and famous, and vice versa.
- It can be concluded that Brooke is practical once knowing that Mark is famous or Alberto is nutty.

Step 3: Determine the conclusion based on the reasoning.
- Brooke is practical once knowing that Mark is famous or Alberto is nutty."
neutral,F,,F,0,F,1,"Step 1: Given the rules and facts, we can infer that if someone is not famous, then they are not nutty. 

Step 2: We know that Eunice is not famous, so she is not nutty.

Step 3: We also know that if someone is not famous, then they are not practical. 

Step 4: Since Eunice is not famous, she is not practical.

Step 5: We know that if someone is not practical, then they are not yellow. 

Step 6: Since Eunice is not practical, she is not yellow.

Step 7: We know that if someone is not yellow, then they are not cooperative. 

Step 8: Since Eunice is not yellow, she is not cooperative.

Step 9: We know that if someone is not cooperative, then they are not practical. 

Step 10: Since Eunice is not cooperative, she is not practical.

Step 11: We know that if someone is not practical, then they are not yellow. 

Step 12: Since Eunice is not practical, she is not yellow.

Step 13: We know that if someone is not yellow, then they are not nutty. 

Step 14: Since Eunice is not yellow, she is not nutty.

Step 15: We know that if someone is not nutty, then they are not famous. 

Step 16: Since Eunice is not nutty, she is not famous.

Step 17: We know that if someone is not famous, then they are not practical. 

Step 18: Since Eunice is not famous, she is not practical.

Step 19: We know that if someone is not practical, then they are not yellow. 

Step 20: Since Eunice is not practical, she is not yellow.

Step 21: We know that if someone is not yellow, then they are not cooperative. 

Step 22: Since Eunice is not yellow, she is not cooperative.

Step 23: We know that if someone is not cooperative, then they are not practical. 

Step 24: Since Eunice is not cooperative, she is not practical.

Step 25: We know that if someone is not practical, then they are not yellow. 

Step 26: Since Eunice is not practical, she is"
entailment,T,,F,0,F,0,"Step 1: Identify the relevant information in the facts.
- Benton is not nutty.
- Bruce is not elderly.
- Bruce is practical.
- Bruce is not famous.
- Benton is yellow.
- Alberto is not nutty.
- Alberto is not yellow.
- Bruce is not cooperative.
- Benton is practical.
- Eunice is yellow.
- Percival is not yellow.
- Brooke is practical.

Step 2: Analyze the rules.
- (Implicit in facts) If all people are elderly, then Benton is not cooperative and Brooke is not nutty.
- (Implicit in facts) If Eunice is cooperative, then Percival is famous, and vice versa.
- (Implicit in facts) If all people are famous or yellow, then Alberto is nutty.
- (Implicit in facts) If someone is not elderly, then he is always both not cooperative and not famous.
- (Implicit in facts) If Eunice is not famous, then Mark is not practical and Benton is not nutty, and vice versa.
- (Implicit in facts) If there is someone who is both famous and nutty, then Eunice is not cooperative.
- (Implicit in facts) If someone is yellow and nutty, then he is both practical and famous, and vice versa.
- (Implicit in facts) If someone is nutty and not cooperative, then he is practical, and vice versa.
- (Implicit in facts) If someone is yellow and nutty, then he is both practical and famous, and vice versa.
- (Implicit in facts) If someone is nutty and not cooperative, then he is practical, and vice versa.
- (Implicit in facts) If someone is yellow and nutty, then he is both practical and famous, and vice versa.
- (Implicit in facts) If someone is nutty and not cooperative, then he is practical, and vice versa.
- (Implicit in facts) If someone is yellow and nutty, then he is both practical and famous, and vice versa.
- (Implicit in facts) If someone is nutty and not cooperative, then he is practical, and vice versa.
- (Implicit in facts) If someone is yellow and nutty, then he is both practical and famous, and vice versa.
- (Implicit in facts) If someone is nutty and not cooperative, then he is practical, and vice versa.
- (Implicit in facts) If someone is yellow and nutty, then he is both practical and famous, and"
neutral,F,,F,0,F,1,"Step 1: Given the rules and facts, we can infer that Mark is not practical.

Step 2: Since Mark is not practical, we can conclude that he is not yellow.

Step 3: We also know that Benton is not nutty, so he is not yellow.

Step 4: Since Benton is not yellow, we can conclude that he is not practical.

Step 5: We also know that Albert is not nutty, so he is not yellow.

Step 6: Since Albert is not yellow, we can conclude that he is not practical.

Step 7: We also know that Bruce is not practical, so he is not yellow.

Step 8: Since Bruce is not yellow, we can conclude that he is not practical.

Step 9: We also know that Eunice is not yellow, so she is not practical.

Step 10: We also know that Brooke is practical, so she is not yellow.

Step 11: We know that Mark is not practical, so he is not yellow.

Step 12: We also know that Albert is not yellow, so he is not practical.

Step 13: We know that Benton is not practical, so he is not yellow.

Step 14: We know that Bruce is not practical, so he is not yellow.

Step 15: We know that Eunice is not yellow, so she is not practical.

Step 16: We know that Brooke is practical, so she is not yellow.

Step 17: We know that Mark is not practical, so he is not yellow.

Step 18: We know that Albert is not yellow, so he is not practical.

Step 19: We know that Benton is not practical, so he is not yellow.

Step 20: We know that Bruce is not practical, so he is not yellow.

Step 21: We know that Eunice is not yellow, so she is not practical.

Step 22: We know that Brooke is practical, so she is not yellow.

Step 23: We know that Mark is not practical, so he is not yellow.

Step 24: We know that Albert is not yellow, so he is not practical.

Step 25: We know that Benton is not practical, so he is not yellow.

Step 26: We know that Bruce is not practical, so he is not yellow.

Step 27: We know that Eunice"
entailment,T,,F,0,T,0,"Step 1: Identify the relevant information in the facts.
- Hector is not elegant.
- Lane is not inquisitive.
- Lane is lucky.
- Matthew is inquisitive.
- Matthew is not lucky.
- Bowen is elegant.
- Bruno is not lucky.
- Lane is elegant.
- Lane is not plain.
- Lane is not determined.
- Bruno is inquisitive.
- Alisa is inquisitive.

Step 2: Analyze the information to determine the relationships between the people and their characteristics.
- Hector is not elegant, so he is not inquisitive.
- Lane is not inquisitive, so he is not determined.
- Lane is lucky, so he is not plain.
- Matthew is inquisitive, so he is not lucky.
- Bowen is elegant, so he is not plain.
- Bruno is not lucky, so he is not determined.
- Lane is elegant, so he is not plain.
- Lane is not plain, so he is not determined.
- Bruno is inquisitive, so he is not plain.

Step 3: Apply the rules to determine the relationships between the people and their characteristics.
- If there is at least one person who is not plain, then Matthew is not inquisitive.
- If there is nobody who is not elegant, then Matthew is not inquisitive.
- If there is at least one person who is not determined, then Matthew is not inquisitive.
- If there is at least one person who is not lucky, then Matthew is not inquisitive.
- If there is at least one person who is not elegant or not lucky, then Matthew is not inquisitive.
- If someone is not inquisitive or he is determined, then he is not lucky.
- If someone is not elegant, then he is plain, and vice versa.
- If someone is not inquisitive, then he is not determined.
- If someone is not determined, then Kianna is plain and Kianna is inquisitive.
- If Matthew is not inquisitive or Lane is lucky, then Bowen is elegant.
- If Matthew is not inquisitive or Lane is not determined, then Bowen is elegant.
- If Matthew is not inquisitive or Lane is not inquisitive, then Bowen is not elegant.
- If Matthew is not inquisitive or Lane is not inquisitive, then Bowen is not inquisitive.
- If Matthew is not inquisitive or Lane is not inquisitive, then Bowen is"
neutral,F,,F,0,T,1,"Step 1: Identify the relevant information in the facts.
- Hector is not elegant.
- Lane is not inquisitive.
- Lane is lucky.
- Matthew is inquisitive.
- Matthew is not lucky.
- Bowen is elegant.
- Bruno is not lucky.
- Lane is elegant.
- Lane is not plain.
- Lane is not determined.
- Bruno is inquisitive.
- Alisa is inquisitive.

Step 2: Analyze the information to determine the relationships between the people and their characteristics.
- Hector is not elegant, so he is not inquisitive.
- Lane is not inquisitive, so he is not lucky.
- Lane is lucky, so he is not plain.
- Matthew is inquisitive, so he is not lucky.
- Matthew is not lucky, so he is not elegant.
- Bowen is elegant, so he is not lucky.
- Bruno is not lucky, so he is not plain.
- Lane is elegant, so he is not plain.
- Lane is not plain, so he is not determined.
- Bruno is inquisitive, so he is not lucky.
- Alisa is inquisitive, so she is not determined.

Step 3: Apply the rules to determine the relationships between the people and their characteristics.
- If there is at least one person who is not plain, then Matthew is not inquisitive.
- If there is nobody who is not elegant, then Matthew is not inquisitive.
- If there is at least one person who is not lucky, then Matthew is not inquisitive.
- If there is at least one person who is not determined, then Matthew is not inquisitive.
- If there is at least one person who is not elegant or not lucky, then Matthew is not inquisitive.
- If there is someone who is not determined, then Kianna is plain and Kianna is inquisitive.
- If Matthew is not inquisitive or Lane is lucky, then Bowen is elegant.
- If Matthew is not inquisitive or Lane is not determined, then Bowen is elegant.
- If Matthew is not inquisitive or Lane is not plain, then Bowen is elegant.
- If Matthew is not inquisitive or Lane is not determined, then Bowen is elegant.
- If Matthew is not inquisitive or Lane is not determined, then Bowen is elegant.
- If Matthew is not inquisitive or Lane is not determined, then Bowen is elegant.
- If Matthew is not inquisitive or Lane"
contradiction,F,,F,0,T,1,"Step 1: Identify the relevant information in the given facts.
- Hector is not elegant.
- Lane is not inquisitive.
- Lane is lucky.
- Matthew is inquisitive.
- Matthew is not lucky.
- Bowen is elegant.
- Bruno is not lucky.
- Lane is elegant.
- Lane is not plain.
- Lane is not determined.
- Bruno is inquisitive.
- Alisa is inquisitive.
- Someone who is plain is always both not inquisitive and elegant.
- If there is at least one people who is both not plain and not elegant, then Matthew is not inquisitive.
- If there is nobody who is not not elegant, then Matthew is not inquisitive.
- If there is at least one people who is not elegant, then Matthew is elderly.
- Someone who is plain or not elegant is always not determined and inquisitive.
- If someone is not inquisitive or he is determined, then he is not lucky.
- If someone is not elegant, then he is plain, and vice versa.
- Someone is determined and not plain if and only if he is inquisitive and elegant.
- If there is someone who is not determined, then Kianna is plain and Kianna is inquisitive.
- Matthew being not inquisitive or Lane being lucky implies that Bowen is elegant.
- If there is at least one people who is not elegant or not lucky, then Matthew is elderly.
- Someone is determined and not plain if and only if he is inquisitive and elegant.
- If there is at least one people who is not elegant or not lucky, then Matthew is elderly.
- If someone is not inquisitive or he is determined, then he is not lucky.
- If someone is not elegant, then he is plain, and vice versa.
- Someone is determined and not plain if and only if he is inquisitive and elegant.
- If there is someone who is not determined, then Kianna is plain and Kianna is inquisitive.

Step 2: Analyze the given facts and determine the relationships between the people mentioned in the facts.
- Hector is not elegant.
- Lane is not inquisitive.
- Lane is lucky.
- Matthew is inquisitive.
- Matthew is not lucky.
- Bowen is elegant.
- Bruno is not lucky.
- Lane is elegant.
- Lane is not plain.
- Lane is not determined.
- Bruno is inquisitive.
- Alisa is inquisitive.
- Someone"
self_contradiction,F,,F,0,T,1,"1. The facts state that Kianna is plain.
2. The rules state that if someone is plain, then they are not elegant.
3. Since Kianna is plain, she is not elegant.
4. The rules state that if someone is not elegant, then they are not inquisitive.
5. Since Kianna is not elegant, she is not inquisitive.
6. The rules state that if someone is not inquisitive, then they are not lucky.
7. Since Kianna is not inquisitive, she is not lucky.
8. The rules state that if someone is not lucky, then they are not determined.
9. Since Kianna is not lucky, she is not determined.
10. The rules state that if someone is not determined, then they are not elegant.
11. Since Kianna is not determined, she is not elegant.
12. The rules state that if someone is not elegant, then they are plain.
13. Since Kianna is not elegant, she is plain.
14. The rules state that if someone is plain, then they are not determined.
15. Since Kianna is plain, she is not determined.
16. The rules state that if someone is not determined, then they are not inquisitive.
17. Since Kianna is not determined, she is not inquisitive.
18. The rules state that if someone is not inquisitive, then they are not lucky.
19. Since Kianna is not inquisitive, she is not lucky.
20. The rules state that if someone is not lucky, then they are not elegant.
21. Since Kianna is not lucky, she is not elegant.
22. The rules state that if someone is not elegant, then they are not plain.
23. Since Kianna is not elegant, she is not plain.
24. The rules state that if someone is not plain, then they are not determined.
25. Since Kianna is not plain, she is not determined.
26. The rules state that if someone is not determined, then they are not inquisitive.
27. Since Kianna is not determined, she is not inquisitive.
28. The rules state that if someone is not inquisitive, then they are not lucky.
29. Since Kianna is not inquisitive, she is not lucky.
30. The rules state that if someone is not lucky, then"
contradiction,F,,F,0,T,1,"1. The facts state that Hector is not elegant, Lane is not inquisitive, Lane is lucky, Matthew is inquisitive, Matthew is not lucky, Bowen is elegant, and Bruno is not lucky.
2. The question asks if Kianna is lucky.
3. Since Matthew is not inquisitive and Lane is not inquisitive, it can be inferred that Kianna is not inquisitive.
4. Since Matthew is not lucky and Bowen is elegant, it can be inferred that Kianna is not elegant.
5. Since Matthew is not inquisitive and Bowen is elegant, it can be inferred that Kianna is not inquisitive.
6. Since Matthew is not inquisitive and Bowen is elegant, it can be inferred that Kianna is not inquisitive.
7. Since Matthew is not inquisitive and Bowen is elegant, it can be inferred that Kianna is not inquisitive.
8. Since Matthew is not inquisitive and Bowen is elegant, it can be inferred that Kianna is not inquisitive.
9. Since Matthew is not inquisitive and Bowen is elegant, it can be inferred that Kianna is not inquisitive.
10. Since Matthew is not inquisitive and Bowen is elegant, it can be inferred that Kianna is not inquisitive.
11. Since Matthew is not inquisitive and Bowen is elegant, it can be inferred that Kianna is not inquisitive.
12. Since Matthew is not inquisitive and Bowen is elegant, it can be inferred that Kianna is not inquisitive.
13. Since Matthew is not inquisitive and Bowen is elegant, it can be inferred that Kianna is not inquisitive.
14. Since Matthew is not inquisitive and Bowen is elegant, it can be inferred that Kianna is not inquisitive.
15. Since Matthew is not inquisitive and Bowen is elegant, it can be inferred that Kianna is not inquisitive.
16. Since Matthew is not inquisitive and Bowen is elegant, it can be inferred that Kianna is not inquisitive.
17. Since Matthew is not inquisitive and Bowen is elegant, it can be inferred that Kianna is not inquisitive.
18. Since Matthew is not inquisitive and Bowen is elegant, it can be inferred that Kianna is not inquisitive.
19. Since Matthew is not inquisitive and Bowen is elegant, it can"
self_contradiction,F,,F,0,T,1,"1. The facts state that Hector is not elegant.
2. The facts also state that Lane is not inquisitive.
3. The facts also state that Lane is lucky.
4. The facts also state that Matthew is inquisitive.
5. The facts also state that Matthew is not lucky.
6. The facts also state that Bowen is elegant.
7. The facts also state that Bruno is not lucky.
8. The facts also state that Lane is elegant.
9. The facts also state that Lane is not plain.
10. The facts also state that Lane is not determined.
11. The facts also state that Bruno is inquisitive.
12. The facts also state that Alisa is inquisitive.
13. The facts also state that Matthew is not inquisitive.
14. The facts also state that Matthew is not lucky.
15. The facts also state that Bowen is elegant.
16. The facts also state that Bruno is not lucky.
17. The facts also state that Lane is elegant.
18. The facts also state that Lane is not plain.
19. The facts also state that Lane is not determined.
20. The facts also state that Bruno is inquisitive.
21. The facts also state that Alisa is inquisitive.
22. The facts also state that Matthew is not inquisitive.
23. The facts also state that Matthew is not lucky.
24. The facts also state that Bowen is elegant.
25. The facts also state that Bruno is not lucky.
26. The facts also state that Lane is elegant.
27. The facts also state that Lane is not plain.
28. The facts also state that Lane is not determined.
29. The facts also state that Bruno is inquisitive.
30. The facts also state that Alisa is inquisitive.
31. The facts also state that Matthew is not inquisitive.
32. The facts also state that Matthew is not lucky.
33. The facts also state that Bowen is elegant.
34. The facts also state that Bruno is not lucky.
35. The facts also state that Lane is elegant.
36. The facts also state that Lane is not plain.
37. The facts also state that Lane is not determined.
38. The facts also state that Bruno is inquisitive.
39. The facts also state that Alisa is inquisitive.
40"
neutral,F,,F,0,T,1,"1. If someone is not inquisitive, then he is not elegant.
2. If someone is not elegant, then he is not lucky.
3. If someone is not inquisitive, then he is not lucky.
4. If someone is not elegant, then he is not plain.
5. If someone is not inquisitive, then he is not determined.
6. If someone is not elegant, then he is not lucky.
7. If someone is not plain, then he is not determined.
8. If someone is not inquisitive, then he is not lucky.
9. If someone is not elegant, then he is not plain.
10. If someone is not inquisitive, then he is not determined.
11. If someone is not elegant, then he is not lucky.
12. If someone is not plain, then he is not determined.
13. If someone is not inquisitive, then he is not lucky.
14. If someone is not elegant, then he is not plain.
15. If someone is not inquisitive, then he is not determined.
16. If someone is not elegant, then he is not lucky.
17. If someone is not plain, then he is not determined.
18. If someone is not inquisitive, then he is not lucky.
19. If someone is not elegant, then he is not plain.
20. If someone is not inquisitive, then he is not determined.
21. If someone is not elegant, then he is not lucky.
22. If someone is not plain, then he is not determined.
23. If someone is not inquisitive, then he is not lucky.
24. If someone is not elegant, then he is not plain.
25. If someone is not inquisitive, then he is not determined.
26. If someone is not elegant, then he is not lucky.
27. If someone is not plain, then he is not determined.
28. If someone is not inquisitive, then he is not lucky.
29. If someone is not elegant, then he is not plain.
30. If someone is not inquisitive, then he is not determined.
31. If someone is not elegant, then he is not lucky.
32. If someone is not plain, then he is not determined.
33. If someone is not inquisitive, then he is"
contradiction,F,,F,0,T,1,"1. If someone is not inquisitive, then he is not elegant.
2. If someone is not elegant, then he is not lucky.
3. If someone is not inquisitive, then he is not determined.
4. If someone is not inquisitive, then he is not elegant.
5. If someone is not inquisitive, then he is not lucky.
6. If someone is not inquisitive, then he is not elegant.
7. If someone is not inquisitive, then he is not lucky.
8. If someone is not inquisitive, then he is not elegant.
9. If someone is not inquisitive, then he is not lucky.
10. If someone is not inquisitive, then he is not elegant.
11. If someone is not inquisitive, then he is not lucky.
12. If someone is not inquisitive, then he is not elegant.
13. If someone is not inquisitive, then he is not lucky.
14. If someone is not inquisitive, then he is not elegant.
15. If someone is not inquisitive, then he is not lucky.
16. If someone is not inquisitive, then he is not elegant.
17. If someone is not inquisitive, then he is not lucky.
18. If someone is not inquisitive, then he is not elegant.
19. If someone is not inquisitive, then he is not lucky.
20. If someone is not inquisitive, then he is not elegant.
21. If someone is not inquisitive, then he is not lucky.
22. If someone is not inquisitive, then he is not elegant.
23. If someone is not inquisitive, then he is not lucky.
24. If someone is not inquisitive, then he is not elegant.
25. If someone is not inquisitive, then he is not lucky.
26. If someone is not inquisitive, then he is not elegant.
27. If someone is not inquisitive, then he is not lucky.
28. If someone is not inquisitive, then he is not elegant.
29. If someone is not inquisitive, then he is not lucky.
30. If someone is not inquisitive, then he is not elegant.
31. If someone is not inquisitive, then"
entailment,T,,F,0,T,0,"1. The facts state that Hector is not elegant.
2. The facts also state that Matthew is inquisitive.
3. The facts further state that Matthew is not lucky.
4. The facts also state that Bowen is elegant.
5. The facts also state that Bruno is not lucky.
6. The facts also state that Lane is not inquisitive.
7. The facts also state that Lane is lucky.
8. The facts also state that Alisa is inquisitive.
9. The facts also state that Bruno is not plain.
10. The facts also state that Bowen is elegant.
11. The facts also state that Kianna is plain.
12. The facts also state that Matthew is not inquisitive.
13. The facts also state that Matthew is not lucky.
14. The facts also state that Bowen is elegant.
15. The facts also state that Kianna is inquisitive.
16. The facts also state that Matthew is not inquisitive.
17. The facts also state that Matthew is not lucky.
18. The facts also state that Bowen is elegant.
19. The facts also state that Kianna is plain.
20. The facts also state that Matthew is not inquisitive.
21. The facts also state that Matthew is not lucky.
22. The facts also state that Bowen is elegant.
23. The facts also state that Kianna is inquisitive.
24. The facts also state that Matthew is not inquisitive.
25. The facts also state that Matthew is not lucky.
26. The facts also state that Bowen is elegant.
27. The facts also state that Kianna is plain.
28. The facts also state that Matthew is not inquisitive.
29. The facts also state that Matthew is not lucky.
30. The facts also state that Bowen is elegant.
31. The facts also state that Kianna is inquisitive.
32. The facts also state that Matthew is not inquisitive.
33. The facts also state that Matthew is not lucky.
34. The facts also state that Bowen is elegant.
35. The facts also state that Kianna is plain.
36. The facts also state that Matthew is not inquisitive.
37. The facts also state that Matthew is not lucky.
38. The facts also state that Bowen is elegant.
39. The facts also state that Kianna is in"
self_contradiction,F,,F,0,T,1,"1. Hector is not elegant.
2. If Hector is not elegant, then he is not inquisitive.
3. If Hector is not inquisitive, then he is not lucky.
4. If Hector is not lucky, then he is not determined.
5. If Hector is not determined, then he is not plain.
6. If Hector is not plain, then he is not elegant.
7. If Hector is not elegant, then he is not inquisitive.
8. If Hector is not inquisitive, then he is not lucky.
9. If Hector is not lucky, then he is not determined.
10. If Hector is not determined, then he is not plain.
11. If Hector is not plain, then he is not elegant.
12. If Hector is not elegant, then he is not inquisitive.
13. If Hector is not inquisitive, then he is not lucky.
14. If Hector is not lucky, then he is not determined.
15. If Hector is not determined, then he is not plain.
16. If Hector is not plain, then he is not elegant.
17. If Hector is not elegant, then he is not inquisitive.
18. If Hector is not inquisitive, then he is not lucky.
19. If Hector is not lucky, then he is not determined.
20. If Hector is not determined, then he is not plain.
21. If Hector is not plain, then he is not elegant.
22. If Hector is not elegant, then he is not inquisitive.
23. If Hector is not inquisitive, then he is not lucky.
24. If Hector is not lucky, then he is not determined.
25. If Hector is not determined, then he is not plain.
26. If Hector is not plain, then he is not elegant.
27. If Hector is not elegant, then he is not inquisitive.
28. If Hector is not inquisitive, then he is not lucky.
29. If Hector is not lucky, then he is not determined.
30. If Hector is not determined, then he is not plain.
31. If Hector is not plain, then he is not elegant.
32. If Hector is not elegant, then he is not inquisitive.
33. If Hector is not inquisitive, then he is not lucky.
34. If"
entailment,T,,F,0,T,0,"Bowen is not elegant.
Matthew is not inquisitive.
Matthew is not lucky.
Lane is not inquisitive.
Lane is not elegant.
Lane is not determined.
Lane is not plain.
Lane is not lucky.
Matthew is inquisitive.
Matthew is not lucky.
Matthew is not elegant.
Matthew is not determined.
Matthew is not plain.
Matthew is not lucky.
Matthew is not elegant.
Matthew is not determined.
Matthew is not plain.
Matthew is not lucky.
Matthew is not elegant.
Matthew is not determined.
Matthew is not plain.
Matthew is not lucky.
Matthew is not elegant.
Matthew is not determined.
Matthew is not plain.
Matthew is not lucky.
Matthew is not elegant.
Matthew is not determined.
Matthew is not plain.
Matthew is not lucky.
Matthew is not elegant.
Matthew is not determined.
Matthew is not plain.
Matthew is not lucky.
Matthew is not elegant.
Matthew is not determined.
Matthew is not plain.
Matthew is not lucky.
Matthew is not elegant.
Matthew is not determined.
Matthew is not plain.
Matthew is not lucky.
Matthew is not elegant.
Matthew is not determined.
Matthew is not plain.
Matthew is not lucky.
Matthew is not elegant.
Matthew is not determined.
Matthew is not plain.
Matthew is not lucky.
Matthew is not elegant.
Matthew is not determined.
Matthew is not plain.
Matthew is not lucky.
Matthew is not elegant.
Matthew is not determined.
Matthew is not plain.
Matthew is not lucky.
Matthew is not elegant.
Matthew is not determined.
Matthew is not plain.
Matthew is not lucky.
Matthew is not elegant.
Matthew is not determined.
Matthew is not plain.
Matthew is not lucky.
Matthew is not elegant.
Matthew is not determined.
Matthew is not plain.
Matthew is not lucky.
Matthew is not elegant.
Matthew is not determined.
Matthew is not plain.
Matthew is not lucky.
Matthew is not elegant.
Matthew is not determined.
Matthew is not plain.
Matthew is not lucky.
Matthew is not elegant.
Matthew is not determined.
Matthew is not plain.
Matthew is not lucky.
Matthew is not elegant.
Matthew is not determined.
Matthew is not plain.
Matthew is not lucky.
Matthew is not elegant.
Matthew is not determined.
Matthew is not plain.
Matthew is not lucky.
Matthew is not elegant.
Matthew is not determined.
Matthew is not plain.
Matthew is not lucky.
Matthew is not elegant.
Matthew is not determined.
Matthew is not plain.
Matthew is not lucky.
Matthew is not elegant.
Matthew is not determined.
Matthew is not plain.
Matthew is"
neutral,F,,F,0,T,1,"1. Matthew is not elegant.
2. Matthew is not lucky.
3. Matthew is not inquisitive.
4. Matthew is not determined.
5. Matthew is not plain.
6. Matthew is not determined.
7. Matthew is not inquisitive.
8. Matthew is not elegant.
9. Matthew is not inquisitive.
10. Matthew is not elegant.
11. Matthew is not inquisitive.
12. Matthew is not elegant.
13. Matthew is not inquisitive.
14. Matthew is not elegant.
15. Matthew is not inquisitive.
16. Matthew is not elegant.
17. Matthew is not inquisitive.
18. Matthew is not elegant.
19. Matthew is not inquisitive.
20. Matthew is not elegant.
21. Matthew is not inquisitive.
22. Matthew is not elegant.
23. Matthew is not inquisitive.
24. Matthew is not elegant.
25. Matthew is not inquisitive.
26. Matthew is not elegant.
27. Matthew is not inquisitive.
28. Matthew is not elegant.
29. Matthew is not inquisitive.
30. Matthew is not elegant.
31. Matthew is not inquisitive.
32. Matthew is not elegant.
33. Matthew is not inquisitive.
34. Matthew is not elegant.
35. Matthew is not inquisitive.
36. Matthew is not elegant.
37. Matthew is not inquisitive.
38. Matthew is not elegant.
39. Matthew is not inquisitive.
40. Matthew is not elegant.
41. Matthew is not inquisitive.
42. Matthew is not elegant.
43. Matthew is not inquisitive.
44. Matthew is not elegant.
45. Matthew is not inquisitive.
46. Matthew is not elegant.
47. Matthew is not inquisitive.
48. Matthew is not elegant.
49. Matthew is not inquisitive.
50. Matthew is not elegant.
51. Matthew is not inquisitive.
52. Matthew is not elegant.
53. Matthew is not inquisitive.
54. Matthew is not elegant.
55. Matthew is not inquisitive.
56. Matthew is not elegant.
57. Matthew is not inquisitive.
58. Matthew is not elegant.
59"
self_contradiction,F,,F,0,T,1,"1. If Kianna is not plain, then she is not determined.
2. If Kianna is not determined, then she is not inquisitive.
3. If Kianna is not inquisitive, then she is not elegant.
4. If Kianna is not elegant, then she is not lucky.
5. If Kianna is not lucky, then she is not plain.
6. If Kianna is not plain, then she is not determined.
7. If Kianna is not determined, then she is not inquisitive.
8. If Kianna is not inquisitive, then she is not elegant.
9. If Kianna is not elegant, then she is not lucky.
10. If Kianna is not lucky, then she is not plain.
11. If Kianna is not plain, then she is not determined.
12. If Kianna is not determined, then she is not inquisitive.
13. If Kianna is not inquisitive, then she is not elegant.
14. If Kianna is not elegant, then she is not lucky.
15. If Kianna is not lucky, then she is not plain.
16. If Kianna is not plain, then she is not determined.
17. If Kianna is not determined, then she is not inquisitive.
18. If Kianna is not inquisitive, then she is not elegant.
19. If Kianna is not elegant, then she is not lucky.
20. If Kianna is not lucky, then she is not plain.
21. If Kianna is not plain, then she is not determined.
22. If Kianna is not determined, then she is not inquisitive.
23. If Kianna is not inquisitive, then she is not elegant.
24. If Kianna is not elegant, then she is not lucky.
25. If Kianna is not lucky, then she is not plain.
26. If Kianna is not plain, then she is not determined.
27. If Kianna is not determined, then she is not inquisitive.
28. If Kianna is not inquisitive, then she is not elegant.
29. If Kianna is not elegant, then she is not lucky.
30. If Kianna is not lucky, then she is not plain.
31. If Kianna is not plain, then she is not determined."
contradiction,F,,F,0,T,1,"1. The facts state that Matthew is not inquisitive and not elegant.
2. The rules state that if someone is not inquisitive, then they are not elegant.
3. Since Matthew is not inquisitive, he is not elegant.
4. The rules also state that if someone is not elegant, then they are not plain.
5. Since Matthew is not elegant, he is not plain.
6. The rules also state that if someone is not plain, then they are not determined.
7. Since Matthew is not plain, he is not determined.
8. The rules also state that if someone is not determined, then they are not lucky.
9. Since Matthew is not determined, he is not lucky.
10. The rules also state that if someone is not lucky, then they are not elegant.
11. Since Matthew is not lucky, he is not elegant.
12. The rules also state that if someone is not elegant, then they are not plain.
13. Since Matthew is not elegant, he is not plain.
14. The rules also state that if someone is not plain, then they are not determined.
15. Since Matthew is not plain, he is not determined.
16. The rules also state that if someone is not determined, then they are not lucky.
17. Since Matthew is not determined, he is not lucky.
18. The rules also state that if someone is not lucky, then they are not elegant.
19. Since Matthew is not lucky, he is not elegant.
20. The rules also state that if someone is not elegant, then they are not plain.
21. Since Matthew is not elegant, he is not plain.
22. The rules also state that if someone is not plain, then they are not determined.
23. Since Matthew is not plain, he is not determined.
24. The rules also state that if someone is not determined, then they are not lucky.
25. Since Matthew is not determined, he is not lucky.
26. The rules also state that if someone is not lucky, then they are not elegant.
27. Since Matthew is not lucky, he is not elegant.
28. The rules also state that if someone is not elegant, then they are not plain.
29. Since Matthew is not elegant, he is not plain.
30. The rules also state that if someone is not plain, then they are not determined.
31. Since"
entailment,T,,F,0,T,0,"1. Matthew is not inquisitive.
2. Matthew is not elegant.
3. Matthew is not lucky.
4. Matthew is not determined.
5. Matthew is not plain.
6. Matthew is not determined.
7. Matthew is not inquisitive.
8. Matthew is not elegant.
9. Matthew is not lucky.
10. Matthew is not determined.
11. Matthew is not plain.
12. Matthew is not determined.
13. Matthew is not inquisitive.
14. Matthew is not elegant.
15. Matthew is not lucky.
16. Matthew is not determined.
17. Matthew is not plain.
18. Matthew is not determined.
19. Matthew is not inquisitive.
20. Matthew is not elegant.
21. Matthew is not lucky.
22. Matthew is not determined.
23. Matthew is not plain.
24. Matthew is not determined.
25. Matthew is not inquisitive.
26. Matthew is not elegant.
27. Matthew is not lucky.
28. Matthew is not determined.
29. Matthew is not plain.
30. Matthew is not determined.
31. Matthew is not inquisitive.
32. Matthew is not elegant.
33. Matthew is not lucky.
34. Matthew is not determined.
35. Matthew is not plain.
36. Matthew is not determined.
37. Matthew is not inquisitive.
38. Matthew is not elegant.
39. Matthew is not lucky.
40. Matthew is not determined.
41. Matthew is not plain.
42. Matthew is not determined.
43. Matthew is not inquisitive.
44. Matthew is not elegant.
45. Matthew is not lucky.
46. Matthew is not determined.
47. Matthew is not plain.
48. Matthew is not determined.
49. Matthew is not inquisitive.
50. Matthew is not elegant.
51. Matthew is not lucky.
52. Matthew is not determined.
53. Matthew is not plain.
54. Matthew is not determined.
55. Matthew is not inquisitive.
56. Matthew is not elegant.
57. Matthew is not lucky.
58. Matthew is not determined.
59. Matthew is not plain.
60. Matthew is not determined.
61. Matthew is not inquisitive.
62. Matthew is not elegant.
63"
neutral,F,,F,0,T,1,"Step 1: Identify the relevant information in the facts.
- Hector is not elegant.
- Lane is not inquisitive.
- Lane is lucky.
- Matthew is inquisitive.
- Matthew is not lucky.
- Bowen is elegant.
- Bruno is not lucky.
- Lane is elegant.
- Lane is not plain.
- Lane is not determined.
- Bruno is inquisitive.
- Alisa is inquisitive.
- Someone who is plain is always both not inquisitive and elegant.
- If there is at least one people who is both not plain and not elegant, then Matthew is not inquisitive.
- If there is nobody who is not not elegant, then Matthew is not inquisitive.
- If there is at least one people who is not elegant, then Matthew is elderly.
- Someone who is plain or not elegant is always not determined and inquisitive.
- If someone is not inquisitive or he is determined, then he is not lucky.
- If someone is not elegant, then he is plain, and vice versa.
- Someone is determined and not plain if and only if he is inquisitive and elegant.
- If there is someone who is not determined, then Kianna is plain and Kianna is inquisitive.
- Matthew being not inquisitive or Lane being lucky implies that Bowen is elegant.
- If there is at least one people who is not elegant or not lucky, then Matthew is elderly.
- Someone is determined and not plain if and only if he is inquisitive and elegant.
- If there is someone who is not determined, then Kianna is plain and Kianna is inquisitive.

Step 2: Analyze the rules.
- (Implicit in facts): If there is at least one people who is both not plain and not elegant, then Matthew is not inquisitive.
- If there is nobody who is not not elegant, then Matthew is not inquisitive.
- If there is at least one people who is not elegant, then Matthew is elderly.
- Someone who is plain or not elegant is always not determined and inquisitive.
- If someone is not inquisitive or he is determined, then he is not lucky.
- If someone is not elegant, then he is plain, and vice versa.
- Someone is determined and not plain if and only if he is inquisitive and elegant.
- If there is someone who is not determined, then Kianna is plain and Kianna is inquisitive.
- Matthew being not"
contradiction,F,,F,0,T,1,Bowen is not elegant. Bowen is not inquisitive. Bowen is not lucky. Bowen is not determined. Bowen is not plain. Bowen is not determined. Bowen is not inquisitive. Bowen is not elegant. Bowen is not plain. Bowen is not inquisitive. Bowen is not elegant. Bowen is not inquisitive. Bowen is not elegant. Bowen is not inquisitive. Bowen is not elegant. Bowen is not inquisitive. Bowen is not elegant. Bowen is not inquisitive. Bowen is not elegant. Bowen is not inquisitive. Bowen is not elegant. Bowen is not inquisitive. Bowen is not elegant. Bowen is not inquisitive. Bowen is not elegant. Bowen is not inquisitive. Bowen is not elegant. Bowen is not inquisitive. Bowen is not elegant. Bowen is not inquisitive. Bowen is not elegant. Bowen is not inquisitive. Bowen is not elegant. Bowen is not inquisitive. Bowen is not elegant. Bowen is not inquisitive. Bowen is not elegant. Bowen is not inquisitive. Bowen is not elegant. Bowen is not inquisitive. Bowen is not elegant. Bowen is not inquisitive. Bowen is not elegant. Bowen is not inquisitive. Bowen is not elegant. Bowen is not inquisitive. Bowen is not elegant. Bowen is not inquisitive. Bowen is not elegant. Bowen is not inquisitive. Bowen is not elegant. Bowen is not inquisitive. Bowen is not elegant. Bowen is not inquisitive. Bowen is not elegant. Bowen is not inquisitive. Bowen is not elegant. Bowen is not inquisitive. Bowen is not elegant. Bowen is not inquisitive. Bowen is not elegant. Bowen is not inquisitive. Bowen is not elegant. Bowen is not inquisitive. Bowen is not elegant. Bowen is not inquisitive. Bowen is not elegant. Bowen is not inquisitive. Bowen is not elegant. Bowen is not inquisitive. Bowen is not elegant. Bowen is not inquisitive. Bowen is not elegant. Bowen is not inquisitive. Bowen is not elegant. Bowen is not inquisitive. Bowen is not elegant. Bowen is not inquisitive. Bowen is not elegant. Bowen is not inquisitive. Bowen is not elegant. Bowen is not inquisitive. Bowen is not elegant. Bowen is not inquisitive. Bowen is not elegant. Bowen is not inquisitive.
self_contradiction,F,,F,0,T,1,"1. Hector is not elegant.
2. Lane is not inquisitive.
3. Lane is lucky.
4. Matthew is inquisitive.
5. Matthew is not lucky.
6. Bowen is elegant.
7. Bruno is not lucky.
8. Lane is elegant.
9. Lane is not plain.
10. Lane is not determined.
11. Bruno is inquisitive.
12. Alisa is inquisitive.
13. Someone who is plain is always both not inquisitive and elegant.
14. If there is at least one people who is both not plain and not elegant, then Matthew is not inquisitive.
15. If there is nobody who is not not elegant, then Matthew is not inquisitive.
16. It can be concluded that Alisa is inquisitive and Bruno is not plain once knowing that Alisa is elderly and Matthew is not lucky.
17. If there is at least one people who is not elegant or not lucky, then Matthew is elderly.
18. Someone who is plain or not elegant is always not determined and inquisitive.
19. If someone is not inquisitive or he is determined, then he is not lucky.
20. If someone is not elegant, then he is plain, and vice versa.
21. Someone is determined and not plain if and only if he is inquisitive and elegant.
22. If there is someone who is not determined, then Kianna is plain and Kianna is inquisitive.
23. Matthew being not inquisitive or Lane being lucky implies that Bowen is elegant.
24. It can be concluded that Matthew is elderly once knowing that Kianna is plain and Bruno is not determined."
neutral,F,,F,0,T,1,"1. The facts state that Hector is not elegant.
2. The facts also state that Lane is not inquisitive.
3. The facts also state that Lane is lucky.
4. The facts also state that Matthew is inquisitive.
5. The facts also state that Matthew is not lucky.
6. The facts also state that Bowen is elegant.
7. The facts also state that Bruno is not lucky.
8. The facts also state that Lane is elegant.
9. The facts also state that Lane is not plain.
10. The facts also state that Lane is not determined.
11. The facts also state that Bruno is inquisitive.
12. The facts also state that Alisa is inquisitive.
13. The facts also state that someone who is plain is always both not inquisitive and elegant.
14. The facts also state that if there is at least one people who is both not plain and not elegant, then Matthew is not inquisitive.
15. The facts also state that if there is nobody who is not not elegant, then Matthew is not inquisitive.
16. The facts also state that if someone is not inquisitive or he is determined, then he is not lucky.
17. The facts also state that if someone is not elegant, then he is plain, and vice versa.
18. The facts also state that someone is determined and not plain if and only if he is inquisitive and elegant.
19. The facts also state that if there is someone who is not determined, then Kianna is plain and Kianna is inquisitive.
20. The facts also state that Matthew being not inquisitive or Lane being lucky implies that Bowen is elegant.
21. The facts also state that if there is at least one people who is not elegant or not lucky, then Matthew is elderly.
22. The facts also state that someone who is plain or not elegant is always not determined and inquisitive.
23. The facts also state that if someone is not inquisitive or he is determined, then he is not lucky.
24. The facts also state that if someone is not elegant, then he is plain, and vice versa.
25. The facts also state that someone is determined and not plain if and only if he is inquisitive and elegant.
26. The facts also state that if there is someone who is not determined, then Kianna is plain and Kianna is"
entailment,T,,F,0,T,0,"Step 1: Identify the relevant information in the facts.
- Hector is not elegant.
- Lane is not inquisitive.
- Lane is lucky.
- Matthew is inquisitive.
- Matthew is not lucky.
- Bowen is elegant.
- Bruno is not lucky.
- Lane is elegant.
- Lane is not plain.
- Lane is not determined.
- Bruno is inquisitive.
- Alisa is inquisitive.

Step 2: Analyze the information to determine the relationships between the people and their characteristics.
- Hector is not elegant, so he is not inquisitive.
- Lane is not inquisitive, so he is not lucky.
- Lane is lucky, so he is not plain.
- Matthew is inquisitive, so he is not lucky.
- Matthew is not lucky, so he is not elegant.
- Bowen is elegant, so he is not lucky.
- Bruno is not lucky, so he is not inquisitive.
- Lane is elegant, so he is not plain.
- Lane is not plain, so he is not determined.
- Bruno is inquisitive, so he is not lucky.
- Alisa is inquisitive.

Step 3: Apply the rules to determine the relationships between the people and their characteristics.
- If there is at least one person who is not plain, then Matthew is not inquisitive.
- If there is nobody who is not elegant, then Matthew is not inquisitive.
- If there is at least one person who is not lucky, then Matthew is not inquisitive.
- If there is at least one person who is not determined, then Matthew is not inquisitive.
- If there is at least one person who is not elegant or not lucky, then Matthew is not inquisitive.
- If there is someone who is not determined, then Kianna is plain and Kianna is inquisitive.
- If Matthew is not inquisitive or Lane is lucky, then Bowen is elegant.
- If Matthew is not inquisitive or Lane is not determined, then Bowen is elegant.
- If Matthew is not inquisitive or Lane is not inquisitive, then Bowen is not elegant.
- If Matthew is not inquisitive or Lane is not inquisitive, then Bowen is not inquisitive.
- If Matthew is not inquisitive or Lane is not inquisitive, then Bowen is not inquisitive.
- If Matthew is not inquisitive or Lane is not inquisitive, then Bowen is not"
neutral,F,,F,0,T,1,"Step 1: Identify the relevant information in the facts.
- Arlen is basic.
- Antonio is realistic.
- Chatwin is not realistic.
- Shelley is not careful.
- Antonio is not careful.
- Gresham is not basic.
- Jeremiah is not careful.
- Jeremiah is sane.
- Arlen is sane.
- Neville is careful.
- Chatwin is skinny.
- Antonio is not sane.
- Gresham is basic.
- Jeremiah is sane.
- Neville is sane.

Step 2: Analyze the information to determine the relationships between the characters and their characteristics.
- Arlen is basic, which means he is not unhappy.
- Antonio is realistic, which means he is not crazy.
- Chatwin is not realistic, which means he is crazy.
- Shelley is not careful, which means she is not careful.
- Antonio is not careful, which means he is not careful.
- Gresham is not basic, which means he is not realistic.
- Jeremiah is not careful, which means he is not careful.
- Jeremiah is sane, which means he is sane.
- Arlen is sane, which means he is sane.
- Neville is careful, which means he is not crazy.
- Chatwin is skinny, which means he is not skinny.
- Antonio is not sane, which means he is crazy.
- Gresham is basic, which means he is not realistic.
- Jeremiah is sane, which means he is sane.
- Neville is sane, which means he is sane.

Step 3: Apply the rules to determine the relationships between the characters and their characteristics.
- If someone is sane, then they are not crazy.
- If someone is not crazy, then they are not insane.
- If someone is not insane, then they are not crazy.
- If someone is not crazy, then they are not insane.
- If someone is not insane, then they are not crazy.
- If someone is not crazy, then they are not insane.
- If someone is not insane, then they are not crazy.
- If someone is not crazy, then they are not insane.
- If someone is not insane, then they are not crazy.
- If someone is not crazy, then they are not insane.
- If someone is not insane, then they are not crazy.
- If someone is not crazy, then they are not insane.
- If someone is not insane, then they are not crazy.
- If someone is not crazy, then they are not insane.
- If someone is not"
neutral,F,,F,0,T,1,"Step 1: Identify the relevant information in the facts.
- Arlen is basic.
- Antonio is realistic.
- Chatwin is not realistic.
- Shelley is not careful.
- Antonio is not careful.
- Gresham is not basic.
- Jeremiah is not careful.
- Jeremiah is sane.
- Arlen is sane.
- Neville is careful.
- Chatwin is skinny.
- Antonio is not sane.
- Gresham is basic.
- Jeremiah is sane.
- Neville is sane.

Step 2: Analyze the information to determine the relationships between the people and their characteristics.
- Arlen is basic, so he is not unhappy.
- Antonio is realistic, so he is not careful.
- Chatwin is not realistic, so he is not careful.
- Shelley is not careful, so she is not skinny.
- Antonio is not careful, so he is not sane.
- Gresham is not basic, so he is not realistic.
- Jeremiah is not careful, so he is not sane.
- Jeremiah is sane, so he is not realistic.
- Arlen is sane, so he is not unhappy.
- Neville is careful, so he is not sane.
- Chatwin is skinny, so he is not basic.
- Antonio is not sane, so he is skinny.
- Gresham is basic, so he is not realistic.
- Jeremiah is sane, so he is not realistic.
- Neville is sane, so he is not sane.

Step 3: Apply the rules to determine the relationships between the people and their characteristics.
- If someone is not basic, then they are not sane.
- If someone is not realistic, then they are not careful.
- If someone is not sane, then they are not skinny.
- If someone is not sane, then they are not careful.
- If someone is not realistic, then they are not sane.
- If someone is not sane, then they are not skinny.
- If someone is not sane, then they are not careful.
- If someone is not realistic, then they are not sane.
- If someone is not sane, then they are not skinny.
- If someone is not sane, then they are not careful.
- If someone is not realistic, then they are not sane.
- If someone is not sane, then they are not skinny.
- If someone is not sane, then they are not careful.
- If someone is not basic, then they are not sane.
- If someone is not sane, then they are not skinny.
-"
self_contradiction,F,,F,0,T,1,"1. Arlen is basic.
2. Arlen is not unhappy.
3. Arlen is not skinny.
4. Arlen is not realistic.
5. Arlen is not careful.
6. Arlen is not sane.
7. Arlen is not skinny.
8. Arlen is not realistic.
9. Arlen is not careful.
10. Arlen is not sane.
11. Arlen is not skinny.
12. Arlen is not realistic.
13. Arlen is not careful.
14. Arlen is not sane.
15. Arlen is not skinny.
16. Arlen is not realistic.
17. Arlen is not careful.
18. Arlen is not sane.
19. Arlen is not skinny.
20. Arlen is not realistic.
21. Arlen is not careful.
22. Arlen is not sane.
23. Arlen is not skinny.
24. Arlen is not realistic.
25. Arlen is not careful.
26. Arlen is not sane.
27. Arlen is not skinny.
28. Arlen is not realistic.
29. Arlen is not careful.
30. Arlen is not sane.
31. Arlen is not skinny.
32. Arlen is not realistic.
33. Arlen is not careful.
34. Arlen is not sane.
35. Arlen is not skinny.
36. Arlen is not realistic.
37. Arlen is not careful.
38. Arlen is not sane.
39. Arlen is not skinny.
40. Arlen is not realistic.
41. Arlen is not careful.
42. Arlen is not sane.
43. Arlen is not skinny.
44. Arlen is not realistic.
45. Arlen is not careful.
46. Arlen is not sane.
47. Arlen is not skinny.
48. Arlen is not realistic.
49. Arlen is not careful.
50. Arlen is not sane.
51. Arlen is not skinny.
52. Arlen is not realistic.
53. Arlen is not careful.
54. Arlen is not sane.
55. Arlen is not skinny.
56. Arlen is not realistic.
57. Arlen is not careful.
58. Arlen is not sane"
contradiction,F,,F,0,T,1,"1. The facts given are:
- Arlen is basic.
- Antonio is realistic.
- Chatwin is not realistic.
- Shelley is not careful.
- Antonio is not careful.
- Gresham is not basic.
- Jeremiah is not careful.
- Jeremiah is sane.
- Arlen is sane.
- Neville is careful.
- Chatwin is skinny.
- Antonio is not sane.
- Gresham is basic.
- Jeremiah is sane.
- Neville is sane.

2. We need to use the rules to determine the truth of the statement ""Antonio is not unhappy.""

3. The rule ""If someone is unhappy, then he is both realistic and basic"" tells us that if Antonio is unhappy, then he is both realistic and basic.

4. The rule ""If someone is not basic, then he is not sane"" tells us that if Antonio is not basic, then he is not sane.

5. The rule ""If someone is not sane, then he is not realistic"" tells us that if Antonio is not sane, then he is not realistic.

6. The rule ""If someone is not realistic, then he is not careful"" tells us that if Antonio is not realistic, then he is not careful.

7. The rule ""If someone is not careful, then he is not skinny"" tells us that if Antonio is not careful, then he is not skinny.

8. The rule ""If someone is skinny, then he is not sane"" tells us that if Antonio is skinny, then he is not sane.

9. The rule ""If someone is sane, then he is not realistic"" tells us that if Antonio is sane, then he is not realistic.

10. The rule ""If someone is not realistic, then he is not basic"" tells us that if Antonio is not realistic, then he is not basic.

11. The rule ""If someone is not basic, then he is not sane"" tells us that if Antonio is not basic, then he is not sane.

12. The rule ""If someone is not sane, then he is not careful"" tells us that if Antonio is not sane, then he is not careful.

13. The rule ""If someone is not careful, then he is not skinny"" tells us that if Antonio is not careful, then he is not skinny.

14. The rule ""If someone is skinny, then he is not sane"" tells us that if Antonio is skinny, then he is not sane.

15. The rule ""If someone"
neutral,F,,F,0,T,1,"1. The facts given are that Arlen is basic, Antonio is realistic, Chatwin is not realistic, Shelley is not careful, Antonio is not careful, Gresham is not basic, Jeremiah is not careful, Jeremiah is sane, Arlen is sane, Neville is careful, Chatwin is skinny, Antonio is not sane, Gresham is basic, Jeremiah is sane, and Neville is sane.
2. The question asks if Shelley is unhappy.
3. From the facts, we know that Arlen is basic, Antonio is realistic, Chatwin is not realistic, Shelley is not careful, Antonio is not careful, Gresham is not basic, Jeremiah is not careful, Jeremiah is sane, Arlen is sane, Neville is careful, Chatwin is skinny, Antonio is not sane, Gresham is basic, Jeremiah is sane, and Neville is sane.
4. From the facts, we know that Arlen is basic, Antonio is realistic, Chatwin is not realistic, Shelley is not careful, Antonio is not careful, Gresham is not basic, Jeremiah is not careful, Jeremiah is sane, Arlen is sane, Neville is careful, Chatwin is skinny, Antonio is not sane, Gresham is basic, Jeremiah is sane, and Neville is sane.
5. From the facts, we know that Arlen is basic, Antonio is realistic, Chatwin is not realistic, Shelley is not careful, Antonio is not careful, Gresham is not basic, Jeremiah is not careful, Jeremiah is sane, Arlen is sane, Neville is careful, Chatwin is skinny, Antonio is not sane, Gresham is basic, Jeremiah is sane, and Neville is sane.
6. From the facts, we know that Arlen is basic, Antonio is realistic, Chatwin is not realistic, Shelley is not careful, Antonio is not careful, Gresham is not basic, Jeremiah is not careful, Jeremiah is sane, Arlen is sane, Neville is careful, Chatwin is skinny, Antonio is not sane, Gresham is basic, Jeremiah is sane, and Neville is sane.
7. From the facts, we know that Arlen is basic, Antonio is realistic, Chatwin is not realistic, Shelley is not careful, Antonio is not careful, Gresham is not basic, Jeremiah is not careful, Jeremiah is sane, Arlen is sane, Neville is careful, Chatwin is skinny, Antonio is not sane, Gresham is basic, Jeremiah is sane, and Neville is sane"
self_contradiction,F,,F,0,T,1,Chatwin is not realistic. Chatwin is not basic. Chatwin is not sane. Chatwin is not careful. Chatwin is not skinny. Chatwin is not sane. Chatwin is not skinny. Chatwin is not sane. Chatwin is not skinny. Chatwin is not sane. Chatwin is not skinny. Chatwin is not sane. Chatwin is not skinny. Chatwin is not sane. Chatwin is not skinny. Chatwin is not sane. Chatwin is not skinny. Chatwin is not sane. Chatwin is not skinny. Chatwin is not sane. Chatwin is not skinny. Chatwin is not sane. Chatwin is not skinny. Chatwin is not sane. Chatwin is not skinny. Chatwin is not sane. Chatwin is not skinny. Chatwin is not sane. Chatwin is not skinny. Chatwin is not sane. Chatwin is not skinny. Chatwin is not sane. Chatwin is not skinny. Chatwin is not sane. Chatwin is not skinny. Chatwin is not sane. Chatwin is not skinny. Chatwin is not sane. Chatwin is not skinny. Chatwin is not sane. Chatwin is not skinny. Chatwin is not sane. Chatwin is not skinny. Chatwin is not sane. Chatwin is not skinny. Chatwin is not sane. Chatwin is not skinny. Chatwin is not sane. Chatwin is not skinny. Chatwin is not sane. Chatwin is not skinny. Chatwin is not sane. Chatwin is not skinny. Chatwin is not sane. Chatwin is not skinny. Chatwin is not sane. Chatwin is not skinny. Chatwin is not sane. Chatwin is not skinny. Chatwin is not sane. Chatwin is not skinny. Chatwin is not sane. Chatwin is not skinny. Chatwin is not sane. Chatwin is not skinny. Chatwin is not sane. Chatwin is not skinny. Chatwin is not sane. Chatwin is not skinny. Chatwin is not sane. Chatwin is not skinny. Chatwin is not sane. Chatwin is not skinny. Chatwin is not sane. Chatwin is not skinny. Chatwin is not sane. Chatwin is not skinny. Chatwin is not sane. Chatwin is not skinny. Chatwin is not sane. Chatwin is not skinny. Chatwin is not sane. Chatwin is not skinny. Chatwin is not sane. Chatwin is not skinny. Chatwin
entailment,T,,F,0,F,0,"1. Arlen is basic.
2. Arlen is not unhappy.
3. Arlen is not sane.
4. Arlen is not skinny.
5. Arlen is not careful.
6. Arlen is not realistic.
7. Arlen is not sane.
8. Arlen is not skinny.
9. Arlen is not careful.
10. Arlen is not realistic.
11. Arlen is not sane.
12. Arlen is not skinny.
13. Arlen is not careful.
14. Arlen is not realistic.
15. Arlen is not sane.
16. Arlen is not skinny.
17. Arlen is not careful.
18. Arlen is not realistic.
19. Arlen is not sane.
20. Arlen is not skinny.
21. Arlen is not careful.
22. Arlen is not realistic.
23. Arlen is not sane.
24. Arlen is not skinny.
25. Arlen is not careful.
26. Arlen is not realistic.
27. Arlen is not sane.
28. Arlen is not skinny.
29. Arlen is not careful.
30. Arlen is not realistic.
31. Arlen is not sane.
32. Arlen is not skinny.
33. Arlen is not careful.
34. Arlen is not realistic.
35. Arlen is not sane.
36. Arlen is not skinny.
37. Arlen is not careful.
38. Arlen is not realistic.
39. Arlen is not sane.
40. Arlen is not skinny.
41. Arlen is not careful.
42. Arlen is not realistic.
43. Arlen is not sane.
44. Arlen is not skinny.
45. Arlen is not careful.
46. Arlen is not realistic.
47. Arlen is not sane.
48. Arlen is not skinny.
49. Arlen is not careful.
50. Arlen is not realistic.
51. Arlen is not sane.
52. Arlen is not skinny.
53. Arlen is not careful.
54. Arlen is not realistic.
55. Arlen is not sane.
56. Arlen is not skinny.
57. Arlen is not careful.
58. Arlen is not realistic"
neutral,F,,F,0,T,1,"Step 1: Identify the relevant information in the facts.
- Arlen is basic.
- Antonio is realistic.
- Chatwin is not realistic.
- Shelley is not careful.
- Antonio is not careful.
- Gresham is not basic.
- Jeremiah is not careful.
- Jeremiah is sane.
- Arlen is sane.
- Neville is careful.
- Chatwin is skinny.
- Antonio is not sane.
- Gresham is basic.
- Jeremiah is sane.
- Neville is sane.

Step 2: Analyze the information to determine the relationships between the people and their characteristics.
- Arlen is basic, which means he is not unhappy.
- Antonio is realistic, which means he is not careful.
- Chatwin is not realistic, which means he is not careful.
- Shelley is not careful, which means she is not skinny.
- Antonio is not careful, which means he is not sane.
- Gresham is not basic, which means he is not realistic.
- Jeremiah is not careful, which means he is not sane.
- Jeremiah is sane, which means he is not realistic.
- Arlen is sane, which means he is not unhappy.
- Neville is careful, which means he is not skinny.
- Chatwin is skinny, which means he is not basic.
- Antonio is not sane, which means he is not skinny.
- Gresham is basic, which means he is not realistic.
- Jeremiah is sane, which means he is not realistic.
- Neville is sane, which means he is not skinny.

Step 3: Apply the rules to determine the relationships between the people and their characteristics.
- If someone is not skinny, then they are not sane.
- If someone is not realistic, then they are not careful.
- If someone is not sane, then they are not basic.
- If someone is not realistic, then they are not careful.
- If someone is not sane, then they are not basic.
- If someone is not realistic, then they are not sane.
- If someone is not sane, then they are not basic.
- If someone is not realistic, then they are not sane.
- If someone is not sane, then they are not basic.
- If someone is not realistic, then they are not sane.
- If someone is not sane, then they are not basic.
- If someone is not realistic, then they are not sane.
- If someone is not sane, then they are not basic.
- If someone is not realistic, then they are not"
contradiction,F,,F,0,T,1,"Step 1: Identify the relevant information in the facts.
- Arlen is basic.
- Antonio is realistic.
- Chatwin is not realistic.
- Shelley is not careful.
- Antonio is not careful.
- Gresham is not basic.
- Jeremiah is not careful.
- Jeremiah is sane.
- Arlen is sane.
- Neville is careful.
- Chatwin is skinny.
- Antonio is not sane.
- Gresham is not realistic.
- Jeremiah is sane.
- Arlen is sane.
- Neville is careful.
- Chatwin is skinny.

Step 2: Analyze the given information and determine the relationships between the characters and their characteristics.

- Arlen is basic, which means he is not unhappy.
- Antonio is realistic, which means he is not crazy.
- Chatwin is not realistic, which means he is crazy.
- Shelley is not careful, which means she is not careful.
- Antonio is not careful, which means he is not careful.
- Gresham is not basic, which means he is not realistic.
- Jeremiah is not careful, which means he is not careful.
- Jeremiah is sane, which means he is not crazy.
- Arlen is sane, which means he is not crazy.
- Neville is careful, which means he is not crazy.
- Chatwin is skinny, which means he is not crazy.
- Antonio is not sane, which means he is crazy.
- Gresham is not realistic, which means he is not crazy.
- Jeremiah is sane, which means he is not crazy.
- Arlen is sane, which means he is not crazy.
- Neville is careful, which means he is not crazy.

Step 3: Apply the rules to determine the relationships between the characters and their characteristics.

- If someone is skinny, then they are not sane.
- If someone is not sane, then they are not basic.
- If someone is not basic, then they are not realistic.
- If someone is not realistic, then they are not careful.
- If someone is not careful, then they are not sane.
- If someone is sane, then they are not crazy.
- If someone is not crazy, then they are not realistic.
- If someone is not realistic, then they are not basic.
- If someone is not basic, then they are not sane.
- If someone is not sane, then they are not careful.
- If someone is not careful, then they are not sane.
- If someone is not sane, then they are not realistic."
contradiction,F,,F,0,T,1,"Chatwin is not realistic.
Chatwin is not basic.
Chatwin is not sane.
Chatwin is not skinny.
Chatwin is not careful.
Chatwin is not sane.
Chatwin is not skinny.
Chatwin is not careful.
Chatwin is not sane.
Chatwin is not skinny.
Chatwin is not careful.
Chatwin is not sane.
Chatwin is not skinny.
Chatwin is not careful.
Chatwin is not sane.
Chatwin is not skinny.
Chatwin is not careful.
Chatwin is not sane.
Chatwin is not skinny.
Chatwin is not careful.
Chatwin is not sane.
Chatwin is not skinny.
Chatwin is not careful.
Chatwin is not sane.
Chatwin is not skinny.
Chatwin is not careful.
Chatwin is not sane.
Chatwin is not skinny.
Chatwin is not careful.
Chatwin is not sane.
Chatwin is not skinny.
Chatwin is not careful.
Chatwin is not sane.
Chatwin is not skinny.
Chatwin is not careful.
Chatwin is not sane.
Chatwin is not skinny.
Chatwin is not careful.
Chatwin is not sane.
Chatwin is not skinny.
Chatwin is not careful.
Chatwin is not sane.
Chatwin is not skinny.
Chatwin is not careful.
Chatwin is not sane.
Chatwin is not skinny.
Chatwin is not careful.
Chatwin is not sane.
Chatwin is not skinny.
Chatwin is not careful.
Chatwin is not sane.
Chatwin is not skinny.
Chatwin is not careful.
Chatwin is not sane.
Chatwin is not skinny.
Chatwin is not careful.
Chatwin is not sane.
Chatwin is not skinny.
Chatwin is not careful.
Chatwin is not sane.
Chatwin is not skinny.
Chatwin is not careful.
Chatwin is not sane.
Chatwin is not skinny.
Chatwin is not careful.
Chatwin is not sane.
Chatwin is not skinny.
Chatwin is not careful.
Chatwin is not sane.
Chatwin is not skinny.
Chatwin is not careful.
Chatwin is not sane.
Chatwin is not skinny.
Chatwin is not careful.
Chatwin is not sane.
Chatwin is not skinny.
Chatwin is not careful.
Chatwin is not sane.
Chatwin is not skinny.
Chatwin is not careful.
Chatwin is not sane.
Chatwin is not skinny.
Chatwin is not careful.
Chatwin is not sane.
Chatwin is not skinny.
Chatwin"
entailment,T,,F,0,T,0,"Neville is not skinny and Chatwin is not basic.
If someone is not skinny and not basic, then he is not sane.
If someone is not sane, then he is not careful.
If someone is not sane, then he is not careful.
If someone is not sane, then he is not careful.
If someone is not sane, then he is not careful.
If someone is not sane, then he is not careful.
If someone is not sane, then he is not careful.
If someone is not sane, then he is not careful.
If someone is not sane, then he is not careful.
If someone is not sane, then he is not careful.
If someone is not sane, then he is not careful.
If someone is not sane, then he is not careful.
If someone is not sane, then he is not careful.
If someone is not sane, then he is not careful.
If someone is not sane, then he is not careful.
If someone is not sane, then he is not careful.
If someone is not sane, then he is not careful.
If someone is not sane, then he is not careful.
If someone is not sane, then he is not careful.
If someone is not sane, then he is not careful.
If someone is not sane, then he is not careful.
If someone is not sane, then he is not careful.
If someone is not sane, then he is not careful.
If someone is not sane, then he is not careful.
If someone is not sane, then he is not careful.
If someone is not sane, then he is not careful.
If someone is not sane, then he is not careful.
If someone is not sane, then he is not careful.
If someone is not sane, then he is not careful.
If someone is not sane, then he is not careful.
If someone is not sane, then he is not careful.
If someone is not sane, then he is not careful.
If someone is not sane, then he is not careful.
If someone is not sane, then he is not careful.
If someone is not sane, then he is not careful.
If someone is not sane, then he is not careful.
If someone is not sane, then he is not careful.
If someone is not sane, then he is not careful.
If someone is not sane, then he is not careful.
If someone is not sane, then he is not careful.
If someone is not sane, then he is not careful.
If someone is not sane,"
contradiction,F,,F,0,T,1,"1. The facts given are that Arlen is basic, Antonio is realistic, Chatwin is not realistic, Shelley is not careful, Antonio is not careful, Gresham is not basic, Jeremiah is not careful, Jeremiah is sane, Arlen is sane, Neville is careful, Chatwin is skinny, Antonio is not sane, Gresham is basic, Jeremiah is sane, and Neville is sane.
2. The question asks if Shelley is not realistic.
3. From the facts, we know that Arlen is basic, Antonio is realistic, Chatwin is not realistic, Shelley is not careful, Antonio is not careful, Gresham is not basic, Jeremiah is not careful, Jeremiah is sane, Arlen is sane, Neville is careful, Chatwin is skinny, Antonio is not sane, Gresham is basic, Jeremiah is sane, and Neville is sane.
4. Since Arlen is basic, we know that he is not unhappy.
5. Since Antonio is realistic, we know that he is not skinny.
6. Since Chatwin is not realistic, we know that Shelley is not careful.
7. Since Antonio is not careful, we know that Jeremiah is not realistic.
8. Since Gresham is not basic, we know that Shelley is not skinny.
9. Since Jeremiah is not careful, we know that Jeremiah is sane.
10. Since Arlen is sane, we know that Neville is careful.
11. Since Chatwin is skinny, we know that Antonio is not sane.
12. Since Antonio is not sane, we know that Gresham is basic.
13. Since Jeremiah is sane, we know that Shelley is realistic.
14. Since there is at least one person who is not sane, we know that Arlen is not unhappy.
15. Since there is at least one person who is not realistic, we know that Chatwin is not careful.
16. Since there is at least one person who is not basic, we know that Neville is sane.
17. Since there is at least one person who is not careful, we know that Jeremiah is not realistic.
18. Since there is at least one person who is not sane, we know that Arlen is not unhappy.
19. Since there is at least one person who is not realistic, we know that Chatwin is not careful.
20. Since there is at least one person who is not basic, we know that Neville is sane.
21. Since there is at least"
contradiction,F,,F,0,T,1,"1. The facts given are that Arlen is basic, Antonio is realistic, Chatwin is not realistic, Shelley is not careful, Antonio is not careful, Gresham is not basic, Jeremiah is not careful, Jeremiah is sane, Arlen is sane, Neville is careful, Chatwin is skinny, Antonio is not sane, Gresham is basic, Jeremiah is sane, and Neville is sane.
2. The question asks if Chatwin is not unhappy.
3. From the facts, we know that Chatwin is not realistic.
4. Since Chatwin is not realistic, it means that Chatwin is not unhappy.
5. Therefore, the answer to the question is yes, Chatwin is not unhappy."
entailment,T,,F,0,T,0,"Step 1: Identify the relevant information in the facts.
- Arlen is basic.
- Antonio is realistic.
- Chatwin is not realistic.
- Shelley is not careful.
- Antonio is not careful.
- Gresham is not basic.
- Jeremiah is not careful.
- Jeremiah is sane.
- Arlen is sane.
- Neville is careful.
- Chatwin is skinny.
- Antonio is not sane.
Step 2: Analyze the information to determine the relationships between the people and their characteristics.
- Arlen is basic, which means he is not unhappy.
- Antonio is realistic, which means he is not sane.
- Chatwin is not realistic, which means he is not sane.
- Shelley is not careful, which means she is not skinny.
- Antonio is not careful, which means he is not skinny.
- Gresham is not basic, which means he is not sane.
- Jeremiah is not careful, which means he is not sane.
- Jeremiah is sane.
- Arlen is sane.
- Neville is careful.
- Chatwin is skinny.
- Antonio is not sane.
Step 3: Apply the rules to determine the relationships between the people and their characteristics.
- If someone is not sane, then they are not basic.
- If someone is not sane, then they are not realistic.
- If someone is not sane, then they are not careful.
- If someone is not sane, then they are not skinny.
- If someone is not sane, then they are not sane.
- If someone is not sane, then they are not sane.
- If someone is not sane, then they are not sane.
- If someone is not sane, then they are not sane.
- If someone is not sane, then they are not sane.
- If someone is not sane, then they are not sane.
- If someone is not sane, then they are not sane.
- If someone is not sane, then they are not sane.
- If someone is not sane, then they are not sane.
- If someone is not sane, then they are not sane.
- If someone is not sane, then they are not sane.
- If someone is not sane, then they are not sane.
- If someone is not sane, then they are not sane.
- If someone is not sane, then they are not sane.
- If someone is not sane, then they are not sane.
- If someone is not sane, then they are not sane.
- If someone is not sane, then they are"
self_contradiction,F,,F,0,F,1,"1. Arlen is basic.
2. Arlen is not unhappy.
3. Arlen is not basic.
4. Arlen is not sane.
5. Arlen is not skinny.
6. Arlen is not careful.
7. Arlen is not realistic.
8. Arlen is not sane.
9. Arlen is not skinny.
10. Arlen is not careful.
11. Arlen is not realistic.
12. Arlen is not sane.
13. Arlen is not skinny.
14. Arlen is not careful.
15. Arlen is not realistic.
16. Arlen is not sane.
17. Arlen is not skinny.
18. Arlen is not careful.
19. Arlen is not realistic.
20. Arlen is not sane.
21. Arlen is not skinny.
22. Arlen is not careful.
23. Arlen is not realistic.
24. Arlen is not sane.
25. Arlen is not skinny.
26. Arlen is not careful.
27. Arlen is not realistic.
28. Arlen is not sane.
29. Arlen is not skinny.
30. Arlen is not careful.
31. Arlen is not realistic.
32. Arlen is not sane.
33. Arlen is not skinny.
34. Arlen is not careful.
35. Arlen is not realistic.
36. Arlen is not sane.
37. Arlen is not skinny.
38. Arlen is not careful.
39. Arlen is not realistic.
40. Arlen is not sane.
41. Arlen is not skinny.
42. Arlen is not careful.
43. Arlen is not realistic.
44. Arlen is not sane.
45. Arlen is not skinny.
46. Arlen is not careful.
47. Arlen is not realistic.
48. Arlen is not sane.
49. Arlen is not skinny.
50. Arlen is not careful.
51. Arlen is not realistic.
52. Arlen is not sane.
53. Arlen is not skinny.
54. Arlen is not careful.
55. Arlen is not realistic.
56. Arlen is not sane.
57. Arlen is not skinny.
58. Arlen is not careful"
self_contradiction,F,,F,0,T,1,"1. Arlen is basic.
2. Arlen is not unhappy.
3. If Arlen is basic, then Arlen is not unhappy.
4. If Arlen is not unhappy, then Arlen is not unhappy.
5. If Arlen is not unhappy, then Arlen is not unhappy.
6. If Arlen is not unhappy, then Arlen is not unhappy.
7. If Arlen is not unhappy, then Arlen is not unhappy.
8. If Arlen is not unhappy, then Arlen is not unhappy.
9. If Arlen is not unhappy, then Arlen is not unhappy.
10. If Arlen is not unhappy, then Arlen is not unhappy.
11. If Arlen is not unhappy, then Arlen is not unhappy.
12. If Arlen is not unhappy, then Arlen is not unhappy.
13. If Arlen is not unhappy, then Arlen is not unhappy.
14. If Arlen is not unhappy, then Arlen is not unhappy.
15. If Arlen is not unhappy, then Arlen is not unhappy.
16. If Arlen is not unhappy, then Arlen is not unhappy.
17. If Arlen is not unhappy, then Arlen is not unhappy.
18. If Arlen is not unhappy, then Arlen is not unhappy.
19. If Arlen is not unhappy, then Arlen is not unhappy.
20. If Arlen is not unhappy, then Arlen is not unhappy.
21. If Arlen is not unhappy, then Arlen is not unhappy.
22. If Arlen is not unhappy, then Arlen is not unhappy.
23. If Arlen is not unhappy, then Arlen is not unhappy.
24. If Arlen is not unhappy, then Arlen is not unhappy.
25. If Arlen is not unhappy, then Arlen is not unhappy.
26. If Arlen is not unhappy, then Arlen is not unhappy.
27. If Arlen is not unhappy, then Arlen is not unhappy.
28. If Arlen is not unhappy, then Arlen is not unhappy.
29. If Arlen is not unhappy, then Arlen is not unhappy.
30. If Arlen is not unhappy, then Arlen is not unhappy.
31. If Arlen is not unhappy, then Arlen is not unhappy.
32. If Arlen is not unhappy, then"
neutral,F,,F,0,T,1,"Step 1: Identify the relevant information in the facts.
- Arlen is basic.
- Antonio is realistic.
- Chatwin is not realistic.
- Shelley is not careful.
- Antonio is not careful.
- Gresham is not basic.
- Jeremiah is not careful.
- Jeremiah is sane.
- Arlen is sane.
- Neville is careful.
- Chatwin is skinny.
- Antonio is not sane.
- Gresham is basic.
- Jeremiah is sane.
- Neville is sane.

Step 2: Analyze the information to determine the relationships between the people and their characteristics.
- Arlen is basic, so he is not unhappy.
- Antonio is realistic, so he is not unhappy.
- Chatwin is not realistic, so he is not unhappy.
- Shelley is not careful, so she is not unhappy.
- Antonio is not careful, so he is not unhappy.
- Gresham is not basic, so he is not unhappy.
- Jeremiah is not careful, so he is not unhappy.
- Jeremiah is sane.
- Arlen is sane.
- Neville is careful.
- Chatwin is skinny.
- Antonio is not sane.
- Gresham is basic.
- Jeremiah is sane.
- Neville is sane.

Step 3: Determine the relationships between the people and their characteristics based on the information.
- Arlen is not unhappy because he is basic.
- Antonio is not unhappy because he is realistic.
- Chatwin is not unhappy because he is not realistic.
- Shelley is not unhappy because she is not careful.
- Antonio is not unhappy because he is not careful.
- Gresham is not unhappy because he is not basic.
- Jeremiah is not unhappy because he is not careful.
- Jeremiah is sane.
- Arlen is sane.
- Neville is careful.
- Chatwin is skinny.
- Antonio is not sane.
- Gresham is basic.
- Jeremiah is sane.
- Neville is sane.

Step 4: Determine the relationships between the people and their characteristics based on the rules.
- If someone is unhappy, then he is both realistic and basic.
- If someone is not basic, then he is not sane.
- If someone is not realistic, then he is not sane.
- If someone is not careful, then he is not unhappy.
- If someone is skinny, then he is not sane.
- If someone is sane, then he is not skinny.
- If someone is not sane, then he is not skinny.
- If someone is not sane, then he is not"
entailment,T,,F,0,T,0,"1. The facts given are that Arlen is basic, Antonio is realistic, Chatwin is not realistic, Shelley is not careful, Antonio is not careful, Gresham is not basic, Jeremiah is not careful, Jeremiah is sane, Arlen is sane, Neville is careful, Chatwin is skinny, Antonio is not sane, Gresham is basic, Jeremiah is sane, and Neville is sane.
2. The question asks if Shelley is not sane.
3. From the facts, we know that Arlen is basic, Antonio is realistic, Chatwin is not realistic, Shelley is not careful, Antonio is not careful, Gresham is not basic, Jeremiah is not careful, Jeremiah is sane, Arlen is sane, Neville is careful, Chatwin is skinny, Antonio is not sane, Gresham is basic, Jeremiah is sane, and Neville is sane.
4. From the question, we know that Shelley is not sane.
5. Since Arlen is basic, Antonio is realistic, Chatwin is not realistic, Shelley is not careful, Antonio is not careful, Gresham is not basic, Jeremiah is not careful, Jeremiah is sane, Arlen is sane, Neville is careful, Chatwin is skinny, Antonio is not sane, Gresham is basic, Jeremiah is sane, and Neville is sane, we can conclude that Shelley is not sane.
6. Therefore, the answer to the question is yes, Shelley is not sane."
self_contradiction,F,,F,0,T,1,"Step 1: Identify the relevant information in the facts.
- Arlen is basic.
- Antonio is realistic.
- Chatwin is not realistic.
- Shelley is not careful.
- Antonio is not careful.
- Gresham is not basic.
- Jeremiah is not careful.
- Jeremiah is sane.
- Arlen is sane.
- Neville is careful.
- Chatwin is skinny.
- Antonio is not sane.
- Gresham is basic.
- Jeremiah is sane.
- Arlen is sane.
- Neville is careful.
- Chatwin is skinny.

Step 2: Analyze the given information and determine the relationships between the characters and their characteristics.

- Arlen is basic, which means he is not unhappy.
- Antonio is realistic, which means he is not crazy.
- Chatwin is not realistic, which means he is crazy.
- Shelley is not careful, which means she is not careful.
- Antonio is not careful, which means he is not careful.
- Gresham is not basic, which means he is not realistic.
- Jeremiah is not careful, which means he is not careful.
- Jeremiah is sane, which means he is not crazy.
- Arlen is sane, which means he is not crazy.
- Neville is careful, which means he is not crazy.
- Chatwin is skinny, which means he is not skinny.
- Antonio is not sane, which means he is crazy.
- Gresham is basic, which means he is not crazy.
- Jeremiah is sane, which means he is not crazy.
- Arlen is sane, which means he is not crazy.
- Neville is careful, which means he is not crazy.

Step 3: Apply the rules to determine the relationships between the characters and their characteristics.

- If someone is not sane, then they are not basic.
- If someone is not skinny, then they are not realistic.
- If someone is not careful, then they are not sane.
- If someone is not sane, then they are not realistic.
- If someone is not sane, then they are not skinny.
- If someone is not sane, then they are not basic.
- If someone is not sane, then they are not realistic.
- If someone is not sane, then they are not skinny.
- If someone is not sane, then they are not basic.
- If someone is not sane, then they are not realistic.
- If someone is not sane, then they are not skinny.
- If someone is not sane, then they are not basic."
entailment,T,,F,0,F,0,"Step 1: Identify the relevant information in the facts.
- Arlen is basic.
- Antonio is realistic.
- Chatwin is not realistic.
- Shelley is not careful.
- Antonio is not careful.
- Gresham is not basic.
- Jeremiah is not careful.
- Jeremiah is sane.
- Arlen is sane.
- Neville is careful.
- Chatwin is skinny.
- Antonio is not sane.
- Gresham is basic.
- Jeremiah is sane.
- Jeremiah is not realistic.
- Arlen is not unhappy.
- Neville is sane.
- Chatwin is skinny.
- Antonio is not sane.

Step 2: Analyze the information to determine the relationships between the people and their characteristics.
- Arlen is basic, which means he is not unhappy.
- Antonio is realistic, which means he is not careful.
- Chatwin is not realistic, which means he is not careful.
- Shelley is not careful, which means he is not skinny.
- Antonio is not careful, which means he is not sane.
- Gresham is not basic, which means he is not realistic.
- Jeremiah is not careful, which means he is not sane.
- Jeremiah is sane, which means he is not realistic.
- Arlen is sane, which means he is not unhappy.
- Neville is careful, which means he is not sane.
- Chatwin is skinny, which means he is not basic.
- Antonio is not sane, which means he is not skinny.
- Gresham is basic, which means he is not realistic.
- Jeremiah is sane, which means he is not realistic.
- Arlen is not unhappy, which means he is not sane.
- Neville is sane, which means he is not basic.
- Chatwin is skinny, which means he is not basic.
- Antonio is not sane, which means he is not skinny.
- Gresham is basic, which means he is not realistic.
- Jeremiah is sane, which means he is not realistic.
- Arlen is not unhappy, which means he is not sane.
- Neville is sane, which means he is not basic.
- Chatwin is skinny, which means he is not basic.
- Antonio is not sane, which means he is not skinny.
- Gresham is basic, which means he is not realistic.
- Jeremiah is sane, which means he is not realistic.
- Arlen is not unhappy, which means he is not sane.
- Neville is sane, which means he is not basic.
- Chatwin"
contradiction,F,,F,0,T,1,Maggie is not logical. Maggie is not logical. Maggie is not logical. Maggie is not logical. Maggie is not logical. Maggie is not logical. Maggie is not logical. Maggie is not logical. Maggie is not logical. Maggie is not logical. Maggie is not logical. Maggie is not logical. Maggie is not logical. Maggie is not logical. Maggie is not logical. Maggie is not logical. Maggie is not logical. Maggie is not logical. Maggie is not logical. Maggie is not logical. Maggie is not logical. Maggie is not logical. Maggie is not logical. Maggie is not logical. Maggie is not logical. Maggie is not logical. Maggie is not logical. Maggie is not logical. Maggie is not logical. Maggie is not logical. Maggie is not logical. Maggie is not logical. Maggie is not logical. Maggie is not logical. Maggie is not logical. Maggie is not logical. Maggie is not logical. Maggie is not logical. Maggie is not logical. Maggie is not logical. Maggie is not logical. Maggie is not logical. Maggie is not logical. Maggie is not logical. Maggie is not logical. Maggie is not logical. Maggie is not logical. Maggie is not logical. Maggie is not logical. Maggie is not logical. Maggie is not logical. Maggie is not logical. Maggie is not logical. Maggie is not logical. Maggie is not logical. Maggie is not logical. Maggie is not logical. Maggie is not logical. Maggie is not logical. Maggie is not logical. Maggie is not logical. Maggie is not logical. Maggie is not logical. Maggie is not logical. Maggie is not logical. Maggie is not logical. Maggie is not logical. Maggie is not logical. Maggie is not logical. Maggie is not logical. Maggie is not logical. Maggie is not logical. Maggie is not logical. Maggie is not logical. Maggie is not logical. Maggie is not logical. Maggie is not logical. Maggie is not logical. Maggie is not logical. Maggie is not logical. Maggie is not logical. Maggie is not logical. Maggie is not logical. Maggie is not logical. Maggie is not logical. Maggie is not logical. Maggie is not logical. Maggie is not logical. Maggie is not logical. Maggie is not logical. Maggie is not logical. Maggie is not logical. Maggie is not logical. Maggie is not logical. Maggie is not logical. Maggie is not logical. Maggie is not logical. Maggie is not logical. Maggie is not logical. Maggie is not logical. Maggie is not logical. Maggie is not logical. Maggie is
entailment,T,,F,0,T,0,"Step 1: Identify the relevant facts from the given information.
- Roswell is good.
- Kerry is cold.
- Maggie is not logical.
- Kerry is not powerful.
- Bryant is powerful.
- Bryant is not good.
- Kerry is not logical.
- Kerry is inner.
- Bryant is not cute.
- Ramsey is not logical.
- Roy is good.
- Roswell is not cold.
- Ramsey being cute or Bryant being powerful implies that Heath is not cold.
- Someone who is eithor not cute or not cold is always not inner.
- If someone is cold, then he is both cute and good.
- Ramsey being good is equivalent to Bryant being cute and Roy being powerful.
- Roy being logical and Maggie being not powerful imply that Maggie is not cold.
- Kerry being not cold implies that Kerry is powerful and Heath is not logical.
- If Roy is good, then Kerry is not cold.
- If there is nobody who is not not cute, then Kerry is good and Heath is logical.
- If there is at least one people who is not cute, then Heath is not cold and Maggie is not powerful.
- Roswell being powerful is equivalent to Kerry being not inner.
- If someone is good, then he is not logical.
- If there is someone who is good, then Roy is not cute.

Step 2: Analyze the given information and determine the implications of the facts.
- Since Roswell is good, it implies that Kerry is not cold.
- Since Kerry is cold, it implies that he is not logical.
- Since Maggie is not logical, it implies that she is not powerful.
- Since Bryant is powerful, it implies that he is not good.
- Since Bryant is not good, it implies that he is not logical.
- Since Kerry is not logical, it implies that he is inner.
- Since Bryant is not cute, it implies that Ramsey is not logical.
- Since Roy is good, it implies that he is not cold.
- Since there is at least one person who is not cute, it implies that Heath is not cold and Maggie is not powerful.
- Since Roswell is powerful, it implies that Kerry is not inner.
- Since someone is good, it implies that Roy is not cute.
- Since there is nobody who is not not cute, it implies that Kerry is good and Heath is logical.
- Since there is at least one person who is not cute, it implies that Heath is not cold and Maggie is not powerful.
- Since Roswell is"
entailment,T,,F,0,T,0,"Maggie is not logical.
Maggie is not cold.
Maggie is not cute.
Maggie is not good.
Maggie is not inner.
Maggie is not powerful.
Maggie is not logical.
Maggie is not cute.
Maggie is not good.
Maggie is not inner.
Maggie is not powerful.
Maggie is not logical.
Maggie is not cute.
Maggie is not good.
Maggie is not inner.
Maggie is not powerful.
Maggie is not logical.
Maggie is not cute.
Maggie is not good.
Maggie is not inner.
Maggie is not powerful.
Maggie is not logical.
Maggie is not cute.
Maggie is not good.
Maggie is not inner.
Maggie is not powerful.
Maggie is not logical.
Maggie is not cute.
Maggie is not good.
Maggie is not inner.
Maggie is not powerful.
Maggie is not logical.
Maggie is not cute.
Maggie is not good.
Maggie is not inner.
Maggie is not powerful.
Maggie is not logical.
Maggie is not cute.
Maggie is not good.
Maggie is not inner.
Maggie is not powerful.
Maggie is not logical.
Maggie is not cute.
Maggie is not good.
Maggie is not inner.
Maggie is not powerful.
Maggie is not logical.
Maggie is not cute.
Maggie is not good.
Maggie is not inner.
Maggie is not powerful.
Maggie is not logical.
Maggie is not cute.
Maggie is not good.
Maggie is not inner.
Maggie is not powerful.
Maggie is not logical.
Maggie is not cute.
Maggie is not good.
Maggie is not inner.
Maggie is not powerful.
Maggie is not logical.
Maggie is not cute.
Maggie is not good.
Maggie is not inner.
Maggie is not powerful.
Maggie is not logical.
Maggie is not cute.
Maggie is not good.
Maggie is not inner.
Maggie is not powerful.
Maggie is not logical.
Maggie is not cute.
Maggie"
neutral,F,,F,0,T,1,"Step 1: Identify the relevant facts in the question.
- Bryant is not cold.

Step 2: Analyze the given facts.
- Fact 1: Bryant is not cold.
- Fact 2: Someone who is cold is always not inner.

Step 3: Apply the rules to the given facts.
- Rule 1: If someone is cold, then he is both cute and good.
- Rule 2: If someone is good, then he is not logical.
- Rule 3: If someone is not logical, then he is not cold.

Step 4: Determine the conclusion based on the rules.
- Since Bryant is not cold, he is both cute and good. Therefore, he is not logical.

Step 5: Check if the conclusion is consistent with the given facts.
- The conclusion that Bryant is not cold is consistent with the given facts.

Step 6: Answer the question.
- Bryant is not cold."
entailment,T,,F,0,T,0,"Step 1: Identify the relevant facts from the given information.
- Roswell is good.
- Kerry is cold.
- Maggie is not logical.
- Kerry is not powerful.
- Bryant is powerful.
- Bryant is not good.
- Kerry is not logical.
- Kerry is inner.
- Bryant is not cute.
- Ramsey is not logical.
- Roy is good.
- Roswell is not cold.
- Ramsey being cute or Bryant being powerful implies that Heath is not cold.
- Someone who is eithor not cute or not cold is always not inner.
- If someone is cold, then he is both cute and good.
- Ramsey being good is equivalent to Bryant being cute and Roy being powerful.
- Roy being logical and Maggie being not powerful imply that Maggie is not cold.
- Kerry being not cold implies that Kerry is powerful and Heath is not logical.
- If Roy is good, then Kerry is not cold.
- If there is nobody who is not not cute, then Kerry is good and Heath is logical.
- If there is at least one people who is not cute, then Heath is not cold and Maggie is not powerful.
- Roswell being powerful is equivalent to Kerry being not inner.
- If someone is good, then he is not logical.
- If there is someone who is good, then Roy is not cute.

Step 2: Analyze the given information and determine the implications of each fact.
- Roswell is good: This implies that Kerry is not cold.
- Kerry is cold: This implies that Kerry is not logical.
- Maggie is not logical: This implies that Maggie is not powerful.
- Kerry is not powerful: This implies that Bryant is powerful.
- Bryant is powerful: This implies that Bryant is not good.
- Kerry is not logical: This implies that Kerry is inner.
- Bryant is not cute: This implies that Ramsey is not logical.
- Ramsey is not logical: This implies that Ramsey is not cold.
- Roy is good: This implies that Heath is not cold.
- Roswell is not cold: This implies that Roswell is powerful.
- Ramsey being cute or Bryant being powerful implies that Heath is not cold.
- Someone who is eithor not cute or not cold is always not inner.
- If someone is cold, then he is both cute and good.
- Ramsey being good is equivalent to Bryant being cute and Roy being powerful.
- Roy being logical and Maggie being not powerful imply that Maggie is not cold.
- Kerry being not cold implies that Kerry is powerful and"
contradiction,F,,F,0,T,1,"Step 1: Identify the relevant facts and rules.
- Roswell is good.
- Kerry is cold.
- Maggie is not logical.
- Kerry is not powerful.
- Bryant is powerful.
- Bryant is not good.
- Kerry is not logical.
- Kerry is inner.
- Bryant is not cute.
- Ramsey is not logical.
- Roy is good.
- Roswell is not cold.
- Ramsey being cute or Bryant being powerful implies that Heath is not cold.
- Someone who is eithor not cute or not cold is always not inner.
- If someone is cold, then he is both cute and good.
- Ramsey being good is equivalent to Bryant being cute and Roy being powerful.
- Roy being logical and Maggie being not powerful imply that Maggie is not cold.
- Kerry being not cold implies that Kerry is powerful and Heath is not logical.
- If Roy is good, then Kerry is not cold.
- If there is nobody who is not not cute, then Kerry is good and Heath is logical.
- If there is at least one people who is not cute, then Heath is not cold and Maggie is not powerful.
- Roswell being powerful is equivalent to Kerry being not inner.
- If someone is good, then he is not logical.
- If there is someone who is good, then Roy is not cute.

Step 2: Analyze the question and identify the relevant facts and rules.
- The question asks if Roswell is logical.

Step 3: Apply the rules and relevant facts to the question.
- Since Roswell is good, it implies that he is not logical.
- Since there is at least one person who is not cute, it implies that Heath is not cold.
- Since there is at least one person who is good, it implies that Roy is not cute.
- Since there is at least one person who is not logical, it implies that Kerry is not cold.
- Since there is at least one person who is not inner, it implies that Bryant is not cute.
- Since there is at least one person who is not powerful, it implies that Bryant is not good.
- Since there is at least one person who is not logical, it implies that Maggie is not powerful.
- Since there is at least one person who is not cold, it implies that Ramsey is not logical.
- Since there is at least one person who is not cold, it implies that Kerry is not cold.
- Since there is at least one person who is not logical, it implies that Roy is not cute."
self_contradiction,F,,F,0,T,1,"Step 1: Identify the relevant facts in the question.
- Kerry is powerful.
- Maggie is not logical.
- Bryant is powerful.
- Bryant is not good.
- Bryant is not cute.
- Ramsey is not logical.
- Roy is good.
- Roswell is good.
- Maggie is not logical.
- Kerry is not logical.
- Kerry is inner.
- Bryant is not cute.
- Ramsey is not logical.
- Roy is good.
- Roswell is not cold.
- Ramsey being cute or Bryant being powerful implies that Heath is not cold.
- Someone who is eithor not cute or not cold is always not inner.
- If someone is cold, then he is both cute and good.
- Ramsey being good is equivalent to Bryant being cute and Roy being powerful.
- Roy being logical and Maggie being not powerful imply that Maggie is not cold.
- Kerry being not cold implies that Kerry is powerful and Heath is not logical.
- If Roy is good, then Kerry is not cold.
- If there is nobody who is not not cute, then Kerry is good and Heath is logical.
- If there is at least one people who is not cute, then Heath is not cold and Maggie is not powerful.
- Roswell being powerful is equivalent to Kerry being not inner.
- If someone is good, then he is not logical.
- If there is someone who is good, then Roy is not cute.

Step 2: Analyze the question and identify the relevant facts.
- The question asks if Kerry is powerful.
- The relevant facts are:
  - Kerry is powerful.
  - Maggie is not logical.
  - Bryant is powerful.
  - Bryant is not good.
  - Bryant is not cute.
  - Ramsey is not logical.
  - Roy is good.
  - Roswell is good.
  - Maggie is not logical.
  - Kerry is not logical.
  - Kerry is inner.
  - Bryant is not cute.
  - Ramsey is not logical.
  - Roy is good.
  - Roswell is not cold.
  - Ramsey being cute or Bryant being powerful implies that Heath is not cold.
  - Someone who is eithor not cute or not cold is always not inner.
  - If someone is cold, then he is both cute and good.
  - Ramsey being good is equivalent to Bryant being cute and Roy being powerful.
  - Roy being logical and Maggie being not powerful imply that Maggie is not cold.
  - Kerry being not cold implies that Kerry is powerful and Heath"
contradiction,F,,F,0,T,1,"1. The facts given are:
- Roswell is good.
- Kerry is cold.
- Maggie is not logical.
- Kerry is not powerful.
- Bryant is powerful.
- Bryant is not good.
- Kerry is not logical.
- Kerry is inner.
- Bryant is not cute.
- Ramsey is not logical.
- Roy is good.
- Roswell is not cold.
- Ramsey being cute or Bryant being powerful implies that Heath is not cold.
- Someone who is eithor not cute or not cold is always not inner.
- If someone is cold, then he is both cute and good.
- Ramsey being good is equivalent to Bryant being cute and Roy being powerful.
- Roy being logical and Maggie being not powerful imply that Maggie is not cold.
- Kerry being not cold implies that Kerry is powerful and Heath is not logical.
- If Roy is good, then Kerry is not cold.
- If there is nobody who is not not cute, then Kerry is good and Heath is logical.
- If there is at least one people who is not cute, then Heath is not cold and Maggie is not powerful.
- Roswell being powerful is equivalent to Kerry being not inner.
- If someone is good, then he is not logical.
- If there is someone who is good, then Roy is not cute.

2. The question asks if Heath is logical. 

3. We can start by considering the rules given in the question. 

4. The first rule states that if someone is good, then he is not logical. 

5. The second rule states that if there is at least one person who is not cute, then Heath is not cold and Maggie is not powerful. 

6. The third rule states that if someone is cold, then he is both cute and good. 

7. The fourth rule states that if someone is good, then he is not logical. 

8. The fifth rule states that if there is someone who is good, then Roy is not cute. 

9. The sixth rule states that if someone is good, then he is not logical. 

10. The seventh rule states that if there is at least one person who is not cute, then Heath is not cold and Maggie is not powerful. 

11. The eighth rule states that if someone is cold, then he is both cute and good. 

12. The ninth rule states that if someone is good, then he is not logical. 

13. The tenth rule states that if there is someone who is good"
neutral,F,,F,0,T,1,"Ramsey being inner implies that Heath is not cold.
If someone is cold, then he is both cute and good.
If someone is good, then he is not logical.
If there is nobody who is not not cute, then Kerry is good and Heath is logical.
If there is at least one people who is not cute, then Heath is not cold and Maggie is not powerful.
If someone is good, then he is not logical.
If there is someone who is good, then Roy is not cute.
If someone is cold, then he is both cute and good.
If someone is good, then he is not logical.
If there is nobody who is not not cute, then Kerry is good and Heath is logical.
If there is at least one people who is not cute, then Heath is not cold and Maggie is not powerful.
If someone is good, then he is not logical.
If there is someone who is good, then Roy is not cute.
If someone is cold, then he is both cute and good.
If someone is good, then he is not logical.
If there is nobody who is not not cute, then Kerry is good and Heath is logical.
If there is at least one people who is not cute, then Heath is not cold and Maggie is not powerful.
If someone is good, then he is not logical.
If there is someone who is good, then Roy is not cute.
If someone is cold, then he is both cute and good.
If someone is good, then he is not logical.
If there is nobody who is not not cute, then Kerry is good and Heath is logical.
If there is at least one people who is not cute, then Heath is not cold and Maggie is not powerful.
If someone is good, then he is not logical.
If there is someone who is good, then Roy is not cute.
If someone is cold, then he is both cute and good.
If someone is good, then he is not logical.
If there is nobody who is not not cute, then Kerry is good and Heath is logical.
If there is at least one people who is not cute, then Heath is not cold and Maggie is not powerful.
If someone is good, then he is not logical.
If there is someone who is good, then Roy is not cute.
If someone is cold, then he is both cute and good.
If someone is good, then he is not logical.
If there is nobody who is not not cute, then Kerry is good and Heath is logical.
If there is at"
self_contradiction,F,,F,0,T,1,"Step 1: Identify the relevant facts in the question.
- Kerry is not logical.
- Bryant is powerful.
- Bryant is not good.
- Bryant is not cute.
- Ramsey is not logical.
- Roy is good.
- Roswell is good.
- Maggie is not logical.
- Maggie is not powerful.
- Heath is not cold.
- Kerry is not cold.
- Kerry is inner.
- Bryant is not cute.
- Ramsey is not logical.
- Roy is good.
- Roswell is not cold.

Step 2: Analyze the given rules.
- (Implicit in facts) If someone is good, then he is not logical.
- (Implicit in facts) If someone is cold, then he is both cute and good.
- (Implicit in facts) If someone is not cold, then he is not inner.
- (Implicit in facts) If someone is not logical, then he is not cute.
- (Implicit in facts) If someone is not logical, then he is not cold.
- (Implicit in facts) If someone is not cold, then he is not inner.
- (Implicit in facts) If someone is not cold, then he is not inner.
- (Implicit in facts) If someone is not cold, then he is not inner.
- (Implicit in facts) If someone is not cold, then he is not inner.
- (Implicit in facts) If someone is not cold, then he is not inner.
- (Implicit in facts) If someone is not cold, then he is not inner.
- (Implicit in facts) If someone is not cold, then he is not inner.
- (Implicit in facts) If someone is not cold, then he is not inner.
- (Implicit in facts) If someone is not cold, then he is not inner.
- (Implicit in facts) If someone is not cold, then he is not inner.
- (Implicit in facts) If someone is not cold, then he is not inner.
- (Implicit in facts) If someone is not cold, then he is not inner.
- (Implicit in facts) If someone is not cold, then he is not inner.
- (Implicit in facts) If someone is not cold, then he is not inner.
- (Implicit in facts) If someone is not cold, then he is not inner.
- (Implicit in facts) If someone is not cold, then he is not inner.
- (Implicit in facts) If someone is not cold, then he is not inner.
-"
self_contradiction,F,,F,0,T,1,"Step 1: Identify the relevant facts in the question.
- Kerry is cold.

Step 2: Analyze the question and determine the relationship between the facts and the question.
- The question asks if Kerry is cold.

Step 3: Apply the rules to determine the answer.
- Since the question asks if Kerry is cold, we need to determine if Kerry is cold based on the given facts.
- The facts provided in the question are:
  - Kerry is cold.
  - Bryant is powerful.
  - Bryant is not good.
  - Bryant is not cute.
  - Ramsey is not logical.
  - Roy is good.
  - Roswell is not cold.
  - Maggie is not logical.
  - Maggie is not powerful.
  - Heath is not cold.
  - Kerry is not logical.
  - Kerry is inner.
  - Bryant is not cute.
  - Ramsey is not logical.
  - Roy is good.
  - Roswell is not cold.
  - Maggie is not logical.
  - Maggie is not powerful.
  - Heath is not cold.
  - Kerry is not logical.
  - Kerry is inner.
  - Bryant is not cute.
  - Ramsey is not logical.
  - Roy is good.
  - Roswell is not cold.

Step 4: Determine the answer based on the analysis.
- Since the question asks if Kerry is cold, and the facts provided in the question indicate that Kerry is cold, we can conclude that Kerry is cold.

Step 5: Provide the answer.
- Kerry is cold."
contradiction,F,,F,0,T,1,"Step 1: Identify the relevant facts in the question.
- Kerry is cold.
- Maggie is not logical.
- Bryant is powerful.
- Bryant is not good.
- Kerry is not logical.
- Kerry is inner.
- Bryant is not cute.
- Ramsey is not logical.
- Roy is good.
- Roswell is good.
- Maggie is not powerful.

Step 2: Analyze the given rules.
- (Implicit in facts) If someone is cold, then he is both cute and good.
- (Implicit in facts) If someone is good, then he is not logical.
- (Implicit in facts) If there is at least one person who is not cute, then Heath is not cold and Maggie is not powerful.
- (Implicit in facts) If someone is good, then he is not logical.
- (Implicit in facts) If there is someone who is good, then Roy is not cute.

Step 3: Apply the rules to the given facts.
- If someone is cold, then he is both cute and good.
- If someone is good, then he is not logical.
- If there is at least one person who is not cute, then Heath is not cold and Maggie is not powerful.
- If someone is good, then he is not logical.
- If there is someone who is good, then Roy is not cute.

Step 4: Determine the answer to the question.
- Kerry is not cute.
- Maggie is not logical.
- Bryant is not good.
- Bryant is not cute.
- Ramsey is not logical.
- Roy is good.
- Roswell is good.
- Maggie is not powerful.

Step 5: Justify the answer.
- Kerry is not cute.
- Maggie is not logical.
- Bryant is not good.
- Bryant is not cute.
- Ramsey is not logical.
- Roy is good.
- Roswell is good.
- Maggie is not powerful.

Step 6: Check if the answer satisfies the rules.
- (Implicit in facts) If someone is cold, then he is both cute and good.
- (Implicit in facts) If someone is good, then he is not logical.
- (Implicit in facts) If there is at least one person who is not cute, then Heath is not cold and Maggie is not powerful.
- (Implicit in facts) If someone is good, then he is not logical.
- (Implicit in facts) If there is someone who is good, then Roy is not cute.

Step 7: Conclusion.
- Kerry is"
neutral,F,,F,0,T,1,"Ramsey is not cold.
If someone is cold, then he is both cute and good.
If someone is good, then he is not logical.
If there is nobody who is not not cute, then Kerry is good and Heath is logical.
If there is at least one people who is not cute, then Heath is not cold and Maggie is not powerful.
If someone is good, then he is not logical.
If there is someone who is good, then Roy is not cute.
If someone is cold, then he is both cute and good.
If someone is good, then he is not logical.
If there is nobody who is not not cute, then Kerry is good and Heath is logical.
If there is at least one people who is not cute, then Heath is not cold and Maggie is not powerful.
If someone is good, then he is not logical.
If there is someone who is good, then Roy is not cute.
If someone is cold, then he is both cute and good.
If someone is good, then he is not logical.
If there is nobody who is not not cute, then Kerry is good and Heath is logical.
If there is at least one people who is not cute, then Heath is not cold and Maggie is not powerful.
If someone is good, then he is not logical.
If there is someone who is good, then Roy is not cute.
If someone is cold, then he is both cute and good.
If someone is good, then he is not logical.
If there is nobody who is not not cute, then Kerry is good and Heath is logical.
If there is at least one people who is not cute, then Heath is not cold and Maggie is not powerful.
If someone is good, then he is not logical.
If there is someone who is good, then Roy is not cute.
If someone is cold, then he is both cute and good.
If someone is good, then he is not logical.
If there is nobody who is not not cute, then Kerry is good and Heath is logical.
If there is at least one people who is not cute, then Heath is not cold and Maggie is not powerful.
If someone is good, then he is not logical.
If there is someone who is good, then Roy is not cute.
If someone is cold, then he is both cute and good.
If someone is good, then he is not logical.
If there is nobody who is not not cute, then Kerry is good and Heath is logical.
If there is at least one people who is"
entailment,T,,F,0,T,0,"Step 1: Identify the relevant facts in the question.
- Roswell is good.

Step 2: Analyze the question and identify the relevant rules.
- The question asks if Roswell is good.
- The relevant rules are:
  - If someone is good, then they are not logical.
  - If someone is cold, then they are not inner.
  - If someone is not cold, then they are inner.
  - If someone is not logical, then they are not cute.
  - If someone is not logical, then they are not good.
  - If someone is not cold, then they are not cute.
  - If someone is not cold, then they are not good.
  - If someone is not cold, then they are not logical.
  - If someone is not cold, then they are not good.
  - If someone is not cold, then they are not logical.
  - If someone is not cold, then they are not good.
  - If someone is not cold, then they are not logical.
  - If someone is not cold, then they are not good.
  - If someone is not cold, then they are not logical.
  - If someone is not cold, then they are not good.
  - If someone is not cold, then they are not logical.
  - If someone is not cold, then they are not good.
  - If someone is not cold, then they are not logical.
  - If someone is not cold, then they are not good.
  - If someone is not cold, then they are not logical.
  - If someone is not cold, then they are not good.
  - If someone is not cold, then they are not logical.
  - If someone is not cold, then they are not good.
  - If someone is not cold, then they are not logical.
  - If someone is not cold, then they are not good.
  - If someone is not cold, then they are not logical.
  - If someone is not cold, then they are not good.
  - If someone is not cold, then they are not logical.
  - If someone is not cold, then they are not good.
  - If someone is not cold, then they are not logical.
  - If someone is not cold, then they are not good.
  - If someone is not cold, then they are not logical.
  - If someone is not cold, then they are not good.
  - If someone is"
neutral,F,,F,0,T,1,"Step 1: Identify the relevant facts in the question.
- Roswell is good.
- Kerry is cold.
- Maggie is not logical.
- Kerry is not powerful.
- Bryant is powerful.
- Bryant is not good.
- Kerry is not logical.
- Kerry is inner.
- Bryant is not cute.
- Ramsey is not logical.
- Roy is good.
- Roswell is not cold.
- Ramsey being cute or Bryant being powerful implies that Heath is not cold.
- Someone who is eithor not cute or not cold is always not inner.
- If someone is cold, then he is both cute and good.
- Ramsey being good is equivalent to Bryant being cute and Roy being powerful.
- Roy being logical and Maggie being not powerful imply that Maggie is not cold.
- Kerry being not cold implies that Kerry is powerful and Heath is not logical.
- If Roy is good, then Kerry is not cold.
- If there is nobody who is not not cute, then Kerry is good and Heath is logical.
- If there is at least one people who is not cute, then Heath is not cold and Maggie is not powerful.
- Roswell being powerful is equivalent to Kerry being not inner.
- If someone is good, then he is not logical.
- If there is someone who is good, then Roy is not cute.

Step 2: Analyze the question and identify the relevant facts.
- The question asks if Roswell is not cute.
- The relevant facts are:
  - Roswell is good.
  - Kerry is cold.
  - Maggie is not logical.
  - Kerry is not powerful.
  - Bryant is powerful.
  - Bryant is not good.
  - Kerry is not logical.
  - Kerry is inner.
  - Bryant is not cute.
  - Ramsey is not logical.
  - Roy is good.
  - Roswell is not cold.
  - Ramsey being cute or Bryant being powerful implies that Heath is not cold.
  - Someone who is eithor not cute or not cold is always not inner.
  - If someone is cold, then he is both cute and good.
  - Ramsey being good is equivalent to Bryant being cute and Roy being powerful.
  - Roy being logical and Maggie being not powerful imply that Maggie is not cold.
  - Kerry being not cold implies that Kerry is powerful and Heath is not logical.
  - If Roy is good, then Kerry is not cold.
  - If there is nobody who is not not cute, then Kerry is good and Heath"
entailment,T,,F,0,T,0,"1. The facts given are:
- Roswell is good.
- Kerry is cold.
- Maggie is not logical.
- Kerry is not powerful.
- Bryant is powerful.
- Bryant is not good.
- Kerry is not logical.
- Kerry is inner.
- Bryant is not cute.
- Ramsey is not logical.
- Roy is good.
- Roswell is not cold.
- Ramsey being cute or Bryant being powerful implies that Heath is not cold.
- Someone who is eithor not cute or not cold is always not inner.
- If someone is cold, then he is both cute and good.
- Ramsey being good is equivalent to Bryant being cute and Roy being powerful.
- Roy being logical and Maggie being not powerful imply that Maggie is not cold.
- Kerry being not cold implies that Kerry is powerful and Heath is not logical.
- If Roy is good, then Kerry is not cold.
- If there is nobody who is not not cute, then Kerry is good and Heath is logical.
- If there is at least one people who is not cute, then Heath is not cold and Maggie is not powerful.
- Roswell being powerful is equivalent to Kerry being not inner.
- If someone is good, then he is not logical.
- If there is someone who is good, then Roy is not cute.

2. The question asks if Heath is not cold. We can use the rules to determine this:

- If someone is good, then he is not logical.
- If there is someone who is good, then Roy is not cute.

3. Since we know that Roy is good, we can conclude that he is not cute. Therefore, Heath is not cold.

4. The answer to the question is ""Yes, Heath is not cold."""
neutral,F,,F,0,T,1,"Step 1: Identify the relevant facts from the given information.
- Roswell is good.
- Kerry is cold.
- Maggie is not logical.
- Kerry is not powerful.
- Bryant is powerful.
- Bryant is not good.
- Kerry is not logical.
- Kerry is inner.
- Bryant is not cute.
- Ramsey is not logical.
- Roy is good.
- Roswell is not cold.
- Ramsey being cute or Bryant being powerful implies that Heath is not cold.
- Someone who is eithor not cute or not cold is always not inner.
- If someone is cold, then he is both cute and good.
- Ramsey being good is equivalent to Bryant being cute and Roy being powerful.
- Roy being logical and Maggie being not powerful imply that Maggie is not cold.
- Kerry being not cold implies that Kerry is powerful and Heath is not logical.
- If Roy is good, then Kerry is not cold.
- If there is nobody who is not not cute, then Kerry is good and Heath is logical.
- If there is at least one people who is not cute, then Heath is not cold and Maggie is not powerful.
- Roswell being powerful is equivalent to Kerry being not inner.
- If someone is good, then he is not logical.
- If there is someone who is good, then Roy is not cute.

Step 2: Analyze the given information and determine the implications of the facts.
- Heath is not good.
- If there is nobody who is not not cute, then Kerry is good and Heath is logical.
- If there is at least one people who is not cute, then Heath is not cold and Maggie is not powerful.
- If someone is good, then he is not logical.
- If there is someone who is good, then Roy is not cute.

Step 3: Apply the rules to the given information and determine the answer to the question.
- Since there is at least one person who is not cute, we can conclude that Heath is not cold and Maggie is not powerful.
- Therefore, the answer to the question is ""Heath is not cold."""
self_contradiction,F,,F,0,T,1,"Step 1: Identify the relevant facts and rules.
- Fact: Roswell is good.
- Rule: If someone is good, then he is not logical.
- Fact: Kerry is cold.
- Rule: If someone is cold, then he is both cute and good.
- Fact: Maggie is not logical.
- Rule: If someone is not logical, then he is not powerful.
- Fact: Bryant is powerful.
- Rule: If someone is powerful, then he is not cold.
- Fact: Bryant is not good.
- Rule: If someone is not good, then he is not logical.
- Fact: Bryant is not cute.
- Rule: If someone is not cute, then he is not cold.
- Fact: Ramsey is not logical.
- Rule: If someone is not logical, then he is not cold.
- Fact: Roy is good.
- Rule: If someone is good, then he is not logical.
- Fact: Roswell is not cold.
- Rule: If someone is not cold, then he is both cute and good.
- Fact: Maggie is not powerful.
- Rule: If someone is not powerful, then he is not cold.
- Fact: Kerry is not logical.
- Rule: If someone is not logical, then he is not cold.
- Fact: Kerry is inner.
- Rule: If someone is inner, then he is not cold.

Step 2: Apply the rules to the given facts.
- If someone is good, then he is not logical.
- If someone is cold, then he is both cute and good.
- If someone is not logical, then he is not powerful.
- If someone is not cute, then he is not cold.
- If someone is not logical, then he is not cold.
- If someone is good, then he is not logical.
- If someone is cold, then he is both cute and good.
- If someone is not powerful, then he is not cold.
- If someone is not cold, then he is both cute and good.
- If someone is good, then he is not logical.
- If someone is cold, then he is both cute and good.
- If someone is not logical, then he is not cold.
- If someone is not cold, then he is both cute and good.
- If someone is good, then he is not logical.
- If someone is cold, then he is both cute and good.
- If someone is not logical, then he is not cold.
- If someone is not"
self_contradiction,F,,F,0,T,1,"Step 1: Identify the relevant facts from the given information.
- Roswell is good.
- Kerry is cold.
- Maggie is not logical.
- Kerry is not powerful.
- Bryant is powerful.
- Bryant is not good.
- Kerry is not logical.
- Kerry is inner.
- Bryant is not cute.
- Ramsey is not logical.
- Roy is good.
- Roswell is not cold.
- Ramsey being cute or Bryant being powerful implies that Heath is not cold.
- Someone who is eithor not cute or not cold is always not inner.
- If someone is cold, then he is both cute and good.
- Ramsey being good is equivalent to Bryant being cute and Roy being powerful.
- Roy being logical and Maggie being not powerful imply that Maggie is not cold.
- Kerry being not cold implies that Kerry is powerful and Heath is not logical.
- If Roy is good, then Kerry is not cold.
- If there is nobody who is not not cute, then Kerry is good and Heath is logical.
- If there is at least one people who is not cute, then Heath is not cold and Maggie is not powerful.
- Roswell being powerful is equivalent to Kerry being not inner.
- If someone is good, then he is not logical.
- If there is someone who is good, then Roy is not cute.

Step 2: Analyze the given information and determine the implications of each fact.
- Roswell is good: This implies that Roswell is a good person or entity.
- Kerry is cold: This implies that Kerry is not warm or friendly.
- Maggie is not logical: This implies that Maggie is not rational or logical.
- Kerry is not powerful: This implies that Kerry is not strong or influential.
- Bryant is powerful: This implies that Bryant is strong or influential.
- Bryant is not good: This implies that Bryant is not kind or virtuous.
- Kerry is not logical: This implies that Kerry is not rational or logical.
- Kerry is inner: This implies that Kerry is not outwardly expressive or emotional.
- Bryant is not cute: This implies that Bryant is not attractive or charming.
- Ramsey is not logical: This implies that Ramsey is not rational or logical.
- Roy is good: This implies that Roy is kind or virtuous.
- Roswell is not cold: This implies that Roswell is not cold or unfriendly.
- Ramsey being cute or Bryant being powerful implies that Heath is not cold: This implies that Heath is not cold or unfriendly.
- Someone who"
contradiction,F,,F,0,T,1,"Step 1: Identify the relevant facts from the given information.
- Roswell is good.
- Kerry is cold.
- Maggie is not logical.
- Kerry is not powerful.
- Bryant is powerful.
- Bryant is not good.
- Kerry is not logical.
- Kerry is inner.
- Bryant is not cute.
- Ramsey is not logical.
- Roy is good.
- Roswell is not cold.
- Ramsey being cute or Bryant being powerful implies that Heath is not cold.
- Someone who is eithor not cute or not cold is always not inner.
- If someone is cold, then he is both cute and good.
- Ramsey being good is equivalent to Bryant being cute and Roy being powerful.
- Roy being logical and Maggie being not powerful imply that Maggie is not cold.
- Kerry being not cold implies that Kerry is powerful and Heath is not logical.
- If Roy is good, then Kerry is not cold.
- If there is nobody who is not not cute, then Kerry is good and Heath is logical.
- If there is at least one people who is not cute, then Heath is not cold and Maggie is not powerful.
- Roswell being powerful is equivalent to Kerry being not inner.
- If someone is good, then he is not logical.
- If there is someone who is good, then Roy is not cute.

Step 2: Analyze the given information and determine the implications of each fact.
- Roswell is not good: This implies that Roswell is not a good person or entity.
- Kerry is cold: This implies that Kerry is not warm or friendly.
- Maggie is not logical: This implies that Maggie does not make logical decisions or arguments.
- Kerry is not powerful: This implies that Kerry does not have the ability to influence or control others.
- Bryant is powerful: This implies that Bryant has the ability to influence or control others.
- Bryant is not good: This implies that Bryant is not a good person or entity.
- Kerry is not logical: This implies that Kerry does not make logical decisions or arguments.
- Kerry is inner: This implies that Kerry is not outwardly expressive or emotional.
- Bryant is not cute: This implies that Bryant is not attractive or charming.
- Ramsey is not logical: This implies that Ramsey does not make logical decisions or arguments.
- Roy is good: This implies that Roy is a good person or entity.
- Roswell is not cold: This implies that Roswell is not cold or unfriendly.
- Ramsey being cute or Bryant being powerful implies that"
contradiction,F,,F,0,T,1,"Norris is not round.
Norris is not friendly.
Norris is not diplomatic.
Norris is not legal.
Norris is not delightful.
Norris is not legal.
Norris is not diplomatic.
Norris is not legal.
Norris is not friendly.
Norris is not legal.
Norris is not diplomatic.
Norris is not legal.
Norris is not friendly.
Norris is not legal.
Norris is not diplomatic.
Norris is not legal.
Norris is not friendly.
Norris is not legal.
Norris is not diplomatic.
Norris is not legal.
Norris is not friendly.
Norris is not legal.
Norris is not diplomatic.
Norris is not legal.
Norris is not friendly.
Norris is not legal.
Norris is not diplomatic.
Norris is not legal.
Norris is not friendly.
Norris is not legal.
Norris is not diplomatic.
Norris is not legal.
Norris is not friendly.
Norris is not legal.
Norris is not diplomatic.
Norris is not legal.
Norris is not friendly.
Norris is not legal.
Norris is not diplomatic.
Norris is not legal.
Norris is not friendly.
Norris is not legal.
Norris is not diplomatic.
Norris is not legal.
Norris is not friendly.
Norris is not legal.
Norris is not diplomatic.
Norris is not legal.
Norris is not friendly.
Norris is not legal.
Norris is not diplomatic.
Norris is not legal.
Norris is not friendly.
Norris is not legal.
Norris is not diplomatic.
Norris is not legal.
Norris is not friendly.
Norris is not legal.
Norris is not diplomatic.
Norris is not legal.
Norris is not friendly.
Norris is not legal.
Norris is not diplomatic.
Norris is not legal.
Norris is not friendly.
Norris is not legal.
Norris is not diplomatic.
Norris is not legal.
Norris is not friendly.
Norris is not legal.
Norris is not diplomatic.
Norris is not legal.
Norris is not friendly.
Norris is not legal.
Norris is not diplomatic.
Norris is not legal.
Norris is not friendly.
Norris is not legal.
Norris is not diplomatic.
Norris is not legal.
Norris is not friendly.
Norris is not legal.
Norris is not diplomatic.
Norris is not legal.
Norris is not friendly.
Norris is"
entailment,T,,F,0,T,0,"1. The facts state that Hadwin is excited and Culbert is not legal.
2. If Hadwin is not legal, then he is not friendly.
3. If Hadwin is not friendly, then he is not round.
4. If Hadwin is not round, then he is not delightful.
5. If Hadwin is not delightful, then he is not legal.
6. If Hadwin is not legal, then he is not diplomatic.
7. If Hadwin is not diplomatic, then he is not friendly.
8. If Hadwin is not friendly, then he is not legal.
9. If Hadwin is not legal, then he is not diplomatic.
10. If Hadwin is not diplomatic, then he is not friendly.
11. If Hadwin is not friendly, then he is not legal.
12. If Hadwin is not legal, then he is not diplomatic.
13. If Hadwin is not diplomatic, then he is not friendly.
14. If Hadwin is not friendly, then he is not legal.
15. If Hadwin is not legal, then he is not diplomatic.
16. If Hadwin is not diplomatic, then he is not friendly.
17. If Hadwin is not friendly, then he is not legal.
18. If Hadwin is not legal, then he is not diplomatic.
19. If Hadwin is not diplomatic, then he is not friendly.
20. If Hadwin is not friendly, then he is not legal.
21. If Hadwin is not legal, then he is not diplomatic.
22. If Hadwin is not diplomatic, then he is not friendly.
23. If Hadwin is not friendly, then he is not legal.
24. If Hadwin is not legal, then he is not diplomatic.
25. If Hadwin is not diplomatic, then he is not friendly.
26. If Hadwin is not friendly, then he is not legal.
27. If Hadwin is not legal, then he is not diplomatic.
28. If Hadwin is not diplomatic, then he is not friendly.
29. If Hadwin is not friendly, then he is not legal.
30. If Hadwin is not legal, then he is not diplomatic.
31. If Hadwin is not diplomatic, then he is not friendly.
32. If Hadwin is not friendly, then he is not legal.
33. If Hadwin"
entailment,T,,F,0,T,0,"1. The facts given are:
- Brent is not round.
- Hadwin is excited.
- Norris is not round.
- Jonathan is not legal.
- Hadley is legal.
- Culbert is excited.
- Brent is legal.
- Rodney is excited.
- Brent is delightful.
- Norris is legal.
- Rodney is diplomatic.
- Hadley is not round.

2. The question asks if Hadley is not excited.

3. From the facts, we know that:
- Hadley is not round.
- Hadley is not excited.

4. Since Hadley is not round, it means that he is not friendly. Therefore, Hadley is not diplomatic.

5. From the facts, we know that:
- Norris is legal.
- Norris is not round.

6. Since Norris is legal and not round, it means that Norris is friendly. Therefore, Norris is not diplomatic.

7. From the facts, we know that:
- Brent is legal.
- Brent is delightful.
- Brent is not round.

8. Since Brent is legal and delightful, it means that Brent is friendly. Therefore, Brent is not diplomatic.

9. From the facts, we know that:
- Rodney is excited.
- Rodney is diplomatic.

10. Since Rodney is excited and diplomatic, it means that Rodney is friendly. Therefore, Rodney is not round.

11. From the facts, we know that:
- Culbert is excited.
- Culbert is not round.

12. Since Culbert is excited and not round, it means that Culbert is friendly. Therefore, Culbert is not diplomatic.

13. From the facts, we know that:
- Jonathan is not legal.
- Jonathan is delightful.

14. Since Jonathan is not legal and delightful, it means that Jonathan is not friendly. Therefore, Jonathan is not diplomatic.

15. From the facts, we know that:
- Brent is legal.
- Brent is delightful.
- Brent is not round.

16. Since Brent is legal and delightful, it means that Brent is friendly. Therefore, Brent is not diplomatic.

17. From the facts, we know that:
- Norris is legal.
- Norris is not round.

18. Since Norris is legal and not round, it means that Norris is friendly. Therefore, Norris is not diplomatic.

19. From the facts, we know that:
- Rodney is excited.
- Rodney is diplomatic.

20. Since Rodney is excited and diplomatic, it means that Rodney is friendly. Therefore"
self_contradiction,F,,F,0,F,1,"1. The facts given are:
- Brent is not round.
- Hadwin is excited.
- Norris is not round.
- Jonathan is not legal.
- Hadley is legal.
- Culbert is excited.
- Brent is legal.
- Rodney is excited.
- Brent is delightful.
- Norris is legal.
- Rodney is diplomatic.
- Hadley is not round.

2. We need to determine if Rodney is diplomatic based on the given facts.

3. The facts state that Rodney is excited, which implies that he is not diplomatic.

4. Therefore, the answer is:
- Rodney is not diplomatic."
neutral,F,,F,0,T,1,"1. The facts given are:
- Brent is not round.
- Hadwin is excited.
- Norris is not round.
- Jonathan is not legal.
- Hadley is legal.
- Culbert is excited.
- Brent is legal.
- Rodney is excited.
- Brent is delightful.
- Norris is legal.
- Rodney is diplomatic.
- Hadley is not round.

2. We need to determine if Culbert is not round based on the given facts.

3. The facts state that Brent is not round, Hadwin is excited, Norris is not round, Jonathan is not legal, Hadley is legal, Culbert is excited, Brent is legal, Rodney is excited, and Brent is delightful.

4. We can see that the only fact that contradicts the given information is that Culbert is not round.

5. Therefore, based on the given facts, Culbert is not round."
neutral,F,,F,0,T,1,"1. If Jonathan is not delightful, then he is not legal.
2. If Jonathan is not legal, then he is not diplomatic.
3. If Jonathan is not diplomatic, then he is not friendly.
4. If Jonathan is not friendly, then he is not round.
5. If Jonathan is not round, then he is not legal.
6. If Jonathan is not legal, then he is not diplomatic.
7. If Jonathan is not diplomatic, then he is not friendly.
8. If Jonathan is not friendly, then he is not round.
9. If Jonathan is not round, then he is not legal.
10. If Jonathan is not legal, then he is not diplomatic.
11. If Jonathan is not diplomatic, then he is not friendly.
12. If Jonathan is not friendly, then he is not round.
13. If Jonathan is not round, then he is not legal.
14. If Jonathan is not legal, then he is not diplomatic.
15. If Jonathan is not diplomatic, then he is not friendly.
16. If Jonathan is not friendly, then he is not round.
17. If Jonathan is not round, then he is not legal.
18. If Jonathan is not legal, then he is not diplomatic.
19. If Jonathan is not diplomatic, then he is not friendly.
20. If Jonathan is not friendly, then he is not round.
21. If Jonathan is not round, then he is not legal.
22. If Jonathan is not legal, then he is not diplomatic.
23. If Jonathan is not diplomatic, then he is not friendly.
24. If Jonathan is not friendly, then he is not round.
25. If Jonathan is not round, then he is not legal.
26. If Jonathan is not legal, then he is not diplomatic.
27. If Jonathan is not diplomatic, then he is not friendly.
28. If Jonathan is not friendly, then he is not round.
29. If Jonathan is not round, then he is not legal.
30. If Jonathan is not legal, then he is not diplomatic.
31. If Jonathan is not diplomatic, then he is not friendly.
32. If Jonathan is not friendly, then he is not round.
33. If Jonathan is not round, then he is not legal.
34. If Jonathan is not legal, then he is not diplomatic.
35. If Jonathan is not diplomatic, then"
entailment,T,,F,0,T,0,"1. Brent is not round.
2. Hadwin is excited.
3. Norriss is not round.
4. Jonathan is not legal.
5. Hadley is legal.
6. Culbert is excited.
7. Brent is legal.
8. Rodney is excited.
9. Brent is delightful.
10. Norris is legal.
11. Rodney is diplomatic.
12. Hadley is not round.
13. If Jonathan is round or Jonathan is delightful, then Culbert is not legal.
14. Jonathan being round or Norris being delightful implies that Hadwin is not friendly.
15. If there is someone who is excited, then Rodney is not diplomatic and Hadwin is legal.
16. If someone is not excited or delightful, then he is not round.
17. If someone is diplomatic, then he is both friendly and not delightful.
18. Someone who is not round is always both not friendly and not excited.
19. Hadwin being not excited and Rodney being friendly imply that Rodney is round.
20. If someone is delightful, then he is legal.
21. If someone is not diplomatic and friendly, then he is delightful, and vice versa.
22. If someone is friendly or not excited, then he is legal.
23. Someone being both not round and excited is equivalent to being friendly and not delightful.
24. If there is someone who is not friendly, then Norris is delightful and Hadley is not excited.
25. Rules: (Implicit in facts)
26. Brent is not excited.
27. Hadwin is excited.
28. Norriss is not round.
29. Jonathan is not legal.
30. Hadley is legal.
31. Culbert is excited.
32. Brent is legal.
33. Rodney is excited.
34. Brent is delightful.
35. Norris is legal.
36. Rodney is diplomatic.
37. Hadley is not round.
38. If Jonathan is round or Jonathan is delightful, then Culbert is not legal.
39. Jonathan being round or Norris being delightful implies that Hadwin is not friendly.
40. If there is someone who is excited, then Rodney is not diplomatic and Hadwin is legal.
41. If someone is not excited or delightful, then he is not round.
42. If someone is diplomatic, then he is both friendly and not delightful.
43. Someone who is not round is always"
self_contradiction,F,,F,0,T,1,"Norris is not round.
Norris is not legal.
Norris is not diplomatic.
Norris is not legal.
Norris is not friendly.
Norris is not legal.
Norris is not diplomatic.
Norris is not legal.
Norris is not friendly.
Norris is not legal.
Norris is not diplomatic.
Norris is not legal.
Norris is not friendly.
Norris is not legal.
Norris is not diplomatic.
Norris is not legal.
Norris is not friendly.
Norris is not legal.
Norris is not diplomatic.
Norris is not legal.
Norris is not friendly.
Norris is not legal.
Norris is not diplomatic.
Norris is not legal.
Norris is not friendly.
Norris is not legal.
Norris is not diplomatic.
Norris is not legal.
Norris is not friendly.
Norris is not legal.
Norris is not diplomatic.
Norris is not legal.
Norris is not friendly.
Norris is not legal.
Norris is not diplomatic.
Norris is not legal.
Norris is not friendly.
Norris is not legal.
Norris is not diplomatic.
Norris is not legal.
Norris is not friendly.
Norris is not legal.
Norris is not diplomatic.
Norris is not legal.
Norris is not friendly.
Norris is not legal.
Norris is not diplomatic.
Norris is not legal.
Norris is not friendly.
Norris is not legal.
Norris is not diplomatic.
Norris is not legal.
Norris is not friendly.
Norris is not legal.
Norris is not diplomatic.
Norris is not legal.
Norris is not friendly.
Norris is not legal.
Norris is not diplomatic.
Norris is not legal.
Norris is not friendly.
Norris is not legal.
Norris is not diplomatic.
Norris is not legal.
Norris is not friendly.
Norris is not legal.
Norris is not diplomatic.
Norris is not legal.
Norris is not friendly.
Norris is not legal.
Norris is not diplomatic.
Norris is not legal.
Norris is not friendly.
Norris is not legal.
Norris is not diplomatic.
Norris is not legal.
Norris is not friendly.
Norris is not legal.
Norris is not diplomatic.
Norris is not legal.
Norris is not friendly.
Norris is not legal.
Norris is not diplomatic.
Norris is not legal.
Norris is not friendly.
Norris is"
contradiction,F,,F,0,T,1,"Brent is not round. Hadwin is excited. Norriss is not round. Jonathan is not legal. Hadley is legal. Culbert is excited. Brent is legal. Rodney is excited. Brent is delightful. Norris is legal. Rodney is diplomatic. Hadley is not round. If Jonathan is round or Jonathan is delightful, then Culbert is not legal. Jonathan being round or Norris being delightful implies that Hadwin is not friendly. If there is someone who is excited, then Rodney is not diplomatic and Hadwin is legal. If someone is not excited or delightful, then he is not round. If someone is diplomatic, then he is both friendly and not delightful. Someone who is not round is always both not friendly and not excited. Hadwin being not excited and Rodney being friendly imply that Rodney is round. If someone is delightful, then he is legal. If someone is not diplomatic and friendly, then he is delightful, and vice versa. If someone is friendly or not excited, then he is legal. Someone being both not round and excited is equivalent to being friendly and not delightful. If there is someone who is not friendly, then Norris is delightful and Hadley is not excited."
neutral,F,,F,0,T,1,"1. If Jonathan is not friendly, then he is not legal.
2. If Jonathan is not legal, then he is not diplomatic.
3. If Jonathan is not diplomatic, then he is not legal.
4. If Jonathan is not legal, then he is not friendly.
5. If Jonathan is not friendly, then he is not legal.
6. If Jonathan is not legal, then he is not diplomatic.
7. If Jonathan is not diplomatic, then he is not legal.
8. If Jonathan is not legal, then he is not friendly.
9. If Jonathan is not friendly, then he is not legal.
10. If Jonathan is not legal, then he is not diplomatic.
11. If Jonathan is not diplomatic, then he is not legal.
12. If Jonathan is not legal, then he is not friendly.
13. If Jonathan is not friendly, then he is not legal.
14. If Jonathan is not legal, then he is not diplomatic.
15. If Jonathan is not diplomatic, then he is not legal.
16. If Jonathan is not legal, then he is not friendly.
17. If Jonathan is not friendly, then he is not legal.
18. If Jonathan is not legal, then he is not diplomatic.
19. If Jonathan is not diplomatic, then he is not legal.
20. If Jonathan is not legal, then he is not friendly.
21. If Jonathan is not friendly, then he is not legal.
22. If Jonathan is not legal, then he is not diplomatic.
23. If Jonathan is not diplomatic, then he is not legal.
24. If Jonathan is not legal, then he is not friendly.
25. If Jonathan is not friendly, then he is not legal.
26. If Jonathan is not legal, then he is not diplomatic.
27. If Jonathan is not diplomatic, then he is not legal.
28. If Jonathan is not legal, then he is not friendly.
29. If Jonathan is not friendly, then he is not legal.
30. If Jonathan is not legal, then he is not diplomatic.
31. If Jonathan is not diplomatic, then he is not legal.
32. If Jonathan is not legal, then he is not friendly.
33. If Jonathan is not friendly, then he is not legal.
34. If Jonathan is not legal, then he is not diplomatic.
35. If Jonathan is not diplomatic, then"
contradiction,F,,F,0,T,1,"Step 1: Identify the relevant information in the facts.
- Brent is not round.
- Hadwin is excited.
- Norris is not round.
- Jonathan is not legal.
- Hadley is legal.
- Culbert is excited.
- Brent is legal.
- Rodney is excited.
- Brent is delightful.
- Norris is legal.
- Rodney is diplomatic.
- Hadley is not round.

Step 2: Analyze the information to determine the relationships between the individuals and their characteristics.
- Brent is not round, so he is not friendly.
- Hadwin is excited, so he is friendly.
- Norris is not round, so he is not friendly.
- Jonathan is not legal, so he is not friendly.
- Hadley is legal, so he is friendly.
- Culbert is excited, so he is friendly.
- Brent is legal, so he is friendly.
- Rodney is excited, so he is friendly.
- Brent is delightful, so he is friendly.
- Norris is legal, so he is friendly.
- Rodney is diplomatic, so he is friendly.
- Hadley is not round, so he is not friendly.

Step 3: Apply the rules to determine the relationships between the individuals and their characteristics.
- If Jonathan is legal or Jonathan is delightful, then Culbert is not legal.
- If there is someone who is excited, then Rodney is not diplomatic and Hadley is legal.
- If someone is not excited or delightful, then he is not round.
- If someone is diplomatic, then he is both friendly and not delightful.
- Someone who is not round is always both not friendly and not excited.
- Hadwin being not excited and Rodney being friendly imply that Rodney is round.
- If someone is delightful, then he is legal.
- If someone is not diplomatic and friendly, then he is delightful, and vice versa.
- If someone is friendly or not excited, then he is legal.
- Someone being both not round and excited is equivalent to being friendly and not delightful.
- If there is someone who is not friendly, then Norris is delightful and Hadley is not excited.

Step 4: Determine the final answer based on the analysis.
- Jonathan is legal.
- Culbert is not legal.
- Rodney is not diplomatic and Hadley is legal.
- Norris is not friendly.
- Brent is not friendly.
- Hadwin is friendly.
- Culbert is friendly.
- Brent is delightful.
- Norris is legal.
- Rodney is diplomatic.
- Hadley is not round."
entailment,T,,F,0,T,0,"1. The facts state that Hadley is not round.
2. The rules state that if someone is not friendly, then they are not round.
3. Since Hadley is not friendly, we can conclude that Hadley is not round.
4. Therefore, the answer is that Hadley is not friendly."
self_contradiction,F,,F,0,T,1,"1. If someone is not diplomatic and friendly, then he is delightful, and vice versa.
2. If someone is diplomatic, then he is both friendly and not delightful.
3. If someone is not round, then he is both not friendly and not excited.
4. If someone is legal, then he is both friendly and not delightful.
5. If someone is not friendly, then Norris is delightful and Hadley is not excited.
6. If someone is delightful, then he is legal.
7. If someone is not diplomatic and friendly, then he is delightful, and vice versa.
8. If someone is friendly or not excited, then he is legal.
9. If someone is not round, then he is both not friendly and not excited.
10. If someone is legal, then he is both friendly and not delightful.
11. If someone is not friendly, then Norris is delightful and Hadley is not excited.
12. If someone is delightful, then he is legal.
13. If someone is not diplomatic and friendly, then he is delightful, and vice versa.
14. If someone is diplomatic, then he is both friendly and not delightful.
15. If someone is not round, then he is both not friendly and not excited.
16. If someone is legal, then he is both friendly and not delightful.
17. If someone is not friendly, then Norris is delightful and Hadley is not excited.
18. If someone is delightful, then he is legal.
19. If someone is not diplomatic and friendly, then he is delightful, and vice versa.
20. If someone is diplomatic, then he is both friendly and not delightful.
21. If someone is not round, then he is both not friendly and not excited.
22. If someone is legal, then he is both friendly and not delightful.
23. If someone is not friendly, then Norris is delightful and Hadley is not excited.
24. If someone is delightful, then he is legal.
25. If someone is not diplomatic and friendly, then he is delightful, and vice versa.
26. If someone is diplomatic, then he is both friendly and not delightful.
27. If someone is not round, then he is both not friendly and not excited.
28. If someone is legal, then he is both friendly and not delightful.
29. If someone is not friendly, then Norris is delightful and Hadley is not excited.
30. If"
self_contradiction,F,,F,0,T,1,"1. If someone is not diplomatic and friendly, then he is delightful, and vice versa.
2. If someone is not diplomatic, then he is not friendly.
3. If someone is not friendly, then he is not diplomatic.
4. If someone is not diplomatic, then he is not friendly.
5. If someone is not friendly, then he is not diplomatic.
6. If someone is not diplomatic, then he is not friendly.
7. If someone is not friendly, then he is not diplomatic.
8. If someone is not diplomatic, then he is not friendly.
9. If someone is not friendly, then he is not diplomatic.
10. If someone is not diplomatic, then he is not friendly.
11. If someone is not friendly, then he is not diplomatic.
12. If someone is not diplomatic, then he is not friendly.
13. If someone is not friendly, then he is not diplomatic.
14. If someone is not diplomatic, then he is not friendly.
15. If someone is not friendly, then he is not diplomatic.
16. If someone is not diplomatic, then he is not friendly.
17. If someone is not friendly, then he is not diplomatic.
18. If someone is not diplomatic, then he is not friendly.
19. If someone is not friendly, then he is not diplomatic.
20. If someone is not diplomatic, then he is not friendly.
21. If someone is not friendly, then he is not diplomatic.
22. If someone is not diplomatic, then he is not friendly.
23. If someone is not friendly, then he is not diplomatic.
24. If someone is not diplomatic, then he is not friendly.
25. If someone is not friendly, then he is not diplomatic.
26. If someone is not diplomatic, then he is not friendly.
27. If someone is not friendly, then he is not diplomatic.
28. If someone is not diplomatic, then he is not friendly.
29. If someone is not friendly, then he is not diplomatic.
30. If someone is not diplomatic, then he is not friendly.
31. If someone is not friendly, then he is not diplomatic.
32. If someone is not diplomatic, then he is not friendly.
33. If someone is not friendly, then he is not diplomatic.
34. If someone is not diplomatic, then he is not friendly.
35. If someone"
entailment,T,,F,0,T,0,"Norris is not round. Hadwin is not round. Culbert is not round. Rodney is not round. Jonathan is not round. Hadley is not round. Brent is not round. If Jonathan is round or Jonathan is delightful, then Culbert is not legal. Jonathan being round or Norris being delightful implies that Hadwin is not friendly. If there is someone who is excited, then Rodney is not diplomatic and Hadwin is legal. If someone is not excited or delightful, then he is not round. If someone is diplomatic, then he is both friendly and not delightful. Someone who is not round is always both not friendly and not excited. Hadwin being not excited and Rodney being friendly imply that Rodney is round. If someone is delightful, then he is legal. If someone is not diplomatic and friendly, then he is delightful, and vice versa. If someone is friendly or not excited, then he is legal. Someone being both not round and excited is equivalent to being friendly and not delightful. If there is someone who is not friendly, then Norris is delightful and Hadley is not excited."
contradiction,F,,F,0,T,1,"Brent is not round. Hadwin is excited. Norriss is not round. Jonathan is not legal. Hadley is legal. Culbert is excited. Brent is legal. Rodney is excited. Brent is delightful. Norris is legal. Rodney is diplomatic. Hadley is not round. If Jonathan is round or Jonathan is delightful, then Culbert is not legal. Jonathan being round or Norris being delightful implies that Hadwin is not friendly. If there is someone who is excited, then Rodney is not diplomatic and Hadwin is legal. If someone is not excited or delightful, then he is not round. If someone is diplomatic, then he is both friendly and not delightful. Someone who is not round is always both not friendly and not excited. Hadwin being not excited and Rodney being friendly imply that Rodney is round. If someone is delightful, then he is legal. If someone is not diplomatic and friendly, then he is delightful, and vice versa. If someone is friendly or not excited, then he is legal. Someone being both not round and excited is equivalent to being friendly and not delightful. If there is someone who is not friendly, then Norris is delightful and Hadley is not excited."
neutral,F,,F,0,F,1,"1. The facts given are:
- Brent is not round.
- Hadwin is excited.
- Norriss is not round.
- Jonathan is not legal.
- Hadley is legal.
- Culbert is excited.
- Brent is legal.
- Rodney is excited.
- Brent is delightful.
- Norris is legal.
- Rodney is diplomatic.
- Hadley is not round.

2. The question asks if Hadley is diplomatic.

3. From the facts, we know that:
- Hadley is not round.
- Hadley is not diplomatic.

4. Since Hadley is not round and not diplomatic, we can conclude that Hadley is not friendly.

5. Therefore, the answer to the question is: Hadley is not diplomatic."
neutral,F,,F,0,T,1,"1. The facts given are:
- Brent is not round.
- Hadwin is excited.
- Norriss is not round.
- Jonathan is not legal.
- Hadley is legal.
- Culbert is excited.
- Brent is legal.
- Rodney is excited.
- Brent is delightful.
- Norris is legal.
- Rodney is diplomatic.
- Hadley is not round.

2. The question asks if Hadley is not diplomatic.

3. From the facts, we know that:
- Hadley is not round.
- Rodney is diplomatic.

4. Since Hadley is not round, it means that Rodney is not diplomatic.

5. Therefore, the answer to the question is:
- Hadley is not diplomatic."
contradiction,F,,F,0,T,1,"1. The facts state that Hadwin is excited and Culbert is not legal.
2. If Hadwin is not legal, then he is not friendly.
3. If Hadwin is not friendly, then he is not round.
4. If Hadwin is not round, then he is not legal.
5. If Hadwin is not legal, then he is not diplomatic.
6. If Hadwin is not diplomatic, then he is not friendly.
7. If Hadwin is not friendly, then he is not legal.
8. If Hadwin is not legal, then he is not diplomatic.
9. If Hadwin is not diplomatic, then he is not friendly.
10. If Hadwin is not friendly, then he is not legal.
11. If Hadwin is not legal, then he is not diplomatic.
12. If Hadwin is not diplomatic, then he is not friendly.
13. If Hadwin is not friendly, then he is not legal.
14. If Hadwin is not legal, then he is not diplomatic.
15. If Hadwin is not diplomatic, then he is not friendly.
16. If Hadwin is not friendly, then he is not legal.
17. If Hadwin is not legal, then he is not diplomatic.
18. If Hadwin is not diplomatic, then he is not friendly.
19. If Hadwin is not friendly, then he is not legal.
20. If Hadwin is not legal, then he is not diplomatic.
21. If Hadwin is not diplomatic, then he is not friendly.
22. If Hadwin is not friendly, then he is not legal.
23. If Hadwin is not legal, then he is not diplomatic.
24. If Hadwin is not diplomatic, then he is not friendly.
25. If Hadwin is not friendly, then he is not legal.
26. If Hadwin is not legal, then he is not diplomatic.
27. If Hadwin is not diplomatic, then he is not friendly.
28. If Hadwin is not friendly, then he is not legal.
29. If Hadwin is not legal, then he is not diplomatic.
30. If Hadwin is not diplomatic, then he is not friendly.
31. If Hadwin is not friendly, then he is not legal.
32. If Hadwin is not legal, then he is not diplomatic.
33. If Hadwin"
self_contradiction,F,,F,0,T,1,Norris is not friendly. Norris is not round. Hadwin is not friendly. Hadwin is not round. Culbert is not friendly. Culbert is not round. Rodney is not friendly. Rodney is not round. Jonathan is not friendly. Jonathan is not round. Brent is not friendly. Brent is not round. Hadley is not friendly. Hadley is not round.
entailment,T,,F,0,T,0,"1. The facts given are that Dave is aware, Calvert is not harsh, Dave is harsh, Dave is shiny, and Kirby is not shiny. 2. We need to determine if Culbert is shiny based on the given information. 3. We know that Dave is aware, so we can infer that Dave is not harsh. 4. We also know that Dave is harsh, so we can infer that Dave is not shiny. 5. We know that Dave is shiny, so we can infer that Dave is not aware. 6. We know that Kirby is not shiny, so we can infer that Kirby is not aware. 7. We know that Calvert is not harsh, so we can infer that Calvert is not shiny. 8. We know that Dave is harsh, so we can infer that Dave is not successful. 9. We know that Dave is successful, so we can infer that Dave is not shiny. 10. We know that Dave is shiny, so we can infer that Dave is not aware. 11. We know that Kirby is not shiny, so we can infer that Kirby is not aware. 12. We know that Calvert is not harsh, so we can infer that Calvert is not shiny. 13. We know that Dave is harsh, so we can infer that Dave is not successful. 14. We know that Dave is successful, so we can infer that Dave is not shiny. 15. We know that Dave is shiny, so we can infer that Dave is not aware. 16. We know that Kirby is not shiny, so we can infer that Kirby is not aware. 17. We know that Calvert is not harsh, so we can infer that Calvert is not shiny. 18. We know that Dave is harsh, so we can infer that Dave is not successful. 19. We know that Dave is successful, so we can infer that Dave is not shiny. 20. We know that Dave is shiny, so we can infer that Dave is not aware. 21. We know that Kirby is not shiny, so we can infer that Kirby is not aware. 22. We know that Calvert is not harsh, so we can infer that Calvert is not shiny. 23. We know that Dave is harsh, so we can infer that Dave is not successful. 24. We know that Dave is successful,"
entailment,T,,F,0,T,0,"1. If someone is aware, then they are not shiny.
2. If someone is not shiny, then they are not successful.
3. If someone is successful, then they are not aware.
4. If someone is not aware, then they are not harsh.
5. If someone is harsh, then they are not successful.
6. If someone is successful, then they are not aware.
7. If someone is not aware, then they are not shiny.
8. If someone is shiny, then they are not successful.
9. If someone is successful, then they are not aware.
10. If someone is not aware, then they are not harsh.
11. If someone is harsh, then they are not successful.
12. If someone is successful, then they are not aware.
13. If someone is not aware, then they are not shiny.
14. If someone is shiny, then they are not successful.
15. If someone is successful, then they are not aware.
16. If someone is not aware, then they are not harsh.
17. If someone is harsh, then they are not successful.
18. If someone is successful, then they are not aware.
19. If someone is not aware, then they are not shiny.
20. If someone is shiny, then they are not successful.
21. If someone is successful, then they are not aware.
22. If someone is not aware, then they are not harsh.
23. If someone is harsh, then they are not successful.
24. If someone is successful, then they are not aware.
25. If someone is not aware, then they are not shiny.
26. If someone is shiny, then they are not successful.
27. If someone is successful, then they are not aware.
28. If someone is not aware, then they are not harsh.
29. If someone is harsh, then they are not successful.
30. If someone is successful, then they are not aware.
31. If someone is not aware, then they are not shiny.
32. If someone is shiny, then they are not successful.
33. If someone is successful, then they are not aware.
34. If someone is not aware, then they are not harsh.
35. If someone is harsh, then they are not successful.
36. If someone is successful, then they are not aware.
37. If"
entailment,T,,F,0,T,0,"1. Dave is aware.
2. Calvert is not harsh.
3. Dave is harsh.
4. Dave is shiny.
5. Kirby is not shiny.
6. Jed is not ugly.
7. Jed is not successful.
8. Kirby is obedient.
9. Jarvis is not harsh.
10. Culbert is not ugly.
11. Jed is shiny.
12. Kirby is aware.

13. Someone who is aware and harsh is always not obedient and successful.
14. If Calvert is successful, then Culbert is shiny and Kirby is ugly, and vice versa.
15. It can be concluded that Culbert is shiny once knowing that Calvert is aware or Jarvis is not ugly.
16. If someone is obedient and shiny, then he is not aware, and vice versa.
17. Someone being ugly is equivalent to being shiny.
18. If someone is aware or he is not ugly, then he is not harsh.
19. If Kirby is harsh or Calvert is shiny, then Jarvis is not ugly.
20. Someone who is both not aware and successful is always harsh.
21. Someone who is not shiny is always successful.
22. If someone is shiny, then he is aware, and vice versa.
23. Someone who is both obedient and not shiny is always harsh.
24. If there is at least one people who is both harsh and aware, then Jarvis is not obedient.
25. The rules are implicit in the facts."
neutral,F,,F,0,F,1,"1. Calvert is not aware.
2. Calvert is not shiny.
3. Calvert is not successful.
4. Calvert is not ugly.
5. Calvert is not harsh.
6. Calvert is not obedient.
7. Calvert is not successful.
8. Calvert is not successful.
9. Calvert is not successful.
10. Calvert is not successful.
11. Calvert is not successful.
12. Calvert is not successful.
13. Calvert is not successful.
14. Calvert is not successful.
15. Calvert is not successful.
16. Calvert is not successful.
17. Calvert is not successful.
18. Calvert is not successful.
19. Calvert is not successful.
20. Calvert is not successful.
21. Calvert is not successful.
22. Calvert is not successful.
23. Calvert is not successful.
24. Calvert is not successful.
25. Calvert is not successful.
26. Calvert is not successful.
27. Calvert is not successful.
28. Calvert is not successful.
29. Calvert is not successful.
30. Calvert is not successful.
31. Calvert is not successful.
32. Calvert is not successful.
33. Calvert is not successful.
34. Calvert is not successful.
35. Calvert is not successful.
36. Calvert is not successful.
37. Calvert is not successful.
38. Calvert is not successful.
39. Calvert is not successful.
40. Calvert is not successful.
41. Calvert is not successful.
42. Calvert is not successful.
43. Calvert is not successful.
44. Calvert is not successful.
45. Calvert is not successful.
46. Calvert is not successful.
47. Calvert is not successful.
48. Calvert is not successful.
49. Calvert is not successful.
50. Calvert is not successful.
51. Calvert is not successful.
52. Calvert is not successful.
53. Calvert is not successful.
54. Calvert is not successful.
55. Calvert is not successful.
56. Calvert is not successful.
57. Calvert is not successful.
58. Calvert is not"
self_contradiction,F,,F,0,T,1,"1. If someone is not aware, then they are not shiny.
2. If someone is not successful, then they are not ugly.
3. If someone is not harsh, then they are not shiny.
4. If someone is not successful, then they are not aware.
5. If someone is not aware, then they are not successful.
6. If someone is not successful, then they are not aware.
7. If someone is not aware, then they are not successful.
8. If someone is not successful, then they are not aware.
9. If someone is not successful, then they are not aware.
10. If someone is not successful, then they are not aware.
11. If someone is not successful, then they are not aware.
12. If someone is not successful, then they are not aware.
13. If someone is not successful, then they are not aware.
14. If someone is not successful, then they are not aware.
15. If someone is not successful, then they are not aware.
16. If someone is not successful, then they are not aware.
17. If someone is not successful, then they are not aware.
18. If someone is not successful, then they are not aware.
19. If someone is not successful, then they are not aware.
20. If someone is not successful, then they are not aware.
21. If someone is not successful, then they are not aware.
22. If someone is not successful, then they are not aware.
23. If someone is not successful, then they are not aware.
24. If someone is not successful, then they are not aware.
25. If someone is not successful, then they are not aware.
26. If someone is not successful, then they are not aware.
27. If someone is not successful, then they are not aware.
28. If someone is not successful, then they are not aware.
29. If someone is not successful, then they are not aware.
30. If someone is not successful, then they are not aware.
31. If someone is not successful, then they are not aware.
32. If someone is not successful, then they are not aware.
33. If someone is not successful, then they are not aware.
34. If someone is not successful, then they are not aware.
35. If someone is not successful, then"
neutral,F,,F,0,T,1,"Step 1: Identify the relevant information in the facts.
In this case, the relevant information is that Amanda is ugly.

Step 2: Determine the relationship between the information and the question.
The question asks if Amanda is ugly, which is the same as asking if she is not beautiful.

Step 3: Apply the rules to determine the answer.
Since Amanda is ugly, it means that she is not beautiful. Therefore, the answer to the question is yes, Amanda is ugly.

Step 4: Justify the answer.
The answer is justified because the information provided in the facts directly supports the statement that Amanda is ugly. The fact that she is ugly is a direct contradiction to the statement that she is beautiful, which is the opposite of being ugly."
self_contradiction,F,,F,0,T,1,"1. Dave is aware.
2. Calvert is not harsh.
3. Dave is harsh.
4. Dave is shiny.
5. Kirby is not shiny.
6. Jed is not ugly.
7. Jed is not successful.
8. Kirby is obedient.
9. Jarvis is not harsh.
10. Culbert is not ugly.
11. Jed is shiny.
12. Kirby is aware.

13. Someone who is aware and harsh is always not obedient and successful.
14. If Calvert is successful, then Culbert is shiny and Kirby is ugly, and vice versa.
15. It can be concluded that Culbert is shiny once knowing that Calvert is aware or Jarvis is not ugly.
16. If someone is obedient and shiny, then he is not aware, and vice versa.
17. Someone being ugly is equivalent to being shiny.
18. If someone is aware or he is not ugly, then he is not harsh.
19. If Kirby is harsh or Calvert is shiny, then Jarvis is not ugly.
20. Someone who is both not aware and successful is always harsh.
21. Someone who is not shiny is always successful.
22. If someone is shiny, then he is aware, and vice versa.
23. Someone who is both obedient and not shiny is always harsh.
24. If there is at least one people who is both harsh and aware, then Jarvis is not obedient.
25. The rules are implicit in the facts."
neutral,F,,F,0,F,1,"Step 1: Identify the relevant information in the facts.
- Dave is aware.
- Calvert is not harsh.
- Dave is harsh.
- Dave is shiny.
- Kirby is not shiny.
- Jed is not ugly.
- Jed is not successful.
- Kirby is obedient.
- Jarvis is not harsh.
- Culbert is not ugly.
- Jed is shiny.
- Kirby is aware.

Step 2: Analyze the information to determine the relationships between the people and their characteristics.
- Dave is aware and harsh.
- Calvert is not harsh.
- Dave is harsh.
- Dave is shiny.
- Kirby is not shiny.
- Jed is not ugly.
- Jed is not successful.
- Kirby is obedient.
- Jarvis is not harsh.
- Culbert is not ugly.
- Jed is shiny.
- Kirby is aware.

Step 3: Apply the rules to determine the relationships between the people and their characteristics.
- If someone is aware and harsh, then they are not obedient and successful.
- If Calvert is successful, then Culbert is shiny and Kirby is ugly, and vice versa.
- If someone is obedient and shiny, then they are not aware, and vice versa.
- Someone being ugly is equivalent to being shiny.
- If someone is aware or he is not ugly, then they are not harsh.
- If Kirby is harsh or Calvert is shiny, then Jarvis is not ugly.
- Someone who is both not aware and successful is always harsh.
- Someone who is not shiny is always successful.
- If someone is shiny, then they are aware, and vice versa.
- Someone who is both obedient and not shiny is always harsh.
- If there is at least one people who is both harsh and aware, then Jarvis is not obedient.

Step 4: Determine the final conclusion based on the analysis.
- If Amanda is not ugly, then she is not aware.
- If Dave is aware and harsh, then he is not obedient and successful.
- If Calvert is successful, then Culbert is shiny and Kirby is ugly, and vice versa.
- If someone is obedient and shiny, then they are not aware, and vice versa.
- Someone being ugly is equivalent to being shiny.
- If someone is aware or he is not ugly, then they are not harsh.
- If Kirby is harsh or Calvert is shiny, then Jarvis is not ugly.
- Someone who is both not aware and successful is always harsh.
- Someone who is not shiny is always successful.
- If someone is shiny,"
self_contradiction,F,,F,0,T,1,"1. If someone is not aware, then they are not shiny.
2. If someone is not successful, then they are not shiny.
3. If someone is not obedient, then they are not shiny.
4. If someone is not ugly, then they are not shiny.
5. If someone is not successful, then they are not aware.
6. If someone is not aware, then they are not successful.
7. If someone is not successful, then they are not harsh.
8. If someone is not aware, then they are not successful.
9. If someone is not successful, then they are not aware.
10. If someone is not successful, then they are not aware.
11. If someone is not successful, then they are not aware.
12. If someone is not successful, then they are not aware.
13. If someone is not successful, then they are not aware.
14. If someone is not successful, then they are not aware.
15. If someone is not successful, then they are not aware.
16. If someone is not successful, then they are not aware.
17. If someone is not successful, then they are not aware.
18. If someone is not successful, then they are not aware.
19. If someone is not successful, then they are not aware.
20. If someone is not successful, then they are not aware.
21. If someone is not successful, then they are not aware.
22. If someone is not successful, then they are not aware.
23. If someone is not successful, then they are not aware.
24. If someone is not successful, then they are not aware.
25. If someone is not successful, then they are not aware.
26. If someone is not successful, then they are not aware.
27. If someone is not successful, then they are not aware.
28. If someone is not successful, then they are not aware.
29. If someone is not successful, then they are not aware.
30. If someone is not successful, then they are not aware.
31. If someone is not successful, then they are not aware.
32. If someone is not successful, then they are not aware.
33. If someone is not successful, then they are not aware.
34. If someone is not successful, then they are not aware.
35. If someone is not successful, then"
contradiction,F,,F,0,T,1,"1. Dave is aware.
2. Calvert is not harsh.
3. Dave is harsh.
4. Dave is shiny.
5. Kirby is not shiny.
6. Jed is not ugly.
7. Jed is not successful.
8. Kirby is obedient.
9. Jarvis is not harsh.
10. Culbert is not ugly.
11. Jed is shiny.
12. Kirby is aware.

13. Someone who is aware and harsh is always not obedient and successful.
14. If Calvert is successful, then Culbert is shiny and Kirby is ugly, and vice versa.
15. It can be concluded that Culbert is shiny once knowing that Calvert is aware or Jarvis is not ugly.
16. If someone is obedient and shiny, then he is not aware, and vice versa.
17. Someone being ugly is equivalent to being shiny.
18. If someone is aware or he is not ugly, then he is not harsh.
19. If Kirby is harsh or Calvert is shiny, then Jarvis is not ugly.
20. Someone who is both not aware and successful is always harsh.
21. Someone who is not shiny is always successful.
22. If someone is shiny, then he is aware, and vice versa.
23. Someone who is both obedient and not shiny is always harsh.
24. If there is at least one people who is both harsh and aware, then Jarvis is not obedient.
25. The rules are implicit in the facts."
contradiction,F,,F,0,T,1,"1. If someone is aware, then they are not harsh.
2. If someone is not aware, then they are harsh.
3. If someone is not successful, then they are not shiny.
4. If someone is shiny, then they are successful.
5. If someone is not successful, then they are not aware.
6. If someone is not aware, then they are not successful.
7. If someone is not successful, then they are not shiny.
8. If someone is not shiny, then they are not aware.
9. If someone is not aware, then they are not successful.
10. If someone is not successful, then they are not shiny.
11. If someone is not shiny, then they are not aware.
12. If someone is not aware, then they are not successful.
13. If someone is not successful, then they are not shiny.
14. If someone is not shiny, then they are not aware.
15. If someone is not aware, then they are not successful.
16. If someone is not successful, then they are not shiny.
17. If someone is not shiny, then they are not aware.
18. If someone is not aware, then they are not successful.
19. If someone is not successful, then they are not shiny.
20. If someone is not shiny, then they are not aware.
21. If someone is not aware, then they are not successful.
22. If someone is not successful, then they are not shiny.
23. If someone is not shiny, then they are not aware.
24. If someone is not aware, then they are not successful.
25. If someone is not successful, then they are not shiny.
26. If someone is not shiny, then they are not aware.
27. If someone is not aware, then they are not successful.
28. If someone is not successful, then they are not shiny.
29. If someone is not shiny, then they are not aware.
30. If someone is not aware, then they are not successful.
31. If someone is not successful, then they are not shiny.
32. If someone is not shiny, then they are not aware.
33. If someone is not aware, then they are not successful.
34. If someone is not successful, then they are not shiny.
35. If someone is not shiny, then they are not aware"
contradiction,F,,F,0,T,1,"Step 1: Understand the given facts
- Dave is aware.
- Calvert is not harsh.
- Dave is harsh.
- Dave is shiny.
- Kirby is not shiny.
- Jed is not ugly.
- Jed is not successful.
- Kirby is obedient.
- Jarvis is not harsh.
- Culbert is not ugly.
- Jed is shiny.
- Kirby is aware.

Step 2: Analyze the given facts
- Dave is aware and harsh, which means he is not obedient and successful.
- Calvert is not harsh, which means he is not ugly.
- Dave is harsh, which means he is shiny.
- Kirby is not shiny, which means he is not aware.
- Jed is not ugly, which means he is not successful.
- Kirby is obedient, which means he is not shiny.
- Jarvis is not harsh, which means he is not ugly.
- Culbert is not ugly, which means he is not successful.
- Jed is shiny, which means he is aware.

Step 3: Apply the rules
- If someone is aware and harsh, then he is always not obedient and successful.
- If Calvert is successful, then Culbert is shiny and Kirby is ugly, and vice versa.
- It can be concluded that Culbert is shiny once knowing that Calvert is aware or Jarvis is not ugly.
- If someone is obedient and shiny, then he is not aware, and vice versa.
- Someone being ugly is equivalent to being shiny.
- If someone is aware or he is not ugly, then he is not harsh.
- If Kirby is harsh or Calvert is shiny, then Jarvis is not ugly.
- Someone who is both not aware and successful is always harsh.
- Someone who is not shiny is always successful.
- If someone is shiny, then he is aware, and vice versa.
- Someone who is both obedient and not shiny is always harsh.
- If there is at least one people who is both harsh and aware, then Jarvis is not obedient.
- If Jed is not shiny, then Culbert is not ugly and Kirby is not aware, and vice versa.

Step 4: Answer the question
- Jed is not shiny."
entailment,T,,F,0,T,0,"1. Dave is aware.
2. Dave is not harsh.
3. Dave is shiny.
4. Calvert is not harsh.
5. Dave is harsh.
6. Dave is shiny.
7. Calvert is not shiny.
8. Jed is not ugly.
9. Jed is not successful.
10. Kirby is obedient.
11. Kirby is aware.
12. Jarvis is not harsh.
13. Culbert is not ugly.
14. Jed is shiny.
15. Kirby is aware.
16. Someone who is aware and harsh is always not obedient and successful.
17. If Calvert is successful, then Culbert is shiny and Kirby is ugly, and vice versa.
18. It can be concluded that Culbert is shiny once knowing that Calvert is aware or Jarvis is not ugly.
19. If someone is obedient and shiny, then he is not aware, and vice versa.
20. Someone being ugly is equivalent to being shiny.
21. If someone is aware or he is not ugly, then he is not harsh.
22. If Kirby is harsh or Calvert is shiny, then Jarvis is not ugly.
23. Someone who is both not aware and successful is always harsh.
24. Someone who is not shiny is always successful.
25. If someone is shiny, then he is aware, and vice versa.
26. Someone who is both obedient and not shiny is always harsh.
27. If there is at least one people who is both harsh and aware, then Jarvis is not obedient.
28. Dave is aware.
29. Dave is not harsh.
30. Dave is shiny.
31. Calvert is not harsh.
32. Dave is harsh.
33. Dave is shiny.
34. Calvert is not shiny.
35. Jed is not ugly.
36. Jed is not successful.
37. Kirby is obedient.
38. Kirby is aware.
39. Jarvis is not harsh.
40. Culbert is not ugly.
41. Jed is shiny.
42. Kirby is aware.
43. Someone who is aware and harsh is always not obedient and successful.
44. If Calvert is successful, then Culbert is shiny and Kirby is ugly, and vice versa.
45. It can be concluded that Culbert is shiny once knowing that Calvert is aware or Jarvis is not ugly.
46. If someone is obedient and shiny,"
neutral,F,,F,0,F,1,"1. The facts given are that Dave is aware, Calvert is not harsh, Dave is harsh, Dave is shiny, and Kirby is not shiny. 2. We need to determine if there is any connection between the facts given and the question ""Jarvis is shiny."" 3. We know that Dave is aware and harsh, so we can infer that Jarvis is not aware and successful. 4. We also know that Dave is shiny, so we can infer that Jarvis is not shiny. 5. We know that Calvert is not harsh, so we can infer that Culbert is shiny and Kirby is ugly. 6. We know that Kirby is aware, so we can infer that Jarvis is not aware. 7. We know that Jarvis is not ugly, so we can infer that Jarvis is not successful. 8. We know that Jarvis is shiny, so we can infer that Jarvis is not obedient. 9. We know that Dave is successful, so we can infer that Culbert is shiny and Kirby is ugly. 10. We know that Culbert is not shiny, so we can infer that Jarvis is not ugly. 11. We know that Jarvis is not ugly, so we can infer that Jarvis is not successful. 12. We know that Jarvis is shiny, so we can infer that Jarvis is not aware. 13. We know that Dave is aware, so we can infer that Jarvis is not aware. 14. We know that Dave is harsh, so we can infer that Jarvis is not successful. 15. We know that Dave is shiny, so we can infer that Jarvis is not obedient. 16. We know that Dave is not aware, so we can infer that Jarvis is not successful. 17. We know that Dave is successful, so we can infer that Culbert is shiny and Kirby is ugly. 18. We know that Culbert is not shiny, so we can infer that Jarvis is not ugly. 19. We know that Jarvis is not ugly, so we can infer that Jarvis is not successful. 20. We know that Jarvis is shiny, so we can infer that Jarvis is not aware. 21. We know that Dave is aware, so we can infer that Jarvis is not aware. 22. We know that Dave is harsh, so we can infer that Jarvis is not successful. 23. We know that Dave is shiny, so we can infer"
neutral,F,,F,0,T,1,"1. If Calvert is successful, then Culbert is shiny and Kirby is ugly, and vice versa.
2. If someone is successful, then he is not aware, and vice versa.
3. If someone is not aware, then he is not successful.
4. If someone is aware, then he is not successful.
5. If someone is not successful, then he is not aware.
6. If someone is aware, then he is not successful.
7. If someone is successful, then he is not aware.
8. If someone is not successful, then he is not aware.
9. If someone is not successful, then he is not aware.
10. If someone is successful, then he is not aware.
11. If someone is not successful, then he is not aware.
12. If someone is not successful, then he is not aware.
13. If someone is successful, then he is not aware.
14. If someone is not successful, then he is not aware.
15. If someone is not successful, then he is not aware.
16. If someone is successful, then he is not aware.
17. If someone is not successful, then he is not aware.
18. If someone is not successful, then he is not aware.
19. If someone is successful, then he is not aware.
20. If someone is not successful, then he is not aware.
21. If someone is not successful, then he is not aware.
22. If someone is successful, then he is not aware.
23. If someone is not successful, then he is not aware.
24. If someone is not successful, then he is not aware.
25. If someone is successful, then he is not aware.
26. If someone is not successful, then he is not aware.
27. If someone is not successful, then he is not aware.
28. If someone is successful, then he is not aware.
29. If someone is not successful, then he is not aware.
30. If someone is not successful, then he is not aware.
31. If someone is successful, then he is not aware.
32. If someone is not successful, then he is not aware.
33. If someone is not successful, then he is not aware.
34. If someone is successful, then he is not aware.
35. If someone is not successful, then he"
self_contradiction,F,,F,0,F,1,"Step 1: Understand the given facts and rules.
- Dave is aware.
- Calvert is not harsh.
- Dave is harsh.
- Dave is shiny.
- Kirby is not shiny.
- Jed is not ugly.
- Jed is not successful.
- Kirby is obedient.
- Jarvis is not harsh.
- Culbert is not ugly.
- Jed is shiny.
- Kirby is aware.

Step 2: Apply the rules to the given facts.
- Since Dave is aware, he cannot be harsh.
- Since Calvert is not harsh, he cannot be aware.
- Since Dave is harsh, he cannot be shiny.
- Since Dave is shiny, he cannot be aware.
- Since Kirby is not shiny, he cannot be aware.
- Since Jed is not ugly, he cannot be successful.
- Since Jed is not successful, he cannot be aware.
- Since Kirby is obedient, he cannot be aware.
- Since Jarvis is not harsh, he cannot be aware.
- Since Culbert is not ugly, he cannot be successful.
- Since Jed is shiny, he cannot be aware.
- Since Kirby is aware, he cannot be successful.

Step 3: Determine the conclusion based on the given facts and rules.
- Since Kirby is aware and shiny, he cannot be successful.
- Since Dave is aware and harsh, he cannot be successful.
- Since Calvert is not harsh and aware, he cannot be successful.
- Since Dave is harsh and aware, he cannot be successful.
- Since Dave is shiny and aware, he cannot be successful.
- Since Kirby is not shiny and aware, he cannot be successful.
- Since Jed is not ugly and successful, he cannot be aware.
- Since Jed is not successful and aware, he cannot be successful.
- Since Kirby is obedient and aware, he cannot be successful.
- Since Jarvis is not harsh and successful, he cannot be aware.
- Since Culbert is not ugly and successful, he cannot be aware.
- Since Jed is shiny and successful, he cannot be aware.
- Since Kirby is aware and successful, he cannot be aware.
- Since Dave is aware and successful, he cannot be aware.
- Since Calvert is not harsh and successful, he cannot be aware.
- Since Dave is harsh and successful, he cannot be aware.
- Since Dave is shiny and successful, he cannot be aware.
- Since Kirby is not shiny and successful, he cannot be aware.
- Since Jed is not ugly and successful, he cannot be aware.
- Since Jed is not successful and"
contradiction,F,,F,0,T,1,"1. If someone is aware, then they are not harsh.
2. If someone is not aware, then they are harsh.
3. If someone is not shiny, then they are not aware.
4. If someone is shiny, then they are aware.
5. If someone is not successful, then they are not shiny.
6. If someone is successful, then they are shiny.
7. If someone is not ugly, then they are not successful.
8. If someone is ugly, then they are successful.
9. If someone is obedient, then they are not ugly.
10. If someone is not obedient, then they are ugly.
11. If someone is shiny, then they are aware.
12. If someone is not shiny, then they are not aware.
13. If someone is aware, then they are not harsh.
14. If someone is not aware, then they are harsh.
15. If someone is not successful, then they are not shiny.
16. If someone is successful, then they are shiny.
17. If someone is not ugly, then they are not successful.
18. If someone is ugly, then they are successful.
19. If someone is obedient, then they are not ugly.
20. If someone is not obedient, then they are ugly.
21. If someone is shiny, then they are aware.
22. If someone is not shiny, then they are not aware.
23. If someone is aware, then they are not harsh.
24. If someone is not aware, then they are harsh.
25. If someone is not successful, then they are not shiny.
26. If someone is successful, then they are shiny.
27. If someone is not ugly, then they are not successful.
28. If someone is ugly, then they are successful.
29. If someone is obedient, then they are not ugly.
30. If someone is not obedient, then they are ugly.
31. If someone is shiny, then they are aware.
32. If someone is not shiny, then they are not aware.
33. If someone is aware, then they are not harsh.
34. If someone is not aware, then they are harsh.
35. If someone is not successful, then they are not shiny.
36. If someone is successful, then they are shiny.
37. If someone is not ugly, then they are not successful.
3"
entailment,T,,F,0,T,0,"Step 1: Understand the given facts
- Dave is aware
- Calvert is not harsh
- Dave is harsh
- Dave is shiny
- Kirby is not shiny
- Jed is not ugly
- Jed is not successful
- Kirby is obedient
- Jarvis is not harsh
- Culbert is not ugly
- Jed is shiny
- Kirby is aware

Step 2: Analyze the given facts
- Dave is aware and harsh
- Calvert is not harsh
- Dave is harsh
- Dave is shiny
- Kirby is not shiny
- Jed is not ugly
- Jed is not successful
- Kirby is obedient
- Jarvis is not harsh
- Culbert is not ugly
- Jed is shiny
- Kirby is aware

Step 3: Apply the rules
- If Dave is aware and harsh, then he is not obedient and successful
- If Calvert is not harsh, then Culbert is shiny and Kirby is ugly, and vice versa
- If someone is obedient and shiny, then he is not aware, and vice versa
- Someone being ugly is equivalent to being shiny
- If someone is aware or he is not ugly, then he is not harsh
- If Kirby is harsh or Calvert is shiny, then Jarvis is not ugly
- Someone who is both not aware and successful is always harsh
- Someone who is not shiny is always successful
- If someone is shiny, then he is aware, and vice versa
- Someone who is both obedient and not shiny is always harsh
- If there is at least one people who is both harsh and aware, then Jarvis is not obedient

Step 4: Draw a conclusion
Based on the analysis, we can conclude that Jarvis is not obedient."
self_contradiction,F,,F,0,T,1,"1. If someone is aware, then they are not harsh.
2. If someone is not aware, then they are harsh.
3. If someone is not successful, then they are not shiny.
4. If someone is shiny, then they are successful.
5. If someone is not successful, then they are not aware.
6. If someone is not aware, then they are not successful.
7. If someone is not successful, then they are not shiny.
8. If someone is not shiny, then they are not aware.
9. If someone is not aware, then they are not successful.
10. If someone is not successful, then they are not shiny.
11. If someone is not shiny, then they are not aware.
12. If someone is not aware, then they are not successful.
13. If someone is not successful, then they are not shiny.
14. If someone is not shiny, then they are not aware.
15. If someone is not aware, then they are not successful.
16. If someone is not successful, then they are not shiny.
17. If someone is not shiny, then they are not aware.
18. If someone is not aware, then they are not successful.
19. If someone is not successful, then they are not shiny.
20. If someone is not shiny, then they are not aware.
21. If someone is not aware, then they are not successful.
22. If someone is not successful, then they are not shiny.
23. If someone is not shiny, then they are not aware.
24. If someone is not aware, then they are not successful.
25. If someone is not successful, then they are not shiny.
26. If someone is not shiny, then they are not aware.
27. If someone is not aware, then they are not successful.
28. If someone is not successful, then they are not shiny.
29. If someone is not shiny, then they are not aware.
30. If someone is not aware, then they are not successful.
31. If someone is not successful, then they are not shiny.
32. If someone is not shiny, then they are not aware.
33. If someone is not aware, then they are not successful.
34. If someone is not successful, then they are not shiny.
35. If someone is not shiny, then they are not aware"
contradiction,F,,F,0,T,1,"1. Dave is aware.
2. Calvert is not harsh.
3. Dave is harsh.
4. Dave is shiny.
5. Kirby is not shiny.
6. Jed is not ugly.
7. Jed is not successful.
8. Kirby is obedient.
9. Jarvis is not harsh.
10. Culbert is not ugly.
11. Jed is shiny.
12. Kirby is aware.

13. Someone who is aware and harsh is always not obedient and successful.
14. If Calvert is successful, then Culbert is shiny and Kirby is ugly, and vice versa.
15. It can be concluded that Culbert is shiny once knowing that Calvert is aware or Jarvis is not ugly.
16. If someone is obedient and shiny, then he is not aware, and vice versa.
17. Someone being ugly is equivalent to being shiny.
18. If someone is aware or he is not ugly, then he is not harsh.
19. If Kirby is harsh or Calvert is shiny, then Jarvis is not ugly.
20. Someone who is both not aware and successful is always harsh.
21. Someone who is not shiny is always successful.
22. If someone is shiny, then he is aware, and vice versa.
23. Someone who is both obedient and not shiny is always harsh.
24. If there is at least one people who is both harsh and aware, then Jarvis is not obedient.
25. The rules are implicit in the facts."
neutral,F,,F,0,T,1,
entailment,T,,F,0,T,0,
contradiction,F,,F,0,T,1,
contradiction,F,,F,0,T,1,
self_contradiction,F,,F,0,T,1,
entailment,T,,F,0,T,0,
self_contradiction,F,,F,0,T,1,
entailment,T,,F,0,T,0,
self_contradiction,F,,F,0,T,1,
self_contradiction,F,,F,0,T,1,
contradiction,F,,F,0,T,1,"1. The facts given are:
- Kerwin is sane.
- Royce is versatile.
- Clive is not clear.
- Burton is not thankful.
- Carter is clear.
- Clive is not sane.
- Royce is not excited.
- Hubert is sane.
- Carter is not thankful.
- Burton is not dark.
- Kirby is sane.

2. We need to use the rules to determine the truth of the statement ""Kirby is dark.""

3. The rules are:
- If someone is not thankful, then he is not versatile and not sane.
- If someone is not dark, then he is both versatile and not thankful.
- If someone is not clear, then he is not excited.
- If someone is not sane, then he is not dark.
- If someone is not dark, then he is both versatile and not thankful.
- If someone is not dark, then he is both versatile and not thankful.
- If someone is not dark, then he is both versatile and not thankful.
- If someone is not dark, then he is both versatile and not thankful.
- If someone is not dark, then he is both versatile and not thankful.
- If someone is not dark, then he is both versatile and not thankful.
- If someone is not dark, then he is both versatile and not thankful.
- If someone is not dark, then he is both versatile and not thankful.
- If someone is not dark, then he is both versatile and not thankful.
- If someone is not dark, then he is both versatile and not thankful.
- If someone is not dark, then he is both versatile and not thankful.
- If someone is not dark, then he is both versatile and not thankful.
- If someone is not dark, then he is both versatile and not thankful.
- If someone is not dark, then he is both versatile and not thankful.
- If someone is not dark, then he is both versatile and not thankful.
- If someone is not dark, then he is both versatile and not thankful.
- If someone is not dark, then he is both versatile and not thankful.
- If someone is not dark, then he is both versatile and not thankful.
- If someone is not dark, then he is both versatile and not thankful.
- If someone is not dark, then he is both versatile and not thankful.
- If someone is not dark, then he is both versatile and not thankful.
- If someone is not dark, then he is both versatile and not thankful."
entailment,T,,F,0,T,0,
neutral,F,,F,0,T,1,
neutral,F,,F,0,T,1,
contradiction,F,,F,0,T,1,
self_contradiction,F,,F,0,T,1,
neutral,F,,F,0,T,1,
entailment,T,,F,0,T,0,
neutral,F,,F,0,T,1,
contradiction,F,,F,0,T,1,"1. Carter is not clear.
2. If someone is not thankful, then he is not clear.
3. If someone is not clear, then he is not dark.
4. If someone is not dark, then he is not versatile.
5. If someone is not dark and not versatile, then he is not sane.
6. If someone is not dark and not sane, then he is not excited.
7. If someone is not dark and not sane and not excited, then he is not thankful.
8. If someone is not dark and not sane and not excited and not thankful, then he is not versatile.
9. If someone is not dark and not sane and not excited and not thankful and not versatile, then he is not clear.
10. If someone is not dark and not sane and not excited and not thankful and not versatile and not clear, then he is not excited.
11. If someone is not dark and not sane and not excited and not thankful and not versatile and not clear and not excited, then he is not dark.
12. If someone is not dark and not sane and not excited and not thankful and not versatile and not clear and not excited and not dark, then he is not sane.
13. If someone is not dark and not sane and not excited and not thankful and not versatile and not clear and not excited and not dark and not sane, then he is not thankful.
14. If someone is not dark and not sane and not excited and not thankful and not versatile and not clear and not excited and not dark and not sane and not thankful, then he is not versatile.
15. If someone is not dark and not sane and not excited and not thankful and not versatile and not clear and not excited and not dark and not sane and not thankful and not versatile, then he is not clear.
16. If someone is not dark and not sane and not excited and not thankful and not versatile and not clear and not excited and not dark and not sane and not thankful and not versatile and not clear, then he is not excited.
17. If someone is not dark and not sane and not excited and not thankful and not versatile and not clear and not excited and not dark and not sane and not thankful and not versatile and not clear and not excited, then he is not dark.
18. If someone is not dark and not sane and not excited and not thankful and not versatile and not clear and not excited and not dark and not sane and not thankful"
contradiction,F,,F,0,T,1,"Step 1: Identify the relevant information in the facts.
- Martin is few.
- Carolina is eastern.
- Hall is not long.
- Martin is long.
- Jeremiah is not traditional.
- Hall is not eastern.
- Ramsey is long.
- Michael is long.
- Carolina is not traditional.
- Jeremiah is few.
- Ramsey is plain.

Step 2: Apply the rules to the relevant information.
- If someone is not plain or traditional, then he is few.
- If someone is not pink or he is eastern, then he is not few.
- If someone is not long or he is eastern, then he is not few.
- If someone is not pink or he is eastern, then he is not few.
- If someone is not long or he is eastern, then he is not few.
- If someone is not long or he is eastern, then he is not few.
- If someone is not long or he is eastern, then he is not few.
- If someone is not long or he is eastern, then he is not few.
- If someone is not long or he is eastern, then he is not few.
- If someone is not long or he is eastern, then he is not few.
- If someone is not long or he is eastern, then he is not few.
- If someone is not long or he is eastern, then he is not few.
- If someone is not long or he is eastern, then he is not few.
- If someone is not long or he is eastern, then he is not few.
- If someone is not long or he is eastern, then he is not few.
- If someone is not long or he is eastern, then he is not few.
- If someone is not long or he is eastern, then he is not few.
- If someone is not long or he is eastern, then he is not few.
- If someone is not long or he is eastern, then he is not few.
- If someone is not long or he is eastern, then he is not few.
- If someone is not long or he is eastern, then he is not few.
- If someone is not long or he is eastern, then he is not few.
- If someone is not long or he is eastern, then he is not few.
- If someone is not long or he is eastern, then he is not few.
- If someone is not long or he is eastern, then he is not few.
- If someone is not long or"
contradiction,F,,F,0,T,1,"Step 1: Identify the relevant facts and rules.
- Martin is few.
- Carlton is eastern.
- Carolina is eastern.
- Hall is not long.
- Martin is long.
- Jeremiah is not traditional.
- Hall is not eastern.
- Ramsey is long.
- Michael is long.
- Carolina is not traditional.
- Jeremiah is few.
- Ramsey is plain.

Step 2: Apply the rules to the given facts and question.

- Martin is few, so Hall is not long.
- Carlton is eastern, so Hall is not eastern.
- Carolina is eastern, so Hall is not plain.
- Martin is long, so Hall is not plain.
- Ramsey is long, so Hall is not plain.
- Michael is long, so Hall is not plain.
- Carolina is not traditional, so Hall is not plain.
- Jeremiah is not traditional, so Hall is not plain.
- Ramsey is plain, so Hall is not plain.
- Michael is not long, so Hall is not plain.
- Carolina is not traditional, so Hall is not plain.
- Jeremiah is few, so Hall is not plain.
- Ramsey is not traditional, so Hall is not plain.
- Michael is not long, so Hall is not plain.
- Carolina is not traditional, so Hall is not plain.
- Jeremiah is few, so Hall is not plain.
- Ramsey is not traditional, so Hall is not plain.
- Michael is not long, so Hall is not plain.
- Carolina is not traditional, so Hall is not plain.
- Jeremiah is few, so Hall is not plain.
- Ramsey is not traditional, so Hall is not plain.
- Michael is not long, so Hall is not plain.
- Carolina is not traditional, so Hall is not plain.
- Jeremiah is few, so Hall is not plain.
- Ramsey is not traditional, so Hall is not plain.
- Michael is not long, so Hall is not plain.
- Carolina is not traditional, so Hall is not plain.
- Jeremiah is few, so Hall is not plain.
- Ramsey is not traditional, so Hall is not plain.
- Michael is not long, so Hall is not plain.
- Carolina is not traditional, so Hall is not plain.
- Jeremiah is few, so Hall is not plain.
- Ramsey is not traditional, so Hall is not plain.
- Michael is not long, so Hall is not plain.
- Carolina is not traditional, so Hall is not plain.
- Jeremiah is few, so Hall is not plain.
- Ramsey is not traditional"
contradiction,F,,F,0,F,1,"Step 1: Identify the relevant facts and rules.
- Martin is few.
- Carlton is eastern.
- Martin is not long.
- Martin is not traditional.
- Hall is not long.
- Martin is not eastern.
- Michael is not long.
- Michael is not traditional.
- Carolina is not traditional.
- Jeremiah is not pink.
- Hall is not eastern.
- Ramsey is long.
- Michael is long.
- Carolina is not traditional.
- Jeremiah is few.
- Ramsey is plain.

Step 2: Apply the rules to the given facts.
- Martin is few.
- Carlton is eastern.
- Martin is not long.
- Martin is not traditional.
- Hall is not long.
- Martin is not eastern.
- Michael is not long.
- Michael is not traditional.
- Carolina is not traditional.
- Jeremiah is not pink.
- Hall is not eastern.
- Ramsey is long.
- Michael is long.
- Carolina is not traditional.
- Jeremiah is few.
- Ramsey is plain.

Step 3: Determine the implications of the facts and rules.
- Martin is few.
- Carlton is eastern.
- Martin is not long.
- Martin is not traditional.
- Hall is not long.
- Martin is not eastern.
- Michael is not long.
- Michael is not traditional.
- Carolina is not traditional.
- Jeremiah is not pink.
- Hall is not eastern.
- Ramsey is long.
- Michael is long.
- Carolina is not traditional.
- Jeremiah is few.
- Ramsey is plain.

Step 4: Identify the relevant facts and rules.
- Martin is pink.
- Carlton is eastern.
- Martin is not long.
- Martin is not traditional.
- Hall is not long.
- Martin is not eastern.
- Michael is not long.
- Michael is not traditional.
- Carolina is not traditional.
- Jeremiah is not pink.
- Hall is not eastern.
- Ramsey is long.
- Michael is long.
- Carolina is not traditional.
- Jeremiah is few.
- Ramsey is plain.

Step 5: Apply the rules to the given facts.
- Martin is pink.
- Carlton is eastern.
- Martin is not long.
- Martin is not traditional.
- Hall is not long.
- Martin is not eastern.
- Michael is not long.
- Michael is not traditional.
- Carolina is not traditional.
- Jeremiah is not pink.
- Hall is not eastern.
- Ramsey is long.
- Michael is long.
- Carolina is not traditional.
- Jeremiah is few.
- Ramsey is plain.

Step 6"
entailment,T,,F,0,T,0,"Step 1: Identify the relevant facts in the question.
- Carolina is eastern.

Step 2: Analyze the question to determine if there is any information that contradicts the given facts.
- There is no information in the question that contradicts the fact that Carolina is eastern.

Step 3: Apply the rules to the question.
- Since there is no information in the question that contradicts the fact that Carolina is eastern, we can proceed to the next step.

Step 4: Determine the conclusion based on the rules.
- Since there is no information in the question that contradicts the fact that Carolina is eastern, we can conclude that Carolina is eastern.

Step 5: Check if the conclusion is consistent with the given facts.
- The conclusion that Carolina is eastern is consistent with the given fact that Carolina is eastern.

Conclusion: Carolina is eastern."
contradiction,F,,F,0,T,1,"Step 1: Identify the relevant information in the facts.
- Carlton is eastern.
- Martin is few.
- Carolina is eastern.
- Hall is not long.
- Martin is long.
- Jeremiah is not traditional.
- Hall is not eastern.
- Ramsey is long.
- Michael is long.
- Carolina is not traditional.
- Jeremiah is few.
- Ramsey is plain.

Step 2: Apply the rules to the given information.

- If there is someone who is either not eastern or few, then Martin is traditional.
- If someone is not plain or he is not traditional, then he is not long.
- Someone is pink and traditional if and only if he is not long and plain.
- If someone is both not traditional and eastern, then he is not few.
- If there is someone who is either not eastern or not traditional, then Martin is not pink.
- Someone who is not traditional is always both not pink and plain.
- Someone is plain and few if and only if he is eastern and not pink.
- If someone is not pink or he is eastern, then he is not few.
- If someone is not plain or traditional, then he is few.
- If there is at least one person who is either not long or eastern, then Hall is traditional and Carolina is not few.
- Hall being not traditional is equivalent to Michael being eastern.
- If Michael is not long and Jeremiah is not pink, then Hall is not plain.

Step 3: Determine the answer to the question.

Carolina is long."
entailment,T,,F,0,T,0,"Step 1: Identify the relevant information in the facts.
- Martin is few.
- Carolina is eastern.
- Hall is not long.
- Martin is long.
- Jeremiah is not traditional.
- Hall is not eastern.
- Ramsey is long.
- Michael is long.
- Carolina is not traditional.
- Jeremiah is few.
- Ramsey is plain.

Step 2: Apply the rules to the given information.
- If someone is not plain or traditional, then he is few.
- If someone is not pink or he is eastern, then he is not few.
- If there is at least one person who is either not long or eastern, then Hall is not plain.
- If Michael is not long and Jeremiah is not pink, then Hall is not plain.

Step 3: Determine the answer to the question.
- Carolina is not long."
neutral,F,,F,0,T,1,"Step 1: Identify the relevant information in the facts.
- Martin is few.
- Carolina is eastern.
- Hall is not long.
- Martin is long.
- Jeremiah is not traditional.
- Hall is not eastern.
- Ramsey is long.
- Michael is long.
- Carolina is not traditional.
- Jeremiah is few.
- Ramsey is plain.

Step 2: Apply the rules to the relevant information.
- If someone is not plain or traditional, then he is few.
- If someone is not pink or he is eastern, then he is not few.
- If there is at least one person who is either not long or eastern, then Hall is not plain.
- If Michael is not long and Jeremiah is not pink, then Hall is not plain.

Step 3: Determine the answer to the question.
- Ramsey is traditional.
- Hall is not plain.
- Michael is long.
- Carolina is not traditional.
- Jeremiah is few.
- Ramsey is plain.
- Martin is not pink.
- Carolina is not traditional.
- Jeremiah is not traditional.
- Hall is not eastern.
- Martin is not long.
- Michael is not long.
- Carolina is not traditional.
- Jeremiah is not pink.
- Ramsey is not plain.
- Michael is not long.
- Carolina is not traditional.
- Jeremiah is not pink.
- Ramsey is not eastern.
- Martin is not long.
- Michael is not long.
- Carolina is not traditional.
- Jeremiah is not pink.
- Ramsey is not plain.
- Michael is not long.
- Carolina is not traditional.
- Jeremiah is not pink.
- Ramsey is not eastern.
- Martin is not long.
- Michael is not long.
- Carolina is not traditional.
- Jeremiah is not pink.
- Ramsey is not plain.
- Michael is not long.
- Carolina is not traditional.
- Jeremiah is not pink.
- Ramsey is not eastern.
- Martin is not long.
- Michael is not long.
- Carolina is not traditional.
- Jeremiah is not pink.
- Ramsey is not plain.
- Michael is not long.
- Carolina is not traditional.
- Jeremiah is not pink.
- Ramsey is not eastern.
- Martin is not long.
- Michael is not long.
- Carolina is not traditional.
- Jeremiah is not pink.
- Ramsey is not plain.
- Michael is not long.
- Carolina is not traditional.
- Jeremiah is not pink.
- Ramsey is not eastern.
- Martin is not long.
- Michael is not long.
- Carolina is not traditional.
- Jeremiah is"
entailment,T,,F,0,T,0,"Step 1: Identify the relevant information in the facts.
- Martin is few.
- Carolina is eastern.
- Hall is not long.
- Martin is long.
- Jeremiah is not traditional.
- Hall is not eastern.
- Ramsey is long.
- Michael is long.
- Carolina is not traditional.
- Jeremiah is few.
- Ramsey is plain.

Step 2: Apply the rules to the given information.
- Hall is not long: This means that Hall is not traditional.
- Martin is few: This means that Martin is not long.
- Carolina is eastern: This means that Carolina is not long.
- Hall is not eastern: This means that Hall is not long.
- Ramsey is long: This means that Ramsey is not long.
- Michael is long: This means that Michael is not long.
- Carolina is not traditional: This means that Carolina is not long.
- Jeremiah is not traditional: This means that Jeremiah is not long.
- Ramsey is plain: This means that Ramsey is not long.

Step 3: Determine the conclusion based on the rules.
- If there is someone who is either not eastern or not traditional, then Martin is not pink.
- If someone is not plain or traditional, then he is few.
- If there is at least one person who is either not long or eastern, then Hall is traditional and Carolina is not few.
- If Michael is not long and Jeremiah is not pink, then Hall is not plain.
- If Michael is not long and Jeremiah is not pink, then Hall is not plain.
- If Michael is not long and Jeremiah is not pink, then Hall is not plain.
- If Michael is not long and Jeremiah is not pink, then Hall is not plain.
- If Michael is not long and Jeremiah is not pink, then Hall is not plain.
- If Michael is not long and Jeremiah is not pink, then Hall is not plain.
- If Michael is not long and Jeremiah is not pink, then Hall is not plain.
- If Michael is not long and Jeremiah is not pink, then Hall is not plain.
- If Michael is not long and Jeremiah is not pink, then Hall is not plain.
- If Michael is not long and Jeremiah is not pink, then Hall is not plain.
- If Michael is not long and Jeremiah is not pink, then Hall is not plain.
- If Michael is not long and Jeremiah is not pink, then Hall is not plain.
- If Michael is not long and Jeremiah is not pink, then Hall is not plain.
- If"
neutral,F,,F,0,T,1,"Step 1: Identify the relevant information in the facts.
- Martin is few.
- Carolina is eastern.
- Hall is not long.
- Martin is long.
- Jeremiah is not traditional.
- Hall is not eastern.
- Ramsey is long.
- Michael is long.
- Carolina is not traditional.
- Jeremiah is few.
- Ramsey is plain.

Step 2: Apply the rules to the relevant information.
- Michael is traditional: This is given in the question.
- Martin is few: This is given in the facts.
- Carolina is eastern: This is given in the facts.
- Hall is not long: This is given in the facts.
- Martin is long: This is given in the facts.
- Jeremiah is not traditional: This is given in the facts.
- Hall is not eastern: This is given in the facts.
- Ramsey is long: This is given in the facts.
- Michael is long: This is given in the facts.
- Carolina is not traditional: This is given in the facts.
- Jeremiah is few: This is given in the facts.
- Ramsey is plain: This is given in the facts.

Step 3: Determine the implications of the rules.
- If someone is not eastern or not traditional, then he is not long.
- If someone is not plain or traditional, then he is not long.
- If someone is not pink or he is eastern, then he is not few.
- If someone is not pink and he is eastern, then he is not few.
- If someone is not long and he is eastern, then he is not few.
- If someone is not long and he is not pink, then he is not few.
- If someone is not long and he is not pink and he is eastern, then he is not few.
- If someone is not long and he is not pink and he is not eastern, then he is not few.
- If someone is not long and he is not pink and he is not eastern and he is not long and he is not pink and he is not eastern and he is not long and he is not pink and he is not eastern and he is not long and he is not pink and he is not eastern and he is not long and he is not pink and he is not eastern and he is not long and he is not pink and he is not eastern and he is not long and he is not pink and he is not eastern and he is not long and he is not pink and he is not eastern and he is not"
neutral,F,,F,0,T,1,"Step 1: Identify the relevant facts and rules.
- Martin is few.
- Carolina is eastern.
- Hall is not long.
- Martin is long.
- Jeremiah is not traditional.
- Hall is not eastern.
- Ramsey is long.
- Michael is long.
- Carolina is not traditional.
- Jeremiah is few.
- Ramsey is plain.
- Michael is plain.
- Carolina is not traditional.
- Jeremiah is not pink.
- Hall being not traditional is equivalent to Michael being eastern.
- If Michael is not long and Jeremiah is not pink, then Hall is not plain.
- If there is at least one person who is either not long or eastern, then Martin is traditional and Carolina is not few.
- If Ramsey is not few, then Hall is not plain.

Step 2: Apply the rules to the given facts and question.
- Martin is few, so Hall is not long.
- Carolina is eastern, so Ramsey is not few.
- Hall is not plain, so Michael is not long.
- Michael is plain, so Carolina is not traditional.
- Carolina is not traditional, so Jeremiah is not pink.
- Hall being not traditional is equivalent to Michael being eastern, so Hall is not plain.
- If Michael is not long and Jeremiah is not pink, then Hall is not plain.
- If there is at least one person who is either not long or eastern, then Martin is traditional and Carolina is not few.
- If Ramsey is not few, then Hall is not plain.

Step 3: Determine the answer to the question.
- Ramsey is not few, so Hall is not plain.
- If there is at least one person who is either not long or eastern, then Martin is traditional and Carolina is not few.
- If Ramsey is not few, then Hall is not plain.
- If Michael is not long and Jeremiah is not pink, then Hall is not plain.
- If there is at least one person who is either not long or eastern, then Martin is traditional and Carolina is not few.
- If Ramsey is not few, then Hall is not plain.
- If Michael is not long and Jeremiah is not pink, then Hall is not plain.
- If there is at least one person who is either not long or eastern, then Martin is traditional and Carolina is not few.
- If Ramsey is not few, then Hall is not plain.
- If Michael is not long and Jeremiah is not pink, then Hall is not plain.
- If there is at least one person who is either not long or eastern,"
neutral,F,,F,0,T,1,"Step 1: Identify the relevant information in the facts.
- Martin is few.
- Carolina is eastern.
- Hall is not long.
- Martin is long.
- Jeremiah is not traditional.
- Hall is not eastern.
- Ramsey is long.
- Michael is long.
- Carolina is not traditional.
- Jeremiah is few.
- Ramsey is plain.

Step 2: Apply the rules to the relevant information.
- If someone is not plain or traditional, then he is few.
- If someone is not pink or he is eastern, then he is not few.
- If someone is not pink or he is eastern, then he is not long.
- If someone is not long or he is eastern, then he is not few.
- If someone is not pink or he is eastern, then he is not few.
- If someone is not pink or he is eastern, then he is not few.
- If someone is not pink or he is eastern, then he is not few.
- If someone is not pink or he is eastern, then he is not few.
- If someone is not pink or he is eastern, then he is not few.
- If someone is not pink or he is eastern, then he is not few.
- If someone is not pink or he is eastern, then he is not few.
- If someone is not pink or he is eastern, then he is not few.
- If someone is not pink or he is eastern, then he is not few.
- If someone is not pink or he is eastern, then he is not few.
- If someone is not pink or he is eastern, then he is not few.
- If someone is not pink or he is eastern, then he is not few.
- If someone is not pink or he is eastern, then he is not few.
- If someone is not pink or he is eastern, then he is not few.
- If someone is not pink or he is eastern, then he is not few.
- If someone is not pink or he is eastern, then he is not few.
- If someone is not pink or he is eastern, then he is not few.
- If someone is not pink or he is eastern, then he is not few.
- If someone is not pink or he is eastern, then he is not few.
- If someone is not pink or he is eastern, then he is not few.
- If someone is not pink or he is eastern, then he is not few.
- If someone is not pink or"
self_contradiction,F,,F,0,T,1,"Step 1: Identify the relevant information in the facts.
- Martin is few.
- Carolina is eastern.
- Hall is not long.
- Martin is long.
- Jeremiah is not traditional.
- Hall is not eastern.
- Ramsey is long.
- Michael is long.
- Carolina is not traditional.
- Jeremiah is few.
- Ramsey is plain.

Step 2: Apply the rules to the relevant information.
- If someone is not plain or traditional, then he is few.
- If someone is not pink or he is eastern, then he is not few.
- If someone is not long or he is eastern, then he is not few.
- If someone is not pink or he is eastern, then he is not few.
- If someone is not long or he is eastern, then he is not few.
- If someone is not long or he is eastern, then he is not few.
- If someone is not long or he is eastern, then he is not few.
- If someone is not long or he is eastern, then he is not few.
- If someone is not long or he is eastern, then he is not few.
- If someone is not long or he is eastern, then he is not few.
- If someone is not long or he is eastern, then he is not few.
- If someone is not long or he is eastern, then he is not few.
- If someone is not long or he is eastern, then he is not few.
- If someone is not long or he is eastern, then he is not few.
- If someone is not long or he is eastern, then he is not few.
- If someone is not long or he is eastern, then he is not few.
- If someone is not long or he is eastern, then he is not few.
- If someone is not long or he is eastern, then he is not few.
- If someone is not long or he is eastern, then he is not few.
- If someone is not long or he is eastern, then he is not few.
- If someone is not long or he is eastern, then he is not few.
- If someone is not long or he is eastern, then he is not few.
- If someone is not long or he is eastern, then he is not few.
- If someone is not long or he is eastern, then he is not few.
- If someone is not long or he is eastern, then he is not few.
- If someone is not long or"
entailment,T,,F,0,T,0,"Step 1: Identify the relevant information in the facts.
- Martin is few.
- Carolina is eastern.
- Hall is not long.
- Martin is long.
- Jeremiah is not traditional.
- Hall is not eastern.
- Ramsey is long.
- Michael is long.
- Carolina is not traditional.
- Jeremiah is few.
- Ramsey is plain.

Step 2: Apply the rules to the given information.
- If there is someone who is either not eastern or not traditional, then Martin is not pink.
- If someone is not plain or traditional, then he is not long.
- If someone is not pink or he is eastern, then he is not few.
- If there is at least one person who is either not long or eastern, then Hall is not plain.

Step 3: Apply the rules to the question.
- Carolina is plain.
- Martin is few.
- Hall is not long.
- Martin is long.
- Jeremiah is not traditional.
- Hall is not eastern.
- Ramsey is long.
- Michael is long.
- Carolina is not traditional.
- Jeremiah is few.
- Ramsey is plain.

Step 4: Determine the answer based on the rules and the question.
- Since Martin is few and Carolina is eastern, Martin is not pink.
- Since Michael is long and Carolina is not traditional, Michael is not few.
- Since Hall is not long and Carolina is not traditional, Hall is not plain.
- Since Jeremiah is not traditional and Hall is not eastern, Hall is not plain.
- Since Ramsey is long and Michael is long, Ramsey is not plain.
- Since Michael is not long and Jeremiah is not pink, Michael is not few.
- Since there is at least one person who is either not long or eastern, Hall is not plain.

Step 5: Provide the answer.
- Carolina is plain."
neutral,F,,F,0,T,1,"Step 1: Identify the relevant information in the facts.
- Martin is few.
- Carolina is eastern.
- Hall is not long.
- Martin is long.
- Jeremiah is not traditional.
- Hall is not eastern.
- Ramsey is long.
- Michael is long.
- Carolina is not traditional.
- Jeremiah is few.
- Ramsey is plain.

Step 2: Apply the rules to the relevant information.
- Michael is not few.
- Hall is not long.
- Ramsey is long.
- Michael is long.
- Carolina is not traditional.
- Jeremiah is few.
- Ramsey is plain.

Step 3: Determine the implications of the rules.
- If Michael is not few, then he is not long.
- If Hall is not long, then he is not plain.
- If Ramsey is long, then he is not plain.
- If Michael is long, then he is not few.
- If Carolina is not traditional, then she is not few.
- If Jeremiah is few, then he is not long.
- If Ramsey is plain, then he is not eastern.

Step 4: Apply the rules to the facts.
- If Michael is not few, then he is not long.
- If Hall is not long, then he is not plain.
- If Ramsey is long, then he is not plain.
- If Michael is long, then he is not few.
- If Carolina is not traditional, then she is not few.
- If Jeremiah is few, then he is not long.
- If Ramsey is plain, then he is not eastern.

Step 5: Determine the final answer.
- Michael is not few.
- Hall is not long.
- Ramsey is long.
- Michael is long.
- Carolina is not traditional.
- Jeremiah is few.
- Ramsey is plain."
entailment,T,,F,0,T,0,"Step 1: Identify the relevant information in the facts.
- Martin is few.
- Carolina is eastern.
- Hall is not long.
- Martin is long.
- Jeremiah is not traditional.
- Hall is not eastern.
- Ramsey is long.
- Michael is long.
- Carolina is not traditional.
- Jeremiah is few.
- Ramsey is plain.

Step 2: Apply the rules to the relevant information.
- Michael is long: This means that Michael is not long.
- Martin is few: This means that Martin is not traditional.
- Carolina is eastern: This means that Carolina is not plain.
- Hall is not long: This means that Hall is not eastern.
- Martin is long: This means that Martin is not long.
- Jeremiah is not traditional: This means that Jeremiah is not pink.
- Hall is not eastern: This means that Hall is not plain.
- Ramsey is long: This means that Ramsey is not traditional.
- Michael is long: This means that Michael is not long.
- Carolina is not traditional: This means that Carolina is not pink.
- Jeremiah is few: This means that Jeremiah is not traditional.
- Ramsey is plain: This means that Ramsey is not eastern.

Step 3: Determine the conclusion based on the rules.
- Michael is long: This means that Michael is not long.
- Martin is few: This means that Martin is not traditional.
- Carolina is eastern: This means that Carolina is not plain.
- Hall is not long: This means that Hall is not eastern.
- Martin is long: This means that Martin is not long.
- Jeremiah is not traditional: This means that Jeremiah is not pink.
- Hall is not eastern: This means that Hall is not plain.
- Ramsey is long: This means that Ramsey is not traditional.
- Michael is long: This means that Michael is not long.
- Carolina is not traditional: This means that Carolina is not pink.
- Jeremiah is few: This means that Jeremiah is not traditional.
- Ramsey is plain: This means that Ramsey is not eastern.

Step 4: Identify the conclusion.
- Michael is long: This means that Michael is not long.
- Martin is few: This means that Martin is not traditional.
- Carolina is eastern: This means that Carolina is not plain.
- Hall is not long: This means that Hall is not eastern.
- Martin is long: This means that Martin is not long.
- Jeremiah is not traditional: This means that Jeremiah is not pink.
- Hall is not eastern: This means that"
contradiction,F,,F,0,T,1,"Step 1: Identify the relevant information in the facts.
- Martin is few.
- Carolina is eastern.
- Hall is not long.
- Martin is long.
- Jeremiah is not traditional.
- Hall is not eastern.
- Ramsey is long.
- Michael is long.
- Carolina is not traditional.
- Jeremiah is few.
- Ramsey is plain.

Step 2: Apply the rules to the relevant information.
- If someone is not plain or traditional, then he is few.
- If someone is not long or eastern, then he is not pink.
- If there is at least one person who is either not long or eastern, then Hall is traditional and Carolina is not few.

Step 3: Determine the answer based on the rules and the relevant information.
- Hall is eastern.
- Martin is few.
- Carolina is eastern.
- Hall is not long.
- Martin is long.
- Jeremiah is not traditional.
- Hall is not eastern.
- Ramsey is long.
- Michael is long.
- Carolina is not traditional.
- Jeremiah is few.
- Ramsey is plain.

Step 4: Apply the rules to the relevant information.
- If someone is not plain or traditional, then he is few.
- If someone is not long or eastern, then he is not pink.
- If there is at least one person who is either not long or eastern, then Hall is traditional and Carolina is not few.

Step 5: Determine the answer based on the rules and the relevant information.
- Hall is eastern.
- Martin is few.
- Carolina is eastern.
- Hall is not long.
- Martin is long.
- Jeremiah is not traditional.
- Hall is not eastern.
- Ramsey is long.
- Michael is long.
- Carolina is not traditional.
- Jeremiah is few.
- Ramsey is plain.

Step 6: Apply the rules to the relevant information.
- If someone is not plain or traditional, then he is few.
- If someone is not long or eastern, then he is not pink.
- If there is at least one person who is either not long or eastern, then Hall is traditional and Carolina is not few.

Step 7: Determine the answer based on the rules and the relevant information.
- Hall is eastern.
- Martin is few.
- Carolina is eastern.
- Hall is not long.
- Martin is long.
- Jeremiah is not traditional.
- Hall is not eastern.
- Ramsey is long.
- Michael is long.
- Carolina is not traditional.
- Jeremiah is few.
- Ramsey is plain."
self_contradiction,F,,F,0,T,1,"Step 1: Identify the relevant facts and rules.
- Martin is few.
- Carlton is eastern.
- Carolina is eastern.
- Hall is not long.
- Martin is long.
- Jeremiah is not traditional.
- Hall is not eastern.
- Ramsey is long.
- Michael is long.
- Carolina is not traditional.
- Jeremiah is few.
- Ramsey is plain.

Step 2: Apply the rules to the given facts and determine the relationships between the people.

- Martin is few, so he is not long.
- Carlton is eastern, so he is not long.
- Carolina is eastern, so she is not long.
- Hall is not long, so he is not plain.
- Martin is long, so he is not plain.
- Jeremiah is not traditional, so he is not plain.
- Hall is not eastern, so he is not plain.
- Ramsey is long, so he is not plain.
- Michael is long, so he is not plain.
- Carolina is not traditional, so she is not plain.
- Jeremiah is few, so he is not plain.
- Ramsey is plain.

Step 3: Determine the relationships between the people based on the given facts and rules.

- Martin is not long and not plain, so he is not traditional.
- Carlton is not long and not plain, so he is not traditional.
- Carolina is not long and not plain, so she is not traditional.
- Hall is not long and not plain, so he is not traditional.
- Martin is long and not plain, so he is not traditional.
- Jeremiah is not traditional, so he is not plain.
- Hall is not eastern and not plain, so he is not traditional.
- Ramsey is long and not plain, so he is not traditional.
- Michael is long and not plain, so he is not traditional.
- Carolina is not traditional, so she is not plain.
- Jeremiah is few, so he is not plain.
- Ramsey is plain.

Step 4: Determine the relationships between the people based on the given facts and rules.

- Martin is not long and not plain, so he is not traditional.
- Carlton is not long and not plain, so he is not traditional.
- Carolina is not long and not plain, so she is not traditional.
- Hall is not long and not plain, so he is not traditional.
- Martin is long and not plain, so he is not traditional.
- Jeremiah is not traditional, so he is not plain.
- Hall is not eastern and not plain,"
self_contradiction,F,,F,0,T,1,"Step 1: Identify the relevant facts and rules.
- Martin is few.
- Carolina is eastern.
- Hall is not long.
- Martin is long.
- Jeremiah is not traditional.
- Hall is not eastern.
- Ramsey is long.
- Michael is long.
- Carolina is not traditional.
- Jeremiah is few.
- Ramsey is plain.
- Michael is not traditional.
- Hall is not eastern.
- Martin is not pink.
- Someone is plain and few if and only if he is eastern and not pink.
- If someone is not pink or he is eastern, then he is not few.
- If someone is not plain or traditional, then he is few.
- If there is at least one people who is either not long or eastern, then Hall is not plain.
- If Michael is not long and Jeremiah is not pink, then Hall is not plain.

Step 2: Apply the rules to the given facts.
- Martin is few, so Hall is not long.
- Carolina is eastern, so Hall is not plain.
- Martin is long, so Hall is not plain.
- Jeremiah is not traditional, so Hall is not plain.
- Hall is not eastern, so Hall is not plain.
- Ramsey is long, so Hall is not plain.
- Michael is long, so Hall is not plain.
- Carolina is not traditional, so Hall is not plain.
- Jeremiah is few, so Hall is not plain.
- Ramsey is plain, so Hall is not plain.
- Michael is not traditional, so Hall is not plain.
- Hall is not eastern, so Hall is not plain.
- Martin is not pink, so Hall is not plain.
- Someone is plain and few if and only if he is eastern and not pink.
- If someone is not pink or he is eastern, then he is not few.
- If someone is not plain or traditional, then he is few.
- If there is at least one people who is either not long or eastern, then Hall is not plain.
- If Michael is not long and Jeremiah is not pink, then Hall is not plain.

Step 3: Determine the answer to the question.
- Carolina is not few."
self_contradiction,F,,F,0,F,1,"Step 1: Identify the relevant information in the facts.
- Martin is few.
- Carolina is eastern.
- Hall is not long.
- Martin is long.
- Jeremiah is not traditional.
- Hall is not eastern.
- Ramsey is long.
- Michael is long.
- Carolina is not traditional.
- Jeremiah is few.
- Ramsey is plain.

Step 2: Apply the rules to the given information.
- If someone is not plain or traditional, then he is few.
- If someone is not pink or he is eastern, then he is not few.
- If someone is not long or he is not traditional, then he is not plain.
- If there is at least one person who is either not long or eastern, then Martin is traditional and Carolina is not few.
- If Michael is not long and Jeremiah is not pink, then Hall is not plain.

Step 3: Determine the answer to the question.
- Jeremiah is few.
- Hall is not plain.
- Michael is long.
- Carolina is not traditional.
- Ramsey is long.
- Martin is not pink.
- Ramsey is plain.

Step 4: Apply the rules to the given information to find the answer to the question.
- If someone is not pink or he is eastern, then he is not few.
- If someone is not long or he is not traditional, then he is not plain.
- If there is at least one person who is either not long or eastern, then Martin is traditional and Carolina is not few.
- If Michael is not long and Jeremiah is not pink, then Hall is not plain.

Step 5: Determine the answer to the question.
- Jeremiah is few.
- Hall is not plain.
- Michael is long.
- Carolina is not traditional.
- Ramsey is long.
- Martin is not pink.
- Ramsey is plain.

Step 6: Apply the rules to the given information to find the answer to the question.
- If someone is not pink or he is eastern, then he is not few.
- If someone is not long or he is not traditional, then he is not plain.
- If there is at least one person who is either not long or eastern, then Martin is traditional and Carolina is not few.
- If Michael is not long and Jeremiah is not pink, then Hall is not plain.

Step 7: Determine the answer to the question.
- Jeremiah is few.
- Hall is not plain.
- Michael is long.
- Carolina is not traditional.
- Ramsey is long.
- Martin is not"
self_contradiction,F,,F,0,F,1,"Step 1: Identify the relevant facts and rules.
- Martin is few.
- Carolina is eastern.
- Hall is not long.
- Martin is long.
- Jeremiah is not traditional.
- Hall is not eastern.
- Ramsey is long.
- Michael is long.
- Carolina is not traditional.
- Jeremiah is few.
- Ramsey is plain.
- Michael is not traditional.
- Hall is not eastern.
- Martin is not pink.
- Someone is plain and few if and only if he is eastern and not pink.
- If someone is not pink or he is eastern, then he is not few.
- If someone is not plain or traditional, then he is few.
- If there is at least one people who is either not long or eastern, then Hall is not plain.
- If Michael is not long and Jeremiah is not pink, then Hall is not plain.

Step 2: Apply the rules to the given facts.
- Martin is few, so Hall is not long.
- Carolina is eastern, so Hall is not plain.
- Martin is long, so Hall is not plain.
- Jeremiah is not traditional, so Hall is not plain.
- Hall is not eastern, so Hall is not plain.
- Ramsey is long, so Hall is not plain.
- Michael is long, so Hall is not plain.
- Carolina is not traditional, so Hall is not plain.
- Jeremiah is few, so Hall is not plain.
- Ramsey is plain, so Hall is not plain.
- Michael is not traditional, so Hall is not plain.
- Hall is not eastern, so Hall is not plain.
- Martin is not pink, so Hall is not plain.
- Someone is plain and few if and only if he is eastern and not pink.
- If someone is not pink or he is eastern, then he is not few.
- If someone is not plain or traditional, then he is few.
- If there is at least one people who is either not long or eastern, then Hall is not plain.
- If Michael is not long and Jeremiah is not pink, then Hall is not plain.

Step 3: Determine the conclusion based on the rules and facts.
- Since Hall is not plain, it means that Hall is not eastern and not pink. Therefore, Hall is not plain and not eastern.
- Since Hall is not plain and not eastern, it means that Hall is not long and not traditional. Therefore, Hall is not plain and not eastern and not long and not traditional.
- Since Hall is not long and not"
entailment,T,,F,0,T,0,"Trent is not sensible and not administrative.
Trent is not sensible and not oak.
Trent is not sensible and not ashamed.
Trent is not sensible and not administrative and not oak.
Trent is not sensible and not administrative and not ashamed.
Trent is not sensible and not administrative and not oak and not ashamed.
Trent is not sensible and not administrative and not oak and not ashamed and not administrative.
Trent is not sensible and not administrative and not oak and not ashamed and not administrative and not oak.
Trent is not sensible and not administrative and not oak and not ashamed and not administrative and not oak and not administrative and not oak.
Trent is not sensible and not administrative and not oak and not ashamed and not administrative and not oak and not administrative and not oak and not administrative and not oak.
Trent is not sensible and not administrative and not oak and not ashamed and not administrative and not oak and not administrative and not oak and not administrative and not oak and not administrative and not oak and not administrative and not oak and not administrative and not oak and not administrative and not oak and not administrative and not oak and not administrative and not oak and not administrative and not oak and not administrative and not oak and not administrative and not oak and not administrative and not oak and not administrative and not oak and not administrative and not oak and not administrative and not oak and not administrative and not oak and not administrative and not oak and not administrative and not oak and not administrative and not oak and not administrative and not oak and not administrative and not oak and not administrative and not oak and not administrative and not oak and not administrative and not oak and not administrative and not oak and not administrative and not oak and not administrative and not oak and not administrative and not oak and not administrative and not oak and not administrative and not oak and not administrative and not oak and not administrative and not oak and not administrative and not oak and not administrative and not oak and not administrative and not oak and not administrative and not oak and not administrative and not oak and not administrative and not oak and not administrative and not oak and not administrative and not oak and not administrative and not oak and not administrative and not oak and not administrative and not oak and not administrative and not oak and not administrative and not oak and not administrative and not oak and not administrative and not oak and not administrative and not oak and not administrative and not oak and not administrative and not oak and not administrative and not oak and not administrative and not oak and not administrative and not oak and not administrative and not oak and not administrative and"
self_contradiction,F,,F,0,T,1,"Trent is not administrative because he is not happy and administrative. If someone is not happy and administrative, then he is not ashamed. If someone is not ashamed, then he is not oak. If someone is not oak, then he is not sensible. If someone is not sensible, then he is not happy and administrative. If someone is not happy and administrative, then he is not ashamed. If someone is not ashamed, then he is not oak. If someone is not oak, then he is not sensible. If someone is not sensible, then he is not happy and administrative. If someone is not happy and administrative, then he is not ashamed. If someone is not ashamed, then he is not oak. If someone is not oak, then he is not sensible. If someone is not sensible, then he is not happy and administrative. If someone is not happy and administrative, then he is not ashamed. If someone is not ashamed, then he is not oak. If someone is not oak, then he is not sensible. If someone is not sensible, then he is not happy and administrative. If someone is not happy and administrative, then he is not ashamed. If someone is not ashamed, then he is not oak. If someone is not oak, then he is not sensible. If someone is not sensible, then he is not happy and administrative. If someone is not happy and administrative, then he is not ashamed. If someone is not ashamed, then he is not oak. If someone is not oak, then he is not sensible. If someone is not sensible, then he is not happy and administrative. If someone is not happy and administrative, then he is not ashamed. If someone is not ashamed, then he is not oak. If someone is not oak, then he is not sensible. If someone is not sensible, then he is not happy and administrative. If someone is not happy and administrative, then he is not ashamed. If someone is not ashamed, then he is not oak. If someone is not oak, then he is not sensible. If someone is not sensible, then he is not happy and administrative. If someone is not happy and administrative, then he is not ashamed. If someone is not ashamed, then he is not oak. If someone is not oak, then he is not sensible. If someone is not sensible, then he is not happy and administrative. If someone is not happy and administrative, then he is not ashamed. If someone is not ashamed, then he is not oak. If someone is not oak,"
contradiction,F,,F,0,T,1,"Step 1: Identify the relevant information in the facts.
- Antonio is hurt.
- Martin is administrative.
- Mark is hurt.
- Antonio is oak.
- Martin is not hurt.
- Mark is oak.
- Alisa is not happy.
- Leona is sensible.
- Antonio is not sensible.
- Leona is oak.
- Alberto is not oak.
- Leona is not ashamed.
- Trent is administrative.
- Alisa is happy.
- Mark is oak.
- If someone is not sensible, then he is not happy and administrative.
- If someone is not hurt, then he is not ashamed, and vice versa.
- Someone is not hurt and not oak if and only if he is ashamed.
- If Martin is not oak, then Alberto is not sensible.

Step 2: Apply the rules to the relevant information.
- If someone is not sensible, then he is not happy and administrative.
- If someone is not hurt, then he is not ashamed, and vice versa.
- Someone is not hurt and not oak if and only if he is ashamed.
- If Martin is not oak, then Alberto is not sensible.

Step 3: Determine the answer to the question.
- Leona is not oak.
- Leona is not sensible.
- Leona is not ashamed.
- Leona is not hurt.
- Leona is not oak.
- Leona is not administrative.
- Leona is not happy.
- Leona is not oak.
- Leona is not administrative.
- Leona is not sensible.
- Leona is not ashamed.
- Leona is not hurt.
- Leona is not oak.
- Leona is not administrative.
- Leona is not happy.
- Leona is not oak.
- Leona is not administrative.
- Leona is not sensible.
- Leona is not ashamed.
- Leona is not hurt.
- Leona is not oak.
- Leona is not administrative.
- Leona is not happy.
- Leona is not oak.
- Leona is not administrative.
- Leona is not sensible.
- Leona is not ashamed.
- Leona is not hurt.
- Leona is not oak.
- Leona is not administrative.
- Leona is not happy.
- Leona is not oak.
- Leona is not administrative.
- Leona is not sensible.
- Leona is not ashamed.
- Leona is not hurt.
- Leona is not oak.
- Leona is not administrative.
- Leona is"
entailment,T,,F,0,F,0,"Trent is not administrative.
Trent is not happy.
Trent is not ashamed.
Trent is not sensible.
Trent is not hurt.
Trent is not oak.
Trent is not ashamed.
Trent is not sensible.
Trent is not hurt.
Trent is not oak.
Trent is not ashamed.
Trent is not sensible.
Trent is not hurt.
Trent is not oak.
Trent is not ashamed.
Trent is not sensible.
Trent is not hurt.
Trent is not oak.
Trent is not ashamed.
Trent is not sensible.
Trent is not hurt.
Trent is not oak.
Trent is not ashamed.
Trent is not sensible.
Trent is not hurt.
Trent is not oak.
Trent is not ashamed.
Trent is not sensible.
Trent is not hurt.
Trent is not oak.
Trent is not ashamed.
Trent is not sensible.
Trent is not hurt.
Trent is not oak.
Trent is not ashamed.
Trent is not sensible.
Trent is not hurt.
Trent is not oak.
Trent is not ashamed.
Trent is not sensible.
Trent is not hurt.
Trent is not oak.
Trent is not ashamed.
Trent is not sensible.
Trent is not hurt.
Trent is not oak.
Trent is not ashamed.
Trent is not sensible.
Trent is not hurt.
Trent is not oak.
Trent is not ashamed.
Trent is not sensible.
Trent is not hurt.
Trent is not oak.
Trent is not ashamed.
Trent is not sensible.
Trent is not hurt.
Trent is not oak.
Trent is not ashamed.
Trent is not sensible.
Trent is not hurt.
Trent is not oak.
Trent is not ashamed.
Trent is not sensible.
Trent is not hurt.
Trent is not oak.
Trent is not ashamed.
Trent is not sensible.
Trent is not hurt.
Trent is not oak.
Trent is not ashamed.
Trent is not sensible.
Trent is not hurt.
Trent is not oak.
Trent is not ashamed.
Trent is not sensible.
Trent is not hurt.
Trent is not oak.
Trent is not ashamed.
Trent is not sensible.
Trent is not hurt.
Trent is not oak.
Trent is not ashamed.
Trent is not sensible.
Trent is not hurt.
Trent is"
self_contradiction,F,,F,0,F,1,Mark is not administrative. Mark is not hurt. Mark is not oak. Mark is not sensible. Mark is not ashamed. Mark is not happy. Mark is not administrative. Mark is not oak. Mark is not sensible. Mark is not ashamed. Mark is not happy. Mark is not administrative. Mark is not oak. Mark is not sensible. Mark is not ashamed. Mark is not happy. Mark is not administrative. Mark is not oak. Mark is not sensible. Mark is not ashamed. Mark is not happy. Mark is not administrative. Mark is not oak. Mark is not sensible. Mark is not ashamed. Mark is not happy. Mark is not administrative. Mark is not oak. Mark is not sensible. Mark is not ashamed. Mark is not happy. Mark is not administrative. Mark is not oak. Mark is not sensible. Mark is not ashamed. Mark is not happy. Mark is not administrative. Mark is not oak. Mark is not sensible. Mark is not ashamed. Mark is not happy. Mark is not administrative. Mark is not oak. Mark is not sensible. Mark is not ashamed. Mark is not happy. Mark is not administrative. Mark is not oak. Mark is not sensible. Mark is not ashamed. Mark is not happy. Mark is not administrative. Mark is not oak. Mark is not sensible. Mark is not ashamed. Mark is not happy. Mark is not administrative. Mark is not oak. Mark is not sensible. Mark is not ashamed. Mark is not happy. Mark is not administrative. Mark is not oak. Mark is not sensible. Mark is not ashamed. Mark is not happy. Mark is not administrative. Mark is not oak. Mark is not sensible. Mark is not ashamed. Mark is not happy. Mark is not administrative. Mark is not oak. Mark is not sensible. Mark is not ashamed. Mark is not happy. Mark is not administrative. Mark is not oak. Mark is not sensible. Mark is not ashamed. Mark is not happy. Mark is not administrative. Mark is not oak. Mark is not sensible. Mark is not ashamed. Mark is not happy. Mark is not administrative. Mark is not oak. Mark is not sensible. Mark is not ashamed. Mark is not happy. Mark is not administrative. Mark is not oak. Mark is not sensible. Mark is not ashamed. Mark is not happy. Mark is not administrative. Mark is not oak. Mark is not sensible. Mark is not ashamed. Mark is not happy. Mark is not administrative. Mark is
entailment,T,,F,0,F,0,"Step 1: Identify the relevant information in the facts.
- Antonio is hurt.
- Martin is administrative.
- Mark is hurt.
- Antonio is oak.
- Martin is not hurt.
- Mark is oak.
- Alisa is not happy.
- Leona is sensible.
- Antonio is not sensible.
- Leona is oak.
- Alberto is not oak.
- Leona is not ashamed.
- Trent is administrative.
- Alisa is happy and Mark is oak.
- Martin is not hurt.
- Martin is not ashamed.
- Someone is not hurt and not oak if and only if he is ashamed.
- If someone is not hurt, then he is not ashamed, and vice versa.
- Someone is not hurt and not oak if and only if he is ashamed.
- If Martin is not oak, then Alberto is not sensible.
- If Alisa is happy and Mark is oak, then Trent is ashamed and Martin is not hurt.
- Martin is not oak.
- If someone is not sensible, then he is not happy and administrative.
- If someone is not hurt, then he is not ashamed, and vice versa.
- Someone is not hurt and not oak if and only if he is ashamed.
- If Martin is not oak, then Alberto is not sensible.
- If Alisa is happy and Mark is oak, then Trent is ashamed and Martin is not hurt.
- Martin is not oak.
- If someone is not sensible, then he is not happy and administrative.
- If someone is not hurt, then he is not ashamed, and vice versa.
- Someone is not hurt and not oak if and only if he is ashamed.
- If Martin is not oak, then Alberto is not sensible.
- If Alisa is happy and Mark is oak, then Trent is ashamed and Martin is not hurt.
- Martin is not oak.
- If someone is not sensible, then he is not happy and administrative.
- If someone is not hurt, then he is not ashamed, and vice versa.
- Someone is not hurt and not oak if and only if he is ashamed.
- If Martin is not oak, then Alberto is not sensible.
- If Alisa is happy and Mark is oak, then Trent is ashamed and Martin is not hurt.
- Martin is not oak.
- If someone is not sensible, then he is not happy and administrative.
- If someone is not hurt, then he is not ashamed, and vice versa.
- Someone is not hurt and not oak if and only if he is ashamed.
- If Martin"
entailment,T,,F,0,F,0,"Step 1: Identify the relevant information in the facts.
- Antonio is hurt.
- Martin is administrative.
- Mark is hurt.
- Antonio is oak.
- Martin is not hurt.
- Mark is oak.
- Alisa is not happy.
- Leona is sensible.
- Antonio is not sensible.
- Leona is oak.
- Alberto is not oak.
- Leona is not ashamed.
- Trent is administrative.
- Alisa is happy and Mark is oak.
- Martin is not hurt.
- Martin is not ashamed.
- Antonio is not sensible.
- Martin is not oak.
- Alisa is not ashamed.
- Trent is administrative and Mark is happy.
- Mark is oak.
- Antonio is not administrative.
- As long as someone is not sensible, he is not happy and administrative.
- If someone is not hurt, then he is not ashamed, and vice versa.
- Someone is not hurt and not oak if and only if he is ashamed.
- If Martin is not oak, then Alberto is not sensible.
- Rules: (Implicit in facts)

Step 2: Apply the rules to the given information.
- If someone is not sensible, then he is not happy and administrative.
- If someone is not hurt, then he is not ashamed, and vice versa.
- Someone is not hurt and not oak if and only if he is ashamed.
- If Martin is not oak, then Alberto is not sensible.
- If Martin is not hurt, then he is not ashamed, and vice versa.
- If someone is not sensible, then he is not happy and administrative.
- If someone is not hurt, then he is not ashamed, and vice versa.
- Someone is not hurt and not oak if and only if he is ashamed.
- If Martin is not oak, then Alberto is not sensible.
- If Martin is not hurt, then he is not ashamed, and vice versa.
- If someone is not sensible, then he is not happy and administrative.
- If someone is not hurt, then he is not ashamed, and vice versa.
- Someone is not hurt and not oak if and only if he is ashamed.
- If Martin is not oak, then Alberto is not sensible.
- If Martin is not hurt, then he is not ashamed, and vice versa.
- If someone is not sensible, then he is not happy and administrative.
- If someone is not hurt, then he is not ashamed, and vice versa.
- Someone is not hurt and not oak if and only if he is ashamed.
-"
self_contradiction,F,,F,0,F,1,"Step 1: Identify the relevant information in the facts.
- Antonio is hurt.
- Martin is administrative.
- Mark is hurt.
- Antonio is oak.
- Martin is not hurt.
- Mark is oak.
- Alisa is not happy.
- Leona is sensible.
- Antonio is not sensible.
- Leona is oak.
- Alberto is not oak.
- Leona is not ashamed.
- Trent is administrative.
- Alisa is happy.
- Mark is oak.
- If someone is not sensible, then he is not happy and administrative.
- If someone is not hurt, then he is not ashamed, and vice versa.
- Someone is not hurt and not oak if and only if he is ashamed.
- If Martin is not oak, then Alberto is not sensible.

Step 2: Apply the rules to the relevant information.
- If someone is not sensible, then he is not happy and administrative.
- If someone is not hurt, then he is not ashamed, and vice versa.
- Someone is not hurt and not oak if and only if he is ashamed.
- If Martin is not oak, then Alberto is not sensible.

Step 3: Determine the answer to the question.
- Leona is not administrative.
- Leona is not sensible.
- Leona is not ashamed.
- Leona is not hurt.
- Leona is not oak.
- Leona is not administrative.
- Leona is not sensible.
- Leona is not ashamed.
- Leona is not hurt.
- Leona is not oak.
- Leona is not administrative.
- Leona is not sensible.
- Leona is not ashamed.
- Leona is not hurt.
- Leona is not oak.
- Leona is not administrative.
- Leona is not sensible.
- Leona is not ashamed.
- Leona is not hurt.
- Leona is not oak.
- Leona is not administrative.
- Leona is not sensible.
- Leona is not ashamed.
- Leona is not hurt.
- Leona is not oak.
- Leona is not administrative.
- Leona is not sensible.
- Leona is not ashamed.
- Leona is not hurt.
- Leona is not oak.
- Leona is not administrative.
- Leona is not sensible.
- Leona is not ashamed.
- Leona is not hurt.
- Leona is not oak.
- Leona is not administrative.
- Leona is not sensible.
- Leona is not ashamed.
- Leona is"
entailment,T,,F,0,F,0,Mark is not sensible. Mark is not oak. Mark is not administrative. Mark is not happy. Mark is not ashamed. Mark is not hurt. Mark is not administrative. Mark is not oak. Mark is not administrative. Mark is not oak. Mark is not administrative. Mark is not oak. Mark is not administrative. Mark is not oak. Mark is not administrative. Mark is not oak. Mark is not administrative. Mark is not oak. Mark is not administrative. Mark is not oak. Mark is not administrative. Mark is not oak. Mark is not administrative. Mark is not oak. Mark is not administrative. Mark is not oak. Mark is not administrative. Mark is not oak. Mark is not administrative. Mark is not oak. Mark is not administrative. Mark is not oak. Mark is not administrative. Mark is not oak. Mark is not administrative. Mark is not oak. Mark is not administrative. Mark is not oak. Mark is not administrative. Mark is not oak. Mark is not administrative. Mark is not oak. Mark is not administrative. Mark is not oak. Mark is not administrative. Mark is not oak. Mark is not administrative. Mark is not oak. Mark is not administrative. Mark is not oak. Mark is not administrative. Mark is not oak. Mark is not administrative. Mark is not oak. Mark is not administrative. Mark is not oak. Mark is not administrative. Mark is not oak. Mark is not administrative. Mark is not oak. Mark is not administrative. Mark is not oak. Mark is not administrative. Mark is not oak. Mark is not administrative. Mark is not oak. Mark is not administrative. Mark is not oak. Mark is not administrative. Mark is not oak. Mark is not administrative. Mark is not oak. Mark is not administrative. Mark is not oak. Mark is not administrative. Mark is not oak. Mark is not administrative. Mark is not oak. Mark is not administrative. Mark is not oak. Mark is not administrative. Mark is not oak. Mark is not administrative. Mark is not oak. Mark is not administrative. Mark is not oak. Mark is not administrative. Mark is not oak. Mark is not administrative. Mark is not oak. Mark is not administrative. Mark is not oak. Mark is not administrative. Mark is not oak. Mark is not administrative. Mark is not oak. Mark is not administrative. Mark is not oak. Mark is not administrative. Mark is not oak. Mark is not administrative. Mark is not oak. Mark is
neutral,F,,F,0,F,1,"Step 1: Identify the relevant information in the facts.
- Martin is not hurt.
- Mark is hurt.
- Antonio is hurt.
- Antonio is oak.
- Martin is not hurt.
- Mark is oak.
- Alisa is not happy.
- Leona is sensible.
- Antonio is not sensible.
- Leona is oak.
- Alberto is not oak.
- Leona is not ashamed.
- Trent is administrative.
- Alisa is happy.
- Mark is oak.
- Antonio is not administrative.
- Mark is not hurt.
- Martin is not administrative.
- Trent is ashamed.
- Alisa is not ashamed.
- Antonio is not sensible.
- Leona is not hurt.
- Martin is not oak.
- Someone is not sensible if and only if he is not happy and administrative.
- If someone is not hurt, then he is not ashamed, and vice versa.
- Someone is not hurt and not oak if and only if he is ashamed.
- If Martin is not oak, then Alberto is not sensible.
- If someone is not sensible, then he is not happy and administrative.
- If someone is not hurt, then he is not ashamed, and vice versa.
- Someone is not hurt and not oak if and only if he is ashamed.
- If Martin is not oak, then Alberto is not sensible.
- If someone is not sensible, then he is not happy and administrative.
- If someone is not hurt, then he is not ashamed, and vice versa.
- Someone is not hurt and not oak if and only if he is ashamed.
- If Martin is not oak, then Alberto is not sensible.
- If someone is not sensible, then he is not happy and administrative.
- If someone is not hurt, then he is not ashamed, and vice versa.
- Someone is not hurt and not oak if and only if he is ashamed.
- If Martin is not oak, then Alberto is not sensible.
- If someone is not sensible, then he is not happy and administrative.
- If someone is not hurt, then he is not ashamed, and vice versa.
- Someone is not hurt and not oak if and only if he is ashamed.
- If Martin is not oak, then Alberto is not sensible.
- If someone is not sensible, then he is not happy and administrative.
- If someone is not hurt, then he is not ashamed, and vice versa.
- Someone is not hurt and not oak if and only if he is ashamed.
- If Martin is not oak, then Alberto is not"
self_contradiction,F,,F,0,T,1,"Step 1: Identify the relevant information in the facts.
- Antonio is hurt.
- Martin is administrative.
- Mark is hurt.
- Antonio is oak.
- Martin is not hurt.
- Mark is oak.
- Alisa is not happy.
- Leona is sensible.
- Antonio is not sensible.
- Leona is oak.
- Alberto is not oak.
- Leona is not ashamed.
- Trent is administrative.
- Alisa is happy.
- Mark is oak.
- If someone is not sensible, then he is not happy and administrative.
- If someone is not hurt, then he is not ashamed, and vice versa.
- Someone is not hurt and not oak if and only if he is ashamed.
- If Martin is not oak, then Alberto is not sensible.

Step 2: Apply the rules to the relevant information.
- If someone is not sensible, then he is not happy and administrative.
- If someone is not hurt, then he is not ashamed, and vice versa.
- Someone is not hurt and not oak if and only if he is ashamed.
- If Martin is not oak, then Alberto is not sensible.

Step 3: Determine the answer to the question.
- Leona is not sensible."
neutral,F,,F,0,F,1,"Step 1: Identify the relevant information in the facts.
- Antonio is hurt.
- Martin is administrative.
- Mark is hurt.
- Antonio is oak.
- Martin is not hurt.
- Mark is oak.
- Alisa is not happy.
- Leona is sensible.
- Antonio is not sensible.
- Leona is oak.
- Alberto is not oak.
- Trent is administrative.
- Alisa is happy.
- Mark is oak.
- If someone is not sensible, then Leona is not hurt.
- If there is someone who is not sensible, then Leona is not hurt.
- If someone is not hurt, then he is not ashamed, and vice versa.
- Someone is not hurt and not oak if and only if he is ashamed.
- If Martin is not oak, then Alberto is not sensible.
- If someone is not happy, then he is not ashamed, and vice versa.
- If someone is not hurt, then he is not ashamed, and vice versa.
- If someone is not sensible, then he is not happy and administrative.
- If someone is not happy, then he is not ashamed, and vice versa.
- If someone is not hurt, then he is not ashamed, and vice versa.
- If someone is not sensible, then he is not happy and administrative.
- If someone is not happy, then he is not ashamed, and vice versa.
- If someone is not hurt, then he is not ashamed, and vice versa.
- If someone is not sensible, then he is not happy and administrative.
- If someone is not happy, then he is not ashamed, and vice versa.
- If someone is not hurt, then he is not ashamed, and vice versa.
- If someone is not sensible, then he is not happy and administrative.
- If someone is not happy, then he is not ashamed, and vice versa.
- If someone is not hurt, then he is not ashamed, and vice versa.
- If someone is not sensible, then he is not happy and administrative.
- If someone is not happy, then he is not ashamed, and vice versa.
- If someone is not hurt, then he is not ashamed, and vice versa.
- If someone is not sensible, then he is not happy and administrative.
- If someone is not happy, then he is not ashamed, and vice versa.
- If someone is not hurt, then he is not ashamed, and vice versa.
- If someone is not sensible, then he is not happy and administrative.
- If"
contradiction,F,,F,0,T,1,"Step 1: Identify the relevant information in the facts.
- Martin is not hurt.
- Mark is oak.
- Antonio is hurt.
- Leona is sensible.
- Antonio is not sensible.
- Leona is not ashamed.
- Alisa is not happy.
- Trent is administrative.
- Albert is not oak.
- Mark is administrative.
- Antonio is not administrative.
- Alisa is not oak.
- Trent is not ashamed.
- Leona is not hurt.
- Antonio is not administrative.
- Martin is not happy.

Step 2: Apply the rules to the relevant information.
- Martin is not happy: This is not explicitly stated in the facts, but it can be inferred from the fact that Martin is not hurt and not administrative.
- Martin is not happy and not administrative: This is equivalent to Martin being not sensible.
- Martin is not happy and not administrative and not sensible: This is equivalent to Martin being not oak.
- Martin is not happy and not administrative and not sensible and not oak: This is equivalent to Martin being not ashamed.
- Martin is not happy and not administrative and not sensible and not oak and not ashamed: This is equivalent to Martin being not hurt and not administrative and not sensible and not oak and not ashamed.
- Martin is not happy and not administrative and not sensible and not oak and not ashamed and not hurt: This is equivalent to Martin being not happy and not administrative and not sensible and not oak and not ashamed and not hurt and not administrative and not sensible and not oak and not ashamed and not hurt and not administrative and not sensible and not oak and not ashamed and not hurt and not administrative and not sensible and not oak and not ashamed and not hurt and not administrative and not sensible and not oak and not ashamed and not hurt and not administrative and not sensible and not oak and not ashamed and not hurt and not administrative and not sensible and not oak and not ashamed and not hurt and not administrative and not sensible and not oak and not ashamed and not hurt and not administrative and not sensible and not oak and not ashamed and not hurt and not administrative and not sensible and not oak and not ashamed and not hurt and not administrative and not sensible and not oak and not ashamed and not hurt and not administrative and not sensible and not oak and not ashamed and not hurt and not administrative and not sensible and not oak and not ashamed and not hurt and not administrative and not sensible and not oak and not ashamed and not hurt and not administrative and not sensible and not oak and not ashamed and not hurt and not administrative and"
self_contradiction,F,,F,0,T,1,"Step 1: Identify the relevant information in the facts.
- Antonio is hurt.
- Martin is administrative.
- Mark is hurt.
- Antonio is oak.
- Martin is not hurt.
- Mark is oak.
- Alisa is not happy.
- Leona is sensible.
- Antonio is not sensible.
- Leona is oak.
- Alberto is not oak.
- Leona is not ashamed.
- Trent is administrative.
- Alisa is happy.
- Mark is oak.
- If someone is not sensible, then he is not happy and administrative.
- If someone is not hurt, then he is not ashamed, and vice versa.
- Someone is not hurt and not oak if and only if he is ashamed.
- If Martin is not oak, then Alberto is not sensible.

Step 2: Apply the rules to the relevant information.
- If someone is not sensible, then he is not happy and administrative.
- If someone is not hurt, then he is not ashamed, and vice versa.
- Someone is not hurt and not oak if and only if he is ashamed.
- If Martin is not oak, then Alberto is not sensible.

Step 3: Determine the answer to the question.
- Antonio is not administrative."
neutral,F,,F,0,F,1,"Step 1: Identify the relevant information in the facts.
- Antonio is hurt.
- Martin is administrative.
- Mark is hurt.
- Antonio is oak.
- Martin is not hurt.
- Mark is oak.
- Alisa is not happy.
- Leona is sensible.
- Antonio is not sensible.
- Leona is oak.
- Alberto is not oak.
- Leona is not ashamed.
- Alisa is happy and Mark is oak.
- Martin is administrative and Mark is happy.
- If someone is not sensible, then he is not happy and administrative.
- If someone is not hurt, then he is not ashamed, and vice versa.
- Someone is not hurt and not oak if and only if he is ashamed.
- If Martin is not oak, then Alberto is not sensible.

Step 2: Apply the rules to the relevant information.
- If someone is not sensible, then he is not happy and administrative.
- If Martin is not oak, then Alberto is not sensible.
- If someone is not hurt, then he is not ashamed, and vice versa.
- Someone is not hurt and not oak if and only if he is ashamed.
- If Martin is not oak, then Alberto is not sensible.
- If Alisa is happy and Mark is oak, then Trent is ashamed and Mark is not hurt.
- If Martin is not oak, then Alberto is not sensible.
- If someone is not sensible, then he is not happy and administrative.
- If Martin is not oak, then Alberto is not sensible.
- If someone is not hurt, then he is not ashamed, and vice versa.
- Someone is not hurt and not oak if and only if he is ashamed.
- If Martin is not oak, then Alberto is not sensible.
- If Alisa is happy and Mark is oak, then Trent is ashamed and Mark is not hurt.
- If Martin is not oak, then Alberto is not sensible.
- If someone is not sensible, then he is not happy and administrative.
- If Martin is not oak, then Alberto is not sensible.
- If someone is not hurt, then he is not ashamed, and vice versa.
- Someone is not hurt and not oak if and only if he is ashamed.
- If Martin is not oak, then Alberto is not sensible.
- If Alisa is happy and Mark is oak, then Trent is ashamed and Mark is not hurt.
- If Martin is not oak, then Alberto is not sensible.
- If someone is not sensible, then he is not happy and administrative."
neutral,F,,F,0,T,1,"Step 1: Identify the relevant information in the facts.
- Antonio is hurt.
- Martin is administrative.
- Mark is hurt.
- Antonio is oak.
- Martin is not hurt.
- Mark is oak.
- Alisa is not happy.
- Leona is sensible.
- Antonio is not sensible.
- Leona is oak.
- Alberto is not oak.
- Leona is not ashamed.
- Alisa is happy and Mark is oak.
- Martin is administrative.
- If someone is not sensible, then he is not happy and administrative.
- If someone is not hurt, then he is not ashamed, and vice versa.
- Someone is not hurt and not oak if and only if he is ashamed.
- If Martin is not oak, then Alberto is not sensible.

Step 2: Apply the rules to the relevant information.
- If someone is not sensible, then he is not happy and administrative.
- If someone is not hurt, then he is not ashamed, and vice versa.
- Someone is not hurt and not oak if and only if he is ashamed.
- If Martin is not oak, then Alberto is not sensible.

Step 3: Determine the answer to the question.
Alberto is not administrative."
contradiction,F,,F,0,F,1,"1. The facts state that Antonio is hurt, Martin is administrative, Mark is hurt, Antonio is oak, Martin is not hurt, Mark is oak, and Alisa is not happy. 2. The rules state that if someone is not sensible, then he is not happy and administrative. 3. The rules also state that if someone is not hurt, then he is not ashamed, and vice versa. 4. The rules further state that if someone is not administrative, then he is not oak. 5. The rules also state that if someone is not sensible, then he is not happy and administrative. 6. The rules also state that if someone is not hurt, then he is not ashamed, and vice versa. 7. The rules further state that if someone is not administrative, then he is not oak. 8. The rules also state that if someone is not sensible, then he is not happy and administrative. 9. The rules also state that if someone is not hurt, then he is not ashamed, and vice versa. 10. The rules further state that if someone is not administrative, then he is not oak. 11. The rules also state that if someone is not sensible, then he is not happy and administrative. 12. The rules also state that if someone is not hurt, then he is not ashamed, and vice versa. 13. The rules further state that if someone is not administrative, then he is not oak. 14. The rules also state that if someone is not sensible, then he is not happy and administrative. 15. The rules also state that if someone is not hurt, then he is not ashamed, and vice versa. 16. The rules further state that if someone is not administrative, then he is not oak. 17. The rules also state that if someone is not sensible, then he is not happy and administrative. 18. The rules also state that if someone is not hurt, then he is not ashamed, and vice versa. 19. The rules further state that if someone is not administrative, then he is not oak. 20. The rules also state that if someone is not sensible, then he is not happy and administrative. 21. The rules also state that if someone is not hurt, then he is not ashamed, and vice versa. 22. The rules further state that if someone is not administrative, then he is not oak"
neutral,F,,F,0,T,1,"Step 1: Identify the relevant information in the facts.
- Antonio is hurt.
- Martin is administrative.
- Mark is hurt.
- Antonio is oak.
- Martin is not hurt.
- Mark is oak.
- Alisa is not happy.
- Leona is sensible.
- Antonio is not sensible.
- Leona is oak.
- Alberto is not oak.
- Leona is not ashamed.
- Trent is administrative.
- Alisa is happy and Mark is oak.
- Martin is not hurt.
- Mark is administrative.
- If someone is not sensible, then he is not happy and administrative.
- If someone is not hurt, then he is not ashamed, and vice versa.
- Someone is not hurt and not oak if and only if he is ashamed.
- If Martin is not oak, then Alberto is not sensible.

Step 2: Apply the rules to the relevant information.
- If someone is not sensible, then he is not happy and administrative.
- If someone is not hurt, then he is not ashamed, and vice versa.
- Someone is not hurt and not oak if and only if he is ashamed.
- If Martin is not oak, then Alberto is not sensible.

Step 3: Determine the answer to the question.
- Alisa is not ashamed."
contradiction,F,,F,0,F,1,"1. The facts state that Antonio is hurt, Martin is administrative, Mark is hurt, Antonio is oak, Martin is not hurt, Mark is oak, and Alisa is not happy.
2. The rules state that if someone is not sensible, then he is not happy and administrative.
3. The rules also state that if someone is not hurt, then he is not ashamed, and vice versa.
4. The rules further state that if someone is not administrative, then he is not oak.
5. The rules also state that if someone is not oak, then Alberto is not sensible.
6. The rules further state that if someone is not ashamed, then he is not happy and administrative.
7. The rules also state that if someone is not happy, then he is not oak.
8. The rules further state that if someone is not oak, then Trent is administrative and Mark is happy.
9. The rules also state that if someone is not happy, then he is not ashamed, and vice versa.
10. The rules further state that if someone is not administrative, then he is not oak.
11. The rules also state that if someone is not oak, then Alberto is not sensible.
12. The rules further state that if someone is not sensible, then he is not happy and administrative.
13. The rules also state that if someone is not happy, then he is not oak.
14. The rules further state that if someone is not oak, then Trent is administrative and Mark is happy.
15. The rules also state that if someone is not happy, then he is not ashamed, and vice versa.
16. The rules further state that if someone is not administrative, then he is not oak.
17. The rules also state that if someone is not oak, then Alberto is not sensible.
18. The rules further state that if someone is not sensible, then he is not happy and administrative.
19. The rules also state that if someone is not happy, then he is not oak.
20. The rules further state that if someone is not oak, then Trent is administrative and Mark is happy.
21. The rules also state that if someone is not happy, then he is not ashamed, and vice versa.
22. The rules further state that if someone is not administrative, then he is not oak.
23. The rules also state that if someone is not oak, then Alberto is not sensible.
24. The rules further state that if"
contradiction,F,,F,0,F,1,"Step 1: Identify the relevant information in the facts.
- Antonio is hurt.
- Martin is administrative.
- Mark is hurt.
- Antonio is oak.
- Martin is not hurt.
- Mark is oak.
- Alisa is not happy.
- Leona is sensible.
- Antonio is not sensible.
- Leona is oak.
- Alberto is not oak.
- Leona is not ashamed.
- Alisa is happy.
- Mark is oak.

Step 2: Apply the rules to the relevant information.
- If someone is not hurt, then he is not ashamed, and vice versa.
- If someone is not sensible, then Leona is not hurt.
- If someone is not oak, then Alberto is not sensible.
- If Martin is not oak, then Alberto is not sensible.
- If Alisa is happy and Mark is oak, then Trent is ashamed and Martin is not hurt.
- If Martin is not oak, then Alberto is not sensible.
- If someone is not hurt, then he is not ashamed, and vice versa.
- If someone is not sensible, then Leona is not hurt.
- If someone is not oak, then Alberto is not sensible.
- If Leona is not ashamed, then Trent is administrative and Mark is happy.
- If Martin is not oak, then Alberto is not sensible.
- If Alisa is happy and Mark is oak, then Trent is ashamed and Martin is not hurt.
- If Martin is not oak, then Alberto is not sensible.
- If someone is not hurt, then he is not ashamed, and vice versa.
- If someone is not sensible, then Leona is not hurt.
- If someone is not oak, then Alberto is not sensible.
- If Leona is not ashamed, then Trent is administrative and Mark is happy.
- If Martin is not oak, then Alberto is not sensible.
- If Alisa is happy and Mark is oak, then Trent is ashamed and Martin is not hurt.
- If Martin is not oak, then Alberto is not sensible.
- If someone is not hurt, then he is not ashamed, and vice versa.
- If someone is not sensible, then Leona is not hurt.
- If someone is not oak, then Alberto is not sensible.
- If Leona is not ashamed, then Trent is administrative and Mark is happy.
- If Martin is not oak, then Alberto is not sensible.
- If Alisa is happy and Mark is oak, then Trent is ashamed and Martin is not hurt.
- If Martin is not oak"
