group_id,type,facts,rules,questions,answers,equiv_laws_used
73e97f2e-7a9f-4831-98b7-82e195c5d6c1,base_positive,Grace is blue or yellow,If someone is blue then they are cold. | If someone is yellow then they are cold. | If someone is cold then they are rough. | If someone is not young then they are not rough. | If someone is young then they are cold. | If someone is young then they are nice.,Q1: Grace is cold. | Q2: Grace is rough. | Q3: Grace is young. | Q4: Grace is nice.,T | T | T | T,
5ba48c15-506a-472c-bdf2-437fa64eb0d3,aug_variant3,Emma is green or yellow | Emma is not cold or not nice,If someone is green then they are cold. | If someone is yellow then they are cold. | If someone is cold then they are rough. | If someone is not young then they are not rough. | If someone is young then they are cold. | If someone is young then they are nice.,Q1: Emma is cold. | Q2: Emma is rough. | Q3: Emma is young. | Q4: Emma is nice.,F | F | F | F,
7f91245e-4b5e-4abe-b072-9f420feb8544,aug_variant2,David is blue or red,If someone is blue then they are cold. | If someone is red then they are cold. | If someone is not young then they are not rough. | If someone is young then they are cold. | If someone is young then they are nice.,Q1: David is cold. | Q2: David is rough. | Q3: David is young. | Q4: David is nice.,T | F | F | F,
9c26596b-e951-46d0-898e-2c6412009a93,aug_variant3,Frank is green or blue | Frank is not cold or not nice,If someone is green then they are cold. | If someone is blue then they are cold. | If someone is cold then they are rough. | If someone is not young then they are not rough. | If someone is young then they are cold. | If someone is young then they are nice.,Q1: Frank is cold. | Q2: Frank is rough. | Q3: Frank is young. | Q4: Frank is nice.,F | F | F | F,
efb4228b-0804-4aa9-ac4d-56dddf3b6da4,aug_variant3,Emma is blue or yellow | Emma is not cold or not nice,If someone is blue then they are cold. | If someone is yellow then they are cold. | If someone is cold then they are rough. | If someone is not young then they are not rough. | If someone is young then they are cold. | If someone is young then they are nice.,Q1: Emma is cold. | Q2: Emma is rough. | Q3: Emma is young. | Q4: Emma is nice.,F | F | F | F,
49c03e4c-bf73-4fae-9a07-b7a23d9947f0,base_negative,Grace is blue or yellow,If someone is blue then they are cold. | If someone is yellow then they are cold. | If someone is cold then they are rough. | If someone is not young then they are not rough. | If someone is young then they are cold. | If someone is young then they are nice.,Q1: Grace is not cold. | Q2: Grace is not rough. | Q3: Grace is sad. | Q4: Grace is red.,F | F | F | F,
7b1ff05b-8cdd-44f5-8a6e-89399980af91,base_negative,Helen is blue or red,If someone is blue then they are cold. | If someone is red then they are cold. | If someone is cold then they are rough. | If someone is not young then they are not rough. | If someone is young then they are cold. | If someone is young then they are nice.,Q1: Helen is not cold. | Q2: Helen is not rough. | Q3: Helen is kind. | Q4: Helen is yellow.,F | F | F | F,
00de833e-eff9-4fd9-b438-59b4e8bf7508,base_positive,Anne is red or green,If someone is red then they are cold. | If someone is green then they are cold. | If someone is cold then they are rough. | If someone is not young then they are not rough. | If someone is young then they are cold. | If someone is young then they are nice.,Q1: Anne is cold. | Q2: Anne is rough. | Q3: Anne is young. | Q4: Anne is nice.,T | T | T | T,
ea7e2cb9-1dcd-42e7-a54e-5da2ed4ed847,base_positive,Anne is blue or yellow,If someone is blue then they are cold. | If someone is yellow then they are cold. | If someone is cold then they are rough. | If someone is not young then they are not rough. | If someone is young then they are cold. | If someone is young then they are nice.,Q1: Anne is cold. | Q2: Anne is rough. | Q3: Anne is young. | Q4: Anne is nice.,T | T | T | T,
3f4aa1fd-473f-4fc8-b336-77d0a607fcfe,base_positive,David is red or green,If someone is red then they are cold. | If someone is green then they are cold. | If someone is cold then they are rough. | If someone is not young then they are not rough. | If someone is young then they are cold. | If someone is young then they are nice.,Q1: David is cold. | Q2: David is rough. | Q3: David is young. | Q4: David is nice.,T | T | T | T,
59f7049e-dae4-49b0-ab3c-6e983e0547ff,aug_variant2,Anne is blue or green,If someone is blue then they are cold. | If someone is green then they are cold. | If someone is not young then they are not rough. | If someone is young then they are cold. | If someone is young then they are nice.,Q1: Anne is cold. | Q2: Anne is rough. | Q3: Anne is young. | Q4: Anne is nice.,T | F | F | F,
6032233f-f044-4828-9648-01bbc0ff3152,aug_variant2,Emma is blue or yellow,If someone is blue then they are cold. | If someone is yellow then they are cold. | If someone is not young then they are not rough. | If someone is young then they are cold. | If someone is young then they are nice.,Q1: Emma is cold. | Q2: Emma is rough. | Q3: Emma is young. | Q4: Emma is nice.,T | F | F | F,
0b851a20-e6b8-4c77-b2cc-3d0752e3a16d,base_negative,Helen is red or green,If someone is red then they are cold. | If someone is green then they are cold. | If someone is cold then they are rough. | If someone is not young then they are not rough. | If someone is young then they are cold. | If someone is young then they are nice.,Q1: Helen is not cold. | Q2: Helen is not rough. | Q3: Helen is mean. | Q4: Helen is yellow.,F | F | F | F,
bf9e90db-dbfa-442f-85b5-626592d1d6e0,base_positive,David is green or red,If someone is green then they are cold. | If someone is red then they are cold. | If someone is cold then they are rough. | If someone is not young then they are not rough. | If someone is young then they are cold. | If someone is young then they are nice.,Q1: David is cold. | Q2: David is rough. | Q3: David is young. | Q4: David is nice.,T | T | T | T,
d731d1c0-4816-4279-90fb-277c01a0a60a,aug_variant3,Grace is blue or yellow | Grace is not cold or not nice,If someone is blue then they are cold. | If someone is yellow then they are cold. | If someone is cold then they are rough. | If someone is not young then they are not rough. | If someone is young then they are cold. | If someone is young then they are nice.,Q1: Grace is cold. | Q2: Grace is rough. | Q3: Grace is young. | Q4: Grace is nice.,F | F | F | F,
82e6db02-87a6-4d45-8feb-b27099645370,base_negative,Claire is green or yellow,If someone is green then they are cold. | If someone is yellow then they are cold. | If someone is cold then they are rough. | If someone is not young then they are not rough. | If someone is young then they are cold. | If someone is young then they are nice.,Q1: Claire is not cold. | Q2: Claire is not rough. | Q3: Claire is short. | Q4: Claire is red.,F | F | F | F,
3931eca8-e657-4975-85cb-6a96d5e7d322,aug_variant3,Claire is yellow or green | Claire is not cold or not nice,If someone is yellow then they are cold. | If someone is green then they are cold. | If someone is cold then they are rough. | If someone is not young then they are not rough. | If someone is young then they are cold. | If someone is young then they are nice.,Q1: Claire is cold. | Q2: Claire is rough. | Q3: Claire is young. | Q4: Claire is nice.,F | F | F | F,
805bda30-7afb-46b3-ba59-ae79c8b1a08d,aug_variant3,David is yellow or green | David is not cold or not nice,If someone is yellow then they are cold. | If someone is green then they are cold. | If someone is cold then they are rough. | If someone is not young then they are not rough. | If someone is young then they are cold. | If someone is young then they are nice.,Q1: David is cold. | Q2: David is rough. | Q3: David is young. | Q4: David is nice.,F | F | F | F,
4650abef-7a95-4669-a557-1af605c8a1c4,base_negative,Helen is yellow or blue,If someone is yellow then they are cold. | If someone is blue then they are cold. | If someone is cold then they are rough. | If someone is not young then they are not rough. | If someone is young then they are cold. | If someone is young then they are nice.,Q1: Helen is not cold. | Q2: Helen is not rough. | Q3: Helen is short. | Q4: Helen is red.,F | F | F | F,
00de833e-eff9-4fd9-b438-59b4e8bf7508,base_negative,Anne is red or green,If someone is red then they are cold. | If someone is green then they are cold. | If someone is cold then they are rough. | If someone is not young then they are not rough. | If someone is young then they are cold. | If someone is young then they are nice.,Q1: Anne is not cold. | Q2: Anne is not rough. | Q3: Anne is happy. | Q4: Anne is yellow.,F | F | F | F,
c04c7e73-3198-4878-a526-ea4815a8de4e,aug_variant3,Claire is green or yellow | Claire is not cold or not nice,If someone is green then they are cold. | If someone is yellow then they are cold. | If someone is cold then they are rough. | If someone is not young then they are not rough. | If someone is young then they are cold. | If someone is young then they are nice.,Q1: Claire is cold. | Q2: Claire is rough. | Q3: Claire is young. | Q4: Claire is nice.,F | F | F | F,
c130c165-dfb4-46dd-a38d-eb5151ca3322,base_positive,Emma is blue or yellow,If someone is blue then they are cold. | If someone is yellow then they are cold. | If someone is cold then they are rough. | If someone is not young then they are not rough. | If someone is young then they are cold. | If someone is young then they are nice.,Q1: Emma is cold. | Q2: Emma is rough. | Q3: Emma is young. | Q4: Emma is nice.,T | T | T | T,
36f7976a-7a07-4499-a0c6-7c9559e848b9,aug_variant2,Helen is green or yellow,If someone is green then they are cold. | If someone is yellow then they are cold. | If someone is not young then they are not rough. | If someone is young then they are cold. | If someone is young then they are nice.,Q1: Helen is cold. | Q2: Helen is rough. | Q3: Helen is young. | Q4: Helen is nice.,T | F | F | F,
2e6080bc-bf09-4fbe-95c1-f21a40cc745b,aug_variant3,Claire is green or yellow | Claire is not cold or not nice,If someone is green then they are cold. | If someone is yellow then they are cold. | If someone is cold then they are rough. | If someone is not young then they are not rough. | If someone is young then they are cold. | If someone is young then they are nice.,Q1: Claire is cold. | Q2: Claire is rough. | Q3: Claire is young. | Q4: Claire is nice.,F | F | F | F,
4650abef-7a95-4669-a557-1af605c8a1c4,base_positive,Helen is yellow or blue,If someone is yellow then they are cold. | If someone is blue then they are cold. | If someone is cold then they are rough. | If someone is not young then they are not rough. | If someone is young then they are cold. | If someone is young then they are nice.,Q1: Helen is cold. | Q2: Helen is rough. | Q3: Helen is young. | Q4: Helen is nice.,T | T | T | T,
2f341bc7-7e9f-497d-8535-824ed3175e3a,base_positive,Claire is yellow or blue,If someone is yellow then they are cold. | If someone is blue then they are cold. | If someone is cold then they are rough. | If someone is not young then they are not rough. | If someone is young then they are cold. | If someone is young then they are nice.,Q1: Claire is cold. | Q2: Claire is rough. | Q3: Claire is young. | Q4: Claire is nice.,T | T | T | T,
2bee6392-4181-4323-a990-167423d825cb,aug_variant3,Anne is blue or red | Anne is not cold or not nice,If someone is blue then they are cold. | If someone is red then they are cold. | If someone is cold then they are rough. | If someone is not young then they are not rough. | If someone is young then they are cold. | If someone is young then they are nice.,Q1: Anne is cold. | Q2: Anne is rough. | Q3: Anne is young. | Q4: Anne is nice.,F | F | F | F,
9ef914a6-2967-44ee-b6c9-a93520a98fbf,aug_variant2,Anne is green or yellow,If someone is green then they are cold. | If someone is yellow then they are cold. | If someone is not young then they are not rough. | If someone is young then they are cold. | If someone is young then they are nice.,Q1: Anne is cold. | Q2: Anne is rough. | Q3: Anne is young. | Q4: Anne is nice.,T | F | F | F,
2ad29159-9f49-4555-9704-e03e32fc8c3d,aug_variant3,Helen is red or green | Helen is not cold or not nice,If someone is red then they are cold. | If someone is green then they are cold. | If someone is cold then they are rough. | If someone is not young then they are not rough. | If someone is young then they are cold. | If someone is young then they are nice.,Q1: Helen is cold. | Q2: Helen is rough. | Q3: Helen is young. | Q4: Helen is nice.,F | F | F | F,
7b1ff05b-8cdd-44f5-8a6e-89399980af91,base_positive,Helen is blue or red,If someone is blue then they are cold. | If someone is red then they are cold. | If someone is cold then they are rough. | If someone is not young then they are not rough. | If someone is young then they are cold. | If someone is young then they are nice.,Q1: Helen is cold. | Q2: Helen is rough. | Q3: Helen is young. | Q4: Helen is nice.,T | T | T | T,
0c3c99e9-4b60-4adf-80ee-cecfc9ab32aa,base_negative,Claire is yellow or green,If someone is yellow then they are cold. | If someone is green then they are cold. | If someone is cold then they are rough. | If someone is not young then they are not rough. | If someone is young then they are cold. | If someone is young then they are nice.,Q1: Claire is not cold. | Q2: Claire is not rough. | Q3: Claire is short. | Q4: Claire is blue.,F | F | F | F,
73e97f2e-7a9f-4831-98b7-82e195c5d6c1,base_negative,Grace is blue or yellow,If someone is blue then they are cold. | If someone is yellow then they are cold. | If someone is cold then they are rough. | If someone is not young then they are not rough. | If someone is young then they are cold. | If someone is young then they are nice.,Q1: Grace is not cold. | Q2: Grace is not rough. | Q3: Grace is tall. | Q4: Grace is green.,F | F | F | F,
0a60f526-a5f3-4434-92d6-1c41ac489374,base_positive,Bob is blue or red,If someone is blue then they are cold. | If someone is red then they are cold. | If someone is cold then they are rough. | If someone is not young then they are not rough. | If someone is young then they are cold. | If someone is young then they are nice.,Q1: Bob is cold. | Q2: Bob is rough. | Q3: Bob is young. | Q4: Bob is nice.,T | T | T | T,
af1d5e64-981e-41d3-8858-fd7248d9ecaa,aug_variant3,Helen is blue or red | Helen is not cold or not nice,If someone is blue then they are cold. | If someone is red then they are cold. | If someone is cold then they are rough. | If someone is not young then they are not rough. | If someone is young then they are cold. | If someone is young then they are nice.,Q1: Helen is cold. | Q2: Helen is rough. | Q3: Helen is young. | Q4: Helen is nice.,F | F | F | F,
7dab10ab-6913-42c3-8653-34b68bb24e7a,aug_variant2,David is red or green,If someone is red then they are cold. | If someone is green then they are cold. | If someone is not young then they are not rough. | If someone is young then they are cold. | If someone is young then they are nice.,Q1: David is cold. | Q2: David is rough. | Q3: David is young. | Q4: David is nice.,T | F | F | F,
d64b0c3b-0a04-4e13-add1-9236ecc40bcb,base_positive,Emma is green or yellow,If someone is green then they are cold. | If someone is yellow then they are cold. | If someone is cold then they are rough. | If someone is not young then they are not rough. | If someone is young then they are cold. | If someone is young then they are nice.,Q1: Emma is cold. | Q2: Emma is rough. | Q3: Emma is young. | Q4: Emma is nice.,T | T | T | T,
76a8a2ca-0ea9-4bb9-8d85-a72135a0654f,base_negative,David is green or red,If someone is green then they are cold. | If someone is red then they are cold. | If someone is cold then they are rough. | If someone is not young then they are not rough. | If someone is young then they are cold. | If someone is young then they are nice.,Q1: David is not cold. | Q2: David is not rough. | Q3: David is tall. | Q4: David is blue.,F | F | F | F,
50b44494-1038-49bb-9195-621b1c221ded,base_negative,David is green or red,If someone is green then they are cold. | If someone is red then they are cold. | If someone is cold then they are rough. | If someone is not young then they are not rough. | If someone is young then they are cold. | If someone is young then they are nice.,Q1: David is not cold. | Q2: David is not rough. | Q3: David is happy. | Q4: David is blue.,F | F | F | F,
92e73c6d-f463-47cd-a17d-0df8161fa8c4,aug_variant2,Grace is red or green,If someone is red then they are cold. | If someone is green then they are cold. | If someone is not young then they are not rough. | If someone is young then they are cold. | If someone is young then they are nice.,Q1: Grace is cold. | Q2: Grace is rough. | Q3: Grace is young. | Q4: Grace is nice.,T | F | F | F,
f2fbd007-1807-44b9-9c28-b6d2a13c534e,base_positive,Helen is green or yellow,If someone is green then they are cold. | If someone is yellow then they are cold. | If someone is cold then they are rough. | If someone is not young then they are not rough. | If someone is young then they are cold. | If someone is young then they are nice.,Q1: Helen is cold. | Q2: Helen is rough. | Q3: Helen is young. | Q4: Helen is nice.,T | T | T | T,
e4140dda-02a6-470a-ab88-d4af4b579f3a,base_positive,David is blue or red,If someone is blue then they are cold. | If someone is red then they are cold. | If someone is cold then they are rough. | If someone is not young then they are not rough. | If someone is young then they are cold. | If someone is young then they are nice.,Q1: David is cold. | Q2: David is rough. | Q3: David is young. | Q4: David is nice.,T | T | T | T,
e21d1a13-9b9f-45e4-a7bd-b0b669e22ae1,aug_variant2,Frank is blue or yellow,If someone is blue then they are cold. | If someone is yellow then they are cold. | If someone is not young then they are not rough. | If someone is young then they are cold. | If someone is young then they are nice.,Q1: Frank is cold. | Q2: Frank is rough. | Q3: Frank is young. | Q4: Frank is nice.,T | F | F | F,
caf0e1db-4873-4775-b87d-3a4c5c8a31f3,aug_variant3,Bob is green or yellow | Bob is not cold or not nice,If someone is green then they are cold. | If someone is yellow then they are cold. | If someone is cold then they are rough. | If someone is not young then they are not rough. | If someone is young then they are cold. | If someone is young then they are nice.,Q1: Bob is cold. | Q2: Bob is rough. | Q3: Bob is young. | Q4: Bob is nice.,F | F | F | F,
86c12d45-b7fe-456e-9911-edaa2c890d46,aug_variant3,David is green or blue | David is not cold or not nice,If someone is green then they are cold. | If someone is blue then they are cold. | If someone is cold then they are rough. | If someone is not young then they are not rough. | If someone is young then they are cold. | If someone is young then they are nice.,Q1: David is cold. | Q2: David is rough. | Q3: David is young. | Q4: David is nice.,F | F | F | F,
5a5f0006-2c3f-4c6c-80fe-c2945ec6fab0,aug_variant3,Claire is blue or yellow | Claire is not cold or not nice,If someone is blue then they are cold. | If someone is yellow then they are cold. | If someone is cold then they are rough. | If someone is not young then they are not rough. | If someone is young then they are cold. | If someone is young then they are nice.,Q1: Claire is cold. | Q2: Claire is rough. | Q3: Claire is young. | Q4: Claire is nice.,F | F | F | F,
6888a156-504c-4868-9888-b04add918d09,base_negative,Anne is green or blue,If someone is green then they are cold. | If someone is blue then they are cold. | If someone is cold then they are rough. | If someone is not young then they are not rough. | If someone is young then they are cold. | If someone is young then they are nice.,Q1: Anne is not cold. | Q2: Anne is not rough. | Q3: Anne is mean. | Q4: Anne is red.,F | F | F | F,
67d59139-085e-4d79-8528-7b20361e8c89,base_negative,David is red or yellow,If someone is red then they are cold. | If someone is yellow then they are cold. | If someone is cold then they are rough. | If someone is not young then they are not rough. | If someone is young then they are cold. | If someone is young then they are nice.,Q1: David is not cold. | Q2: David is not rough. | Q3: David is short. | Q4: David is green.,F | F | F | F,
ab3f909b-acc2-47b9-a598-07967cf3ca49,base_positive,Anne is blue or red,If someone is blue then they are cold. | If someone is red then they are cold. | If someone is cold then they are rough. | If someone is not young then they are not rough. | If someone is young then they are cold. | If someone is young then they are nice.,Q1: Anne is cold. | Q2: Anne is rough. | Q3: Anne is young. | Q4: Anne is nice.,T | T | T | T,
2fa51242-f705-4008-8439-f294db2f5e60,base_negative,Frank is red or green,If someone is red then they are cold. | If someone is green then they are cold. | If someone is cold then they are rough. | If someone is not young then they are not rough. | If someone is young then they are cold. | If someone is young then they are nice.,Q1: Frank is not cold. | Q2: Frank is not rough. | Q3: Frank is mean. | Q4: Frank is blue.,F | F | F | F,
2fa51242-f705-4008-8439-f294db2f5e60,base_positive,Frank is red or green,If someone is red then they are cold. | If someone is green then they are cold. | If someone is cold then they are rough. | If someone is not young then they are not rough. | If someone is young then they are cold. | If someone is young then they are nice.,Q1: Frank is cold. | Q2: Frank is rough. | Q3: Frank is young. | Q4: Frank is nice.,T | T | T | T,
0a60f526-a5f3-4434-92d6-1c41ac489374,base_negative,Bob is blue or red,If someone is blue then they are cold. | If someone is red then they are cold. | If someone is cold then they are rough. | If someone is not young then they are not rough. | If someone is young then they are cold. | If someone is young then they are nice.,Q1: Bob is not cold. | Q2: Bob is not rough. | Q3: Bob is short. | Q4: Bob is yellow.,F | F | F | F,
41188cdf-e42d-46df-b494-09f8199069ff,aug_variant3,Bob is green or red | Bob is not cold or not nice,If someone is green then they are cold. | If someone is red then they are cold. | If someone is cold then they are rough. | If someone is not young then they are not rough. | If someone is young then they are cold. | If someone is young then they are nice.,Q1: Bob is cold. | Q2: Bob is rough. | Q3: Bob is young. | Q4: Bob is nice.,F | F | F | F,
d368599b-a532-42fb-8bce-a13c2309e9f8,aug_variant2,Bob is green or yellow,If someone is green then they are cold. | If someone is yellow then they are cold. | If someone is not young then they are not rough. | If someone is young then they are cold. | If someone is young then they are nice.,Q1: Bob is cold. | Q2: Bob is rough. | Q3: Bob is young. | Q4: Bob is nice.,T | F | F | F,
ea7e2cb9-1dcd-42e7-a54e-5da2ed4ed847,base_negative,Anne is blue or yellow,If someone is blue then they are cold. | If someone is yellow then they are cold. | If someone is cold then they are rough. | If someone is not young then they are not rough. | If someone is young then they are cold. | If someone is young then they are nice.,Q1: Anne is not cold. | Q2: Anne is not rough. | Q3: Anne is sad. | Q4: Anne is green.,F | F | F | F,
ae655a9f-0e9f-463c-b058-72c7ab07cebe,base_positive,Claire is blue or yellow,If someone is blue then they are cold. | If someone is yellow then they are cold. | If someone is cold then they are rough. | If someone is not young then they are not rough. | If someone is young then they are cold. | If someone is young then they are nice.,Q1: Claire is cold. | Q2: Claire is rough. | Q3: Claire is young. | Q4: Claire is nice.,T | T | T | T,
6f086ed9-d24b-4b60-b06f-a051566296db,base_negative,David is red or green,If someone is red then they are cold. | If someone is green then they are cold. | If someone is cold then they are rough. | If someone is not young then they are not rough. | If someone is young then they are cold. | If someone is young then they are nice.,Q1: David is not cold. | Q2: David is not rough. | Q3: David is happy. | Q4: David is yellow.,F | F | F | F,
21e29d6d-943b-425e-bc2f-f91e0f47b8a1,base_negative,Grace is red or green,If someone is red then they are cold. | If someone is green then they are cold. | If someone is cold then they are rough. | If someone is not young then they are not rough. | If someone is young then they are cold. | If someone is young then they are nice.,Q1: Grace is not cold. | Q2: Grace is not rough. | Q3: Grace is mean. | Q4: Grace is yellow.,F | F | F | F,
0c3c99e9-4b60-4adf-80ee-cecfc9ab32aa,base_positive,Claire is yellow or green,If someone is yellow then they are cold. | If someone is green then they are cold. | If someone is cold then they are rough. | If someone is not young then they are not rough. | If someone is young then they are cold. | If someone is young then they are nice.,Q1: Claire is cold. | Q2: Claire is rough. | Q3: Claire is young. | Q4: Claire is nice.,T | T | T | T,
a4469d8b-4ae3-4031-a380-ad428510b579,aug_variant2,Grace is blue or yellow,If someone is blue then they are cold. | If someone is yellow then they are cold. | If someone is not young then they are not rough. | If someone is young then they are cold. | If someone is young then they are nice.,Q1: Grace is cold. | Q2: Grace is rough. | Q3: Grace is young. | Q4: Grace is nice.,T | F | F | F,
bb324460-9483-4107-a44d-58253f55f401,aug_variant3,Grace is red or green | Grace is not cold or not nice,If someone is red then they are cold. | If someone is green then they are cold. | If someone is cold then they are rough. | If someone is not young then they are not rough. | If someone is young then they are cold. | If someone is young then they are nice.,Q1: Grace is cold. | Q2: Grace is rough. | Q3: Grace is young. | Q4: Grace is nice.,F | F | F | F,
7f09641d-64e2-42d1-a94e-1d76e4e18a27,aug_variant3,Emma is yellow or blue | Emma is not cold or not nice,If someone is yellow then they are cold. | If someone is blue then they are cold. | If someone is cold then they are rough. | If someone is not young then they are not rough. | If someone is young then they are cold. | If someone is young then they are nice.,Q1: Emma is cold. | Q2: Emma is rough. | Q3: Emma is young. | Q4: Emma is nice.,F | F | F | F,
45b05d3d-91c7-4b15-8570-1639639320f1,aug_variant3,Anne is green or blue | Anne is not cold or not nice,If someone is green then they are cold. | If someone is blue then they are cold. | If someone is cold then they are rough. | If someone is not young then they are not rough. | If someone is young then they are cold. | If someone is young then they are nice.,Q1: Anne is cold. | Q2: Anne is rough. | Q3: Anne is young. | Q4: Anne is nice.,F | F | F | F,
bff21874-4f37-44b5-97fe-d917a0314397,base_negative,Claire is blue or green,If someone is blue then they are cold. | If someone is green then they are cold. | If someone is cold then they are rough. | If someone is not young then they are not rough. | If someone is young then they are cold. | If someone is young then they are nice.,Q1: Claire is not cold. | Q2: Claire is not rough. | Q3: Claire is happy. | Q4: Claire is red.,F | F | F | F,
2ae82a66-b742-4ceb-8f4d-22d3113fff25,aug_variant2,Claire is blue or green,If someone is blue then they are cold. | If someone is green then they are cold. | If someone is not young then they are not rough. | If someone is young then they are cold. | If someone is young then they are nice.,Q1: Claire is cold. | Q2: Claire is rough. | Q3: Claire is young. | Q4: Claire is nice.,T | F | F | F,
f45b351d-26d6-4b18-970e-3d7e86e02d4d,aug_variant2,Anne is blue or yellow,If someone is blue then they are cold. | If someone is yellow then they are cold. | If someone is not young then they are not rough. | If someone is young then they are cold. | If someone is young then they are nice.,Q1: Anne is cold. | Q2: Anne is rough. | Q3: Anne is young. | Q4: Anne is nice.,T | F | F | F,
7982f3d9-8146-41d1-813c-b09130ae8045,base_positive,Anne is yellow or red,If someone is yellow then they are cold. | If someone is red then they are cold. | If someone is cold then they are rough. | If someone is not young then they are not rough. | If someone is young then they are cold. | If someone is young then they are nice.,Q1: Anne is cold. | Q2: Anne is rough. | Q3: Anne is young. | Q4: Anne is nice.,T | T | T | T,
d278dd07-0157-4f1b-9f17-4ac5b2778766,base_positive,Anne is green or blue,If someone is green then they are cold. | If someone is blue then they are cold. | If someone is cold then they are rough. | If someone is not young then they are not rough. | If someone is young then they are cold. | If someone is young then they are nice.,Q1: Anne is cold. | Q2: Anne is rough. | Q3: Anne is young. | Q4: Anne is nice.,T | T | T | T,
7d4cae88-0329-435d-a3f1-6f6b4f10ae61,aug_variant2,David is green or blue,If someone is green then they are cold. | If someone is blue then they are cold. | If someone is not young then they are not rough. | If someone is young then they are cold. | If someone is young then they are nice.,Q1: David is cold. | Q2: David is rough. | Q3: David is young. | Q4: David is nice.,T | F | F | F,
e00bb2df-0e9d-4305-b61d-d0d14151103c,base_negative,Helen is yellow or red,If someone is yellow then they are cold. | If someone is red then they are cold. | If someone is cold then they are rough. | If someone is not young then they are not rough. | If someone is young then they are cold. | If someone is young then they are nice.,Q1: Helen is not cold. | Q2: Helen is not rough. | Q3: Helen is tall. | Q4: Helen is blue.,F | F | F | F,
80b848f7-798e-4482-bb57-92d057043420,aug_variant2,David is red or yellow,If someone is red then they are cold. | If someone is yellow then they are cold. | If someone is not young then they are not rough. | If someone is young then they are cold. | If someone is young then they are nice.,Q1: David is cold. | Q2: David is rough. | Q3: David is young. | Q4: David is nice.,T | F | F | F,
e486518b-90bd-4003-a0a6-7ad20283ef04,aug_variant2,Anne is yellow or red,If someone is yellow then they are cold. | If someone is red then they are cold. | If someone is not young then they are not rough. | If someone is young then they are cold. | If someone is young then they are nice.,Q1: Anne is cold. | Q2: Anne is rough. | Q3: Anne is young. | Q4: Anne is nice.,T | F | F | F,
878006e0-ffd5-4c31-99a4-6c0d0dbb0433,aug_variant3,Anne is green or blue | Anne is not cold or not nice,If someone is green then they are cold. | If someone is blue then they are cold. | If someone is cold then they are rough. | If someone is not young then they are not rough. | If someone is young then they are cold. | If someone is young then they are nice.,Q1: Anne is cold. | Q2: Anne is rough. | Q3: Anne is young. | Q4: Anne is nice.,F | F | F | F,
f6e7d468-deae-4cd3-a0e2-215b41202a80,base_negative,Grace is red or green,If someone is red then they are cold. | If someone is green then they are cold. | If someone is cold then they are rough. | If someone is not young then they are not rough. | If someone is young then they are cold. | If someone is young then they are nice.,Q1: Grace is not cold. | Q2: Grace is not rough. | Q3: Grace is happy. | Q4: Grace is yellow.,F | F | F | F,
fdb8817d-30e3-4eb3-b47c-c779d82f5fbf,aug_variant3,Claire is green or yellow | Claire is not cold or not nice,If someone is green then they are cold. | If someone is yellow then they are cold. | If someone is cold then they are rough. | If someone is not young then they are not rough. | If someone is young then they are cold. | If someone is young then they are nice.,Q1: Claire is cold. | Q2: Claire is rough. | Q3: Claire is young. | Q4: Claire is nice.,F | F | F | F,
ab3f909b-acc2-47b9-a598-07967cf3ca49,base_negative,Anne is blue or red,If someone is blue then they are cold. | If someone is red then they are cold. | If someone is cold then they are rough. | If someone is not young then they are not rough. | If someone is young then they are cold. | If someone is young then they are nice.,Q1: Anne is not cold. | Q2: Anne is not rough. | Q3: Anne is tall. | Q4: Anne is yellow.,F | F | F | F,
b1046834-6cac-4e32-ac94-95001812bcce,base_negative,Helen is blue or yellow,If someone is blue then they are cold. | If someone is yellow then they are cold. | If someone is cold then they are rough. | If someone is not young then they are not rough. | If someone is young then they are cold. | If someone is young then they are nice.,Q1: Helen is not cold. | Q2: Helen is not rough. | Q3: Helen is sad. | Q4: Helen is red.,F | F | F | F,
2e7b13ea-aa43-4835-a5ca-09a8444aeed1,base_positive,Helen is red or blue,If someone is red then they are cold. | If someone is blue then they are cold. | If someone is cold then they are rough. | If someone is not young then they are not rough. | If someone is young then they are cold. | If someone is young then they are nice.,Q1: Helen is cold. | Q2: Helen is rough. | Q3: Helen is young. | Q4: Helen is nice.,T | T | T | T,
8fc02797-e13c-4b35-8a1e-b79b9f4480a5,base_negative,Claire is green or yellow,If someone is green then they are cold. | If someone is yellow then they are cold. | If someone is cold then they are rough. | If someone is not young then they are not rough. | If someone is young then they are cold. | If someone is young then they are nice.,Q1: Claire is not cold. | Q2: Claire is not rough. | Q3: Claire is mean. | Q4: Claire is red.,F | F | F | F,
5e6f6a85-3e77-4b7a-abff-a1e2e6728604,aug_variant2,Claire is yellow or blue,If someone is yellow then they are cold. | If someone is blue then they are cold. | If someone is not young then they are not rough. | If someone is young then they are cold. | If someone is young then they are nice.,Q1: Claire is cold. | Q2: Claire is rough. | Q3: Claire is young. | Q4: Claire is nice.,T | F | F | F,
ca6e061e-a081-40a5-99c2-70dac55bd94f,aug_variant2,Helen is blue or red,If someone is blue then they are cold. | If someone is red then they are cold. | If someone is not young then they are not rough. | If someone is young then they are cold. | If someone is young then they are nice.,Q1: Helen is cold. | Q2: Helen is rough. | Q3: Helen is young. | Q4: Helen is nice.,T | F | F | F,
93b4acb5-86cb-4dba-9593-377b664dce89,aug_variant2,Helen is red or blue,If someone is red then they are cold. | If someone is blue then they are cold. | If someone is not young then they are not rough. | If someone is young then they are cold. | If someone is young then they are nice.,Q1: Helen is cold. | Q2: Helen is rough. | Q3: Helen is young. | Q4: Helen is nice.,T | F | F | F,
133b80e9-21f5-4978-bdb2-b1a46a474926,aug_variant3,Helen is yellow or blue | Helen is not cold or not nice,If someone is yellow then they are cold. | If someone is blue then they are cold. | If someone is cold then they are rough. | If someone is not young then they are not rough. | If someone is young then they are cold. | If someone is young then they are nice.,Q1: Helen is cold. | Q2: Helen is rough. | Q3: Helen is young. | Q4: Helen is nice.,F | F | F | F,
d5ba6c60-f8c9-4dcc-a453-8f046740eced,aug_variant3,David is red or green | David is not cold or not nice,If someone is red then they are cold. | If someone is green then they are cold. | If someone is cold then they are rough. | If someone is not young then they are not rough. | If someone is young then they are cold. | If someone is young then they are nice.,Q1: David is cold. | Q2: David is rough. | Q3: David is young. | Q4: David is nice.,F | F | F | F,
b63e41bd-4a9d-48e6-afa3-2d2bd4fa5b2c,aug_variant3,David is green or blue | David is not cold or not nice,If someone is green then they are cold. | If someone is blue then they are cold. | If someone is cold then they are rough. | If someone is not young then they are not rough. | If someone is young then they are cold. | If someone is young then they are nice.,Q1: David is cold. | Q2: David is rough. | Q3: David is young. | Q4: David is nice.,F | F | F | F,
cc8bc9ae-40eb-430d-8bff-60aeb6053f88,aug_variant3,Frank is red or green | Frank is not cold or not nice,If someone is red then they are cold. | If someone is green then they are cold. | If someone is cold then they are rough. | If someone is not young then they are not rough. | If someone is young then they are cold. | If someone is young then they are nice.,Q1: Frank is cold. | Q2: Frank is rough. | Q3: Frank is young. | Q4: Frank is nice.,F | F | F | F,
5340a63a-ca90-4bb1-931d-87d2c837879c,aug_variant2,Emma is red or green,If someone is red then they are cold. | If someone is green then they are cold. | If someone is not young then they are not rough. | If someone is young then they are cold. | If someone is young then they are nice.,Q1: Emma is cold. | Q2: Emma is rough. | Q3: Emma is young. | Q4: Emma is nice.,T | F | F | F,
bff21874-4f37-44b5-97fe-d917a0314397,base_positive,Claire is blue or green,If someone is blue then they are cold. | If someone is green then they are cold. | If someone is cold then they are rough. | If someone is not young then they are not rough. | If someone is young then they are cold. | If someone is young then they are nice.,Q1: Claire is cold. | Q2: Claire is rough. | Q3: Claire is young. | Q4: Claire is nice.,T | T | T | T,
cdea1a1b-b379-4f5e-a2ae-7bcaea6b43a7,base_positive,David is blue or green,If someone is blue then they are cold. | If someone is green then they are cold. | If someone is cold then they are rough. | If someone is not young then they are not rough. | If someone is young then they are cold. | If someone is young then they are nice.,Q1: David is cold. | Q2: David is rough. | Q3: David is young. | Q4: David is nice.,T | T | T | T,
7388084d-dee2-4b1e-b6ee-f3771c84d848,aug_variant3,Frank is red or green | Frank is not cold or not nice,If someone is red then they are cold. | If someone is green then they are cold. | If someone is cold then they are rough. | If someone is not young then they are not rough. | If someone is young then they are cold. | If someone is young then they are nice.,Q1: Frank is cold. | Q2: Frank is rough. | Q3: Frank is young. | Q4: Frank is nice.,F | F | F | F,
c3988185-284a-46ba-9ee2-a0cce8389aa9,base_negative,Anne is green or yellow,If someone is green then they are cold. | If someone is yellow then they are cold. | If someone is cold then they are rough. | If someone is not young then they are not rough. | If someone is young then they are cold. | If someone is young then they are nice.,Q1: Anne is not cold. | Q2: Anne is not rough. | Q3: Anne is kind. | Q4: Anne is blue.,F | F | F | F,
6eae46b5-b039-4842-8db8-21727eb1967a,aug_variant2,Emma is yellow or blue,If someone is yellow then they are cold. | If someone is blue then they are cold. | If someone is not young then they are not rough. | If someone is young then they are cold. | If someone is young then they are nice.,Q1: Emma is cold. | Q2: Emma is rough. | Q3: Emma is young. | Q4: Emma is nice.,T | F | F | F,
1b792b52-4c84-4106-82ec-65d9c69645fc,aug_variant2,Emma is blue or green,If someone is blue then they are cold. | If someone is green then they are cold. | If someone is not young then they are not rough. | If someone is young then they are cold. | If someone is young then they are nice.,Q1: Emma is cold. | Q2: Emma is rough. | Q3: Emma is young. | Q4: Emma is nice.,T | F | F | F,
5900999d-5ab6-4f0c-a284-6e26581079d4,aug_variant3,Bob is green or yellow | Bob is not cold or not nice,If someone is green then they are cold. | If someone is yellow then they are cold. | If someone is cold then they are rough. | If someone is not young then they are not rough. | If someone is young then they are cold. | If someone is young then they are nice.,Q1: Bob is cold. | Q2: Bob is rough. | Q3: Bob is young. | Q4: Bob is nice.,F | F | F | F,
e0799c29-3e55-49c0-84c6-a30d8db3bc8b,aug_variant2,Bob is green or yellow,If someone is green then they are cold. | If someone is yellow then they are cold. | If someone is not young then they are not rough. | If someone is young then they are cold. | If someone is young then they are nice.,Q1: Bob is cold. | Q2: Bob is rough. | Q3: Bob is young. | Q4: Bob is nice.,T | F | F | F,
e00bb2df-0e9d-4305-b61d-d0d14151103c,base_positive,Helen is yellow or red,If someone is yellow then they are cold. | If someone is red then they are cold. | If someone is cold then they are rough. | If someone is not young then they are not rough. | If someone is young then they are cold. | If someone is young then they are nice.,Q1: Helen is cold. | Q2: Helen is rough. | Q3: Helen is young. | Q4: Helen is nice.,T | T | T | T,
670e348c-bbec-4ea4-8f79-5a1a71295c3f,base_negative,Bob is green or yellow,If someone is green then they are cold. | If someone is yellow then they are cold. | If someone is cold then they are rough. | If someone is not young then they are not rough. | If someone is young then they are cold. | If someone is young then they are nice.,Q1: Bob is not cold. | Q2: Bob is not rough. | Q3: Bob is tall. | Q4: Bob is red.,F | F | F | F,
e0aca9b6-ecf1-49bb-bd47-961bf661914a,aug_variant3,Grace is red or blue | Grace is not cold or not nice,If someone is red then they are cold. | If someone is blue then they are cold. | If someone is cold then they are rough. | If someone is not young then they are not rough. | If someone is young then they are cold. | If someone is young then they are nice.,Q1: Grace is cold. | Q2: Grace is rough. | Q3: Grace is young. | Q4: Grace is nice.,F | F | F | F,
c3988185-284a-46ba-9ee2-a0cce8389aa9,base_positive,Anne is green or yellow,If someone is green then they are cold. | If someone is yellow then they are cold. | If someone is cold then they are rough. | If someone is not young then they are not rough. | If someone is young then they are cold. | If someone is young then they are nice.,Q1: Anne is cold. | Q2: Anne is rough. | Q3: Anne is young. | Q4: Anne is nice.,T | T | T | T,
bcc842b8-08a5-4c36-bc82-d015c74bcb38,base_positive,David is green or blue,If someone is green then they are cold. | If someone is blue then they are cold. | If someone is cold then they are rough. | If someone is not young then they are not rough. | If someone is young then they are cold. | If someone is young then they are nice.,Q1: David is cold. | Q2: David is rough. | Q3: David is young. | Q4: David is nice.,T | T | T | T,
d278dd07-0157-4f1b-9f17-4ac5b2778766,base_negative,Anne is green or blue,If someone is green then they are cold. | If someone is blue then they are cold. | If someone is cold then they are rough. | If someone is not young then they are not rough. | If someone is young then they are cold. | If someone is young then they are nice.,Q1: Anne is not cold. | Q2: Anne is not rough. | Q3: Anne is sad. | Q4: Anne is red.,F | F | F | F,
655cb897-077e-419e-8d2d-9feec133d945,base_negative,Frank is green or blue,If someone is green then they are cold. | If someone is blue then they are cold. | If someone is cold then they are rough. | If someone is not young then they are not rough. | If someone is young then they are cold. | If someone is young then they are nice.,Q1: Frank is not cold. | Q2: Frank is not rough. | Q3: Frank is sad. | Q4: Frank is red.,F | F | F | F,
5570d653-8364-4494-8611-8c96e7a8c508,base_negative,David is red or green,If someone is red then they are cold. | If someone is green then they are cold. | If someone is cold then they are rough. | If someone is not young then they are not rough. | If someone is young then they are cold. | If someone is young then they are nice.,Q1: David is not cold. | Q2: David is not rough. | Q3: David is short. | Q4: David is blue.,F | F | F | F,
b8221704-cc38-4d9e-9943-55b40042c6bf,aug_variant3,David is red or blue | David is not cold or not nice,If someone is red then they are cold. | If someone is blue then they are cold. | If someone is cold then they are rough. | If someone is not young then they are not rough. | If someone is young then they are cold. | If someone is young then they are nice.,Q1: David is cold. | Q2: David is rough. | Q3: David is young. | Q4: David is nice.,F | F | F | F,
89c87134-1452-4125-98f2-162750785e91,base_negative,Helen is green or yellow,If someone is green then they are cold. | If someone is yellow then they are cold. | If someone is cold then they are rough. | If someone is not young then they are not rough. | If someone is young then they are cold. | If someone is young then they are nice.,Q1: Helen is not cold. | Q2: Helen is not rough. | Q3: Helen is kind. | Q4: Helen is red.,F | F | F | F,
1b88591c-7b38-4c32-b1c2-68726fb6c804,base_positive,Helen is yellow or green,If someone is yellow then they are cold. | If someone is green then they are cold. | If someone is cold then they are rough. | If someone is not young then they are not rough. | If someone is young then they are cold. | If someone is young then they are nice.,Q1: Helen is cold. | Q2: Helen is rough. | Q3: Helen is young. | Q4: Helen is nice.,T | T | T | T,
335b41ac-94b8-4228-9724-b7b4209d9a8f,aug_variant3,David is blue or green | David is not cold or not nice,If someone is blue then they are cold. | If someone is green then they are cold. | If someone is cold then they are rough. | If someone is not young then they are not rough. | If someone is young then they are cold. | If someone is young then they are nice.,Q1: David is cold. | Q2: David is rough. | Q3: David is young. | Q4: David is nice.,F | F | F | F,
8d9a3235-4633-4d64-bec5-bc641953b1be,aug_variant2,Anne is green or blue,If someone is green then they are cold. | If someone is blue then they are cold. | If someone is not young then they are not rough. | If someone is young then they are cold. | If someone is young then they are nice.,Q1: Anne is cold. | Q2: Anne is rough. | Q3: Anne is young. | Q4: Anne is nice.,T | F | F | F,
047f6802-21d8-4ab3-bcec-1963f5ed37e7,aug_variant3,Grace is green or red | Grace is not cold or not nice,If someone is green then they are cold. | If someone is red then they are cold. | If someone is cold then they are rough. | If someone is not young then they are not rough. | If someone is young then they are cold. | If someone is young then they are nice.,Q1: Grace is cold. | Q2: Grace is rough. | Q3: Grace is young. | Q4: Grace is nice.,F | F | F | F,
c53cc183-dc81-4723-bb76-0dc133677da2,base_positive,Frank is red or green,If someone is red then they are cold. | If someone is green then they are cold. | If someone is cold then they are rough. | If someone is not young then they are not rough. | If someone is young then they are cold. | If someone is young then they are nice.,Q1: Frank is cold. | Q2: Frank is rough. | Q3: Frank is young. | Q4: Frank is nice.,T | T | T | T,
9c8577a5-0a8d-4f22-a78e-b4a72dfde436,aug_variant3,Grace is blue or yellow | Grace is not cold or not nice,If someone is blue then they are cold. | If someone is yellow then they are cold. | If someone is cold then they are rough. | If someone is not young then they are not rough. | If someone is young then they are cold. | If someone is young then they are nice.,Q1: Grace is cold. | Q2: Grace is rough. | Q3: Grace is young. | Q4: Grace is nice.,F | F | F | F,
52de3d52-3859-42a4-a269-41bd115a2eb3,base_negative,Frank is blue or yellow,If someone is blue then they are cold. | If someone is yellow then they are cold. | If someone is cold then they are rough. | If someone is not young then they are not rough. | If someone is young then they are cold. | If someone is young then they are nice.,Q1: Frank is not cold. | Q2: Frank is not rough. | Q3: Frank is short. | Q4: Frank is green.,F | F | F | F,
a8183c5e-307c-4870-98fb-e818e05b3ebd,base_negative,Claire is blue or yellow,If someone is blue then they are cold. | If someone is yellow then they are cold. | If someone is cold then they are rough. | If someone is not young then they are not rough. | If someone is young then they are cold. | If someone is young then they are nice.,Q1: Claire is not cold. | Q2: Claire is not rough. | Q3: Claire is happy. | Q4: Claire is green.,F | F | F | F,
3f838bc6-2c76-4ac1-99c1-9909cfd54168,aug_variant3,Anne is green or red | Anne is not cold or not nice,If someone is green then they are cold. | If someone is red then they are cold. | If someone is cold then they are rough. | If someone is not young then they are not rough. | If someone is young then they are cold. | If someone is young then they are nice.,Q1: Anne is cold. | Q2: Anne is rough. | Q3: Anne is young. | Q4: Anne is nice.,F | F | F | F,
af040a37-5419-4dab-bb23-c1e6d87f88a0,aug_variant2,Helen is yellow or green,If someone is yellow then they are cold. | If someone is green then they are cold. | If someone is not young then they are not rough. | If someone is young then they are cold. | If someone is young then they are nice.,Q1: Helen is cold. | Q2: Helen is rough. | Q3: Helen is young. | Q4: Helen is nice.,T | F | F | F,
67d59139-085e-4d79-8528-7b20361e8c89,base_positive,David is red or yellow,If someone is red then they are cold. | If someone is yellow then they are cold. | If someone is cold then they are rough. | If someone is not young then they are not rough. | If someone is young then they are cold. | If someone is young then they are nice.,Q1: David is cold. | Q2: David is rough. | Q3: David is young. | Q4: David is nice.,T | T | T | T,
7305e87e-a4a0-490b-bef3-3bfd128ddefb,aug_variant3,Helen is blue or yellow | Helen is not cold or not nice,If someone is blue then they are cold. | If someone is yellow then they are cold. | If someone is cold then they are rough. | If someone is not young then they are not rough. | If someone is young then they are cold. | If someone is young then they are nice.,Q1: Helen is cold. | Q2: Helen is rough. | Q3: Helen is young. | Q4: Helen is nice.,F | F | F | F,
e8db8996-0aff-414c-ab2d-2d0dd3a879be,aug_variant2,Claire is yellow or green,If someone is yellow then they are cold. | If someone is green then they are cold. | If someone is not young then they are not rough. | If someone is young then they are cold. | If someone is young then they are nice.,Q1: Claire is cold. | Q2: Claire is rough. | Q3: Claire is young. | Q4: Claire is nice.,T | F | F | F,
0f12dd4f-ad88-446b-b53a-c38f92c1ea63,aug_variant2,David is green or red,If someone is green then they are cold. | If someone is red then they are cold. | If someone is not young then they are not rough. | If someone is young then they are cold. | If someone is young then they are nice.,Q1: David is cold. | Q2: David is rough. | Q3: David is young. | Q4: David is nice.,T | F | F | F,
b53a0818-cc4d-41a0-9d83-0db894b9bdad,aug_variant3,Bob is green or yellow | Bob is not cold or not nice,If someone is green then they are cold. | If someone is yellow then they are cold. | If someone is cold then they are rough. | If someone is not young then they are not rough. | If someone is young then they are cold. | If someone is young then they are nice.,Q1: Bob is cold. | Q2: Bob is rough. | Q3: Bob is young. | Q4: Bob is nice.,F | F | F | F,
f5158608-28c0-4425-a3c6-ee0fa262c015,base_negative,Bob is green or yellow,If someone is green then they are cold. | If someone is yellow then they are cold. | If someone is cold then they are rough. | If someone is not young then they are not rough. | If someone is young then they are cold. | If someone is young then they are nice.,Q1: Bob is not cold. | Q2: Bob is not rough. | Q3: Bob is tall. | Q4: Bob is red.,F | F | F | F,
231daa67-710a-47ed-b821-7807448b4354,base_negative,Helen is blue or red,If someone is blue then they are cold. | If someone is red then they are cold. | If someone is cold then they are rough. | If someone is not young then they are not rough. | If someone is young then they are cold. | If someone is young then they are nice.,Q1: Helen is not cold. | Q2: Helen is not rough. | Q3: Helen is short. | Q4: Helen is yellow.,F | F | F | F,
0c31cd5d-e2ae-4b24-bd15-5501c4f2de68,aug_variant3,Emma is blue or green | Emma is not cold or not nice,If someone is blue then they are cold. | If someone is green then they are cold. | If someone is cold then they are rough. | If someone is not young then they are not rough. | If someone is young then they are cold. | If someone is young then they are nice.,Q1: Emma is cold. | Q2: Emma is rough. | Q3: Emma is young. | Q4: Emma is nice.,F | F | F | F,
85598fdb-f9e9-4cbd-80bb-41ba0c246a18,aug_variant2,Helen is yellow or red,If someone is yellow then they are cold. | If someone is red then they are cold. | If someone is not young then they are not rough. | If someone is young then they are cold. | If someone is young then they are nice.,Q1: Helen is cold. | Q2: Helen is rough. | Q3: Helen is young. | Q4: Helen is nice.,T | F | F | F,
1a58ba9c-bea1-4290-85ed-c4e910190555,aug_variant2,David is green or blue,If someone is green then they are cold. | If someone is blue then they are cold. | If someone is not young then they are not rough. | If someone is young then they are cold. | If someone is young then they are nice.,Q1: David is cold. | Q2: David is rough. | Q3: David is young. | Q4: David is nice.,T | F | F | F,
bd12957d-3693-48e7-bfcc-b0c5d1cde864,aug_variant3,Helen is red or blue | Helen is not cold or not nice,If someone is red then they are cold. | If someone is blue then they are cold. | If someone is cold then they are rough. | If someone is not young then they are not rough. | If someone is young then they are cold. | If someone is young then they are nice.,Q1: Helen is cold. | Q2: Helen is rough. | Q3: Helen is young. | Q4: Helen is nice.,F | F | F | F,
9585f33d-2c7b-4fc5-987c-f23b05fac99c,base_negative,Bob is yellow or green,If someone is yellow then they are cold. | If someone is green then they are cold. | If someone is cold then they are rough. | If someone is not young then they are not rough. | If someone is young then they are cold. | If someone is young then they are nice.,Q1: Bob is not cold. | Q2: Bob is not rough. | Q3: Bob is sad. | Q4: Bob is red.,F | F | F | F,
69cccdf9-0120-499d-86d4-80ab084b015c,aug_variant2,Anne is green or blue,If someone is green then they are cold. | If someone is blue then they are cold. | If someone is not young then they are not rough. | If someone is young then they are cold. | If someone is young then they are nice.,Q1: Anne is cold. | Q2: Anne is rough. | Q3: Anne is young. | Q4: Anne is nice.,T | F | F | F,
2e5623a2-b496-4aa4-91d3-06989619c5d4,base_negative,Claire is yellow or green,If someone is yellow then they are cold. | If someone is green then they are cold. | If someone is cold then they are rough. | If someone is not young then they are not rough. | If someone is young then they are cold. | If someone is young then they are nice.,Q1: Claire is not cold. | Q2: Claire is not rough. | Q3: Claire is short. | Q4: Claire is blue.,F | F | F | F,
9cf09a7d-e209-4e8f-b2b9-5bf7a180ca45,aug_variant2,Claire is green or yellow,If someone is green then they are cold. | If someone is yellow then they are cold. | If someone is not young then they are not rough. | If someone is young then they are cold. | If someone is young then they are nice.,Q1: Claire is cold. | Q2: Claire is rough. | Q3: Claire is young. | Q4: Claire is nice.,T | F | F | F,
bab80ee8-9c29-4bf3-a2b5-81b8c9b0726d,aug_variant3,David is green or red | David is not cold or not nice,If someone is green then they are cold. | If someone is red then they are cold. | If someone is cold then they are rough. | If someone is not young then they are not rough. | If someone is young then they are cold. | If someone is young then they are nice.,Q1: David is cold. | Q2: David is rough. | Q3: David is young. | Q4: David is nice.,F | F | F | F,
be23861b-84bf-438a-ac03-6e6adf2fb21d,base_positive,David is green or red,If someone is green then they are cold. | If someone is red then they are cold. | If someone is cold then they are rough. | If someone is not young then they are not rough. | If someone is young then they are cold. | If someone is young then they are nice.,Q1: David is cold. | Q2: David is rough. | Q3: David is young. | Q4: David is nice.,T | T | T | T,
3db56215-7cc5-457c-a3f2-c123f89f4693,aug_variant2,Grace is green or red,If someone is green then they are cold. | If someone is red then they are cold. | If someone is not young then they are not rough. | If someone is young then they are cold. | If someone is young then they are nice.,Q1: Grace is cold. | Q2: Grace is rough. | Q3: Grace is young. | Q4: Grace is nice.,T | F | F | F,
434d59f4-8d1f-4e0a-be03-a4af9fe85abb,aug_variant2,Emma is green or yellow,If someone is green then they are cold. | If someone is yellow then they are cold. | If someone is not young then they are not rough. | If someone is young then they are cold. | If someone is young then they are nice.,Q1: Emma is cold. | Q2: Emma is rough. | Q3: Emma is young. | Q4: Emma is nice.,T | F | F | F,
4002073d-db6c-408b-9da1-2f4ba5033118,base_negative,Emma is yellow or red,If someone is yellow then they are cold. | If someone is red then they are cold. | If someone is cold then they are rough. | If someone is not young then they are not rough. | If someone is young then they are cold. | If someone is young then they are nice.,Q1: Emma is not cold. | Q2: Emma is not rough. | Q3: Emma is kind. | Q4: Emma is blue.,F | F | F | F,
0cbcd688-aa3c-498f-968c-83a726b0a17b,base_positive,Emma is red or green,If someone is red then they are cold. | If someone is green then they are cold. | If someone is cold then they are rough. | If someone is not young then they are not rough. | If someone is young then they are cold. | If someone is young then they are nice.,Q1: Emma is cold. | Q2: Emma is rough. | Q3: Emma is young. | Q4: Emma is nice.,T | T | T | T,
1ca6282d-e112-45f0-8a42-af25dfcfdd1a,aug_variant2,David is red or green,If someone is red then they are cold. | If someone is green then they are cold. | If someone is not young then they are not rough. | If someone is young then they are cold. | If someone is young then they are nice.,Q1: David is cold. | Q2: David is rough. | Q3: David is young. | Q4: David is nice.,T | F | F | F,
89c87134-1452-4125-98f2-162750785e91,base_positive,Helen is green or yellow,If someone is green then they are cold. | If someone is yellow then they are cold. | If someone is cold then they are rough. | If someone is not young then they are not rough. | If someone is young then they are cold. | If someone is young then they are nice.,Q1: Helen is cold. | Q2: Helen is rough. | Q3: Helen is young. | Q4: Helen is nice.,T | T | T | T,
0c599121-cc42-463f-b37f-a590d64c103d,aug_variant2,Bob is blue or red,If someone is blue then they are cold. | If someone is red then they are cold. | If someone is not young then they are not rough. | If someone is young then they are cold. | If someone is young then they are nice.,Q1: Bob is cold. | Q2: Bob is rough. | Q3: Bob is young. | Q4: Bob is nice.,T | F | F | F,
9d742100-2b28-4582-bb10-96a3bc617a23,base_negative,Claire is red or blue,If someone is red then they are cold. | If someone is blue then they are cold. | If someone is cold then they are rough. | If someone is not young then they are not rough. | If someone is young then they are cold. | If someone is young then they are nice.,Q1: Claire is not cold. | Q2: Claire is not rough. | Q3: Claire is sad. | Q4: Claire is yellow.,F | F | F | F,
b375ffd5-52e5-48e0-a7e2-3a507c21bded,aug_variant3,Bob is green or yellow | Bob is not cold or not nice,If someone is green then they are cold. | If someone is yellow then they are cold. | If someone is cold then they are rough. | If someone is not young then they are not rough. | If someone is young then they are cold. | If someone is young then they are nice.,Q1: Bob is cold. | Q2: Bob is rough. | Q3: Bob is young. | Q4: Bob is nice.,F | F | F | F,
8acb0eac-ac3f-42b8-b334-f13cbddb228b,aug_variant3,Helen is blue or red | Helen is not cold or not nice,If someone is blue then they are cold. | If someone is red then they are cold. | If someone is cold then they are rough. | If someone is not young then they are not rough. | If someone is young then they are cold. | If someone is young then they are nice.,Q1: Helen is cold. | Q2: Helen is rough. | Q3: Helen is young. | Q4: Helen is nice.,F | F | F | F,
9362613e-1c2d-48b3-8f66-6ff6d94f1b33,base_positive,Bob is red or yellow,If someone is red then they are cold. | If someone is yellow then they are cold. | If someone is cold then they are rough. | If someone is not young then they are not rough. | If someone is young then they are cold. | If someone is young then they are nice.,Q1: Bob is cold. | Q2: Bob is rough. | Q3: Bob is young. | Q4: Bob is nice.,T | T | T | T,
0ea5d2ff-5e95-463b-991e-3a40063ce088,aug_variant3,Emma is red or green | Emma is not cold or not nice,If someone is red then they are cold. | If someone is green then they are cold. | If someone is cold then they are rough. | If someone is not young then they are not rough. | If someone is young then they are cold. | If someone is young then they are nice.,Q1: Emma is cold. | Q2: Emma is rough. | Q3: Emma is young. | Q4: Emma is nice.,F | F | F | F,
a938706b-d20b-4dcb-8fb1-c7585360c7c8,base_negative,Anne is green or blue,If someone is green then they are cold. | If someone is blue then they are cold. | If someone is cold then they are rough. | If someone is not young then they are not rough. | If someone is young then they are cold. | If someone is young then they are nice.,Q1: Anne is not cold. | Q2: Anne is not rough. | Q3: Anne is mean. | Q4: Anne is yellow.,F | F | F | F,
655cb897-077e-419e-8d2d-9feec133d945,base_positive,Frank is green or blue,If someone is green then they are cold. | If someone is blue then they are cold. | If someone is cold then they are rough. | If someone is not young then they are not rough. | If someone is young then they are cold. | If someone is young then they are nice.,Q1: Frank is cold. | Q2: Frank is rough. | Q3: Frank is young. | Q4: Frank is nice.,T | T | T | T,
015d7e77-e65d-45a6-835b-48494cde9eb7,aug_variant2,Emma is yellow or green,If someone is yellow then they are cold. | If someone is green then they are cold. | If someone is not young then they are not rough. | If someone is young then they are cold. | If someone is young then they are nice.,Q1: Emma is cold. | Q2: Emma is rough. | Q3: Emma is young. | Q4: Emma is nice.,T | F | F | F,
f5158608-28c0-4425-a3c6-ee0fa262c015,base_positive,Bob is green or yellow,If someone is green then they are cold. | If someone is yellow then they are cold. | If someone is cold then they are rough. | If someone is not young then they are not rough. | If someone is young then they are cold. | If someone is young then they are nice.,Q1: Bob is cold. | Q2: Bob is rough. | Q3: Bob is young. | Q4: Bob is nice.,T | T | T | T,
9585f33d-2c7b-4fc5-987c-f23b05fac99c,base_positive,Bob is yellow or green,If someone is yellow then they are cold. | If someone is green then they are cold. | If someone is cold then they are rough. | If someone is not young then they are not rough. | If someone is young then they are cold. | If someone is young then they are nice.,Q1: Bob is cold. | Q2: Bob is rough. | Q3: Bob is young. | Q4: Bob is nice.,T | T | T | T,
b4abcbd8-0d85-4fc9-9702-98300771f46c,base_positive,Bob is green or red,If someone is green then they are cold. | If someone is red then they are cold. | If someone is cold then they are rough. | If someone is not young then they are not rough. | If someone is young then they are cold. | If someone is young then they are nice.,Q1: Bob is cold. | Q2: Bob is rough. | Q3: Bob is young. | Q4: Bob is nice.,T | T | T | T,
e84e3f8c-4caf-495a-952f-82c850953864,base_negative,Bob is green or yellow,If someone is green then they are cold. | If someone is yellow then they are cold. | If someone is cold then they are rough. | If someone is not young then they are not rough. | If someone is young then they are cold. | If someone is young then they are nice.,Q1: Bob is not cold. | Q2: Bob is not rough. | Q3: Bob is short. | Q4: Bob is red.,F | F | F | F,
f896a6e0-c05a-473d-9c78-318ce0a043db,aug_variant3,Emma is yellow or green | Emma is not cold or not nice,If someone is yellow then they are cold. | If someone is green then they are cold. | If someone is cold then they are rough. | If someone is not young then they are not rough. | If someone is young then they are cold. | If someone is young then they are nice.,Q1: Emma is cold. | Q2: Emma is rough. | Q3: Emma is young. | Q4: Emma is nice.,F | F | F | F,
4e42ffa9-7743-433c-977a-a119b469d635,base_negative,Grace is red or blue,If someone is red then they are cold. | If someone is blue then they are cold. | If someone is cold then they are rough. | If someone is not young then they are not rough. | If someone is young then they are cold. | If someone is young then they are nice.,Q1: Grace is not cold. | Q2: Grace is not rough. | Q3: Grace is kind. | Q4: Grace is yellow.,F | F | F | F,
0e9c298c-d30b-4a2a-bfd7-0d0915554392,aug_variant2,David is green or red,If someone is green then they are cold. | If someone is red then they are cold. | If someone is not young then they are not rough. | If someone is young then they are cold. | If someone is young then they are nice.,Q1: David is cold. | Q2: David is rough. | Q3: David is young. | Q4: David is nice.,T | F | F | F,
73101d51-1c6a-435f-83b2-eead2b006fd6,base_positive,Bob is red or blue,If someone is red then they are cold. | If someone is blue then they are cold. | If someone is cold then they are rough. | If someone is not young then they are not rough. | If someone is young then they are cold. | If someone is young then they are nice.,Q1: Bob is cold. | Q2: Bob is rough. | Q3: Bob is young. | Q4: Bob is nice.,T | T | T | T,
9f2ed30c-17e0-45f4-8965-608a0018aca6,base_negative,Emma is yellow or red,If someone is yellow then they are cold. | If someone is red then they are cold. | If someone is cold then they are rough. | If someone is not young then they are not rough. | If someone is young then they are cold. | If someone is young then they are nice.,Q1: Emma is not cold. | Q2: Emma is not rough. | Q3: Emma is happy. | Q4: Emma is blue.,F | F | F | F,
6888a156-504c-4868-9888-b04add918d09,base_positive,Anne is green or blue,If someone is green then they are cold. | If someone is blue then they are cold. | If someone is cold then they are rough. | If someone is not young then they are not rough. | If someone is young then they are cold. | If someone is young then they are nice.,Q1: Anne is cold. | Q2: Anne is rough. | Q3: Anne is young. | Q4: Anne is nice.,T | T | T | T,
a8183c5e-307c-4870-98fb-e818e05b3ebd,base_positive,Claire is blue or yellow,If someone is blue then they are cold. | If someone is yellow then they are cold. | If someone is cold then they are rough. | If someone is not young then they are not rough. | If someone is young then they are cold. | If someone is young then they are nice.,Q1: Claire is cold. | Q2: Claire is rough. | Q3: Claire is young. | Q4: Claire is nice.,T | T | T | T,
572f59d9-5814-4902-808c-d35eedd9849e,base_negative,Grace is green or red,If someone is green then they are cold. | If someone is red then they are cold. | If someone is cold then they are rough. | If someone is not young then they are not rough. | If someone is young then they are cold. | If someone is young then they are nice.,Q1: Grace is not cold. | Q2: Grace is not rough. | Q3: Grace is tall. | Q4: Grace is yellow.,F | F | F | F,
066cdd51-2910-4de0-8891-40ca24c7d419,base_negative,Bob is green or yellow,If someone is green then they are cold. | If someone is yellow then they are cold. | If someone is cold then they are rough. | If someone is not young then they are not rough. | If someone is young then they are cold. | If someone is young then they are nice.,Q1: Bob is not cold. | Q2: Bob is not rough. | Q3: Bob is happy. | Q4: Bob is blue.,F | F | F | F,
bcf64e23-54ff-49b9-bb6a-8b65d243dbaa,aug_variant3,David is green or yellow | David is not cold or not nice,If someone is green then they are cold. | If someone is yellow then they are cold. | If someone is cold then they are rough. | If someone is not young then they are not rough. | If someone is young then they are cold. | If someone is young then they are nice.,Q1: David is cold. | Q2: David is rough. | Q3: David is young. | Q4: David is nice.,F | F | F | F,
40314b74-e4e1-40dc-92a4-1e1e6a7b987c,aug_variant3,David is red or green | David is not cold or not nice,If someone is red then they are cold. | If someone is green then they are cold. | If someone is cold then they are rough. | If someone is not young then they are not rough. | If someone is young then they are cold. | If someone is young then they are nice.,Q1: David is cold. | Q2: David is rough. | Q3: David is young. | Q4: David is nice.,F | F | F | F,
74ac9067-590a-489e-9e1d-f8ef70a4e79c,aug_variant3,Grace is red or green | Grace is not cold or not nice,If someone is red then they are cold. | If someone is green then they are cold. | If someone is cold then they are rough. | If someone is not young then they are not rough. | If someone is young then they are cold. | If someone is young then they are nice.,Q1: Grace is cold. | Q2: Grace is rough. | Q3: Grace is young. | Q4: Grace is nice.,F | F | F | F,
41670b46-d25d-4bd4-9c40-85f87dbf4b51,base_positive,Emma is yellow or blue,If someone is yellow then they are cold. | If someone is blue then they are cold. | If someone is cold then they are rough. | If someone is not young then they are not rough. | If someone is young then they are cold. | If someone is young then they are nice.,Q1: Emma is cold. | Q2: Emma is rough. | Q3: Emma is young. | Q4: Emma is nice.,T | T | T | T,
0f52c9bb-b91b-4a59-a833-d27976311159,base_negative,Helen is blue or red,If someone is blue then they are cold. | If someone is red then they are cold. | If someone is cold then they are rough. | If someone is not young then they are not rough. | If someone is young then they are cold. | If someone is young then they are nice.,Q1: Helen is not cold. | Q2: Helen is not rough. | Q3: Helen is happy. | Q4: Helen is green.,F | F | F | F,
058b78d0-5ddc-4a44-ac07-e575d74c07f3,base_negative,Claire is green or yellow,If someone is green then they are cold. | If someone is yellow then they are cold. | If someone is cold then they are rough. | If someone is not young then they are not rough. | If someone is young then they are cold. | If someone is young then they are nice.,Q1: Claire is not cold. | Q2: Claire is not rough. | Q3: Claire is short. | Q4: Claire is blue.,F | F | F | F,
54861e81-d178-4a35-99b6-6a0f02495e96,base_negative,Helen is green or blue,If someone is green then they are cold. | If someone is blue then they are cold. | If someone is cold then they are rough. | If someone is not young then they are not rough. | If someone is young then they are cold. | If someone is young then they are nice.,Q1: Helen is not cold. | Q2: Helen is not rough. | Q3: Helen is mean. | Q4: Helen is red.,F | F | F | F,
ffe7ce41-beac-4fef-a6ff-703b4dad3e10,base_positive,David is green or yellow,If someone is green then they are cold. | If someone is yellow then they are cold. | If someone is cold then they are rough. | If someone is not young then they are not rough. | If someone is young then they are cold. | If someone is young then they are nice.,Q1: David is cold. | Q2: David is rough. | Q3: David is young. | Q4: David is nice.,T | T | T | T,
de2e984d-4b7c-440e-ba42-b6fa19ea3ae5,aug_variant2,Emma is yellow or red,If someone is yellow then they are cold. | If someone is red then they are cold. | If someone is not young then they are not rough. | If someone is young then they are cold. | If someone is young then they are nice.,Q1: Emma is cold. | Q2: Emma is rough. | Q3: Emma is young. | Q4: Emma is nice.,T | F | F | F,
897df5ad-3c07-42be-a03a-44ad48e4bd05,aug_variant3,Bob is yellow or green | Bob is not cold or not nice,If someone is yellow then they are cold. | If someone is green then they are cold. | If someone is cold then they are rough. | If someone is not young then they are not rough. | If someone is young then they are cold. | If someone is young then they are nice.,Q1: Bob is cold. | Q2: Bob is rough. | Q3: Bob is young. | Q4: Bob is nice.,F | F | F | F,
821d091f-bb4d-46ad-b4fa-414d4172dfb8,aug_variant2,Bob is green or yellow,If someone is green then they are cold. | If someone is yellow then they are cold. | If someone is not young then they are not rough. | If someone is young then they are cold. | If someone is young then they are nice.,Q1: Bob is cold. | Q2: Bob is rough. | Q3: Bob is young. | Q4: Bob is nice.,T | F | F | F,
76a8a2ca-0ea9-4bb9-8d85-a72135a0654f,base_positive,David is green or red,If someone is green then they are cold. | If someone is red then they are cold. | If someone is cold then they are rough. | If someone is not young then they are not rough. | If someone is young then they are cold. | If someone is young then they are nice.,Q1: David is cold. | Q2: David is rough. | Q3: David is young. | Q4: David is nice.,T | T | T | T,
e00b45fe-44d2-4110-a5ed-33adb6497503,aug_variant3,Emma is yellow or red | Emma is not cold or not nice,If someone is yellow then they are cold. | If someone is red then they are cold. | If someone is cold then they are rough. | If someone is not young then they are not rough. | If someone is young then they are cold. | If someone is young then they are nice.,Q1: Emma is cold. | Q2: Emma is rough. | Q3: Emma is young. | Q4: Emma is nice.,F | F | F | F,
54d28120-8e8c-45d1-8145-9b674bf3eced,aug_variant3,Anne is green or blue | Anne is not cold or not nice,If someone is green then they are cold. | If someone is blue then they are cold. | If someone is cold then they are rough. | If someone is not young then they are not rough. | If someone is young then they are cold. | If someone is young then they are nice.,Q1: Anne is cold. | Q2: Anne is rough. | Q3: Anne is young. | Q4: Anne is nice.,F | F | F | F,
927d880d-bd22-4469-9074-45c3abd670c6,aug_variant3,Frank is blue or yellow | Frank is not cold or not nice,If someone is blue then they are cold. | If someone is yellow then they are cold. | If someone is cold then they are rough. | If someone is not young then they are not rough. | If someone is young then they are cold. | If someone is young then they are nice.,Q1: Frank is cold. | Q2: Frank is rough. | Q3: Frank is young. | Q4: Frank is nice.,F | F | F | F,
4e42ffa9-7743-433c-977a-a119b469d635,base_positive,Grace is red or blue,If someone is red then they are cold. | If someone is blue then they are cold. | If someone is cold then they are rough. | If someone is not young then they are not rough. | If someone is young then they are cold. | If someone is young then they are nice.,Q1: Grace is cold. | Q2: Grace is rough. | Q3: Grace is young. | Q4: Grace is nice.,T | T | T | T,
39e08649-0ee5-44a0-8b39-8a15b1ab61c7,aug_variant2,Grace is red or green,If someone is red then they are cold. | If someone is green then they are cold. | If someone is not young then they are not rough. | If someone is young then they are cold. | If someone is young then they are nice.,Q1: Grace is cold. | Q2: Grace is rough. | Q3: Grace is young. | Q4: Grace is nice.,T | F | F | F,
5d8305cb-d4ab-4bf6-bcd9-24f2bd3b3f97,aug_variant3,David is green or red | David is not cold or not nice,If someone is green then they are cold. | If someone is red then they are cold. | If someone is cold then they are rough. | If someone is not young then they are not rough. | If someone is young then they are cold. | If someone is young then they are nice.,Q1: David is cold. | Q2: David is rough. | Q3: David is young. | Q4: David is nice.,F | F | F | F,
ffe7ce41-beac-4fef-a6ff-703b4dad3e10,base_negative,David is green or yellow,If someone is green then they are cold. | If someone is yellow then they are cold. | If someone is cold then they are rough. | If someone is not young then they are not rough. | If someone is young then they are cold. | If someone is young then they are nice.,Q1: David is not cold. | Q2: David is not rough. | Q3: David is sad. | Q4: David is red.,F | F | F | F,
4faf67e3-8c85-4042-b544-1b40cdcf3b41,aug_variant2,Helen is blue or red,If someone is blue then they are cold. | If someone is red then they are cold. | If someone is not young then they are not rough. | If someone is young then they are cold. | If someone is young then they are nice.,Q1: Helen is cold. | Q2: Helen is rough. | Q3: Helen is young. | Q4: Helen is nice.,T | F | F | F,
9fd07eed-da03-46df-815f-09141e854823,aug_variant2,Bob is green or yellow,If someone is green then they are cold. | If someone is yellow then they are cold. | If someone is not young then they are not rough. | If someone is young then they are cold. | If someone is young then they are nice.,Q1: Bob is cold. | Q2: Bob is rough. | Q3: Bob is young. | Q4: Bob is nice.,T | F | F | F,
0cbcd688-aa3c-498f-968c-83a726b0a17b,base_negative,Emma is red or green,If someone is red then they are cold. | If someone is green then they are cold. | If someone is cold then they are rough. | If someone is not young then they are not rough. | If someone is young then they are cold. | If someone is young then they are nice.,Q1: Emma is not cold. | Q2: Emma is not rough. | Q3: Emma is happy. | Q4: Emma is yellow.,F | F | F | F,
be23861b-84bf-438a-ac03-6e6adf2fb21d,base_negative,David is green or red,If someone is green then they are cold. | If someone is red then they are cold. | If someone is cold then they are rough. | If someone is not young then they are not rough. | If someone is young then they are cold. | If someone is young then they are nice.,Q1: David is not cold. | Q2: David is not rough. | Q3: David is kind. | Q4: David is blue.,F | F | F | F,
ac2a2704-83a8-4f55-8109-c194bf5f36d8,aug_variant3,David is green or red | David is not cold or not nice,If someone is green then they are cold. | If someone is red then they are cold. | If someone is cold then they are rough. | If someone is not young then they are not rough. | If someone is young then they are cold. | If someone is young then they are nice.,Q1: David is cold. | Q2: David is rough. | Q3: David is young. | Q4: David is nice.,F | F | F | F,
5f78fe78-d5f9-4bd2-8b1a-3b00ce8fa0c6,aug_variant2,Helen is red or green,If someone is red then they are cold. | If someone is green then they are cold. | If someone is not young then they are not rough. | If someone is young then they are cold. | If someone is young then they are nice.,Q1: Helen is cold. | Q2: Helen is rough. | Q3: Helen is young. | Q4: Helen is nice.,T | F | F | F,
711be52b-4c03-4489-ace3-68c8d409023e,aug_variant3,David is red or green | David is not cold or not nice,If someone is red then they are cold. | If someone is green then they are cold. | If someone is cold then they are rough. | If someone is not young then they are not rough. | If someone is young then they are cold. | If someone is young then they are nice.,Q1: David is cold. | Q2: David is rough. | Q3: David is young. | Q4: David is nice.,F | F | F | F,
dc7c2dc6-4045-484c-95cc-7e7414d499b7,base_negative,Helen is blue or red,If someone is blue then they are cold. | If someone is red then they are cold. | If someone is cold then they are rough. | If someone is not young then they are not rough. | If someone is young then they are cold. | If someone is young then they are nice.,Q1: Helen is not cold. | Q2: Helen is not rough. | Q3: Helen is mean. | Q4: Helen is yellow.,F | F | F | F,
565f39e2-f5f3-4d33-973c-c29b8ead379b,base_positive,Anne is green or red,If someone is green then they are cold. | If someone is red then they are cold. | If someone is cold then they are rough. | If someone is not young then they are not rough. | If someone is young then they are cold. | If someone is young then they are nice.,Q1: Anne is cold. | Q2: Anne is rough. | Q3: Anne is young. | Q4: Anne is nice.,T | T | T | T,
d45ef6ef-edcc-4af0-b74f-16c315bdba68,aug_variant2,Claire is blue or yellow,If someone is blue then they are cold. | If someone is yellow then they are cold. | If someone is not young then they are not rough. | If someone is young then they are cold. | If someone is young then they are nice.,Q1: Claire is cold. | Q2: Claire is rough. | Q3: Claire is young. | Q4: Claire is nice.,T | F | F | F,
c53cc183-dc81-4723-bb76-0dc133677da2,base_negative,Frank is red or green,If someone is red then they are cold. | If someone is green then they are cold. | If someone is cold then they are rough. | If someone is not young then they are not rough. | If someone is young then they are cold. | If someone is young then they are nice.,Q1: Frank is not cold. | Q2: Frank is not rough. | Q3: Frank is tall. | Q4: Frank is yellow.,F | F | F | F,
0f3e87a3-af8d-4def-9b50-aeb085370f50,aug_variant2,Frank is green or blue,If someone is green then they are cold. | If someone is blue then they are cold. | If someone is not young then they are not rough. | If someone is young then they are cold. | If someone is young then they are nice.,Q1: Frank is cold. | Q2: Frank is rough. | Q3: Frank is young. | Q4: Frank is nice.,T | F | F | F,
6f086ed9-d24b-4b60-b06f-a051566296db,base_positive,David is red or green,If someone is red then they are cold. | If someone is green then they are cold. | If someone is cold then they are rough. | If someone is not young then they are not rough. | If someone is young then they are cold. | If someone is young then they are nice.,Q1: David is cold. | Q2: David is rough. | Q3: David is young. | Q4: David is nice.,T | T | T | T,
93fbee89-8f2f-4340-9f8e-0a9fdc649ed6,aug_variant3,Claire is blue or yellow | Claire is not cold or not nice,If someone is blue then they are cold. | If someone is yellow then they are cold. | If someone is cold then they are rough. | If someone is not young then they are not rough. | If someone is young then they are cold. | If someone is young then they are nice.,Q1: Claire is cold. | Q2: Claire is rough. | Q3: Claire is young. | Q4: Claire is nice.,F | F | F | F,
b8a64708-14e1-46b3-b91d-88f8eb266474,aug_variant2,Bob is green or red,If someone is green then they are cold. | If someone is red then they are cold. | If someone is not young then they are not rough. | If someone is young then they are cold. | If someone is young then they are nice.,Q1: Bob is cold. | Q2: Bob is rough. | Q3: Bob is young. | Q4: Bob is nice.,T | F | F | F,
0f52c9bb-b91b-4a59-a833-d27976311159,base_positive,Helen is blue or red,If someone is blue then they are cold. | If someone is red then they are cold. | If someone is cold then they are rough. | If someone is not young then they are not rough. | If someone is young then they are cold. | If someone is young then they are nice.,Q1: Helen is cold. | Q2: Helen is rough. | Q3: Helen is young. | Q4: Helen is nice.,T | T | T | T,
e54f92a5-f87d-4ac8-b143-884680c41e69,aug_variant3,Anne is yellow or red | Anne is not cold or not nice,If someone is yellow then they are cold. | If someone is red then they are cold. | If someone is cold then they are rough. | If someone is not young then they are not rough. | If someone is young then they are cold. | If someone is young then they are nice.,Q1: Anne is cold. | Q2: Anne is rough. | Q3: Anne is young. | Q4: Anne is nice.,F | F | F | F,
dc53fc0c-48fb-4ad1-adad-d71aa9da1b13,aug_variant2,David is red or green,If someone is red then they are cold. | If someone is green then they are cold. | If someone is not young then they are not rough. | If someone is young then they are cold. | If someone is young then they are nice.,Q1: David is cold. | Q2: David is rough. | Q3: David is young. | Q4: David is nice.,T | F | F | F,
058b78d0-5ddc-4a44-ac07-e575d74c07f3,base_positive,Claire is green or yellow,If someone is green then they are cold. | If someone is yellow then they are cold. | If someone is cold then they are rough. | If someone is not young then they are not rough. | If someone is young then they are cold. | If someone is young then they are nice.,Q1: Claire is cold. | Q2: Claire is rough. | Q3: Claire is young. | Q4: Claire is nice.,T | T | T | T,
df9aa122-b5c3-4435-9a55-60f275e70a5e,aug_variant2,David is yellow or green,If someone is yellow then they are cold. | If someone is green then they are cold. | If someone is not young then they are not rough. | If someone is young then they are cold. | If someone is young then they are nice.,Q1: David is cold. | Q2: David is rough. | Q3: David is young. | Q4: David is nice.,T | F | F | F,
dc7c2dc6-4045-484c-95cc-7e7414d499b7,base_positive,Helen is blue or red,If someone is blue then they are cold. | If someone is red then they are cold. | If someone is cold then they are rough. | If someone is not young then they are not rough. | If someone is young then they are cold. | If someone is young then they are nice.,Q1: Helen is cold. | Q2: Helen is rough. | Q3: Helen is young. | Q4: Helen is nice.,T | T | T | T,
ee5b593b-401c-4152-94ae-2aa90cb590db,aug_variant2,Anne is green or red,If someone is green then they are cold. | If someone is red then they are cold. | If someone is not young then they are not rough. | If someone is young then they are cold. | If someone is young then they are nice.,Q1: Anne is cold. | Q2: Anne is rough. | Q3: Anne is young. | Q4: Anne is nice.,T | F | F | F,
454f4921-83b9-4da7-9b8f-69197fd7486b,aug_variant3,David is green or red | David is not cold or not nice,If someone is green then they are cold. | If someone is red then they are cold. | If someone is cold then they are rough. | If someone is not young then they are not rough. | If someone is young then they are cold. | If someone is young then they are nice.,Q1: David is cold. | Q2: David is rough. | Q3: David is young. | Q4: David is nice.,F | F | F | F,
1ecb60b2-a93e-4aec-9742-8ba9f305a436,aug_variant2,David is red or blue,If someone is red then they are cold. | If someone is blue then they are cold. | If someone is not young then they are not rough. | If someone is young then they are cold. | If someone is young then they are nice.,Q1: David is cold. | Q2: David is rough. | Q3: David is young. | Q4: David is nice.,T | F | F | F,
42b1ee5e-947a-49a0-afa3-02ea5ff75a4e,aug_variant2,Emma is yellow or red,If someone is yellow then they are cold. | If someone is red then they are cold. | If someone is not young then they are not rough. | If someone is young then they are cold. | If someone is young then they are nice.,Q1: Emma is cold. | Q2: Emma is rough. | Q3: Emma is young. | Q4: Emma is nice.,T | F | F | F,
777f3e4e-2314-4797-8ddc-d320e6430765,base_negative,Bob is green or yellow,If someone is green then they are cold. | If someone is yellow then they are cold. | If someone is cold then they are rough. | If someone is not young then they are not rough. | If someone is young then they are cold. | If someone is young then they are nice.,Q1: Bob is not cold. | Q2: Bob is not rough. | Q3: Bob is kind. | Q4: Bob is red.,F | F | F | F,
6741efd0-1da3-4f28-92ce-8890e8c3f628,aug_variant3,David is red or yellow | David is not cold or not nice,If someone is red then they are cold. | If someone is yellow then they are cold. | If someone is cold then they are rough. | If someone is not young then they are not rough. | If someone is young then they are cold. | If someone is young then they are nice.,Q1: David is cold. | Q2: David is rough. | Q3: David is young. | Q4: David is nice.,F | F | F | F,
49c03e4c-bf73-4fae-9a07-b7a23d9947f0,base_positive,Grace is blue or yellow,If someone is blue then they are cold. | If someone is yellow then they are cold. | If someone is cold then they are rough. | If someone is not young then they are not rough. | If someone is young then they are cold. | If someone is young then they are nice.,Q1: Grace is cold. | Q2: Grace is rough. | Q3: Grace is young. | Q4: Grace is nice.,T | T | T | T,
bcc842b8-08a5-4c36-bc82-d015c74bcb38,base_negative,David is green or blue,If someone is green then they are cold. | If someone is blue then they are cold. | If someone is cold then they are rough. | If someone is not young then they are not rough. | If someone is young then they are cold. | If someone is young then they are nice.,Q1: David is not cold. | Q2: David is not rough. | Q3: David is mean. | Q4: David is red.,F | F | F | F,
c748c74d-c7d0-45fd-bb95-d728f148fcd1,base_negative,Emma is blue or green,If someone is blue then they are cold. | If someone is green then they are cold. | If someone is cold then they are rough. | If someone is not young then they are not rough. | If someone is young then they are cold. | If someone is young then they are nice.,Q1: Emma is not cold. | Q2: Emma is not rough. | Q3: Emma is sad. | Q4: Emma is red.,F | F | F | F,
7cd6b8d7-c02f-4e6d-a838-2429f9ad17cc,aug_variant3,Helen is blue or red | Helen is not cold or not nice,If someone is blue then they are cold. | If someone is red then they are cold. | If someone is cold then they are rough. | If someone is not young then they are not rough. | If someone is young then they are cold. | If someone is young then they are nice.,Q1: Helen is cold. | Q2: Helen is rough. | Q3: Helen is young. | Q4: Helen is nice.,F | F | F | F,
73101d51-1c6a-435f-83b2-eead2b006fd6,base_negative,Bob is red or blue,If someone is red then they are cold. | If someone is blue then they are cold. | If someone is cold then they are rough. | If someone is not young then they are not rough. | If someone is young then they are cold. | If someone is young then they are nice.,Q1: Bob is not cold. | Q2: Bob is not rough. | Q3: Bob is short. | Q4: Bob is green.,F | F | F | F,
2ebe4f23-235a-4853-98e4-29c6ff4587ae,aug_variant3,Bob is green or yellow | Bob is not cold or not nice,If someone is green then they are cold. | If someone is yellow then they are cold. | If someone is cold then they are rough. | If someone is not young then they are not rough. | If someone is young then they are cold. | If someone is young then they are nice.,Q1: Bob is cold. | Q2: Bob is rough. | Q3: Bob is young. | Q4: Bob is nice.,F | F | F | F,
abf1cbbe-dd90-45a2-88ea-3092700366ee,aug_variant2,Helen is green or yellow,If someone is green then they are cold. | If someone is yellow then they are cold. | If someone is not young then they are not rough. | If someone is young then they are cold. | If someone is young then they are nice.,Q1: Helen is cold. | Q2: Helen is rough. | Q3: Helen is young. | Q4: Helen is nice.,T | F | F | F,
03ecf26b-80d9-4a90-b1de-bd23394a3457,aug_variant3,Emma is yellow or red | Emma is not cold or not nice,If someone is yellow then they are cold. | If someone is red then they are cold. | If someone is cold then they are rough. | If someone is not young then they are not rough. | If someone is young then they are cold. | If someone is young then they are nice.,Q1: Emma is cold. | Q2: Emma is rough. | Q3: Emma is young. | Q4: Emma is nice.,F | F | F | F,
0d0f4801-70a3-475a-aac5-8fcfc4298833,aug_variant3,Helen is green or blue | Helen is not cold or not nice,If someone is green then they are cold. | If someone is blue then they are cold. | If someone is cold then they are rough. | If someone is not young then they are not rough. | If someone is young then they are cold. | If someone is young then they are nice.,Q1: Helen is cold. | Q2: Helen is rough. | Q3: Helen is young. | Q4: Helen is nice.,F | F | F | F,
9d742100-2b28-4582-bb10-96a3bc617a23,base_positive,Claire is red or blue,If someone is red then they are cold. | If someone is blue then they are cold. | If someone is cold then they are rough. | If someone is not young then they are not rough. | If someone is young then they are cold. | If someone is young then they are nice.,Q1: Claire is cold. | Q2: Claire is rough. | Q3: Claire is young. | Q4: Claire is nice.,T | T | T | T,
ae08f16a-4257-413d-87c2-6e32829ae6aa,aug_variant2,Frank is blue or yellow,If someone is blue then they are cold. | If someone is yellow then they are cold. | If someone is not young then they are not rough. | If someone is young then they are cold. | If someone is young then they are nice.,Q1: Frank is cold. | Q2: Frank is rough. | Q3: Frank is young. | Q4: Frank is nice.,T | F | F | F,
cc7435a6-db3a-48ac-9305-9f2e6c61d008,aug_variant3,Bob is blue or red | Bob is not cold or not nice,If someone is blue then they are cold. | If someone is red then they are cold. | If someone is cold then they are rough. | If someone is not young then they are not rough. | If someone is young then they are cold. | If someone is young then they are nice.,Q1: Bob is cold. | Q2: Bob is rough. | Q3: Bob is young. | Q4: Bob is nice.,F | F | F | F,
b40e178d-0438-4dc6-807c-7efdd221d155,aug_variant3,Anne is red or green | Anne is not cold or not nice,If someone is red then they are cold. | If someone is green then they are cold. | If someone is cold then they are rough. | If someone is not young then they are not rough. | If someone is young then they are cold. | If someone is young then they are nice.,Q1: Anne is cold. | Q2: Anne is rough. | Q3: Anne is young. | Q4: Anne is nice.,F | F | F | F,
31eebc1a-7c9a-4c7f-bfa5-e36896650d91,base_negative,Anne is yellow or blue,If someone is yellow then they are cold. | If someone is blue then they are cold. | If someone is cold then they are rough. | If someone is not young then they are not rough. | If someone is young then they are cold. | If someone is young then they are nice.,Q1: Anne is not cold. | Q2: Anne is not rough. | Q3: Anne is tall. | Q4: Anne is red.,F | F | F | F,
c64e766f-bf1a-4d1d-8762-45d425ab481f,aug_variant3,Bob is yellow or blue | Bob is not cold or not nice,If someone is yellow then they are cold. | If someone is blue then they are cold. | If someone is cold then they are rough. | If someone is not young then they are not rough. | If someone is young then they are cold. | If someone is young then they are nice.,Q1: Bob is cold. | Q2: Bob is rough. | Q3: Bob is young. | Q4: Bob is nice.,F | F | F | F,
f2fbd007-1807-44b9-9c28-b6d2a13c534e,base_negative,Helen is green or yellow,If someone is green then they are cold. | If someone is yellow then they are cold. | If someone is cold then they are rough. | If someone is not young then they are not rough. | If someone is young then they are cold. | If someone is young then they are nice.,Q1: Helen is not cold. | Q2: Helen is not rough. | Q3: Helen is short. | Q4: Helen is blue.,F | F | F | F,
abf45d73-c32f-49b3-9dd9-4784522e0922,base_negative,Frank is green or blue,If someone is green then they are cold. | If someone is blue then they are cold. | If someone is cold then they are rough. | If someone is not young then they are not rough. | If someone is young then they are cold. | If someone is young then they are nice.,Q1: Frank is not cold. | Q2: Frank is not rough. | Q3: Frank is short. | Q4: Frank is yellow.,F | F | F | F,
9b4cb650-6725-4c03-83dd-43b320a5678f,base_positive,Frank is blue or yellow,If someone is blue then they are cold. | If someone is yellow then they are cold. | If someone is cold then they are rough. | If someone is not young then they are not rough. | If someone is young then they are cold. | If someone is young then they are nice.,Q1: Frank is cold. | Q2: Frank is rough. | Q3: Frank is young. | Q4: Frank is nice.,T | T | T | T,
31fafc8d-d81f-4736-ab8c-da2830938a14,aug_variant2,Frank is red or green,If someone is red then they are cold. | If someone is green then they are cold. | If someone is not young then they are not rough. | If someone is young then they are cold. | If someone is young then they are nice.,Q1: Frank is cold. | Q2: Frank is rough. | Q3: Frank is young. | Q4: Frank is nice.,T | F | F | F,
2d09ae8c-dd67-404f-abe7-f33d8e1d861d,aug_variant2,Bob is green or yellow,If someone is green then they are cold. | If someone is yellow then they are cold. | If someone is not young then they are not rough. | If someone is young then they are cold. | If someone is young then they are nice.,Q1: Bob is cold. | Q2: Bob is rough. | Q3: Bob is young. | Q4: Bob is nice.,T | F | F | F,
777f3e4e-2314-4797-8ddc-d320e6430765,base_positive,Bob is green or yellow,If someone is green then they are cold. | If someone is yellow then they are cold. | If someone is cold then they are rough. | If someone is not young then they are not rough. | If someone is young then they are cold. | If someone is young then they are nice.,Q1: Bob is cold. | Q2: Bob is rough. | Q3: Bob is young. | Q4: Bob is nice.,T | T | T | T,
0af15e7a-1da3-47d9-97e2-a3fb8420c4f7,aug_variant2,Anne is blue or red,If someone is blue then they are cold. | If someone is red then they are cold. | If someone is not young then they are not rough. | If someone is young then they are cold. | If someone is young then they are nice.,Q1: Anne is cold. | Q2: Anne is rough. | Q3: Anne is young. | Q4: Anne is nice.,T | F | F | F,
9362613e-1c2d-48b3-8f66-6ff6d94f1b33,base_negative,Bob is red or yellow,If someone is red then they are cold. | If someone is yellow then they are cold. | If someone is cold then they are rough. | If someone is not young then they are not rough. | If someone is young then they are cold. | If someone is young then they are nice.,Q1: Bob is not cold. | Q2: Bob is not rough. | Q3: Bob is happy. | Q4: Bob is green.,F | F | F | F,
eee7860e-bc47-4fe5-82e1-3bee43e86e1f,aug_variant3,Helen is yellow or green | Helen is not cold or not nice,If someone is yellow then they are cold. | If someone is green then they are cold. | If someone is cold then they are rough. | If someone is not young then they are not rough. | If someone is young then they are cold. | If someone is young then they are nice.,Q1: Helen is cold. | Q2: Helen is rough. | Q3: Helen is young. | Q4: Helen is nice.,F | F | F | F,
11cde659-84e6-4f82-a0be-78005a56701b,aug_variant2,Anne is yellow or blue,If someone is yellow then they are cold. | If someone is blue then they are cold. | If someone is not young then they are not rough. | If someone is young then they are cold. | If someone is young then they are nice.,Q1: Anne is cold. | Q2: Anne is rough. | Q3: Anne is young. | Q4: Anne is nice.,T | F | F | F,
9c734431-e261-4b59-9a1f-3d25f9ead94d,aug_variant2,Bob is yellow or green,If someone is yellow then they are cold. | If someone is green then they are cold. | If someone is not young then they are not rough. | If someone is young then they are cold. | If someone is young then they are nice.,Q1: Bob is cold. | Q2: Bob is rough. | Q3: Bob is young. | Q4: Bob is nice.,T | F | F | F,
8fc02797-e13c-4b35-8a1e-b79b9f4480a5,base_positive,Claire is green or yellow,If someone is green then they are cold. | If someone is yellow then they are cold. | If someone is cold then they are rough. | If someone is not young then they are not rough. | If someone is young then they are cold. | If someone is young then they are nice.,Q1: Claire is cold. | Q2: Claire is rough. | Q3: Claire is young. | Q4: Claire is nice.,T | T | T | T,
bc8e3d50-2856-4c0d-aec3-08fad8475cec,base_negative,David is red or blue,If someone is red then they are cold. | If someone is blue then they are cold. | If someone is cold then they are rough. | If someone is not young then they are not rough. | If someone is young then they are cold. | If someone is young then they are nice.,Q1: David is not cold. | Q2: David is not rough. | Q3: David is short. | Q4: David is yellow.,F | F | F | F,
15f05357-2770-4534-a387-33b44aff31b3,base_negative,Emma is yellow or green,If someone is yellow then they are cold. | If someone is green then they are cold. | If someone is cold then they are rough. | If someone is not young then they are not rough. | If someone is young then they are cold. | If someone is young then they are nice.,Q1: Emma is not cold. | Q2: Emma is not rough. | Q3: Emma is short. | Q4: Emma is red.,F | F | F | F,
df3b6ca8-f6a2-49c6-a89f-2741613a327c,aug_variant2,Grace is red or blue,If someone is red then they are cold. | If someone is blue then they are cold. | If someone is not young then they are not rough. | If someone is young then they are cold. | If someone is young then they are nice.,Q1: Grace is cold. | Q2: Grace is rough. | Q3: Grace is young. | Q4: Grace is nice.,T | F | F | F,
15f05357-2770-4534-a387-33b44aff31b3,base_positive,Emma is yellow or green,If someone is yellow then they are cold. | If someone is green then they are cold. | If someone is cold then they are rough. | If someone is not young then they are not rough. | If someone is young then they are cold. | If someone is young then they are nice.,Q1: Emma is cold. | Q2: Emma is rough. | Q3: Emma is young. | Q4: Emma is nice.,T | T | T | T,
a2d79ed0-0293-4931-bc5c-9cb01708eee7,aug_variant3,Claire is blue or green | Claire is not cold or not nice,If someone is blue then they are cold. | If someone is green then they are cold. | If someone is cold then they are rough. | If someone is not young then they are not rough. | If someone is young then they are cold. | If someone is young then they are nice.,Q1: Claire is cold. | Q2: Claire is rough. | Q3: Claire is young. | Q4: Claire is nice.,F | F | F | F,
b4abcbd8-0d85-4fc9-9702-98300771f46c,base_negative,Bob is green or red,If someone is green then they are cold. | If someone is red then they are cold. | If someone is cold then they are rough. | If someone is not young then they are not rough. | If someone is young then they are cold. | If someone is young then they are nice.,Q1: Bob is not cold. | Q2: Bob is not rough. | Q3: Bob is mean. | Q4: Bob is yellow.,F | F | F | F,
b607216c-2b9c-4dc6-8afa-1acd10e94ca3,aug_variant2,Claire is green or yellow,If someone is green then they are cold. | If someone is yellow then they are cold. | If someone is not young then they are not rough. | If someone is young then they are cold. | If someone is young then they are nice.,Q1: Claire is cold. | Q2: Claire is rough. | Q3: Claire is young. | Q4: Claire is nice.,T | F | F | F,
300381ca-ca38-4284-b286-00f1b4777d97,base_positive,Bob is yellow or blue,If someone is yellow then they are cold. | If someone is blue then they are cold. | If someone is cold then they are rough. | If someone is not young then they are not rough. | If someone is young then they are cold. | If someone is young then they are nice.,Q1: Bob is cold. | Q2: Bob is rough. | Q3: Bob is young. | Q4: Bob is nice.,T | T | T | T,
3a67d5ea-dcb1-4bf1-8f63-308ad03eba09,aug_variant2,David is green or red,If someone is green then they are cold. | If someone is red then they are cold. | If someone is not young then they are not rough. | If someone is young then they are cold. | If someone is young then they are nice.,Q1: David is cold. | Q2: David is rough. | Q3: David is young. | Q4: David is nice.,T | F | F | F,
06f26d94-9639-455a-820b-742ff67fd7e8,aug_variant3,Helen is yellow or red | Helen is not cold or not nice,If someone is yellow then they are cold. | If someone is red then they are cold. | If someone is cold then they are rough. | If someone is not young then they are not rough. | If someone is young then they are cold. | If someone is young then they are nice.,Q1: Helen is cold. | Q2: Helen is rough. | Q3: Helen is young. | Q4: Helen is nice.,F | F | F | F,
cdfe6217-b40a-4f4c-8f6d-0928b7028dbe,base_negative,Anne is blue or green,If someone is blue then they are cold. | If someone is green then they are cold. | If someone is cold then they are rough. | If someone is not young then they are not rough. | If someone is young then they are cold. | If someone is young then they are nice.,Q1: Anne is not cold. | Q2: Anne is not rough. | Q3: Anne is tall. | Q4: Anne is yellow.,F | F | F | F,
92704511-b578-40ae-82a4-83789abeb50f,aug_variant3,Anne is blue or green | Anne is not cold or not nice,If someone is blue then they are cold. | If someone is green then they are cold. | If someone is cold then they are rough. | If someone is not young then they are not rough. | If someone is young then they are cold. | If someone is young then they are nice.,Q1: Anne is cold. | Q2: Anne is rough. | Q3: Anne is young. | Q4: Anne is nice.,F | F | F | F,
3a30c8c9-1f1e-4748-b765-a2c0f46dbf0a,aug_variant2,David is green or red,If someone is green then they are cold. | If someone is red then they are cold. | If someone is not young then they are not rough. | If someone is young then they are cold. | If someone is young then they are nice.,Q1: David is cold. | Q2: David is rough. | Q3: David is young. | Q4: David is nice.,T | F | F | F,
ae655a9f-0e9f-463c-b058-72c7ab07cebe,base_negative,Claire is blue or yellow,If someone is blue then they are cold. | If someone is yellow then they are cold. | If someone is cold then they are rough. | If someone is not young then they are not rough. | If someone is young then they are cold. | If someone is young then they are nice.,Q1: Claire is not cold. | Q2: Claire is not rough. | Q3: Claire is tall. | Q4: Claire is red.,F | F | F | F,
670e348c-bbec-4ea4-8f79-5a1a71295c3f,base_positive,Bob is green or yellow,If someone is green then they are cold. | If someone is yellow then they are cold. | If someone is cold then they are rough. | If someone is not young then they are not rough. | If someone is young then they are cold. | If someone is young then they are nice.,Q1: Bob is cold. | Q2: Bob is rough. | Q3: Bob is young. | Q4: Bob is nice.,T | T | T | T,
0a67cc7c-d551-4f95-bdbe-9cf66bb826a5,aug_variant2,Helen is yellow or blue,If someone is yellow then they are cold. | If someone is blue then they are cold. | If someone is not young then they are not rough. | If someone is young then they are cold. | If someone is young then they are nice.,Q1: Helen is cold. | Q2: Helen is rough. | Q3: Helen is young. | Q4: Helen is nice.,T | F | F | F,
1b88591c-7b38-4c32-b1c2-68726fb6c804,base_negative,Helen is yellow or green,If someone is yellow then they are cold. | If someone is green then they are cold. | If someone is cold then they are rough. | If someone is not young then they are not rough. | If someone is young then they are cold. | If someone is young then they are nice.,Q1: Helen is not cold. | Q2: Helen is not rough. | Q3: Helen is short. | Q4: Helen is red.,F | F | F | F,
e37a041e-6b78-410f-ab4c-77d999be325b,aug_variant2,Anne is green or blue,If someone is green then they are cold. | If someone is blue then they are cold. | If someone is not young then they are not rough. | If someone is young then they are cold. | If someone is young then they are nice.,Q1: Anne is cold. | Q2: Anne is rough. | Q3: Anne is young. | Q4: Anne is nice.,T | F | F | F,
5e236454-a6a2-4199-a2fe-0ddab2200be0,aug_variant2,Claire is green or yellow,If someone is green then they are cold. | If someone is yellow then they are cold. | If someone is not young then they are not rough. | If someone is young then they are cold. | If someone is young then they are nice.,Q1: Claire is cold. | Q2: Claire is rough. | Q3: Claire is young. | Q4: Claire is nice.,T | F | F | F,
5ba738bc-addb-4c1f-b0fd-447d36be0a77,aug_variant2,Bob is yellow or blue,If someone is yellow then they are cold. | If someone is blue then they are cold. | If someone is not young then they are not rough. | If someone is young then they are cold. | If someone is young then they are nice.,Q1: Bob is cold. | Q2: Bob is rough. | Q3: Bob is young. | Q4: Bob is nice.,T | F | F | F,
54861e81-d178-4a35-99b6-6a0f02495e96,base_positive,Helen is green or blue,If someone is green then they are cold. | If someone is blue then they are cold. | If someone is cold then they are rough. | If someone is not young then they are not rough. | If someone is young then they are cold. | If someone is young then they are nice.,Q1: Helen is cold. | Q2: Helen is rough. | Q3: Helen is young. | Q4: Helen is nice.,T | T | T | T,
5570d653-8364-4494-8611-8c96e7a8c508,base_positive,David is red or green,If someone is red then they are cold. | If someone is green then they are cold. | If someone is cold then they are rough. | If someone is not young then they are not rough. | If someone is young then they are cold. | If someone is young then they are nice.,Q1: David is cold. | Q2: David is rough. | Q3: David is young. | Q4: David is nice.,T | T | T | T,
9f2ed30c-17e0-45f4-8965-608a0018aca6,base_positive,Emma is yellow or red,If someone is yellow then they are cold. | If someone is red then they are cold. | If someone is cold then they are rough. | If someone is not young then they are not rough. | If someone is young then they are cold. | If someone is young then they are nice.,Q1: Emma is cold. | Q2: Emma is rough. | Q3: Emma is young. | Q4: Emma is nice.,T | T | T | T,
efc178be-a289-4112-81b5-7829d8fe18f8,aug_variant2,Frank is red or green,If someone is red then they are cold. | If someone is green then they are cold. | If someone is not young then they are not rough. | If someone is young then they are cold. | If someone is young then they are nice.,Q1: Frank is cold. | Q2: Frank is rough. | Q3: Frank is young. | Q4: Frank is nice.,T | F | F | F,
e84e3f8c-4caf-495a-952f-82c850953864,base_positive,Bob is green or yellow,If someone is green then they are cold. | If someone is yellow then they are cold. | If someone is cold then they are rough. | If someone is not young then they are not rough. | If someone is young then they are cold. | If someone is young then they are nice.,Q1: Bob is cold. | Q2: Bob is rough. | Q3: Bob is young. | Q4: Bob is nice.,T | T | T | T,
0b851a20-e6b8-4c77-b2cc-3d0752e3a16d,base_positive,Helen is red or green,If someone is red then they are cold. | If someone is green then they are cold. | If someone is cold then they are rough. | If someone is not young then they are not rough. | If someone is young then they are cold. | If someone is young then they are nice.,Q1: Helen is cold. | Q2: Helen is rough. | Q3: Helen is young. | Q4: Helen is nice.,T | T | T | T,
066cdd51-2910-4de0-8891-40ca24c7d419,base_positive,Bob is green or yellow,If someone is green then they are cold. | If someone is yellow then they are cold. | If someone is cold then they are rough. | If someone is not young then they are not rough. | If someone is young then they are cold. | If someone is young then they are nice.,Q1: Bob is cold. | Q2: Bob is rough. | Q3: Bob is young. | Q4: Bob is nice.,T | T | T | T,
e9fef967-1de8-41c0-aeb4-6b90553d9b45,aug_variant3,Frank is green or blue | Frank is not cold or not nice,If someone is green then they are cold. | If someone is blue then they are cold. | If someone is cold then they are rough. | If someone is not young then they are not rough. | If someone is young then they are cold. | If someone is young then they are nice.,Q1: Frank is cold. | Q2: Frank is rough. | Q3: Frank is young. | Q4: Frank is nice.,F | F | F | F,
47cc1191-40f4-475b-a266-ed436dffa568,aug_variant3,Claire is yellow or green | Claire is not cold or not nice,If someone is yellow then they are cold. | If someone is green then they are cold. | If someone is cold then they are rough. | If someone is not young then they are not rough. | If someone is young then they are cold. | If someone is young then they are nice.,Q1: Claire is cold. | Q2: Claire is rough. | Q3: Claire is young. | Q4: Claire is nice.,F | F | F | F,
cdea1a1b-b379-4f5e-a2ae-7bcaea6b43a7,base_negative,David is blue or green,If someone is blue then they are cold. | If someone is green then they are cold. | If someone is cold then they are rough. | If someone is not young then they are not rough. | If someone is young then they are cold. | If someone is young then they are nice.,Q1: David is not cold. | Q2: David is not rough. | Q3: David is kind. | Q4: David is red.,F | F | F | F,
295470ea-d60e-449c-88b4-746139c24c6e,aug_variant2,David is blue or green,If someone is blue then they are cold. | If someone is green then they are cold. | If someone is not young then they are not rough. | If someone is young then they are cold. | If someone is young then they are nice.,Q1: David is cold. | Q2: David is rough. | Q3: David is young. | Q4: David is nice.,T | F | F | F,
565f39e2-f5f3-4d33-973c-c29b8ead379b,base_negative,Anne is green or red,If someone is green then they are cold. | If someone is red then they are cold. | If someone is cold then they are rough. | If someone is not young then they are not rough. | If someone is young then they are cold. | If someone is young then they are nice.,Q1: Anne is not cold. | Q2: Anne is not rough. | Q3: Anne is kind. | Q4: Anne is yellow.,F | F | F | F,
2f341bc7-7e9f-497d-8535-824ed3175e3a,base_negative,Claire is yellow or blue,If someone is yellow then they are cold. | If someone is blue then they are cold. | If someone is cold then they are rough. | If someone is not young then they are not rough. | If someone is young then they are cold. | If someone is young then they are nice.,Q1: Claire is not cold. | Q2: Claire is not rough. | Q3: Claire is sad. | Q4: Claire is red.,F | F | F | F,
21e29d6d-943b-425e-bc2f-f91e0f47b8a1,base_positive,Grace is red or green,If someone is red then they are cold. | If someone is green then they are cold. | If someone is cold then they are rough. | If someone is not young then they are not rough. | If someone is young then they are cold. | If someone is young then they are nice.,Q1: Grace is cold. | Q2: Grace is rough. | Q3: Grace is young. | Q4: Grace is nice.,T | T | T | T,
8bf56ec9-2538-41b1-9e61-973e2cc0a58f,aug_variant3,Helen is blue or red | Helen is not cold or not nice,If someone is blue then they are cold. | If someone is red then they are cold. | If someone is cold then they are rough. | If someone is not young then they are not rough. | If someone is young then they are cold. | If someone is young then they are nice.,Q1: Helen is cold. | Q2: Helen is rough. | Q3: Helen is young. | Q4: Helen is nice.,F | F | F | F,
9d390a21-7645-4e43-971a-4a8386847230,aug_variant3,Claire is red or blue | Claire is not cold or not nice,If someone is red then they are cold. | If someone is blue then they are cold. | If someone is cold then they are rough. | If someone is not young then they are not rough. | If someone is young then they are cold. | If someone is young then they are nice.,Q1: Claire is cold. | Q2: Claire is rough. | Q3: Claire is young. | Q4: Claire is nice.,F | F | F | F,
a5ed4ef8-4203-44ea-beb2-35a4dd8da0ae,aug_variant2,Grace is blue or yellow,If someone is blue then they are cold. | If someone is yellow then they are cold. | If someone is not young then they are not rough. | If someone is young then they are cold. | If someone is young then they are nice.,Q1: Grace is cold. | Q2: Grace is rough. | Q3: Grace is young. | Q4: Grace is nice.,T | F | F | F,
94013213-611c-4d25-a3b9-52682170f641,aug_variant2,Helen is blue or red,If someone is blue then they are cold. | If someone is red then they are cold. | If someone is not young then they are not rough. | If someone is young then they are cold. | If someone is young then they are nice.,Q1: Helen is cold. | Q2: Helen is rough. | Q3: Helen is young. | Q4: Helen is nice.,T | F | F | F,
ccaea9b4-38bf-4707-812f-da5d0ea119ad,aug_variant2,Helen is blue or yellow,If someone is blue then they are cold. | If someone is yellow then they are cold. | If someone is not young then they are not rough. | If someone is young then they are cold. | If someone is young then they are nice.,Q1: Helen is cold. | Q2: Helen is rough. | Q3: Helen is young. | Q4: Helen is nice.,T | F | F | F,
41670b46-d25d-4bd4-9c40-85f87dbf4b51,base_negative,Emma is yellow or blue,If someone is yellow then they are cold. | If someone is blue then they are cold. | If someone is cold then they are rough. | If someone is not young then they are not rough. | If someone is young then they are cold. | If someone is young then they are nice.,Q1: Emma is not cold. | Q2: Emma is not rough. | Q3: Emma is short. | Q4: Emma is red.,F | F | F | F,
3d267f59-eecf-4d16-9a6f-473ae3678ea5,aug_variant2,Helen is green or blue,If someone is green then they are cold. | If someone is blue then they are cold. | If someone is not young then they are not rough. | If someone is young then they are cold. | If someone is young then they are nice.,Q1: Helen is cold. | Q2: Helen is rough. | Q3: Helen is young. | Q4: Helen is nice.,T | F | F | F,
4002073d-db6c-408b-9da1-2f4ba5033118,base_positive,Emma is yellow or red,If someone is yellow then they are cold. | If someone is red then they are cold. | If someone is cold then they are rough. | If someone is not young then they are not rough. | If someone is young then they are cold. | If someone is young then they are nice.,Q1: Emma is cold. | Q2: Emma is rough. | Q3: Emma is young. | Q4: Emma is nice.,T | T | T | T,
4f1d5a9f-a4d4-427e-8fb7-5c93e36def02,aug_variant2,Claire is yellow or green,If someone is yellow then they are cold. | If someone is green then they are cold. | If someone is not young then they are not rough. | If someone is young then they are cold. | If someone is young then they are nice.,Q1: Claire is cold. | Q2: Claire is rough. | Q3: Claire is young. | Q4: Claire is nice.,T | F | F | F,
b1046834-6cac-4e32-ac94-95001812bcce,base_positive,Helen is blue or yellow,If someone is blue then they are cold. | If someone is yellow then they are cold. | If someone is cold then they are rough. | If someone is not young then they are not rough. | If someone is young then they are cold. | If someone is young then they are nice.,Q1: Helen is cold. | Q2: Helen is rough. | Q3: Helen is young. | Q4: Helen is nice.,T | T | T | T,
a938706b-d20b-4dcb-8fb1-c7585360c7c8,base_positive,Anne is green or blue,If someone is green then they are cold. | If someone is blue then they are cold. | If someone is cold then they are rough. | If someone is not young then they are not rough. | If someone is young then they are cold. | If someone is young then they are nice.,Q1: Anne is cold. | Q2: Anne is rough. | Q3: Anne is young. | Q4: Anne is nice.,T | T | T | T,
b08cfdee-53fe-4579-895b-9e959cf33df9,aug_variant2,Bob is red or yellow,If someone is red then they are cold. | If someone is yellow then they are cold. | If someone is not young then they are not rough. | If someone is young then they are cold. | If someone is young then they are nice.,Q1: Bob is cold. | Q2: Bob is rough. | Q3: Bob is young. | Q4: Bob is nice.,T | F | F | F,
231daa67-710a-47ed-b821-7807448b4354,base_positive,Helen is blue or red,If someone is blue then they are cold. | If someone is red then they are cold. | If someone is cold then they are rough. | If someone is not young then they are not rough. | If someone is young then they are cold. | If someone is young then they are nice.,Q1: Helen is cold. | Q2: Helen is rough. | Q3: Helen is young. | Q4: Helen is nice.,T | T | T | T,
f9e75b4c-04e4-4957-a01d-bbf01de374fe,aug_variant2,Helen is blue or red,If someone is blue then they are cold. | If someone is red then they are cold. | If someone is not young then they are not rough. | If someone is young then they are cold. | If someone is young then they are nice.,Q1: Helen is cold. | Q2: Helen is rough. | Q3: Helen is young. | Q4: Helen is nice.,T | F | F | F,
7982f3d9-8146-41d1-813c-b09130ae8045,base_negative,Anne is yellow or red,If someone is yellow then they are cold. | If someone is red then they are cold. | If someone is cold then they are rough. | If someone is not young then they are not rough. | If someone is young then they are cold. | If someone is young then they are nice.,Q1: Anne is not cold. | Q2: Anne is not rough. | Q3: Anne is kind. | Q4: Anne is blue.,F | F | F | F,
e84395c2-52eb-4c87-84e0-a83b986a67aa,aug_variant3,Anne is blue or yellow | Anne is not cold or not nice,If someone is blue then they are cold. | If someone is yellow then they are cold. | If someone is cold then they are rough. | If someone is not young then they are not rough. | If someone is young then they are cold. | If someone is young then they are nice.,Q1: Anne is cold. | Q2: Anne is rough. | Q3: Anne is young. | Q4: Anne is nice.,F | F | F | F,
2c33ccb9-9100-4b6f-baf7-7fdcac5fe6c9,aug_variant2,Bob is red or blue,If someone is red then they are cold. | If someone is blue then they are cold. | If someone is not young then they are not rough. | If someone is young then they are cold. | If someone is young then they are nice.,Q1: Bob is cold. | Q2: Bob is rough. | Q3: Bob is young. | Q4: Bob is nice.,T | F | F | F,
bf9e90db-dbfa-442f-85b5-626592d1d6e0,base_negative,David is green or red,If someone is green then they are cold. | If someone is red then they are cold. | If someone is cold then they are rough. | If someone is not young then they are not rough. | If someone is young then they are cold. | If someone is young then they are nice.,Q1: David is not cold. | Q2: David is not rough. | Q3: David is sad. | Q4: David is yellow.,F | F | F | F,
2e5623a2-b496-4aa4-91d3-06989619c5d4,base_positive,Claire is yellow or green,If someone is yellow then they are cold. | If someone is green then they are cold. | If someone is cold then they are rough. | If someone is not young then they are not rough. | If someone is young then they are cold. | If someone is young then they are nice.,Q1: Claire is cold. | Q2: Claire is rough. | Q3: Claire is young. | Q4: Claire is nice.,T | T | T | T,
cc34fdd4-4701-482c-bd6f-08301d62f5be,aug_variant3,Anne is green or yellow | Anne is not cold or not nice,If someone is green then they are cold. | If someone is yellow then they are cold. | If someone is cold then they are rough. | If someone is not young then they are not rough. | If someone is young then they are cold. | If someone is young then they are nice.,Q1: Anne is cold. | Q2: Anne is rough. | Q3: Anne is young. | Q4: Anne is nice.,F | F | F | F,
e59c3c3d-0645-44cd-b3c8-2f2ce847539e,aug_variant3,Bob is red or yellow | Bob is not cold or not nice,If someone is red then they are cold. | If someone is yellow then they are cold. | If someone is cold then they are rough. | If someone is not young then they are not rough. | If someone is young then they are cold. | If someone is young then they are nice.,Q1: Bob is cold. | Q2: Bob is rough. | Q3: Bob is young. | Q4: Bob is nice.,F | F | F | F,
fd8f857e-5560-4cab-8d68-6fee7d7e5e0b,base_negative,David is green or blue,If someone is green then they are cold. | If someone is blue then they are cold. | If someone is cold then they are rough. | If someone is not young then they are not rough. | If someone is young then they are cold. | If someone is young then they are nice.,Q1: David is not cold. | Q2: David is not rough. | Q3: David is short. | Q4: David is yellow.,F | F | F | F,
2e7b13ea-aa43-4835-a5ca-09a8444aeed1,base_negative,Helen is red or blue,If someone is red then they are cold. | If someone is blue then they are cold. | If someone is cold then they are rough. | If someone is not young then they are not rough. | If someone is young then they are cold. | If someone is young then they are nice.,Q1: Helen is not cold. | Q2: Helen is not rough. | Q3: Helen is kind. | Q4: Helen is yellow.,F | F | F | F,
bc8e3d50-2856-4c0d-aec3-08fad8475cec,base_positive,David is red or blue,If someone is red then they are cold. | If someone is blue then they are cold. | If someone is cold then they are rough. | If someone is not young then they are not rough. | If someone is young then they are cold. | If someone is young then they are nice.,Q1: David is cold. | Q2: David is rough. | Q3: David is young. | Q4: David is nice.,T | T | T | T,
3d024508-9f27-40f1-9862-ff612e563436,aug_variant2,Anne is red or green,If someone is red then they are cold. | If someone is green then they are cold. | If someone is not young then they are not rough. | If someone is young then they are cold. | If someone is young then they are nice.,Q1: Anne is cold. | Q2: Anne is rough. | Q3: Anne is young. | Q4: Anne is nice.,T | F | F | F,
c6026869-ba37-4ddb-bc19-c07ad4c3a6cb,aug_variant3,Claire is yellow or blue | Claire is not cold or not nice,If someone is yellow then they are cold. | If someone is blue then they are cold. | If someone is cold then they are rough. | If someone is not young then they are not rough. | If someone is young then they are cold. | If someone is young then they are nice.,Q1: Claire is cold. | Q2: Claire is rough. | Q3: Claire is young. | Q4: Claire is nice.,F | F | F | F,
52de3d52-3859-42a4-a269-41bd115a2eb3,base_positive,Frank is blue or yellow,If someone is blue then they are cold. | If someone is yellow then they are cold. | If someone is cold then they are rough. | If someone is not young then they are not rough. | If someone is young then they are cold. | If someone is young then they are nice.,Q1: Frank is cold. | Q2: Frank is rough. | Q3: Frank is young. | Q4: Frank is nice.,T | T | T | T,
69e0ab8f-6763-45f2-8807-2d498f98b6d8,aug_variant2,Claire is blue or yellow,If someone is blue then they are cold. | If someone is yellow then they are cold. | If someone is not young then they are not rough. | If someone is young then they are cold. | If someone is young then they are nice.,Q1: Claire is cold. | Q2: Claire is rough. | Q3: Claire is young. | Q4: Claire is nice.,T | F | F | F,
c130c165-dfb4-46dd-a38d-eb5151ca3322,base_negative,Emma is blue or yellow,If someone is blue then they are cold. | If someone is yellow then they are cold. | If someone is cold then they are rough. | If someone is not young then they are not rough. | If someone is young then they are cold. | If someone is young then they are nice.,Q1: Emma is not cold. | Q2: Emma is not rough. | Q3: Emma is sad. | Q4: Emma is green.,F | F | F | F,
03984e58-0d1d-47d6-bacd-c64d84de7da3,base_negative,David is yellow or green,If someone is yellow then they are cold. | If someone is green then they are cold. | If someone is cold then they are rough. | If someone is not young then they are not rough. | If someone is young then they are cold. | If someone is young then they are nice.,Q1: David is not cold. | Q2: David is not rough. | Q3: David is short. | Q4: David is blue.,F | F | F | F,
300381ca-ca38-4284-b286-00f1b4777d97,base_negative,Bob is yellow or blue,If someone is yellow then they are cold. | If someone is blue then they are cold. | If someone is cold then they are rough. | If someone is not young then they are not rough. | If someone is young then they are cold. | If someone is young then they are nice.,Q1: Bob is not cold. | Q2: Bob is not rough. | Q3: Bob is kind. | Q4: Bob is red.,F | F | F | F,
a8118ac4-ef2e-4a44-8df0-9a7a7cd3efad,aug_variant3,Bob is red or blue | Bob is not cold or not nice,If someone is red then they are cold. | If someone is blue then they are cold. | If someone is cold then they are rough. | If someone is not young then they are not rough. | If someone is young then they are cold. | If someone is young then they are nice.,Q1: Bob is cold. | Q2: Bob is rough. | Q3: Bob is young. | Q4: Bob is nice.,F | F | F | F,
f6e7d468-deae-4cd3-a0e2-215b41202a80,base_positive,Grace is red or green,If someone is red then they are cold. | If someone is green then they are cold. | If someone is cold then they are rough. | If someone is not young then they are not rough. | If someone is young then they are cold. | If someone is young then they are nice.,Q1: Grace is cold. | Q2: Grace is rough. | Q3: Grace is young. | Q4: Grace is nice.,T | T | T | T,
94855c46-2a03-4057-a29a-1748cbca899b,aug_variant3,Anne is yellow or blue | Anne is not cold or not nice,If someone is yellow then they are cold. | If someone is blue then they are cold. | If someone is cold then they are rough. | If someone is not young then they are not rough. | If someone is young then they are cold. | If someone is young then they are nice.,Q1: Anne is cold. | Q2: Anne is rough. | Q3: Anne is young. | Q4: Anne is nice.,F | F | F | F,
82e6db02-87a6-4d45-8feb-b27099645370,base_positive,Claire is green or yellow,If someone is green then they are cold. | If someone is yellow then they are cold. | If someone is cold then they are rough. | If someone is not young then they are not rough. | If someone is young then they are cold. | If someone is young then they are nice.,Q1: Claire is cold. | Q2: Claire is rough. | Q3: Claire is young. | Q4: Claire is nice.,T | T | T | T,
8f258670-cb7e-4e01-ab4f-46622616452a,aug_variant3,Helen is green or yellow | Helen is not cold or not nice,If someone is green then they are cold. | If someone is yellow then they are cold. | If someone is cold then they are rough. | If someone is not young then they are not rough. | If someone is young then they are cold. | If someone is young then they are nice.,Q1: Helen is cold. | Q2: Helen is rough. | Q3: Helen is young. | Q4: Helen is nice.,F | F | F | F,
20f92dfa-8f06-4756-8f37-752d7946a5d3,aug_variant3,Frank is blue or yellow | Frank is not cold or not nice,If someone is blue then they are cold. | If someone is yellow then they are cold. | If someone is cold then they are rough. | If someone is not young then they are not rough. | If someone is young then they are cold. | If someone is young then they are nice.,Q1: Frank is cold. | Q2: Frank is rough. | Q3: Frank is young. | Q4: Frank is nice.,F | F | F | F,
c748c74d-c7d0-45fd-bb95-d728f148fcd1,base_positive,Emma is blue or green,If someone is blue then they are cold. | If someone is green then they are cold. | If someone is cold then they are rough. | If someone is not young then they are not rough. | If someone is young then they are cold. | If someone is young then they are nice.,Q1: Emma is cold. | Q2: Emma is rough. | Q3: Emma is young. | Q4: Emma is nice.,T | T | T | T,
50b44494-1038-49bb-9195-621b1c221ded,base_positive,David is green or red,If someone is green then they are cold. | If someone is red then they are cold. | If someone is cold then they are rough. | If someone is not young then they are not rough. | If someone is young then they are cold. | If someone is young then they are nice.,Q1: David is cold. | Q2: David is rough. | Q3: David is young. | Q4: David is nice.,T | T | T | T,
7752468a-6ad9-4800-b7a0-3a4d900b40d9,aug_variant2,David is green or yellow,If someone is green then they are cold. | If someone is yellow then they are cold. | If someone is not young then they are not rough. | If someone is young then they are cold. | If someone is young then they are nice.,Q1: David is cold. | Q2: David is rough. | Q3: David is young. | Q4: David is nice.,T | F | F | F,
d64b0c3b-0a04-4e13-add1-9236ecc40bcb,base_negative,Emma is green or yellow,If someone is green then they are cold. | If someone is yellow then they are cold. | If someone is cold then they are rough. | If someone is not young then they are not rough. | If someone is young then they are cold. | If someone is young then they are nice.,Q1: Emma is not cold. | Q2: Emma is not rough. | Q3: Emma is mean. | Q4: Emma is blue.,F | F | F | F,
e4140dda-02a6-470a-ab88-d4af4b579f3a,base_negative,David is blue or red,If someone is blue then they are cold. | If someone is red then they are cold. | If someone is cold then they are rough. | If someone is not young then they are not rough. | If someone is young then they are cold. | If someone is young then they are nice.,Q1: David is not cold. | Q2: David is not rough. | Q3: David is sad. | Q4: David is green.,F | F | F | F,
03984e58-0d1d-47d6-bacd-c64d84de7da3,base_positive,David is yellow or green,If someone is yellow then they are cold. | If someone is green then they are cold. | If someone is cold then they are rough. | If someone is not young then they are not rough. | If someone is young then they are cold. | If someone is young then they are nice.,Q1: David is cold. | Q2: David is rough. | Q3: David is young. | Q4: David is nice.,T | T | T | T,
d350101b-54d3-4578-9a7b-389b04a2dfbe,aug_variant2,Frank is green or blue,If someone is green then they are cold. | If someone is blue then they are cold. | If someone is not young then they are not rough. | If someone is young then they are cold. | If someone is young then they are nice.,Q1: Frank is cold. | Q2: Frank is rough. | Q3: Frank is young. | Q4: Frank is nice.,T | F | F | F,
31eebc1a-7c9a-4c7f-bfa5-e36896650d91,base_positive,Anne is yellow or blue,If someone is yellow then they are cold. | If someone is blue then they are cold. | If someone is cold then they are rough. | If someone is not young then they are not rough. | If someone is young then they are cold. | If someone is young then they are nice.,Q1: Anne is cold. | Q2: Anne is rough. | Q3: Anne is young. | Q4: Anne is nice.,T | T | T | T,
c29ed94c-4905-433a-b3f2-85f7b6805242,aug_variant3,David is blue or red | David is not cold or not nice,If someone is blue then they are cold. | If someone is red then they are cold. | If someone is cold then they are rough. | If someone is not young then they are not rough. | If someone is young then they are cold. | If someone is young then they are nice.,Q1: David is cold. | Q2: David is rough. | Q3: David is young. | Q4: David is nice.,F | F | F | F,
fd8f857e-5560-4cab-8d68-6fee7d7e5e0b,base_positive,David is green or blue,If someone is green then they are cold. | If someone is blue then they are cold. | If someone is cold then they are rough. | If someone is not young then they are not rough. | If someone is young then they are cold. | If someone is young then they are nice.,Q1: David is cold. | Q2: David is rough. | Q3: David is young. | Q4: David is nice.,T | T | T | T,
abf45d73-c32f-49b3-9dd9-4784522e0922,base_positive,Frank is green or blue,If someone is green then they are cold. | If someone is blue then they are cold. | If someone is cold then they are rough. | If someone is not young then they are not rough. | If someone is young then they are cold. | If someone is young then they are nice.,Q1: Frank is cold. | Q2: Frank is rough. | Q3: Frank is young. | Q4: Frank is nice.,T | T | T | T,
572f59d9-5814-4902-808c-d35eedd9849e,base_positive,Grace is green or red,If someone is green then they are cold. | If someone is red then they are cold. | If someone is cold then they are rough. | If someone is not young then they are not rough. | If someone is young then they are cold. | If someone is young then they are nice.,Q1: Grace is cold. | Q2: Grace is rough. | Q3: Grace is young. | Q4: Grace is nice.,T | T | T | T,
cdfe6217-b40a-4f4c-8f6d-0928b7028dbe,base_positive,Anne is blue or green,If someone is blue then they are cold. | If someone is green then they are cold. | If someone is cold then they are rough. | If someone is not young then they are not rough. | If someone is young then they are cold. | If someone is young then they are nice.,Q1: Anne is cold. | Q2: Anne is rough. | Q3: Anne is young. | Q4: Anne is nice.,T | T | T | T,
3f4aa1fd-473f-4fc8-b336-77d0a607fcfe,base_negative,David is red or green,If someone is red then they are cold. | If someone is green then they are cold. | If someone is cold then they are rough. | If someone is not young then they are not rough. | If someone is young then they are cold. | If someone is young then they are nice.,Q1: David is not cold. | Q2: David is not rough. | Q3: David is happy. | Q4: David is blue.,F | F | F | F,
1559b73b-cae5-4374-ac18-556365e1e255,aug_variant2,Claire is red or blue,If someone is red then they are cold. | If someone is blue then they are cold. | If someone is not young then they are not rough. | If someone is young then they are cold. | If someone is young then they are nice.,Q1: Claire is cold. | Q2: Claire is rough. | Q3: Claire is young. | Q4: Claire is nice.,T | F | F | F,
ca504b00-6d25-4bfa-8670-ec97f46a68b2,aug_variant3,Helen is green or yellow | Helen is not cold or not nice,If someone is green then they are cold. | If someone is yellow then they are cold. | If someone is cold then they are rough. | If someone is not young then they are not rough. | If someone is young then they are cold. | If someone is young then they are nice.,Q1: Helen is cold. | Q2: Helen is rough. | Q3: Helen is young. | Q4: Helen is nice.,F | F | F | F,
9b4cb650-6725-4c03-83dd-43b320a5678f,base_negative,Frank is blue or yellow,If someone is blue then they are cold. | If someone is yellow then they are cold. | If someone is cold then they are rough. | If someone is not young then they are not rough. | If someone is young then they are cold. | If someone is young then they are nice.,Q1: Frank is not cold. | Q2: Frank is not rough. | Q3: Frank is mean. | Q4: Frank is red.,F | F | F | F,
