input_text,target_text
"Facts: Anne is yellow or red
Rules: If someone is yellow then they are cold. | If someone is red then they are cold. | If someone is cold then they are rough. | If someone is not young then they are not rough. | If someone is young then they are cold. | If someone is young then they are nice.
Question: Q1: Anne is cold.
Think step by step.","Reasoning: Fact: Anne is yellow or red. Rule 1 & 2: Colors (yellow, red) imply Anne is cold. Rule 3: Cold implies Anne is rough. Rule 4: Not young implies not rough (Contrapositive: Rough implies young). Rule 5: Young implies Anne is nice. Answer: True"
"Facts: Anne is yellow or red
Rules: If someone is yellow then they are cold. | If someone is red then they are cold. | If someone is cold then they are rough. | If someone is not young then they are not rough. | If someone is young then they are cold. | If someone is young then they are nice.
Question: Q2: Anne is rough.
Think step by step.","Reasoning: Fact: Anne is yellow or red. Rule 1 & 2: Colors (yellow, red) imply Anne is cold. Rule 3: Cold implies Anne is rough. Rule 4: Not young implies not rough (Contrapositive: Rough implies young). Rule 5: Young implies Anne is nice. Answer: True"
"Facts: Anne is yellow or red
Rules: If someone is yellow then they are cold. | If someone is red then they are cold. | If someone is cold then they are rough. | If someone is not young then they are not rough. | If someone is young then they are cold. | If someone is young then they are nice.
Question: Q3: Anne is young.
Think step by step.","Reasoning: Fact: Anne is yellow or red. Rule 1 & 2: Colors (yellow, red) imply Anne is cold. Rule 3: Cold implies Anne is rough. Rule 4: Not young implies not rough (Contrapositive: Rough implies young). Rule 5: Young implies Anne is nice. Answer: True"
"Facts: Anne is yellow or red
Rules: If someone is yellow then they are cold. | If someone is red then they are cold. | If someone is cold then they are rough. | If someone is not young then they are not rough. | If someone is young then they are cold. | If someone is young then they are nice.
Question: Q4: Anne is nice.
Think step by step.","Reasoning: Fact: Anne is yellow or red. Rule 1 & 2: Colors (yellow, red) imply Anne is cold. Rule 3: Cold implies Anne is rough. Rule 4: Not young implies not rough (Contrapositive: Rough implies young). Rule 5: Young implies Anne is nice. Answer: True"
"Facts: Anne is yellow or red
Rules: If someone is yellow then they are cold. | If someone is red then they are cold. | If someone is not young then they are not rough. | If someone is young then they are cold. | If someone is young then they are nice.
Question: Q2: Anne is rough.
Think step by step.","Reasoning: Fact: Anne is yellow or red. Rules 1 & 2 confirm Anne is cold. However, the rule linking 'cold' to 'rough' is missing from the ruleset. Therefore, we cannot infer subsequent traits. Answer: False"
"Facts: Anne is yellow or red
Rules: If someone is yellow then they are cold. | If someone is red then they are cold. | If someone is not young then they are not rough. | If someone is young then they are cold. | If someone is young then they are nice.
Question: Q3: Anne is young.
Think step by step.","Reasoning: Fact: Anne is yellow or red. Rules 1 & 2 confirm Anne is cold. However, the rule linking 'cold' to 'rough' is missing from the ruleset. Therefore, we cannot infer subsequent traits. Answer: False"
"Facts: Anne is yellow or red
Rules: If someone is yellow then they are cold. | If someone is red then they are cold. | If someone is not young then they are not rough. | If someone is young then they are cold. | If someone is young then they are nice.
Question: Q4: Anne is nice.
Think step by step.","Reasoning: Fact: Anne is yellow or red. Rules 1 & 2 confirm Anne is cold. However, the rule linking 'cold' to 'rough' is missing from the ruleset. Therefore, we cannot infer subsequent traits. Answer: False"
"Facts: Anne is yellow or red. Anne is not cold.
Rules: If someone is yellow then they are cold. | If someone is red then they are cold. | If someone is cold then they are rough. | If someone is not young then they are not rough. | If someone is young then they are cold. | If someone is young then they are nice.
Question: Q1: Anne is cold.
Think step by step.","Reasoning: Fact: Anne is not cold. Rules 1 & 2 state that if Anne is yellow or red, then Anne must be cold. The fact and the rules are in direct contradiction. In such cases, the status is False/Unknown. Answer: False"
"Facts: Anne is yellow or red
Rules: If someone is yellow then they are cold. | If someone is red then they are cold. | If someone is cold then they are rough. | If someone is not young then they are not rough. | If someone is young then they are cold. | If someone is young then they are nice.
Question: Q1: Anne is not cold.
Think step by step.","Reasoning: Fact: Anne is yellow or red. Rule 1 & 2: Colors (yellow, red) imply Anne is cold. Rule 3: Cold implies Anne is rough. Rule 4: Not young implies not rough (Contrapositive: Rough implies young). Rule 5: Young implies Anne is nice. Answer: False"
"Facts: Anne is yellow or red
Rules: If someone is yellow then they are cold. | If someone is red then they are cold. | If someone is cold then they are rough. | If someone is not young then they are not rough. | If someone is young then they are cold. | If someone is young then they are nice.
Question: Q2: Anne is not rough.
Think step by step.","Reasoning: Fact: Anne is yellow or red. Rule 1 & 2: Colors (yellow, red) imply Anne is cold. Rule 3: Cold implies Anne is rough. Rule 4: Not young implies not rough (Contrapositive: Rough implies young). Rule 5: Young implies Anne is nice. Answer: False"
"Facts: Anne is yellow or red
Rules: If someone is yellow then they are cold. | If someone is red then they are cold. | If someone is cold then they are rough. | If someone is not young then they are not rough. | If someone is young then they are cold. | If someone is young then they are nice.
Question: Q3: Anne is kind.
Think step by step.","Reasoning: Fact: Anne is yellow or red. Rule 1 & 2: Colors (yellow, red) imply Anne is cold. Rule 3: Cold implies Anne is rough. Rule 4: Not young implies not rough (Contrapositive: Rough implies young). Rule 5: Young implies Anne is nice. Answer: False"
"Facts: Anne is yellow or red
Rules: If someone is yellow then they are cold. | If someone is red then they are cold. | If someone is cold then they are rough. | If someone is not young then they are not rough. | If someone is young then they are cold. | If someone is young then they are nice.
Question: Q4: Anne is blue.
Think step by step.","Reasoning: Fact: Anne is yellow or red. Rule 1 & 2: Colors (yellow, red) imply Anne is cold. Rule 3: Cold implies Anne is rough. Rule 4: Not young implies not rough (Contrapositive: Rough implies young). Rule 5: Young implies Anne is nice. Answer: False"
"Facts: Anne is yellow or red
Rules: If someone is yellow then they are cold. | If someone is red then they are cold. | If someone is not young then they are not rough. | If someone is young then they are cold. | If someone is young then they are nice.
Question: Q2: Anne is not rough.
Think step by step.","Reasoning: Fact: Anne is yellow or red. Rules 1 & 2 confirm Anne is cold. However, the rule linking 'cold' to 'rough' is missing from the ruleset. Therefore, we cannot infer subsequent traits. Answer: False"
"Facts: Anne is yellow or red. Anne is not cold.
Rules: If someone is yellow then they are cold. | If someone is red then they are cold. | If someone is cold then they are rough. | If someone is not young then they are not rough. | If someone is young then they are cold. | If someone is young then they are nice.
Question: Q1: Anne is not cold.
Think step by step.","Reasoning: Fact: Anne is not cold. Rules 1 & 2 state that if Anne is yellow or red, then Anne must be cold. The fact and the rules are in direct contradiction. In such cases, the status is False/Unknown. Answer: False"
"Facts: Anne is blue or yellow
Rules: If someone is blue then they are cold. | If someone is yellow then they are cold. | If someone is cold then they are rough. | If someone is not young then they are not rough. | If someone is young then they are cold. | If someone is young then they are nice.
Question: Q1: Anne is cold.
Think step by step.","Reasoning: Fact: Anne is blue or yellow. Rule 1 & 2: Colors (blue, yellow) imply Anne is cold. Rule 3: Cold implies Anne is rough. Rule 4: Not young implies not rough (Contrapositive: Rough implies young). Rule 5: Young implies Anne is nice. Answer: True"
"Facts: Anne is blue or yellow
Rules: If someone is blue then they are cold. | If someone is yellow then they are cold. | If someone is cold then they are rough. | If someone is not young then they are not rough. | If someone is young then they are cold. | If someone is young then they are nice.
Question: Q2: Anne is rough.
Think step by step.","Reasoning: Fact: Anne is blue or yellow. Rule 1 & 2: Colors (blue, yellow) imply Anne is cold. Rule 3: Cold implies Anne is rough. Rule 4: Not young implies not rough (Contrapositive: Rough implies young). Rule 5: Young implies Anne is nice. Answer: True"
"Facts: Anne is blue or yellow
Rules: If someone is blue then they are cold. | If someone is yellow then they are cold. | If someone is cold then they are rough. | If someone is not young then they are not rough. | If someone is young then they are cold. | If someone is young then they are nice.
Question: Q3: Anne is young.
Think step by step.","Reasoning: Fact: Anne is blue or yellow. Rule 1 & 2: Colors (blue, yellow) imply Anne is cold. Rule 3: Cold implies Anne is rough. Rule 4: Not young implies not rough (Contrapositive: Rough implies young). Rule 5: Young implies Anne is nice. Answer: True"
"Facts: Anne is blue or yellow
Rules: If someone is blue then they are cold. | If someone is yellow then they are cold. | If someone is cold then they are rough. | If someone is not young then they are not rough. | If someone is young then they are cold. | If someone is young then they are nice.
Question: Q4: Anne is nice.
Think step by step.","Reasoning: Fact: Anne is blue or yellow. Rule 1 & 2: Colors (blue, yellow) imply Anne is cold. Rule 3: Cold implies Anne is rough. Rule 4: Not young implies not rough (Contrapositive: Rough implies young). Rule 5: Young implies Anne is nice. Answer: True"
"Facts: Anne is blue or yellow
Rules: If someone is blue then they are cold. | If someone is yellow then they are cold. | If someone is not young then they are not rough. | If someone is young then they are cold. | If someone is young then they are nice.
Question: Q2: Anne is rough.
Think step by step.","Reasoning: Fact: Anne is blue or yellow. Rules 1 & 2 confirm Anne is cold. However, the rule linking 'cold' to 'rough' is missing from the ruleset. Therefore, we cannot infer subsequent traits. Answer: False"
"Facts: Anne is blue or yellow
Rules: If someone is blue then they are cold. | If someone is yellow then they are cold. | If someone is not young then they are not rough. | If someone is young then they are cold. | If someone is young then they are nice.
Question: Q3: Anne is young.
Think step by step.","Reasoning: Fact: Anne is blue or yellow. Rules 1 & 2 confirm Anne is cold. However, the rule linking 'cold' to 'rough' is missing from the ruleset. Therefore, we cannot infer subsequent traits. Answer: False"
"Facts: Anne is blue or yellow
Rules: If someone is blue then they are cold. | If someone is yellow then they are cold. | If someone is not young then they are not rough. | If someone is young then they are cold. | If someone is young then they are nice.
Question: Q4: Anne is nice.
Think step by step.","Reasoning: Fact: Anne is blue or yellow. Rules 1 & 2 confirm Anne is cold. However, the rule linking 'cold' to 'rough' is missing from the ruleset. Therefore, we cannot infer subsequent traits. Answer: False"
"Facts: Anne is blue or yellow. Anne is not cold.
Rules: If someone is blue then they are cold. | If someone is yellow then they are cold. | If someone is cold then they are rough. | If someone is not young then they are not rough. | If someone is young then they are cold. | If someone is young then they are nice.
Question: Q1: Anne is cold.
Think step by step.","Reasoning: Fact: Anne is not cold. Rules 1 & 2 state that if Anne is blue or yellow, then Anne must be cold. The fact and the rules are in direct contradiction. In such cases, the status is False/Unknown. Answer: False"
"Facts: Anne is blue or yellow
Rules: If someone is blue then they are cold. | If someone is yellow then they are cold. | If someone is cold then they are rough. | If someone is not young then they are not rough. | If someone is young then they are cold. | If someone is young then they are nice.
Question: Q1: Anne is not cold.
Think step by step.","Reasoning: Fact: Anne is blue or yellow. Rule 1 & 2: Colors (blue, yellow) imply Anne is cold. Rule 3: Cold implies Anne is rough. Rule 4: Not young implies not rough (Contrapositive: Rough implies young). Rule 5: Young implies Anne is nice. Answer: False"
"Facts: Anne is blue or yellow
Rules: If someone is blue then they are cold. | If someone is yellow then they are cold. | If someone is cold then they are rough. | If someone is not young then they are not rough. | If someone is young then they are cold. | If someone is young then they are nice.
Question: Q2: Anne is not rough.
Think step by step.","Reasoning: Fact: Anne is blue or yellow. Rule 1 & 2: Colors (blue, yellow) imply Anne is cold. Rule 3: Cold implies Anne is rough. Rule 4: Not young implies not rough (Contrapositive: Rough implies young). Rule 5: Young implies Anne is nice. Answer: False"
"Facts: Anne is blue or yellow
Rules: If someone is blue then they are cold. | If someone is yellow then they are cold. | If someone is cold then they are rough. | If someone is not young then they are not rough. | If someone is young then they are cold. | If someone is young then they are nice.
Question: Q3: Anne is sad.
Think step by step.","Reasoning: Fact: Anne is blue or yellow. Rule 1 & 2: Colors (blue, yellow) imply Anne is cold. Rule 3: Cold implies Anne is rough. Rule 4: Not young implies not rough (Contrapositive: Rough implies young). Rule 5: Young implies Anne is nice. Answer: False"
"Facts: Anne is blue or yellow
Rules: If someone is blue then they are cold. | If someone is yellow then they are cold. | If someone is cold then they are rough. | If someone is not young then they are not rough. | If someone is young then they are cold. | If someone is young then they are nice.
Question: Q4: Anne is green.
Think step by step.","Reasoning: Fact: Anne is blue or yellow. Rule 1 & 2: Colors (blue, yellow) imply Anne is cold. Rule 3: Cold implies Anne is rough. Rule 4: Not young implies not rough (Contrapositive: Rough implies young). Rule 5: Young implies Anne is nice. Answer: False"
"Facts: Anne is blue or yellow
Rules: If someone is blue then they are cold. | If someone is yellow then they are cold. | If someone is not young then they are not rough. | If someone is young then they are cold. | If someone is young then they are nice.
Question: Q2: Anne is not rough.
Think step by step.","Reasoning: Fact: Anne is blue or yellow. Rules 1 & 2 confirm Anne is cold. However, the rule linking 'cold' to 'rough' is missing from the ruleset. Therefore, we cannot infer subsequent traits. Answer: False"
"Facts: Anne is blue or yellow. Anne is not cold.
Rules: If someone is blue then they are cold. | If someone is yellow then they are cold. | If someone is cold then they are rough. | If someone is not young then they are not rough. | If someone is young then they are cold. | If someone is young then they are nice.
Question: Q1: Anne is not cold.
Think step by step.","Reasoning: Fact: Anne is not cold. Rules 1 & 2 state that if Anne is blue or yellow, then Anne must be cold. The fact and the rules are in direct contradiction. In such cases, the status is False/Unknown. Answer: False"
"Facts: David is green or red
Rules: If someone is green then they are cold. | If someone is red then they are cold. | If someone is cold then they are rough. | If someone is not young then they are not rough. | If someone is young then they are cold. | If someone is young then they are nice.
Question: Q1: David is cold.
Think step by step.","Reasoning: Fact: David is green or red. Rule 1 & 2: Colors (green, red) imply David is cold. Rule 3: Cold implies David is rough. Rule 4: Not young implies not rough (Contrapositive: Rough implies young). Rule 5: Young implies David is nice. Answer: True"
"Facts: David is green or red
Rules: If someone is green then they are cold. | If someone is red then they are cold. | If someone is cold then they are rough. | If someone is not young then they are not rough. | If someone is young then they are cold. | If someone is young then they are nice.
Question: Q2: David is rough.
Think step by step.","Reasoning: Fact: David is green or red. Rule 1 & 2: Colors (green, red) imply David is cold. Rule 3: Cold implies David is rough. Rule 4: Not young implies not rough (Contrapositive: Rough implies young). Rule 5: Young implies David is nice. Answer: True"
"Facts: David is green or red
Rules: If someone is green then they are cold. | If someone is red then they are cold. | If someone is cold then they are rough. | If someone is not young then they are not rough. | If someone is young then they are cold. | If someone is young then they are nice.
Question: Q3: David is young.
Think step by step.","Reasoning: Fact: David is green or red. Rule 1 & 2: Colors (green, red) imply David is cold. Rule 3: Cold implies David is rough. Rule 4: Not young implies not rough (Contrapositive: Rough implies young). Rule 5: Young implies David is nice. Answer: True"
"Facts: David is green or red
Rules: If someone is green then they are cold. | If someone is red then they are cold. | If someone is cold then they are rough. | If someone is not young then they are not rough. | If someone is young then they are cold. | If someone is young then they are nice.
Question: Q4: David is nice.
Think step by step.","Reasoning: Fact: David is green or red. Rule 1 & 2: Colors (green, red) imply David is cold. Rule 3: Cold implies David is rough. Rule 4: Not young implies not rough (Contrapositive: Rough implies young). Rule 5: Young implies David is nice. Answer: True"
"Facts: David is green or red
Rules: If someone is green then they are cold. | If someone is red then they are cold. | If someone is not young then they are not rough. | If someone is young then they are cold. | If someone is young then they are nice.
Question: Q2: David is rough.
Think step by step.","Reasoning: Fact: David is green or red. Rules 1 & 2 confirm David is cold. However, the rule linking 'cold' to 'rough' is missing from the ruleset. Therefore, we cannot infer subsequent traits. Answer: False"
"Facts: David is green or red
Rules: If someone is green then they are cold. | If someone is red then they are cold. | If someone is not young then they are not rough. | If someone is young then they are cold. | If someone is young then they are nice.
Question: Q3: David is young.
Think step by step.","Reasoning: Fact: David is green or red. Rules 1 & 2 confirm David is cold. However, the rule linking 'cold' to 'rough' is missing from the ruleset. Therefore, we cannot infer subsequent traits. Answer: False"
"Facts: David is green or red
Rules: If someone is green then they are cold. | If someone is red then they are cold. | If someone is not young then they are not rough. | If someone is young then they are cold. | If someone is young then they are nice.
Question: Q4: David is nice.
Think step by step.","Reasoning: Fact: David is green or red. Rules 1 & 2 confirm David is cold. However, the rule linking 'cold' to 'rough' is missing from the ruleset. Therefore, we cannot infer subsequent traits. Answer: False"
"Facts: David is green or red. David is not cold.
Rules: If someone is green then they are cold. | If someone is red then they are cold. | If someone is cold then they are rough. | If someone is not young then they are not rough. | If someone is young then they are cold. | If someone is young then they are nice.
Question: Q1: David is cold.
Think step by step.","Reasoning: Fact: David is not cold. Rules 1 & 2 state that if David is green or red, then David must be cold. The fact and the rules are in direct contradiction. In such cases, the status is False/Unknown. Answer: False"
"Facts: David is green or red
Rules: If someone is green then they are cold. | If someone is red then they are cold. | If someone is cold then they are rough. | If someone is not young then they are not rough. | If someone is young then they are cold. | If someone is young then they are nice.
Question: Q1: David is not cold.
Think step by step.","Reasoning: Fact: David is green or red. Rule 1 & 2: Colors (green, red) imply David is cold. Rule 3: Cold implies David is rough. Rule 4: Not young implies not rough (Contrapositive: Rough implies young). Rule 5: Young implies David is nice. Answer: False"
"Facts: David is green or red
Rules: If someone is green then they are cold. | If someone is red then they are cold. | If someone is cold then they are rough. | If someone is not young then they are not rough. | If someone is young then they are cold. | If someone is young then they are nice.
Question: Q2: David is not rough.
Think step by step.","Reasoning: Fact: David is green or red. Rule 1 & 2: Colors (green, red) imply David is cold. Rule 3: Cold implies David is rough. Rule 4: Not young implies not rough (Contrapositive: Rough implies young). Rule 5: Young implies David is nice. Answer: False"
"Facts: David is green or red
Rules: If someone is green then they are cold. | If someone is red then they are cold. | If someone is cold then they are rough. | If someone is not young then they are not rough. | If someone is young then they are cold. | If someone is young then they are nice.
Question: Q3: David is happy.
Think step by step.","Reasoning: Fact: David is green or red. Rule 1 & 2: Colors (green, red) imply David is cold. Rule 3: Cold implies David is rough. Rule 4: Not young implies not rough (Contrapositive: Rough implies young). Rule 5: Young implies David is nice. Answer: False"
"Facts: David is green or red
Rules: If someone is green then they are cold. | If someone is red then they are cold. | If someone is cold then they are rough. | If someone is not young then they are not rough. | If someone is young then they are cold. | If someone is young then they are nice.
Question: Q4: David is blue.
Think step by step.","Reasoning: Fact: David is green or red. Rule 1 & 2: Colors (green, red) imply David is cold. Rule 3: Cold implies David is rough. Rule 4: Not young implies not rough (Contrapositive: Rough implies young). Rule 5: Young implies David is nice. Answer: False"
"Facts: David is green or red
Rules: If someone is green then they are cold. | If someone is red then they are cold. | If someone is not young then they are not rough. | If someone is young then they are cold. | If someone is young then they are nice.
Question: Q2: David is not rough.
Think step by step.","Reasoning: Fact: David is green or red. Rules 1 & 2 confirm David is cold. However, the rule linking 'cold' to 'rough' is missing from the ruleset. Therefore, we cannot infer subsequent traits. Answer: False"
"Facts: David is green or red. David is not cold.
Rules: If someone is green then they are cold. | If someone is red then they are cold. | If someone is cold then they are rough. | If someone is not young then they are not rough. | If someone is young then they are cold. | If someone is young then they are nice.
Question: Q1: David is not cold.
Think step by step.","Reasoning: Fact: David is not cold. Rules 1 & 2 state that if David is green or red, then David must be cold. The fact and the rules are in direct contradiction. In such cases, the status is False/Unknown. Answer: False"
"Facts: Helen is blue or red
Rules: If someone is blue then they are cold. | If someone is red then they are cold. | If someone is cold then they are rough. | If someone is not young then they are not rough. | If someone is young then they are cold. | If someone is young then they are nice.
Question: Q1: Helen is cold.
Think step by step.","Reasoning: Fact: Helen is blue or red. Rule 1 & 2: Colors (blue, red) imply Helen is cold. Rule 3: Cold implies Helen is rough. Rule 4: Not young implies not rough (Contrapositive: Rough implies young). Rule 5: Young implies Helen is nice. Answer: True"
"Facts: Helen is blue or red
Rules: If someone is blue then they are cold. | If someone is red then they are cold. | If someone is cold then they are rough. | If someone is not young then they are not rough. | If someone is young then they are cold. | If someone is young then they are nice.
Question: Q2: Helen is rough.
Think step by step.","Reasoning: Fact: Helen is blue or red. Rule 1 & 2: Colors (blue, red) imply Helen is cold. Rule 3: Cold implies Helen is rough. Rule 4: Not young implies not rough (Contrapositive: Rough implies young). Rule 5: Young implies Helen is nice. Answer: True"
"Facts: Helen is blue or red
Rules: If someone is blue then they are cold. | If someone is red then they are cold. | If someone is cold then they are rough. | If someone is not young then they are not rough. | If someone is young then they are cold. | If someone is young then they are nice.
Question: Q3: Helen is young.
Think step by step.","Reasoning: Fact: Helen is blue or red. Rule 1 & 2: Colors (blue, red) imply Helen is cold. Rule 3: Cold implies Helen is rough. Rule 4: Not young implies not rough (Contrapositive: Rough implies young). Rule 5: Young implies Helen is nice. Answer: True"
"Facts: Helen is blue or red
Rules: If someone is blue then they are cold. | If someone is red then they are cold. | If someone is cold then they are rough. | If someone is not young then they are not rough. | If someone is young then they are cold. | If someone is young then they are nice.
Question: Q4: Helen is nice.
Think step by step.","Reasoning: Fact: Helen is blue or red. Rule 1 & 2: Colors (blue, red) imply Helen is cold. Rule 3: Cold implies Helen is rough. Rule 4: Not young implies not rough (Contrapositive: Rough implies young). Rule 5: Young implies Helen is nice. Answer: True"
"Facts: Helen is blue or red
Rules: If someone is blue then they are cold. | If someone is red then they are cold. | If someone is not young then they are not rough. | If someone is young then they are cold. | If someone is young then they are nice.
Question: Q2: Helen is rough.
Think step by step.","Reasoning: Fact: Helen is blue or red. Rules 1 & 2 confirm Helen is cold. However, the rule linking 'cold' to 'rough' is missing from the ruleset. Therefore, we cannot infer subsequent traits. Answer: False"
"Facts: Helen is blue or red
Rules: If someone is blue then they are cold. | If someone is red then they are cold. | If someone is not young then they are not rough. | If someone is young then they are cold. | If someone is young then they are nice.
Question: Q3: Helen is young.
Think step by step.","Reasoning: Fact: Helen is blue or red. Rules 1 & 2 confirm Helen is cold. However, the rule linking 'cold' to 'rough' is missing from the ruleset. Therefore, we cannot infer subsequent traits. Answer: False"
"Facts: Helen is blue or red
Rules: If someone is blue then they are cold. | If someone is red then they are cold. | If someone is not young then they are not rough. | If someone is young then they are cold. | If someone is young then they are nice.
Question: Q4: Helen is nice.
Think step by step.","Reasoning: Fact: Helen is blue or red. Rules 1 & 2 confirm Helen is cold. However, the rule linking 'cold' to 'rough' is missing from the ruleset. Therefore, we cannot infer subsequent traits. Answer: False"
"Facts: Helen is blue or red. Helen is not cold.
Rules: If someone is blue then they are cold. | If someone is red then they are cold. | If someone is cold then they are rough. | If someone is not young then they are not rough. | If someone is young then they are cold. | If someone is young then they are nice.
Question: Q1: Helen is cold.
Think step by step.","Reasoning: Fact: Helen is not cold. Rules 1 & 2 state that if Helen is blue or red, then Helen must be cold. The fact and the rules are in direct contradiction. In such cases, the status is False/Unknown. Answer: False"
"Facts: Helen is blue or red
Rules: If someone is blue then they are cold. | If someone is red then they are cold. | If someone is cold then they are rough. | If someone is not young then they are not rough. | If someone is young then they are cold. | If someone is young then they are nice.
Question: Q1: Helen is not cold.
Think step by step.","Reasoning: Fact: Helen is blue or red. Rule 1 & 2: Colors (blue, red) imply Helen is cold. Rule 3: Cold implies Helen is rough. Rule 4: Not young implies not rough (Contrapositive: Rough implies young). Rule 5: Young implies Helen is nice. Answer: False"
"Facts: Helen is blue or red
Rules: If someone is blue then they are cold. | If someone is red then they are cold. | If someone is cold then they are rough. | If someone is not young then they are not rough. | If someone is young then they are cold. | If someone is young then they are nice.
Question: Q2: Helen is not rough.
Think step by step.","Reasoning: Fact: Helen is blue or red. Rule 1 & 2: Colors (blue, red) imply Helen is cold. Rule 3: Cold implies Helen is rough. Rule 4: Not young implies not rough (Contrapositive: Rough implies young). Rule 5: Young implies Helen is nice. Answer: False"
"Facts: Helen is blue or red
Rules: If someone is blue then they are cold. | If someone is red then they are cold. | If someone is cold then they are rough. | If someone is not young then they are not rough. | If someone is young then they are cold. | If someone is young then they are nice.
Question: Q3: Helen is mean.
Think step by step.","Reasoning: Fact: Helen is blue or red. Rule 1 & 2: Colors (blue, red) imply Helen is cold. Rule 3: Cold implies Helen is rough. Rule 4: Not young implies not rough (Contrapositive: Rough implies young). Rule 5: Young implies Helen is nice. Answer: False"
"Facts: Helen is blue or red
Rules: If someone is blue then they are cold. | If someone is red then they are cold. | If someone is cold then they are rough. | If someone is not young then they are not rough. | If someone is young then they are cold. | If someone is young then they are nice.
Question: Q4: Helen is yellow.
Think step by step.","Reasoning: Fact: Helen is blue or red. Rule 1 & 2: Colors (blue, red) imply Helen is cold. Rule 3: Cold implies Helen is rough. Rule 4: Not young implies not rough (Contrapositive: Rough implies young). Rule 5: Young implies Helen is nice. Answer: False"
"Facts: Helen is blue or red
Rules: If someone is blue then they are cold. | If someone is red then they are cold. | If someone is not young then they are not rough. | If someone is young then they are cold. | If someone is young then they are nice.
Question: Q2: Helen is not rough.
Think step by step.","Reasoning: Fact: Helen is blue or red. Rules 1 & 2 confirm Helen is cold. However, the rule linking 'cold' to 'rough' is missing from the ruleset. Therefore, we cannot infer subsequent traits. Answer: False"
"Facts: Helen is blue or red. Helen is not cold.
Rules: If someone is blue then they are cold. | If someone is red then they are cold. | If someone is cold then they are rough. | If someone is not young then they are not rough. | If someone is young then they are cold. | If someone is young then they are nice.
Question: Q1: Helen is not cold.
Think step by step.","Reasoning: Fact: Helen is not cold. Rules 1 & 2 state that if Helen is blue or red, then Helen must be cold. The fact and the rules are in direct contradiction. In such cases, the status is False/Unknown. Answer: False"
"Facts: David is green or red
Rules: If someone is green then they are cold. | If someone is red then they are cold. | If someone is cold then they are rough. | If someone is not young then they are not rough. | If someone is young then they are cold. | If someone is young then they are nice.
Question: Q1: David is cold.
Think step by step.","Reasoning: Fact: David is green or red. Rule 1 & 2: Colors (green, red) imply David is cold. Rule 3: Cold implies David is rough. Rule 4: Not young implies not rough (Contrapositive: Rough implies young). Rule 5: Young implies David is nice. Answer: True"
"Facts: David is green or red
Rules: If someone is green then they are cold. | If someone is red then they are cold. | If someone is cold then they are rough. | If someone is not young then they are not rough. | If someone is young then they are cold. | If someone is young then they are nice.
Question: Q2: David is rough.
Think step by step.","Reasoning: Fact: David is green or red. Rule 1 & 2: Colors (green, red) imply David is cold. Rule 3: Cold implies David is rough. Rule 4: Not young implies not rough (Contrapositive: Rough implies young). Rule 5: Young implies David is nice. Answer: True"
"Facts: David is green or red
Rules: If someone is green then they are cold. | If someone is red then they are cold. | If someone is cold then they are rough. | If someone is not young then they are not rough. | If someone is young then they are cold. | If someone is young then they are nice.
Question: Q3: David is young.
Think step by step.","Reasoning: Fact: David is green or red. Rule 1 & 2: Colors (green, red) imply David is cold. Rule 3: Cold implies David is rough. Rule 4: Not young implies not rough (Contrapositive: Rough implies young). Rule 5: Young implies David is nice. Answer: True"
"Facts: David is green or red
Rules: If someone is green then they are cold. | If someone is red then they are cold. | If someone is cold then they are rough. | If someone is not young then they are not rough. | If someone is young then they are cold. | If someone is young then they are nice.
Question: Q4: David is nice.
Think step by step.","Reasoning: Fact: David is green or red. Rule 1 & 2: Colors (green, red) imply David is cold. Rule 3: Cold implies David is rough. Rule 4: Not young implies not rough (Contrapositive: Rough implies young). Rule 5: Young implies David is nice. Answer: True"
"Facts: David is green or red
Rules: If someone is green then they are cold. | If someone is red then they are cold. | If someone is not young then they are not rough. | If someone is young then they are cold. | If someone is young then they are nice.
Question: Q2: David is rough.
Think step by step.","Reasoning: Fact: David is green or red. Rules 1 & 2 confirm David is cold. However, the rule linking 'cold' to 'rough' is missing from the ruleset. Therefore, we cannot infer subsequent traits. Answer: False"
"Facts: David is green or red
Rules: If someone is green then they are cold. | If someone is red then they are cold. | If someone is not young then they are not rough. | If someone is young then they are cold. | If someone is young then they are nice.
Question: Q3: David is young.
Think step by step.","Reasoning: Fact: David is green or red. Rules 1 & 2 confirm David is cold. However, the rule linking 'cold' to 'rough' is missing from the ruleset. Therefore, we cannot infer subsequent traits. Answer: False"
"Facts: David is green or red
Rules: If someone is green then they are cold. | If someone is red then they are cold. | If someone is not young then they are not rough. | If someone is young then they are cold. | If someone is young then they are nice.
Question: Q4: David is nice.
Think step by step.","Reasoning: Fact: David is green or red. Rules 1 & 2 confirm David is cold. However, the rule linking 'cold' to 'rough' is missing from the ruleset. Therefore, we cannot infer subsequent traits. Answer: False"
"Facts: David is green or red. David is not cold.
Rules: If someone is green then they are cold. | If someone is red then they are cold. | If someone is cold then they are rough. | If someone is not young then they are not rough. | If someone is young then they are cold. | If someone is young then they are nice.
Question: Q1: David is cold.
Think step by step.","Reasoning: Fact: David is not cold. Rules 1 & 2 state that if David is green or red, then David must be cold. The fact and the rules are in direct contradiction. In such cases, the status is False/Unknown. Answer: False"
"Facts: David is green or red
Rules: If someone is green then they are cold. | If someone is red then they are cold. | If someone is cold then they are rough. | If someone is not young then they are not rough. | If someone is young then they are cold. | If someone is young then they are nice.
Question: Q1: David is not cold.
Think step by step.","Reasoning: Fact: David is green or red. Rule 1 & 2: Colors (green, red) imply David is cold. Rule 3: Cold implies David is rough. Rule 4: Not young implies not rough (Contrapositive: Rough implies young). Rule 5: Young implies David is nice. Answer: False"
"Facts: David is green or red
Rules: If someone is green then they are cold. | If someone is red then they are cold. | If someone is cold then they are rough. | If someone is not young then they are not rough. | If someone is young then they are cold. | If someone is young then they are nice.
Question: Q2: David is not rough.
Think step by step.","Reasoning: Fact: David is green or red. Rule 1 & 2: Colors (green, red) imply David is cold. Rule 3: Cold implies David is rough. Rule 4: Not young implies not rough (Contrapositive: Rough implies young). Rule 5: Young implies David is nice. Answer: False"
"Facts: David is green or red
Rules: If someone is green then they are cold. | If someone is red then they are cold. | If someone is cold then they are rough. | If someone is not young then they are not rough. | If someone is young then they are cold. | If someone is young then they are nice.
Question: Q3: David is kind.
Think step by step.","Reasoning: Fact: David is green or red. Rule 1 & 2: Colors (green, red) imply David is cold. Rule 3: Cold implies David is rough. Rule 4: Not young implies not rough (Contrapositive: Rough implies young). Rule 5: Young implies David is nice. Answer: False"
"Facts: David is green or red
Rules: If someone is green then they are cold. | If someone is red then they are cold. | If someone is cold then they are rough. | If someone is not young then they are not rough. | If someone is young then they are cold. | If someone is young then they are nice.
Question: Q4: David is blue.
Think step by step.","Reasoning: Fact: David is green or red. Rule 1 & 2: Colors (green, red) imply David is cold. Rule 3: Cold implies David is rough. Rule 4: Not young implies not rough (Contrapositive: Rough implies young). Rule 5: Young implies David is nice. Answer: False"
"Facts: David is green or red
Rules: If someone is green then they are cold. | If someone is red then they are cold. | If someone is not young then they are not rough. | If someone is young then they are cold. | If someone is young then they are nice.
Question: Q2: David is not rough.
Think step by step.","Reasoning: Fact: David is green or red. Rules 1 & 2 confirm David is cold. However, the rule linking 'cold' to 'rough' is missing from the ruleset. Therefore, we cannot infer subsequent traits. Answer: False"
"Facts: David is green or red. David is not cold.
Rules: If someone is green then they are cold. | If someone is red then they are cold. | If someone is cold then they are rough. | If someone is not young then they are not rough. | If someone is young then they are cold. | If someone is young then they are nice.
Question: Q1: David is not cold.
Think step by step.","Reasoning: Fact: David is not cold. Rules 1 & 2 state that if David is green or red, then David must be cold. The fact and the rules are in direct contradiction. In such cases, the status is False/Unknown. Answer: False"
"Facts: Helen is blue or red
Rules: If someone is blue then they are cold. | If someone is red then they are cold. | If someone is cold then they are rough. | If someone is not young then they are not rough. | If someone is young then they are cold. | If someone is young then they are nice.
Question: Q1: Helen is cold.
Think step by step.","Reasoning: Fact: Helen is blue or red. Rule 1 & 2: Colors (blue, red) imply Helen is cold. Rule 3: Cold implies Helen is rough. Rule 4: Not young implies not rough (Contrapositive: Rough implies young). Rule 5: Young implies Helen is nice. Answer: True"
"Facts: Helen is blue or red
Rules: If someone is blue then they are cold. | If someone is red then they are cold. | If someone is cold then they are rough. | If someone is not young then they are not rough. | If someone is young then they are cold. | If someone is young then they are nice.
Question: Q2: Helen is rough.
Think step by step.","Reasoning: Fact: Helen is blue or red. Rule 1 & 2: Colors (blue, red) imply Helen is cold. Rule 3: Cold implies Helen is rough. Rule 4: Not young implies not rough (Contrapositive: Rough implies young). Rule 5: Young implies Helen is nice. Answer: True"
"Facts: Helen is blue or red
Rules: If someone is blue then they are cold. | If someone is red then they are cold. | If someone is cold then they are rough. | If someone is not young then they are not rough. | If someone is young then they are cold. | If someone is young then they are nice.
Question: Q3: Helen is young.
Think step by step.","Reasoning: Fact: Helen is blue or red. Rule 1 & 2: Colors (blue, red) imply Helen is cold. Rule 3: Cold implies Helen is rough. Rule 4: Not young implies not rough (Contrapositive: Rough implies young). Rule 5: Young implies Helen is nice. Answer: True"
"Facts: Helen is blue or red
Rules: If someone is blue then they are cold. | If someone is red then they are cold. | If someone is cold then they are rough. | If someone is not young then they are not rough. | If someone is young then they are cold. | If someone is young then they are nice.
Question: Q4: Helen is nice.
Think step by step.","Reasoning: Fact: Helen is blue or red. Rule 1 & 2: Colors (blue, red) imply Helen is cold. Rule 3: Cold implies Helen is rough. Rule 4: Not young implies not rough (Contrapositive: Rough implies young). Rule 5: Young implies Helen is nice. Answer: True"
"Facts: Helen is blue or red
Rules: If someone is blue then they are cold. | If someone is red then they are cold. | If someone is not young then they are not rough. | If someone is young then they are cold. | If someone is young then they are nice.
Question: Q2: Helen is rough.
Think step by step.","Reasoning: Fact: Helen is blue or red. Rules 1 & 2 confirm Helen is cold. However, the rule linking 'cold' to 'rough' is missing from the ruleset. Therefore, we cannot infer subsequent traits. Answer: False"
"Facts: Helen is blue or red
Rules: If someone is blue then they are cold. | If someone is red then they are cold. | If someone is not young then they are not rough. | If someone is young then they are cold. | If someone is young then they are nice.
Question: Q3: Helen is young.
Think step by step.","Reasoning: Fact: Helen is blue or red. Rules 1 & 2 confirm Helen is cold. However, the rule linking 'cold' to 'rough' is missing from the ruleset. Therefore, we cannot infer subsequent traits. Answer: False"
"Facts: Helen is blue or red
Rules: If someone is blue then they are cold. | If someone is red then they are cold. | If someone is not young then they are not rough. | If someone is young then they are cold. | If someone is young then they are nice.
Question: Q4: Helen is nice.
Think step by step.","Reasoning: Fact: Helen is blue or red. Rules 1 & 2 confirm Helen is cold. However, the rule linking 'cold' to 'rough' is missing from the ruleset. Therefore, we cannot infer subsequent traits. Answer: False"
"Facts: Helen is blue or red. Helen is not cold.
Rules: If someone is blue then they are cold. | If someone is red then they are cold. | If someone is cold then they are rough. | If someone is not young then they are not rough. | If someone is young then they are cold. | If someone is young then they are nice.
Question: Q1: Helen is cold.
Think step by step.","Reasoning: Fact: Helen is not cold. Rules 1 & 2 state that if Helen is blue or red, then Helen must be cold. The fact and the rules are in direct contradiction. In such cases, the status is False/Unknown. Answer: False"
"Facts: Helen is blue or red
Rules: If someone is blue then they are cold. | If someone is red then they are cold. | If someone is cold then they are rough. | If someone is not young then they are not rough. | If someone is young then they are cold. | If someone is young then they are nice.
Question: Q1: Helen is not cold.
Think step by step.","Reasoning: Fact: Helen is blue or red. Rule 1 & 2: Colors (blue, red) imply Helen is cold. Rule 3: Cold implies Helen is rough. Rule 4: Not young implies not rough (Contrapositive: Rough implies young). Rule 5: Young implies Helen is nice. Answer: False"
"Facts: Helen is blue or red
Rules: If someone is blue then they are cold. | If someone is red then they are cold. | If someone is cold then they are rough. | If someone is not young then they are not rough. | If someone is young then they are cold. | If someone is young then they are nice.
Question: Q2: Helen is not rough.
Think step by step.","Reasoning: Fact: Helen is blue or red. Rule 1 & 2: Colors (blue, red) imply Helen is cold. Rule 3: Cold implies Helen is rough. Rule 4: Not young implies not rough (Contrapositive: Rough implies young). Rule 5: Young implies Helen is nice. Answer: False"
"Facts: Helen is blue or red
Rules: If someone is blue then they are cold. | If someone is red then they are cold. | If someone is cold then they are rough. | If someone is not young then they are not rough. | If someone is young then they are cold. | If someone is young then they are nice.
Question: Q3: Helen is kind.
Think step by step.","Reasoning: Fact: Helen is blue or red. Rule 1 & 2: Colors (blue, red) imply Helen is cold. Rule 3: Cold implies Helen is rough. Rule 4: Not young implies not rough (Contrapositive: Rough implies young). Rule 5: Young implies Helen is nice. Answer: False"
"Facts: Helen is blue or red
Rules: If someone is blue then they are cold. | If someone is red then they are cold. | If someone is cold then they are rough. | If someone is not young then they are not rough. | If someone is young then they are cold. | If someone is young then they are nice.
Question: Q4: Helen is yellow.
Think step by step.","Reasoning: Fact: Helen is blue or red. Rule 1 & 2: Colors (blue, red) imply Helen is cold. Rule 3: Cold implies Helen is rough. Rule 4: Not young implies not rough (Contrapositive: Rough implies young). Rule 5: Young implies Helen is nice. Answer: False"
"Facts: Helen is blue or red
Rules: If someone is blue then they are cold. | If someone is red then they are cold. | If someone is not young then they are not rough. | If someone is young then they are cold. | If someone is young then they are nice.
Question: Q2: Helen is not rough.
Think step by step.","Reasoning: Fact: Helen is blue or red. Rules 1 & 2 confirm Helen is cold. However, the rule linking 'cold' to 'rough' is missing from the ruleset. Therefore, we cannot infer subsequent traits. Answer: False"
"Facts: Helen is blue or red. Helen is not cold.
Rules: If someone is blue then they are cold. | If someone is red then they are cold. | If someone is cold then they are rough. | If someone is not young then they are not rough. | If someone is young then they are cold. | If someone is young then they are nice.
Question: Q1: Helen is not cold.
Think step by step.","Reasoning: Fact: Helen is not cold. Rules 1 & 2 state that if Helen is blue or red, then Helen must be cold. The fact and the rules are in direct contradiction. In such cases, the status is False/Unknown. Answer: False"
"Facts: David is red or blue
Rules: If someone is red then they are cold. | If someone is blue then they are cold. | If someone is cold then they are rough. | If someone is not young then they are not rough. | If someone is young then they are cold. | If someone is young then they are nice.
Question: Q1: David is cold.
Think step by step.","Reasoning: Fact: David is red or blue. Rule 1 & 2: Colors (red, blue) imply David is cold. Rule 3: Cold implies David is rough. Rule 4: Not young implies not rough (Contrapositive: Rough implies young). Rule 5: Young implies David is nice. Answer: True"
"Facts: David is red or blue
Rules: If someone is red then they are cold. | If someone is blue then they are cold. | If someone is cold then they are rough. | If someone is not young then they are not rough. | If someone is young then they are cold. | If someone is young then they are nice.
Question: Q2: David is rough.
Think step by step.","Reasoning: Fact: David is red or blue. Rule 1 & 2: Colors (red, blue) imply David is cold. Rule 3: Cold implies David is rough. Rule 4: Not young implies not rough (Contrapositive: Rough implies young). Rule 5: Young implies David is nice. Answer: True"
"Facts: David is red or blue
Rules: If someone is red then they are cold. | If someone is blue then they are cold. | If someone is cold then they are rough. | If someone is not young then they are not rough. | If someone is young then they are cold. | If someone is young then they are nice.
Question: Q3: David is young.
Think step by step.","Reasoning: Fact: David is red or blue. Rule 1 & 2: Colors (red, blue) imply David is cold. Rule 3: Cold implies David is rough. Rule 4: Not young implies not rough (Contrapositive: Rough implies young). Rule 5: Young implies David is nice. Answer: True"
"Facts: David is red or blue
Rules: If someone is red then they are cold. | If someone is blue then they are cold. | If someone is cold then they are rough. | If someone is not young then they are not rough. | If someone is young then they are cold. | If someone is young then they are nice.
Question: Q4: David is nice.
Think step by step.","Reasoning: Fact: David is red or blue. Rule 1 & 2: Colors (red, blue) imply David is cold. Rule 3: Cold implies David is rough. Rule 4: Not young implies not rough (Contrapositive: Rough implies young). Rule 5: Young implies David is nice. Answer: True"
"Facts: David is red or blue
Rules: If someone is red then they are cold. | If someone is blue then they are cold. | If someone is not young then they are not rough. | If someone is young then they are cold. | If someone is young then they are nice.
Question: Q2: David is rough.
Think step by step.","Reasoning: Fact: David is red or blue. Rules 1 & 2 confirm David is cold. However, the rule linking 'cold' to 'rough' is missing from the ruleset. Therefore, we cannot infer subsequent traits. Answer: False"
"Facts: David is red or blue
Rules: If someone is red then they are cold. | If someone is blue then they are cold. | If someone is not young then they are not rough. | If someone is young then they are cold. | If someone is young then they are nice.
Question: Q3: David is young.
Think step by step.","Reasoning: Fact: David is red or blue. Rules 1 & 2 confirm David is cold. However, the rule linking 'cold' to 'rough' is missing from the ruleset. Therefore, we cannot infer subsequent traits. Answer: False"
"Facts: David is red or blue
Rules: If someone is red then they are cold. | If someone is blue then they are cold. | If someone is not young then they are not rough. | If someone is young then they are cold. | If someone is young then they are nice.
Question: Q4: David is nice.
Think step by step.","Reasoning: Fact: David is red or blue. Rules 1 & 2 confirm David is cold. However, the rule linking 'cold' to 'rough' is missing from the ruleset. Therefore, we cannot infer subsequent traits. Answer: False"
"Facts: David is red or blue. David is not cold.
Rules: If someone is red then they are cold. | If someone is blue then they are cold. | If someone is cold then they are rough. | If someone is not young then they are not rough. | If someone is young then they are cold. | If someone is young then they are nice.
Question: Q1: David is cold.
Think step by step.","Reasoning: Fact: David is not cold. Rules 1 & 2 state that if David is red or blue, then David must be cold. The fact and the rules are in direct contradiction. In such cases, the status is False/Unknown. Answer: False"
"Facts: David is red or blue
Rules: If someone is red then they are cold. | If someone is blue then they are cold. | If someone is cold then they are rough. | If someone is not young then they are not rough. | If someone is young then they are cold. | If someone is young then they are nice.
Question: Q1: David is not cold.
Think step by step.","Reasoning: Fact: David is red or blue. Rule 1 & 2: Colors (red, blue) imply David is cold. Rule 3: Cold implies David is rough. Rule 4: Not young implies not rough (Contrapositive: Rough implies young). Rule 5: Young implies David is nice. Answer: False"
"Facts: David is red or blue
Rules: If someone is red then they are cold. | If someone is blue then they are cold. | If someone is cold then they are rough. | If someone is not young then they are not rough. | If someone is young then they are cold. | If someone is young then they are nice.
Question: Q2: David is not rough.
Think step by step.","Reasoning: Fact: David is red or blue. Rule 1 & 2: Colors (red, blue) imply David is cold. Rule 3: Cold implies David is rough. Rule 4: Not young implies not rough (Contrapositive: Rough implies young). Rule 5: Young implies David is nice. Answer: False"
"Facts: David is red or blue
Rules: If someone is red then they are cold. | If someone is blue then they are cold. | If someone is cold then they are rough. | If someone is not young then they are not rough. | If someone is young then they are cold. | If someone is young then they are nice.
Question: Q3: David is short.
Think step by step.","Reasoning: Fact: David is red or blue. Rule 1 & 2: Colors (red, blue) imply David is cold. Rule 3: Cold implies David is rough. Rule 4: Not young implies not rough (Contrapositive: Rough implies young). Rule 5: Young implies David is nice. Answer: False"
"Facts: David is red or blue
Rules: If someone is red then they are cold. | If someone is blue then they are cold. | If someone is cold then they are rough. | If someone is not young then they are not rough. | If someone is young then they are cold. | If someone is young then they are nice.
Question: Q4: David is yellow.
Think step by step.","Reasoning: Fact: David is red or blue. Rule 1 & 2: Colors (red, blue) imply David is cold. Rule 3: Cold implies David is rough. Rule 4: Not young implies not rough (Contrapositive: Rough implies young). Rule 5: Young implies David is nice. Answer: False"
"Facts: David is red or blue
Rules: If someone is red then they are cold. | If someone is blue then they are cold. | If someone is not young then they are not rough. | If someone is young then they are cold. | If someone is young then they are nice.
Question: Q2: David is not rough.
Think step by step.","Reasoning: Fact: David is red or blue. Rules 1 & 2 confirm David is cold. However, the rule linking 'cold' to 'rough' is missing from the ruleset. Therefore, we cannot infer subsequent traits. Answer: False"
"Facts: David is red or blue. David is not cold.
Rules: If someone is red then they are cold. | If someone is blue then they are cold. | If someone is cold then they are rough. | If someone is not young then they are not rough. | If someone is young then they are cold. | If someone is young then they are nice.
Question: Q1: David is not cold.
Think step by step.","Reasoning: Fact: David is not cold. Rules 1 & 2 state that if David is red or blue, then David must be cold. The fact and the rules are in direct contradiction. In such cases, the status is False/Unknown. Answer: False"
"Facts: Bob is blue or red
Rules: If someone is blue then they are cold. | If someone is red then they are cold. | If someone is cold then they are rough. | If someone is not young then they are not rough. | If someone is young then they are cold. | If someone is young then they are nice.
Question: Q1: Bob is cold.
Think step by step.","Reasoning: Fact: Bob is blue or red. Rule 1 & 2: Colors (blue, red) imply Bob is cold. Rule 3: Cold implies Bob is rough. Rule 4: Not young implies not rough (Contrapositive: Rough implies young). Rule 5: Young implies Bob is nice. Answer: True"
"Facts: Bob is blue or red
Rules: If someone is blue then they are cold. | If someone is red then they are cold. | If someone is cold then they are rough. | If someone is not young then they are not rough. | If someone is young then they are cold. | If someone is young then they are nice.
Question: Q2: Bob is rough.
Think step by step.","Reasoning: Fact: Bob is blue or red. Rule 1 & 2: Colors (blue, red) imply Bob is cold. Rule 3: Cold implies Bob is rough. Rule 4: Not young implies not rough (Contrapositive: Rough implies young). Rule 5: Young implies Bob is nice. Answer: True"
"Facts: Bob is blue or red
Rules: If someone is blue then they are cold. | If someone is red then they are cold. | If someone is cold then they are rough. | If someone is not young then they are not rough. | If someone is young then they are cold. | If someone is young then they are nice.
Question: Q3: Bob is young.
Think step by step.","Reasoning: Fact: Bob is blue or red. Rule 1 & 2: Colors (blue, red) imply Bob is cold. Rule 3: Cold implies Bob is rough. Rule 4: Not young implies not rough (Contrapositive: Rough implies young). Rule 5: Young implies Bob is nice. Answer: True"
"Facts: Bob is blue or red
Rules: If someone is blue then they are cold. | If someone is red then they are cold. | If someone is cold then they are rough. | If someone is not young then they are not rough. | If someone is young then they are cold. | If someone is young then they are nice.
Question: Q4: Bob is nice.
Think step by step.","Reasoning: Fact: Bob is blue or red. Rule 1 & 2: Colors (blue, red) imply Bob is cold. Rule 3: Cold implies Bob is rough. Rule 4: Not young implies not rough (Contrapositive: Rough implies young). Rule 5: Young implies Bob is nice. Answer: True"
"Facts: Bob is blue or red
Rules: If someone is blue then they are cold. | If someone is red then they are cold. | If someone is not young then they are not rough. | If someone is young then they are cold. | If someone is young then they are nice.
Question: Q2: Bob is rough.
Think step by step.","Reasoning: Fact: Bob is blue or red. Rules 1 & 2 confirm Bob is cold. However, the rule linking 'cold' to 'rough' is missing from the ruleset. Therefore, we cannot infer subsequent traits. Answer: False"
"Facts: Bob is blue or red
Rules: If someone is blue then they are cold. | If someone is red then they are cold. | If someone is not young then they are not rough. | If someone is young then they are cold. | If someone is young then they are nice.
Question: Q3: Bob is young.
Think step by step.","Reasoning: Fact: Bob is blue or red. Rules 1 & 2 confirm Bob is cold. However, the rule linking 'cold' to 'rough' is missing from the ruleset. Therefore, we cannot infer subsequent traits. Answer: False"
"Facts: Bob is blue or red
Rules: If someone is blue then they are cold. | If someone is red then they are cold. | If someone is not young then they are not rough. | If someone is young then they are cold. | If someone is young then they are nice.
Question: Q4: Bob is nice.
Think step by step.","Reasoning: Fact: Bob is blue or red. Rules 1 & 2 confirm Bob is cold. However, the rule linking 'cold' to 'rough' is missing from the ruleset. Therefore, we cannot infer subsequent traits. Answer: False"
"Facts: Bob is blue or red. Bob is not cold.
Rules: If someone is blue then they are cold. | If someone is red then they are cold. | If someone is cold then they are rough. | If someone is not young then they are not rough. | If someone is young then they are cold. | If someone is young then they are nice.
Question: Q1: Bob is cold.
Think step by step.","Reasoning: Fact: Bob is not cold. Rules 1 & 2 state that if Bob is blue or red, then Bob must be cold. The fact and the rules are in direct contradiction. In such cases, the status is False/Unknown. Answer: False"
"Facts: Bob is blue or red
Rules: If someone is blue then they are cold. | If someone is red then they are cold. | If someone is cold then they are rough. | If someone is not young then they are not rough. | If someone is young then they are cold. | If someone is young then they are nice.
Question: Q1: Bob is not cold.
Think step by step.","Reasoning: Fact: Bob is blue or red. Rule 1 & 2: Colors (blue, red) imply Bob is cold. Rule 3: Cold implies Bob is rough. Rule 4: Not young implies not rough (Contrapositive: Rough implies young). Rule 5: Young implies Bob is nice. Answer: False"
"Facts: Bob is blue or red
Rules: If someone is blue then they are cold. | If someone is red then they are cold. | If someone is cold then they are rough. | If someone is not young then they are not rough. | If someone is young then they are cold. | If someone is young then they are nice.
Question: Q2: Bob is not rough.
Think step by step.","Reasoning: Fact: Bob is blue or red. Rule 1 & 2: Colors (blue, red) imply Bob is cold. Rule 3: Cold implies Bob is rough. Rule 4: Not young implies not rough (Contrapositive: Rough implies young). Rule 5: Young implies Bob is nice. Answer: False"
"Facts: Bob is blue or red
Rules: If someone is blue then they are cold. | If someone is red then they are cold. | If someone is cold then they are rough. | If someone is not young then they are not rough. | If someone is young then they are cold. | If someone is young then they are nice.
Question: Q3: Bob is short.
Think step by step.","Reasoning: Fact: Bob is blue or red. Rule 1 & 2: Colors (blue, red) imply Bob is cold. Rule 3: Cold implies Bob is rough. Rule 4: Not young implies not rough (Contrapositive: Rough implies young). Rule 5: Young implies Bob is nice. Answer: False"
"Facts: Bob is blue or red
Rules: If someone is blue then they are cold. | If someone is red then they are cold. | If someone is cold then they are rough. | If someone is not young then they are not rough. | If someone is young then they are cold. | If someone is young then they are nice.
Question: Q4: Bob is yellow.
Think step by step.","Reasoning: Fact: Bob is blue or red. Rule 1 & 2: Colors (blue, red) imply Bob is cold. Rule 3: Cold implies Bob is rough. Rule 4: Not young implies not rough (Contrapositive: Rough implies young). Rule 5: Young implies Bob is nice. Answer: False"
"Facts: Bob is blue or red
Rules: If someone is blue then they are cold. | If someone is red then they are cold. | If someone is not young then they are not rough. | If someone is young then they are cold. | If someone is young then they are nice.
Question: Q2: Bob is not rough.
Think step by step.","Reasoning: Fact: Bob is blue or red. Rules 1 & 2 confirm Bob is cold. However, the rule linking 'cold' to 'rough' is missing from the ruleset. Therefore, we cannot infer subsequent traits. Answer: False"
"Facts: Bob is blue or red. Bob is not cold.
Rules: If someone is blue then they are cold. | If someone is red then they are cold. | If someone is cold then they are rough. | If someone is not young then they are not rough. | If someone is young then they are cold. | If someone is young then they are nice.
Question: Q1: Bob is not cold.
Think step by step.","Reasoning: Fact: Bob is not cold. Rules 1 & 2 state that if Bob is blue or red, then Bob must be cold. The fact and the rules are in direct contradiction. In such cases, the status is False/Unknown. Answer: False"
"Facts: Helen is blue or red
Rules: If someone is blue then they are cold. | If someone is red then they are cold. | If someone is cold then they are rough. | If someone is not young then they are not rough. | If someone is young then they are cold. | If someone is young then they are nice.
Question: Q1: Helen is cold.
Think step by step.","Reasoning: Fact: Helen is blue or red. Rule 1 & 2: Colors (blue, red) imply Helen is cold. Rule 3: Cold implies Helen is rough. Rule 4: Not young implies not rough (Contrapositive: Rough implies young). Rule 5: Young implies Helen is nice. Answer: True"
"Facts: Helen is blue or red
Rules: If someone is blue then they are cold. | If someone is red then they are cold. | If someone is cold then they are rough. | If someone is not young then they are not rough. | If someone is young then they are cold. | If someone is young then they are nice.
Question: Q2: Helen is rough.
Think step by step.","Reasoning: Fact: Helen is blue or red. Rule 1 & 2: Colors (blue, red) imply Helen is cold. Rule 3: Cold implies Helen is rough. Rule 4: Not young implies not rough (Contrapositive: Rough implies young). Rule 5: Young implies Helen is nice. Answer: True"
"Facts: Helen is blue or red
Rules: If someone is blue then they are cold. | If someone is red then they are cold. | If someone is cold then they are rough. | If someone is not young then they are not rough. | If someone is young then they are cold. | If someone is young then they are nice.
Question: Q3: Helen is young.
Think step by step.","Reasoning: Fact: Helen is blue or red. Rule 1 & 2: Colors (blue, red) imply Helen is cold. Rule 3: Cold implies Helen is rough. Rule 4: Not young implies not rough (Contrapositive: Rough implies young). Rule 5: Young implies Helen is nice. Answer: True"
"Facts: Helen is blue or red
Rules: If someone is blue then they are cold. | If someone is red then they are cold. | If someone is cold then they are rough. | If someone is not young then they are not rough. | If someone is young then they are cold. | If someone is young then they are nice.
Question: Q4: Helen is nice.
Think step by step.","Reasoning: Fact: Helen is blue or red. Rule 1 & 2: Colors (blue, red) imply Helen is cold. Rule 3: Cold implies Helen is rough. Rule 4: Not young implies not rough (Contrapositive: Rough implies young). Rule 5: Young implies Helen is nice. Answer: True"
"Facts: Helen is blue or red
Rules: If someone is blue then they are cold. | If someone is red then they are cold. | If someone is not young then they are not rough. | If someone is young then they are cold. | If someone is young then they are nice.
Question: Q2: Helen is rough.
Think step by step.","Reasoning: Fact: Helen is blue or red. Rules 1 & 2 confirm Helen is cold. However, the rule linking 'cold' to 'rough' is missing from the ruleset. Therefore, we cannot infer subsequent traits. Answer: False"
"Facts: Helen is blue or red
Rules: If someone is blue then they are cold. | If someone is red then they are cold. | If someone is not young then they are not rough. | If someone is young then they are cold. | If someone is young then they are nice.
Question: Q3: Helen is young.
Think step by step.","Reasoning: Fact: Helen is blue or red. Rules 1 & 2 confirm Helen is cold. However, the rule linking 'cold' to 'rough' is missing from the ruleset. Therefore, we cannot infer subsequent traits. Answer: False"
"Facts: Helen is blue or red
Rules: If someone is blue then they are cold. | If someone is red then they are cold. | If someone is not young then they are not rough. | If someone is young then they are cold. | If someone is young then they are nice.
Question: Q4: Helen is nice.
Think step by step.","Reasoning: Fact: Helen is blue or red. Rules 1 & 2 confirm Helen is cold. However, the rule linking 'cold' to 'rough' is missing from the ruleset. Therefore, we cannot infer subsequent traits. Answer: False"
"Facts: Helen is blue or red. Helen is not cold.
Rules: If someone is blue then they are cold. | If someone is red then they are cold. | If someone is cold then they are rough. | If someone is not young then they are not rough. | If someone is young then they are cold. | If someone is young then they are nice.
Question: Q1: Helen is cold.
Think step by step.","Reasoning: Fact: Helen is not cold. Rules 1 & 2 state that if Helen is blue or red, then Helen must be cold. The fact and the rules are in direct contradiction. In such cases, the status is False/Unknown. Answer: False"
"Facts: Helen is blue or red
Rules: If someone is blue then they are cold. | If someone is red then they are cold. | If someone is cold then they are rough. | If someone is not young then they are not rough. | If someone is young then they are cold. | If someone is young then they are nice.
Question: Q1: Helen is not cold.
Think step by step.","Reasoning: Fact: Helen is blue or red. Rule 1 & 2: Colors (blue, red) imply Helen is cold. Rule 3: Cold implies Helen is rough. Rule 4: Not young implies not rough (Contrapositive: Rough implies young). Rule 5: Young implies Helen is nice. Answer: False"
"Facts: Helen is blue or red
Rules: If someone is blue then they are cold. | If someone is red then they are cold. | If someone is cold then they are rough. | If someone is not young then they are not rough. | If someone is young then they are cold. | If someone is young then they are nice.
Question: Q2: Helen is not rough.
Think step by step.","Reasoning: Fact: Helen is blue or red. Rule 1 & 2: Colors (blue, red) imply Helen is cold. Rule 3: Cold implies Helen is rough. Rule 4: Not young implies not rough (Contrapositive: Rough implies young). Rule 5: Young implies Helen is nice. Answer: False"
"Facts: Helen is blue or red
Rules: If someone is blue then they are cold. | If someone is red then they are cold. | If someone is cold then they are rough. | If someone is not young then they are not rough. | If someone is young then they are cold. | If someone is young then they are nice.
Question: Q3: Helen is happy.
Think step by step.","Reasoning: Fact: Helen is blue or red. Rule 1 & 2: Colors (blue, red) imply Helen is cold. Rule 3: Cold implies Helen is rough. Rule 4: Not young implies not rough (Contrapositive: Rough implies young). Rule 5: Young implies Helen is nice. Answer: False"
"Facts: Helen is blue or red
Rules: If someone is blue then they are cold. | If someone is red then they are cold. | If someone is cold then they are rough. | If someone is not young then they are not rough. | If someone is young then they are cold. | If someone is young then they are nice.
Question: Q4: Helen is green.
Think step by step.","Reasoning: Fact: Helen is blue or red. Rule 1 & 2: Colors (blue, red) imply Helen is cold. Rule 3: Cold implies Helen is rough. Rule 4: Not young implies not rough (Contrapositive: Rough implies young). Rule 5: Young implies Helen is nice. Answer: False"
"Facts: Helen is blue or red
Rules: If someone is blue then they are cold. | If someone is red then they are cold. | If someone is not young then they are not rough. | If someone is young then they are cold. | If someone is young then they are nice.
Question: Q2: Helen is not rough.
Think step by step.","Reasoning: Fact: Helen is blue or red. Rules 1 & 2 confirm Helen is cold. However, the rule linking 'cold' to 'rough' is missing from the ruleset. Therefore, we cannot infer subsequent traits. Answer: False"
"Facts: Helen is blue or red. Helen is not cold.
Rules: If someone is blue then they are cold. | If someone is red then they are cold. | If someone is cold then they are rough. | If someone is not young then they are not rough. | If someone is young then they are cold. | If someone is young then they are nice.
Question: Q1: Helen is not cold.
Think step by step.","Reasoning: Fact: Helen is not cold. Rules 1 & 2 state that if Helen is blue or red, then Helen must be cold. The fact and the rules are in direct contradiction. In such cases, the status is False/Unknown. Answer: False"
"Facts: David is blue or green
Rules: If someone is blue then they are cold. | If someone is green then they are cold. | If someone is cold then they are rough. | If someone is not young then they are not rough. | If someone is young then they are cold. | If someone is young then they are nice.
Question: Q1: David is cold.
Think step by step.","Reasoning: Fact: David is blue or green. Rule 1 & 2: Colors (blue, green) imply David is cold. Rule 3: Cold implies David is rough. Rule 4: Not young implies not rough (Contrapositive: Rough implies young). Rule 5: Young implies David is nice. Answer: True"
"Facts: David is blue or green
Rules: If someone is blue then they are cold. | If someone is green then they are cold. | If someone is cold then they are rough. | If someone is not young then they are not rough. | If someone is young then they are cold. | If someone is young then they are nice.
Question: Q2: David is rough.
Think step by step.","Reasoning: Fact: David is blue or green. Rule 1 & 2: Colors (blue, green) imply David is cold. Rule 3: Cold implies David is rough. Rule 4: Not young implies not rough (Contrapositive: Rough implies young). Rule 5: Young implies David is nice. Answer: True"
"Facts: David is blue or green
Rules: If someone is blue then they are cold. | If someone is green then they are cold. | If someone is cold then they are rough. | If someone is not young then they are not rough. | If someone is young then they are cold. | If someone is young then they are nice.
Question: Q3: David is young.
Think step by step.","Reasoning: Fact: David is blue or green. Rule 1 & 2: Colors (blue, green) imply David is cold. Rule 3: Cold implies David is rough. Rule 4: Not young implies not rough (Contrapositive: Rough implies young). Rule 5: Young implies David is nice. Answer: True"
"Facts: David is blue or green
Rules: If someone is blue then they are cold. | If someone is green then they are cold. | If someone is cold then they are rough. | If someone is not young then they are not rough. | If someone is young then they are cold. | If someone is young then they are nice.
Question: Q4: David is nice.
Think step by step.","Reasoning: Fact: David is blue or green. Rule 1 & 2: Colors (blue, green) imply David is cold. Rule 3: Cold implies David is rough. Rule 4: Not young implies not rough (Contrapositive: Rough implies young). Rule 5: Young implies David is nice. Answer: True"
"Facts: David is blue or green
Rules: If someone is blue then they are cold. | If someone is green then they are cold. | If someone is not young then they are not rough. | If someone is young then they are cold. | If someone is young then they are nice.
Question: Q2: David is rough.
Think step by step.","Reasoning: Fact: David is blue or green. Rules 1 & 2 confirm David is cold. However, the rule linking 'cold' to 'rough' is missing from the ruleset. Therefore, we cannot infer subsequent traits. Answer: False"
"Facts: David is blue or green
Rules: If someone is blue then they are cold. | If someone is green then they are cold. | If someone is not young then they are not rough. | If someone is young then they are cold. | If someone is young then they are nice.
Question: Q3: David is young.
Think step by step.","Reasoning: Fact: David is blue or green. Rules 1 & 2 confirm David is cold. However, the rule linking 'cold' to 'rough' is missing from the ruleset. Therefore, we cannot infer subsequent traits. Answer: False"
"Facts: David is blue or green
Rules: If someone is blue then they are cold. | If someone is green then they are cold. | If someone is not young then they are not rough. | If someone is young then they are cold. | If someone is young then they are nice.
Question: Q4: David is nice.
Think step by step.","Reasoning: Fact: David is blue or green. Rules 1 & 2 confirm David is cold. However, the rule linking 'cold' to 'rough' is missing from the ruleset. Therefore, we cannot infer subsequent traits. Answer: False"
"Facts: David is blue or green. David is not cold.
Rules: If someone is blue then they are cold. | If someone is green then they are cold. | If someone is cold then they are rough. | If someone is not young then they are not rough. | If someone is young then they are cold. | If someone is young then they are nice.
Question: Q1: David is cold.
Think step by step.","Reasoning: Fact: David is not cold. Rules 1 & 2 state that if David is blue or green, then David must be cold. The fact and the rules are in direct contradiction. In such cases, the status is False/Unknown. Answer: False"
"Facts: David is blue or green
Rules: If someone is blue then they are cold. | If someone is green then they are cold. | If someone is cold then they are rough. | If someone is not young then they are not rough. | If someone is young then they are cold. | If someone is young then they are nice.
Question: Q1: David is not cold.
Think step by step.","Reasoning: Fact: David is blue or green. Rule 1 & 2: Colors (blue, green) imply David is cold. Rule 3: Cold implies David is rough. Rule 4: Not young implies not rough (Contrapositive: Rough implies young). Rule 5: Young implies David is nice. Answer: False"
"Facts: David is blue or green
Rules: If someone is blue then they are cold. | If someone is green then they are cold. | If someone is cold then they are rough. | If someone is not young then they are not rough. | If someone is young then they are cold. | If someone is young then they are nice.
Question: Q2: David is not rough.
Think step by step.","Reasoning: Fact: David is blue or green. Rule 1 & 2: Colors (blue, green) imply David is cold. Rule 3: Cold implies David is rough. Rule 4: Not young implies not rough (Contrapositive: Rough implies young). Rule 5: Young implies David is nice. Answer: False"
"Facts: David is blue or green
Rules: If someone is blue then they are cold. | If someone is green then they are cold. | If someone is cold then they are rough. | If someone is not young then they are not rough. | If someone is young then they are cold. | If someone is young then they are nice.
Question: Q3: David is kind.
Think step by step.","Reasoning: Fact: David is blue or green. Rule 1 & 2: Colors (blue, green) imply David is cold. Rule 3: Cold implies David is rough. Rule 4: Not young implies not rough (Contrapositive: Rough implies young). Rule 5: Young implies David is nice. Answer: False"
"Facts: David is blue or green
Rules: If someone is blue then they are cold. | If someone is green then they are cold. | If someone is cold then they are rough. | If someone is not young then they are not rough. | If someone is young then they are cold. | If someone is young then they are nice.
Question: Q4: David is red.
Think step by step.","Reasoning: Fact: David is blue or green. Rule 1 & 2: Colors (blue, green) imply David is cold. Rule 3: Cold implies David is rough. Rule 4: Not young implies not rough (Contrapositive: Rough implies young). Rule 5: Young implies David is nice. Answer: False"
"Facts: David is blue or green
Rules: If someone is blue then they are cold. | If someone is green then they are cold. | If someone is not young then they are not rough. | If someone is young then they are cold. | If someone is young then they are nice.
Question: Q2: David is not rough.
Think step by step.","Reasoning: Fact: David is blue or green. Rules 1 & 2 confirm David is cold. However, the rule linking 'cold' to 'rough' is missing from the ruleset. Therefore, we cannot infer subsequent traits. Answer: False"
"Facts: David is blue or green. David is not cold.
Rules: If someone is blue then they are cold. | If someone is green then they are cold. | If someone is cold then they are rough. | If someone is not young then they are not rough. | If someone is young then they are cold. | If someone is young then they are nice.
Question: Q1: David is not cold.
Think step by step.","Reasoning: Fact: David is not cold. Rules 1 & 2 state that if David is blue or green, then David must be cold. The fact and the rules are in direct contradiction. In such cases, the status is False/Unknown. Answer: False"
"Facts: Helen is yellow or red
Rules: If someone is yellow then they are cold. | If someone is red then they are cold. | If someone is cold then they are rough. | If someone is not young then they are not rough. | If someone is young then they are cold. | If someone is young then they are nice.
Question: Q1: Helen is cold.
Think step by step.","Reasoning: Fact: Helen is yellow or red. Rule 1 & 2: Colors (yellow, red) imply Helen is cold. Rule 3: Cold implies Helen is rough. Rule 4: Not young implies not rough (Contrapositive: Rough implies young). Rule 5: Young implies Helen is nice. Answer: True"
"Facts: Helen is yellow or red
Rules: If someone is yellow then they are cold. | If someone is red then they are cold. | If someone is cold then they are rough. | If someone is not young then they are not rough. | If someone is young then they are cold. | If someone is young then they are nice.
Question: Q2: Helen is rough.
Think step by step.","Reasoning: Fact: Helen is yellow or red. Rule 1 & 2: Colors (yellow, red) imply Helen is cold. Rule 3: Cold implies Helen is rough. Rule 4: Not young implies not rough (Contrapositive: Rough implies young). Rule 5: Young implies Helen is nice. Answer: True"
"Facts: Helen is yellow or red
Rules: If someone is yellow then they are cold. | If someone is red then they are cold. | If someone is cold then they are rough. | If someone is not young then they are not rough. | If someone is young then they are cold. | If someone is young then they are nice.
Question: Q3: Helen is young.
Think step by step.","Reasoning: Fact: Helen is yellow or red. Rule 1 & 2: Colors (yellow, red) imply Helen is cold. Rule 3: Cold implies Helen is rough. Rule 4: Not young implies not rough (Contrapositive: Rough implies young). Rule 5: Young implies Helen is nice. Answer: True"
"Facts: Helen is yellow or red
Rules: If someone is yellow then they are cold. | If someone is red then they are cold. | If someone is cold then they are rough. | If someone is not young then they are not rough. | If someone is young then they are cold. | If someone is young then they are nice.
Question: Q4: Helen is nice.
Think step by step.","Reasoning: Fact: Helen is yellow or red. Rule 1 & 2: Colors (yellow, red) imply Helen is cold. Rule 3: Cold implies Helen is rough. Rule 4: Not young implies not rough (Contrapositive: Rough implies young). Rule 5: Young implies Helen is nice. Answer: True"
"Facts: Helen is yellow or red
Rules: If someone is yellow then they are cold. | If someone is red then they are cold. | If someone is not young then they are not rough. | If someone is young then they are cold. | If someone is young then they are nice.
Question: Q2: Helen is rough.
Think step by step.","Reasoning: Fact: Helen is yellow or red. Rules 1 & 2 confirm Helen is cold. However, the rule linking 'cold' to 'rough' is missing from the ruleset. Therefore, we cannot infer subsequent traits. Answer: False"
"Facts: Helen is yellow or red
Rules: If someone is yellow then they are cold. | If someone is red then they are cold. | If someone is not young then they are not rough. | If someone is young then they are cold. | If someone is young then they are nice.
Question: Q3: Helen is young.
Think step by step.","Reasoning: Fact: Helen is yellow or red. Rules 1 & 2 confirm Helen is cold. However, the rule linking 'cold' to 'rough' is missing from the ruleset. Therefore, we cannot infer subsequent traits. Answer: False"
"Facts: Helen is yellow or red
Rules: If someone is yellow then they are cold. | If someone is red then they are cold. | If someone is not young then they are not rough. | If someone is young then they are cold. | If someone is young then they are nice.
Question: Q4: Helen is nice.
Think step by step.","Reasoning: Fact: Helen is yellow or red. Rules 1 & 2 confirm Helen is cold. However, the rule linking 'cold' to 'rough' is missing from the ruleset. Therefore, we cannot infer subsequent traits. Answer: False"
"Facts: Helen is yellow or red. Helen is not cold.
Rules: If someone is yellow then they are cold. | If someone is red then they are cold. | If someone is cold then they are rough. | If someone is not young then they are not rough. | If someone is young then they are cold. | If someone is young then they are nice.
Question: Q1: Helen is cold.
Think step by step.","Reasoning: Fact: Helen is not cold. Rules 1 & 2 state that if Helen is yellow or red, then Helen must be cold. The fact and the rules are in direct contradiction. In such cases, the status is False/Unknown. Answer: False"
"Facts: Helen is yellow or red
Rules: If someone is yellow then they are cold. | If someone is red then they are cold. | If someone is cold then they are rough. | If someone is not young then they are not rough. | If someone is young then they are cold. | If someone is young then they are nice.
Question: Q1: Helen is not cold.
Think step by step.","Reasoning: Fact: Helen is yellow or red. Rule 1 & 2: Colors (yellow, red) imply Helen is cold. Rule 3: Cold implies Helen is rough. Rule 4: Not young implies not rough (Contrapositive: Rough implies young). Rule 5: Young implies Helen is nice. Answer: False"
"Facts: Helen is yellow or red
Rules: If someone is yellow then they are cold. | If someone is red then they are cold. | If someone is cold then they are rough. | If someone is not young then they are not rough. | If someone is young then they are cold. | If someone is young then they are nice.
Question: Q2: Helen is not rough.
Think step by step.","Reasoning: Fact: Helen is yellow or red. Rule 1 & 2: Colors (yellow, red) imply Helen is cold. Rule 3: Cold implies Helen is rough. Rule 4: Not young implies not rough (Contrapositive: Rough implies young). Rule 5: Young implies Helen is nice. Answer: False"
"Facts: Helen is yellow or red
Rules: If someone is yellow then they are cold. | If someone is red then they are cold. | If someone is cold then they are rough. | If someone is not young then they are not rough. | If someone is young then they are cold. | If someone is young then they are nice.
Question: Q3: Helen is tall.
Think step by step.","Reasoning: Fact: Helen is yellow or red. Rule 1 & 2: Colors (yellow, red) imply Helen is cold. Rule 3: Cold implies Helen is rough. Rule 4: Not young implies not rough (Contrapositive: Rough implies young). Rule 5: Young implies Helen is nice. Answer: False"
"Facts: Helen is yellow or red
Rules: If someone is yellow then they are cold. | If someone is red then they are cold. | If someone is cold then they are rough. | If someone is not young then they are not rough. | If someone is young then they are cold. | If someone is young then they are nice.
Question: Q4: Helen is blue.
Think step by step.","Reasoning: Fact: Helen is yellow or red. Rule 1 & 2: Colors (yellow, red) imply Helen is cold. Rule 3: Cold implies Helen is rough. Rule 4: Not young implies not rough (Contrapositive: Rough implies young). Rule 5: Young implies Helen is nice. Answer: False"
"Facts: Helen is yellow or red
Rules: If someone is yellow then they are cold. | If someone is red then they are cold. | If someone is not young then they are not rough. | If someone is young then they are cold. | If someone is young then they are nice.
Question: Q2: Helen is not rough.
Think step by step.","Reasoning: Fact: Helen is yellow or red. Rules 1 & 2 confirm Helen is cold. However, the rule linking 'cold' to 'rough' is missing from the ruleset. Therefore, we cannot infer subsequent traits. Answer: False"
"Facts: Helen is yellow or red. Helen is not cold.
Rules: If someone is yellow then they are cold. | If someone is red then they are cold. | If someone is cold then they are rough. | If someone is not young then they are not rough. | If someone is young then they are cold. | If someone is young then they are nice.
Question: Q1: Helen is not cold.
Think step by step.","Reasoning: Fact: Helen is not cold. Rules 1 & 2 state that if Helen is yellow or red, then Helen must be cold. The fact and the rules are in direct contradiction. In such cases, the status is False/Unknown. Answer: False"
"Facts: Claire is blue or yellow
Rules: If someone is blue then they are cold. | If someone is yellow then they are cold. | If someone is cold then they are rough. | If someone is not young then they are not rough. | If someone is young then they are cold. | If someone is young then they are nice.
Question: Q1: Claire is cold.
Think step by step.","Reasoning: Fact: Claire is blue or yellow. Rule 1 & 2: Colors (blue, yellow) imply Claire is cold. Rule 3: Cold implies Claire is rough. Rule 4: Not young implies not rough (Contrapositive: Rough implies young). Rule 5: Young implies Claire is nice. Answer: True"
"Facts: Claire is blue or yellow
Rules: If someone is blue then they are cold. | If someone is yellow then they are cold. | If someone is cold then they are rough. | If someone is not young then they are not rough. | If someone is young then they are cold. | If someone is young then they are nice.
Question: Q2: Claire is rough.
Think step by step.","Reasoning: Fact: Claire is blue or yellow. Rule 1 & 2: Colors (blue, yellow) imply Claire is cold. Rule 3: Cold implies Claire is rough. Rule 4: Not young implies not rough (Contrapositive: Rough implies young). Rule 5: Young implies Claire is nice. Answer: True"
"Facts: Claire is blue or yellow
Rules: If someone is blue then they are cold. | If someone is yellow then they are cold. | If someone is cold then they are rough. | If someone is not young then they are not rough. | If someone is young then they are cold. | If someone is young then they are nice.
Question: Q3: Claire is young.
Think step by step.","Reasoning: Fact: Claire is blue or yellow. Rule 1 & 2: Colors (blue, yellow) imply Claire is cold. Rule 3: Cold implies Claire is rough. Rule 4: Not young implies not rough (Contrapositive: Rough implies young). Rule 5: Young implies Claire is nice. Answer: True"
"Facts: Claire is blue or yellow
Rules: If someone is blue then they are cold. | If someone is yellow then they are cold. | If someone is cold then they are rough. | If someone is not young then they are not rough. | If someone is young then they are cold. | If someone is young then they are nice.
Question: Q4: Claire is nice.
Think step by step.","Reasoning: Fact: Claire is blue or yellow. Rule 1 & 2: Colors (blue, yellow) imply Claire is cold. Rule 3: Cold implies Claire is rough. Rule 4: Not young implies not rough (Contrapositive: Rough implies young). Rule 5: Young implies Claire is nice. Answer: True"
"Facts: Claire is blue or yellow
Rules: If someone is blue then they are cold. | If someone is yellow then they are cold. | If someone is not young then they are not rough. | If someone is young then they are cold. | If someone is young then they are nice.
Question: Q2: Claire is rough.
Think step by step.","Reasoning: Fact: Claire is blue or yellow. Rules 1 & 2 confirm Claire is cold. However, the rule linking 'cold' to 'rough' is missing from the ruleset. Therefore, we cannot infer subsequent traits. Answer: False"
"Facts: Claire is blue or yellow
Rules: If someone is blue then they are cold. | If someone is yellow then they are cold. | If someone is not young then they are not rough. | If someone is young then they are cold. | If someone is young then they are nice.
Question: Q3: Claire is young.
Think step by step.","Reasoning: Fact: Claire is blue or yellow. Rules 1 & 2 confirm Claire is cold. However, the rule linking 'cold' to 'rough' is missing from the ruleset. Therefore, we cannot infer subsequent traits. Answer: False"
"Facts: Claire is blue or yellow
Rules: If someone is blue then they are cold. | If someone is yellow then they are cold. | If someone is not young then they are not rough. | If someone is young then they are cold. | If someone is young then they are nice.
Question: Q4: Claire is nice.
Think step by step.","Reasoning: Fact: Claire is blue or yellow. Rules 1 & 2 confirm Claire is cold. However, the rule linking 'cold' to 'rough' is missing from the ruleset. Therefore, we cannot infer subsequent traits. Answer: False"
"Facts: Claire is blue or yellow. Claire is not cold.
Rules: If someone is blue then they are cold. | If someone is yellow then they are cold. | If someone is cold then they are rough. | If someone is not young then they are not rough. | If someone is young then they are cold. | If someone is young then they are nice.
Question: Q1: Claire is cold.
Think step by step.","Reasoning: Fact: Claire is not cold. Rules 1 & 2 state that if Claire is blue or yellow, then Claire must be cold. The fact and the rules are in direct contradiction. In such cases, the status is False/Unknown. Answer: False"
"Facts: Claire is blue or yellow
Rules: If someone is blue then they are cold. | If someone is yellow then they are cold. | If someone is cold then they are rough. | If someone is not young then they are not rough. | If someone is young then they are cold. | If someone is young then they are nice.
Question: Q1: Claire is not cold.
Think step by step.","Reasoning: Fact: Claire is blue or yellow. Rule 1 & 2: Colors (blue, yellow) imply Claire is cold. Rule 3: Cold implies Claire is rough. Rule 4: Not young implies not rough (Contrapositive: Rough implies young). Rule 5: Young implies Claire is nice. Answer: False"
"Facts: Claire is blue or yellow
Rules: If someone is blue then they are cold. | If someone is yellow then they are cold. | If someone is cold then they are rough. | If someone is not young then they are not rough. | If someone is young then they are cold. | If someone is young then they are nice.
Question: Q2: Claire is not rough.
Think step by step.","Reasoning: Fact: Claire is blue or yellow. Rule 1 & 2: Colors (blue, yellow) imply Claire is cold. Rule 3: Cold implies Claire is rough. Rule 4: Not young implies not rough (Contrapositive: Rough implies young). Rule 5: Young implies Claire is nice. Answer: False"
"Facts: Claire is blue or yellow
Rules: If someone is blue then they are cold. | If someone is yellow then they are cold. | If someone is cold then they are rough. | If someone is not young then they are not rough. | If someone is young then they are cold. | If someone is young then they are nice.
Question: Q3: Claire is happy.
Think step by step.","Reasoning: Fact: Claire is blue or yellow. Rule 1 & 2: Colors (blue, yellow) imply Claire is cold. Rule 3: Cold implies Claire is rough. Rule 4: Not young implies not rough (Contrapositive: Rough implies young). Rule 5: Young implies Claire is nice. Answer: False"
"Facts: Claire is blue or yellow
Rules: If someone is blue then they are cold. | If someone is yellow then they are cold. | If someone is cold then they are rough. | If someone is not young then they are not rough. | If someone is young then they are cold. | If someone is young then they are nice.
Question: Q4: Claire is green.
Think step by step.","Reasoning: Fact: Claire is blue or yellow. Rule 1 & 2: Colors (blue, yellow) imply Claire is cold. Rule 3: Cold implies Claire is rough. Rule 4: Not young implies not rough (Contrapositive: Rough implies young). Rule 5: Young implies Claire is nice. Answer: False"
"Facts: Claire is blue or yellow
Rules: If someone is blue then they are cold. | If someone is yellow then they are cold. | If someone is not young then they are not rough. | If someone is young then they are cold. | If someone is young then they are nice.
Question: Q2: Claire is not rough.
Think step by step.","Reasoning: Fact: Claire is blue or yellow. Rules 1 & 2 confirm Claire is cold. However, the rule linking 'cold' to 'rough' is missing from the ruleset. Therefore, we cannot infer subsequent traits. Answer: False"
"Facts: Claire is blue or yellow. Claire is not cold.
Rules: If someone is blue then they are cold. | If someone is yellow then they are cold. | If someone is cold then they are rough. | If someone is not young then they are not rough. | If someone is young then they are cold. | If someone is young then they are nice.
Question: Q1: Claire is not cold.
Think step by step.","Reasoning: Fact: Claire is not cold. Rules 1 & 2 state that if Claire is blue or yellow, then Claire must be cold. The fact and the rules are in direct contradiction. In such cases, the status is False/Unknown. Answer: False"
"Facts: Anne is yellow or blue
Rules: If someone is yellow then they are cold. | If someone is blue then they are cold. | If someone is cold then they are rough. | If someone is not young then they are not rough. | If someone is young then they are cold. | If someone is young then they are nice.
Question: Q1: Anne is cold.
Think step by step.","Reasoning: Fact: Anne is yellow or blue. Rule 1 & 2: Colors (yellow, blue) imply Anne is cold. Rule 3: Cold implies Anne is rough. Rule 4: Not young implies not rough (Contrapositive: Rough implies young). Rule 5: Young implies Anne is nice. Answer: True"
"Facts: Anne is yellow or blue
Rules: If someone is yellow then they are cold. | If someone is blue then they are cold. | If someone is cold then they are rough. | If someone is not young then they are not rough. | If someone is young then they are cold. | If someone is young then they are nice.
Question: Q2: Anne is rough.
Think step by step.","Reasoning: Fact: Anne is yellow or blue. Rule 1 & 2: Colors (yellow, blue) imply Anne is cold. Rule 3: Cold implies Anne is rough. Rule 4: Not young implies not rough (Contrapositive: Rough implies young). Rule 5: Young implies Anne is nice. Answer: True"
"Facts: Anne is yellow or blue
Rules: If someone is yellow then they are cold. | If someone is blue then they are cold. | If someone is cold then they are rough. | If someone is not young then they are not rough. | If someone is young then they are cold. | If someone is young then they are nice.
Question: Q3: Anne is young.
Think step by step.","Reasoning: Fact: Anne is yellow or blue. Rule 1 & 2: Colors (yellow, blue) imply Anne is cold. Rule 3: Cold implies Anne is rough. Rule 4: Not young implies not rough (Contrapositive: Rough implies young). Rule 5: Young implies Anne is nice. Answer: True"
"Facts: Anne is yellow or blue
Rules: If someone is yellow then they are cold. | If someone is blue then they are cold. | If someone is cold then they are rough. | If someone is not young then they are not rough. | If someone is young then they are cold. | If someone is young then they are nice.
Question: Q4: Anne is nice.
Think step by step.","Reasoning: Fact: Anne is yellow or blue. Rule 1 & 2: Colors (yellow, blue) imply Anne is cold. Rule 3: Cold implies Anne is rough. Rule 4: Not young implies not rough (Contrapositive: Rough implies young). Rule 5: Young implies Anne is nice. Answer: True"
"Facts: Anne is yellow or blue
Rules: If someone is yellow then they are cold. | If someone is blue then they are cold. | If someone is not young then they are not rough. | If someone is young then they are cold. | If someone is young then they are nice.
Question: Q2: Anne is rough.
Think step by step.","Reasoning: Fact: Anne is yellow or blue. Rules 1 & 2 confirm Anne is cold. However, the rule linking 'cold' to 'rough' is missing from the ruleset. Therefore, we cannot infer subsequent traits. Answer: False"
"Facts: Anne is yellow or blue
Rules: If someone is yellow then they are cold. | If someone is blue then they are cold. | If someone is not young then they are not rough. | If someone is young then they are cold. | If someone is young then they are nice.
Question: Q3: Anne is young.
Think step by step.","Reasoning: Fact: Anne is yellow or blue. Rules 1 & 2 confirm Anne is cold. However, the rule linking 'cold' to 'rough' is missing from the ruleset. Therefore, we cannot infer subsequent traits. Answer: False"
"Facts: Anne is yellow or blue
Rules: If someone is yellow then they are cold. | If someone is blue then they are cold. | If someone is not young then they are not rough. | If someone is young then they are cold. | If someone is young then they are nice.
Question: Q4: Anne is nice.
Think step by step.","Reasoning: Fact: Anne is yellow or blue. Rules 1 & 2 confirm Anne is cold. However, the rule linking 'cold' to 'rough' is missing from the ruleset. Therefore, we cannot infer subsequent traits. Answer: False"
"Facts: Anne is yellow or blue. Anne is not cold.
Rules: If someone is yellow then they are cold. | If someone is blue then they are cold. | If someone is cold then they are rough. | If someone is not young then they are not rough. | If someone is young then they are cold. | If someone is young then they are nice.
Question: Q1: Anne is cold.
Think step by step.","Reasoning: Fact: Anne is not cold. Rules 1 & 2 state that if Anne is yellow or blue, then Anne must be cold. The fact and the rules are in direct contradiction. In such cases, the status is False/Unknown. Answer: False"
"Facts: Anne is yellow or blue
Rules: If someone is yellow then they are cold. | If someone is blue then they are cold. | If someone is cold then they are rough. | If someone is not young then they are not rough. | If someone is young then they are cold. | If someone is young then they are nice.
Question: Q1: Anne is not cold.
Think step by step.","Reasoning: Fact: Anne is yellow or blue. Rule 1 & 2: Colors (yellow, blue) imply Anne is cold. Rule 3: Cold implies Anne is rough. Rule 4: Not young implies not rough (Contrapositive: Rough implies young). Rule 5: Young implies Anne is nice. Answer: False"
"Facts: Anne is yellow or blue
Rules: If someone is yellow then they are cold. | If someone is blue then they are cold. | If someone is cold then they are rough. | If someone is not young then they are not rough. | If someone is young then they are cold. | If someone is young then they are nice.
Question: Q2: Anne is not rough.
Think step by step.","Reasoning: Fact: Anne is yellow or blue. Rule 1 & 2: Colors (yellow, blue) imply Anne is cold. Rule 3: Cold implies Anne is rough. Rule 4: Not young implies not rough (Contrapositive: Rough implies young). Rule 5: Young implies Anne is nice. Answer: False"
"Facts: Anne is yellow or blue
Rules: If someone is yellow then they are cold. | If someone is blue then they are cold. | If someone is cold then they are rough. | If someone is not young then they are not rough. | If someone is young then they are cold. | If someone is young then they are nice.
Question: Q3: Anne is tall.
Think step by step.","Reasoning: Fact: Anne is yellow or blue. Rule 1 & 2: Colors (yellow, blue) imply Anne is cold. Rule 3: Cold implies Anne is rough. Rule 4: Not young implies not rough (Contrapositive: Rough implies young). Rule 5: Young implies Anne is nice. Answer: False"
"Facts: Anne is yellow or blue
Rules: If someone is yellow then they are cold. | If someone is blue then they are cold. | If someone is cold then they are rough. | If someone is not young then they are not rough. | If someone is young then they are cold. | If someone is young then they are nice.
Question: Q4: Anne is red.
Think step by step.","Reasoning: Fact: Anne is yellow or blue. Rule 1 & 2: Colors (yellow, blue) imply Anne is cold. Rule 3: Cold implies Anne is rough. Rule 4: Not young implies not rough (Contrapositive: Rough implies young). Rule 5: Young implies Anne is nice. Answer: False"
"Facts: Anne is yellow or blue
Rules: If someone is yellow then they are cold. | If someone is blue then they are cold. | If someone is not young then they are not rough. | If someone is young then they are cold. | If someone is young then they are nice.
Question: Q2: Anne is not rough.
Think step by step.","Reasoning: Fact: Anne is yellow or blue. Rules 1 & 2 confirm Anne is cold. However, the rule linking 'cold' to 'rough' is missing from the ruleset. Therefore, we cannot infer subsequent traits. Answer: False"
"Facts: Anne is yellow or blue. Anne is not cold.
Rules: If someone is yellow then they are cold. | If someone is blue then they are cold. | If someone is cold then they are rough. | If someone is not young then they are not rough. | If someone is young then they are cold. | If someone is young then they are nice.
Question: Q1: Anne is not cold.
Think step by step.","Reasoning: Fact: Anne is not cold. Rules 1 & 2 state that if Anne is yellow or blue, then Anne must be cold. The fact and the rules are in direct contradiction. In such cases, the status is False/Unknown. Answer: False"
"Facts: Grace is red or blue
Rules: If someone is red then they are cold. | If someone is blue then they are cold. | If someone is cold then they are rough. | If someone is not young then they are not rough. | If someone is young then they are cold. | If someone is young then they are nice.
Question: Q1: Grace is cold.
Think step by step.","Reasoning: Fact: Grace is red or blue. Rule 1 & 2: Colors (red, blue) imply Grace is cold. Rule 3: Cold implies Grace is rough. Rule 4: Not young implies not rough (Contrapositive: Rough implies young). Rule 5: Young implies Grace is nice. Answer: True"
"Facts: Grace is red or blue
Rules: If someone is red then they are cold. | If someone is blue then they are cold. | If someone is cold then they are rough. | If someone is not young then they are not rough. | If someone is young then they are cold. | If someone is young then they are nice.
Question: Q2: Grace is rough.
Think step by step.","Reasoning: Fact: Grace is red or blue. Rule 1 & 2: Colors (red, blue) imply Grace is cold. Rule 3: Cold implies Grace is rough. Rule 4: Not young implies not rough (Contrapositive: Rough implies young). Rule 5: Young implies Grace is nice. Answer: True"
"Facts: Grace is red or blue
Rules: If someone is red then they are cold. | If someone is blue then they are cold. | If someone is cold then they are rough. | If someone is not young then they are not rough. | If someone is young then they are cold. | If someone is young then they are nice.
Question: Q3: Grace is young.
Think step by step.","Reasoning: Fact: Grace is red or blue. Rule 1 & 2: Colors (red, blue) imply Grace is cold. Rule 3: Cold implies Grace is rough. Rule 4: Not young implies not rough (Contrapositive: Rough implies young). Rule 5: Young implies Grace is nice. Answer: True"
"Facts: Grace is red or blue
Rules: If someone is red then they are cold. | If someone is blue then they are cold. | If someone is cold then they are rough. | If someone is not young then they are not rough. | If someone is young then they are cold. | If someone is young then they are nice.
Question: Q4: Grace is nice.
Think step by step.","Reasoning: Fact: Grace is red or blue. Rule 1 & 2: Colors (red, blue) imply Grace is cold. Rule 3: Cold implies Grace is rough. Rule 4: Not young implies not rough (Contrapositive: Rough implies young). Rule 5: Young implies Grace is nice. Answer: True"
"Facts: Grace is red or blue
Rules: If someone is red then they are cold. | If someone is blue then they are cold. | If someone is not young then they are not rough. | If someone is young then they are cold. | If someone is young then they are nice.
Question: Q2: Grace is rough.
Think step by step.","Reasoning: Fact: Grace is red or blue. Rules 1 & 2 confirm Grace is cold. However, the rule linking 'cold' to 'rough' is missing from the ruleset. Therefore, we cannot infer subsequent traits. Answer: False"
"Facts: Grace is red or blue
Rules: If someone is red then they are cold. | If someone is blue then they are cold. | If someone is not young then they are not rough. | If someone is young then they are cold. | If someone is young then they are nice.
Question: Q3: Grace is young.
Think step by step.","Reasoning: Fact: Grace is red or blue. Rules 1 & 2 confirm Grace is cold. However, the rule linking 'cold' to 'rough' is missing from the ruleset. Therefore, we cannot infer subsequent traits. Answer: False"
"Facts: Grace is red or blue
Rules: If someone is red then they are cold. | If someone is blue then they are cold. | If someone is not young then they are not rough. | If someone is young then they are cold. | If someone is young then they are nice.
Question: Q4: Grace is nice.
Think step by step.","Reasoning: Fact: Grace is red or blue. Rules 1 & 2 confirm Grace is cold. However, the rule linking 'cold' to 'rough' is missing from the ruleset. Therefore, we cannot infer subsequent traits. Answer: False"
"Facts: Grace is red or blue. Grace is not cold.
Rules: If someone is red then they are cold. | If someone is blue then they are cold. | If someone is cold then they are rough. | If someone is not young then they are not rough. | If someone is young then they are cold. | If someone is young then they are nice.
Question: Q1: Grace is cold.
Think step by step.","Reasoning: Fact: Grace is not cold. Rules 1 & 2 state that if Grace is red or blue, then Grace must be cold. The fact and the rules are in direct contradiction. In such cases, the status is False/Unknown. Answer: False"
"Facts: Grace is red or blue
Rules: If someone is red then they are cold. | If someone is blue then they are cold. | If someone is cold then they are rough. | If someone is not young then they are not rough. | If someone is young then they are cold. | If someone is young then they are nice.
Question: Q1: Grace is not cold.
Think step by step.","Reasoning: Fact: Grace is red or blue. Rule 1 & 2: Colors (red, blue) imply Grace is cold. Rule 3: Cold implies Grace is rough. Rule 4: Not young implies not rough (Contrapositive: Rough implies young). Rule 5: Young implies Grace is nice. Answer: False"
"Facts: Grace is red or blue
Rules: If someone is red then they are cold. | If someone is blue then they are cold. | If someone is cold then they are rough. | If someone is not young then they are not rough. | If someone is young then they are cold. | If someone is young then they are nice.
Question: Q2: Grace is not rough.
Think step by step.","Reasoning: Fact: Grace is red or blue. Rule 1 & 2: Colors (red, blue) imply Grace is cold. Rule 3: Cold implies Grace is rough. Rule 4: Not young implies not rough (Contrapositive: Rough implies young). Rule 5: Young implies Grace is nice. Answer: False"
"Facts: Grace is red or blue
Rules: If someone is red then they are cold. | If someone is blue then they are cold. | If someone is cold then they are rough. | If someone is not young then they are not rough. | If someone is young then they are cold. | If someone is young then they are nice.
Question: Q3: Grace is kind.
Think step by step.","Reasoning: Fact: Grace is red or blue. Rule 1 & 2: Colors (red, blue) imply Grace is cold. Rule 3: Cold implies Grace is rough. Rule 4: Not young implies not rough (Contrapositive: Rough implies young). Rule 5: Young implies Grace is nice. Answer: False"
"Facts: Grace is red or blue
Rules: If someone is red then they are cold. | If someone is blue then they are cold. | If someone is cold then they are rough. | If someone is not young then they are not rough. | If someone is young then they are cold. | If someone is young then they are nice.
Question: Q4: Grace is yellow.
Think step by step.","Reasoning: Fact: Grace is red or blue. Rule 1 & 2: Colors (red, blue) imply Grace is cold. Rule 3: Cold implies Grace is rough. Rule 4: Not young implies not rough (Contrapositive: Rough implies young). Rule 5: Young implies Grace is nice. Answer: False"
"Facts: Grace is red or blue
Rules: If someone is red then they are cold. | If someone is blue then they are cold. | If someone is not young then they are not rough. | If someone is young then they are cold. | If someone is young then they are nice.
Question: Q2: Grace is not rough.
Think step by step.","Reasoning: Fact: Grace is red or blue. Rules 1 & 2 confirm Grace is cold. However, the rule linking 'cold' to 'rough' is missing from the ruleset. Therefore, we cannot infer subsequent traits. Answer: False"
"Facts: Grace is red or blue. Grace is not cold.
Rules: If someone is red then they are cold. | If someone is blue then they are cold. | If someone is cold then they are rough. | If someone is not young then they are not rough. | If someone is young then they are cold. | If someone is young then they are nice.
Question: Q1: Grace is not cold.
Think step by step.","Reasoning: Fact: Grace is not cold. Rules 1 & 2 state that if Grace is red or blue, then Grace must be cold. The fact and the rules are in direct contradiction. In such cases, the status is False/Unknown. Answer: False"
"Facts: Frank is red or green
Rules: If someone is red then they are cold. | If someone is green then they are cold. | If someone is cold then they are rough. | If someone is not young then they are not rough. | If someone is young then they are cold. | If someone is young then they are nice.
Question: Q1: Frank is cold.
Think step by step.","Reasoning: Fact: Frank is red or green. Rule 1 & 2: Colors (red, green) imply Frank is cold. Rule 3: Cold implies Frank is rough. Rule 4: Not young implies not rough (Contrapositive: Rough implies young). Rule 5: Young implies Frank is nice. Answer: True"
"Facts: Frank is red or green
Rules: If someone is red then they are cold. | If someone is green then they are cold. | If someone is cold then they are rough. | If someone is not young then they are not rough. | If someone is young then they are cold. | If someone is young then they are nice.
Question: Q2: Frank is rough.
Think step by step.","Reasoning: Fact: Frank is red or green. Rule 1 & 2: Colors (red, green) imply Frank is cold. Rule 3: Cold implies Frank is rough. Rule 4: Not young implies not rough (Contrapositive: Rough implies young). Rule 5: Young implies Frank is nice. Answer: True"
"Facts: Frank is red or green
Rules: If someone is red then they are cold. | If someone is green then they are cold. | If someone is cold then they are rough. | If someone is not young then they are not rough. | If someone is young then they are cold. | If someone is young then they are nice.
Question: Q3: Frank is young.
Think step by step.","Reasoning: Fact: Frank is red or green. Rule 1 & 2: Colors (red, green) imply Frank is cold. Rule 3: Cold implies Frank is rough. Rule 4: Not young implies not rough (Contrapositive: Rough implies young). Rule 5: Young implies Frank is nice. Answer: True"
"Facts: Frank is red or green
Rules: If someone is red then they are cold. | If someone is green then they are cold. | If someone is cold then they are rough. | If someone is not young then they are not rough. | If someone is young then they are cold. | If someone is young then they are nice.
Question: Q4: Frank is nice.
Think step by step.","Reasoning: Fact: Frank is red or green. Rule 1 & 2: Colors (red, green) imply Frank is cold. Rule 3: Cold implies Frank is rough. Rule 4: Not young implies not rough (Contrapositive: Rough implies young). Rule 5: Young implies Frank is nice. Answer: True"
"Facts: Frank is red or green
Rules: If someone is red then they are cold. | If someone is green then they are cold. | If someone is not young then they are not rough. | If someone is young then they are cold. | If someone is young then they are nice.
Question: Q2: Frank is rough.
Think step by step.","Reasoning: Fact: Frank is red or green. Rules 1 & 2 confirm Frank is cold. However, the rule linking 'cold' to 'rough' is missing from the ruleset. Therefore, we cannot infer subsequent traits. Answer: False"
"Facts: Frank is red or green
Rules: If someone is red then they are cold. | If someone is green then they are cold. | If someone is not young then they are not rough. | If someone is young then they are cold. | If someone is young then they are nice.
Question: Q3: Frank is young.
Think step by step.","Reasoning: Fact: Frank is red or green. Rules 1 & 2 confirm Frank is cold. However, the rule linking 'cold' to 'rough' is missing from the ruleset. Therefore, we cannot infer subsequent traits. Answer: False"
"Facts: Frank is red or green
Rules: If someone is red then they are cold. | If someone is green then they are cold. | If someone is not young then they are not rough. | If someone is young then they are cold. | If someone is young then they are nice.
Question: Q4: Frank is nice.
Think step by step.","Reasoning: Fact: Frank is red or green. Rules 1 & 2 confirm Frank is cold. However, the rule linking 'cold' to 'rough' is missing from the ruleset. Therefore, we cannot infer subsequent traits. Answer: False"
"Facts: Frank is red or green. Frank is not cold.
Rules: If someone is red then they are cold. | If someone is green then they are cold. | If someone is cold then they are rough. | If someone is not young then they are not rough. | If someone is young then they are cold. | If someone is young then they are nice.
Question: Q1: Frank is cold.
Think step by step.","Reasoning: Fact: Frank is not cold. Rules 1 & 2 state that if Frank is red or green, then Frank must be cold. The fact and the rules are in direct contradiction. In such cases, the status is False/Unknown. Answer: False"
"Facts: Frank is red or green
Rules: If someone is red then they are cold. | If someone is green then they are cold. | If someone is cold then they are rough. | If someone is not young then they are not rough. | If someone is young then they are cold. | If someone is young then they are nice.
Question: Q1: Frank is not cold.
Think step by step.","Reasoning: Fact: Frank is red or green. Rule 1 & 2: Colors (red, green) imply Frank is cold. Rule 3: Cold implies Frank is rough. Rule 4: Not young implies not rough (Contrapositive: Rough implies young). Rule 5: Young implies Frank is nice. Answer: False"
"Facts: Frank is red or green
Rules: If someone is red then they are cold. | If someone is green then they are cold. | If someone is cold then they are rough. | If someone is not young then they are not rough. | If someone is young then they are cold. | If someone is young then they are nice.
Question: Q2: Frank is not rough.
Think step by step.","Reasoning: Fact: Frank is red or green. Rule 1 & 2: Colors (red, green) imply Frank is cold. Rule 3: Cold implies Frank is rough. Rule 4: Not young implies not rough (Contrapositive: Rough implies young). Rule 5: Young implies Frank is nice. Answer: False"
"Facts: Frank is red or green
Rules: If someone is red then they are cold. | If someone is green then they are cold. | If someone is cold then they are rough. | If someone is not young then they are not rough. | If someone is young then they are cold. | If someone is young then they are nice.
Question: Q3: Frank is mean.
Think step by step.","Reasoning: Fact: Frank is red or green. Rule 1 & 2: Colors (red, green) imply Frank is cold. Rule 3: Cold implies Frank is rough. Rule 4: Not young implies not rough (Contrapositive: Rough implies young). Rule 5: Young implies Frank is nice. Answer: False"
"Facts: Frank is red or green
Rules: If someone is red then they are cold. | If someone is green then they are cold. | If someone is cold then they are rough. | If someone is not young then they are not rough. | If someone is young then they are cold. | If someone is young then they are nice.
Question: Q4: Frank is blue.
Think step by step.","Reasoning: Fact: Frank is red or green. Rule 1 & 2: Colors (red, green) imply Frank is cold. Rule 3: Cold implies Frank is rough. Rule 4: Not young implies not rough (Contrapositive: Rough implies young). Rule 5: Young implies Frank is nice. Answer: False"
"Facts: Frank is red or green
Rules: If someone is red then they are cold. | If someone is green then they are cold. | If someone is not young then they are not rough. | If someone is young then they are cold. | If someone is young then they are nice.
Question: Q2: Frank is not rough.
Think step by step.","Reasoning: Fact: Frank is red or green. Rules 1 & 2 confirm Frank is cold. However, the rule linking 'cold' to 'rough' is missing from the ruleset. Therefore, we cannot infer subsequent traits. Answer: False"
"Facts: Frank is red or green. Frank is not cold.
Rules: If someone is red then they are cold. | If someone is green then they are cold. | If someone is cold then they are rough. | If someone is not young then they are not rough. | If someone is young then they are cold. | If someone is young then they are nice.
Question: Q1: Frank is not cold.
Think step by step.","Reasoning: Fact: Frank is not cold. Rules 1 & 2 state that if Frank is red or green, then Frank must be cold. The fact and the rules are in direct contradiction. In such cases, the status is False/Unknown. Answer: False"
"Facts: Helen is green or blue
Rules: If someone is green then they are cold. | If someone is blue then they are cold. | If someone is cold then they are rough. | If someone is not young then they are not rough. | If someone is young then they are cold. | If someone is young then they are nice.
Question: Q1: Helen is cold.
Think step by step.","Reasoning: Fact: Helen is green or blue. Rule 1 & 2: Colors (green, blue) imply Helen is cold. Rule 3: Cold implies Helen is rough. Rule 4: Not young implies not rough (Contrapositive: Rough implies young). Rule 5: Young implies Helen is nice. Answer: True"
"Facts: Helen is green or blue
Rules: If someone is green then they are cold. | If someone is blue then they are cold. | If someone is cold then they are rough. | If someone is not young then they are not rough. | If someone is young then they are cold. | If someone is young then they are nice.
Question: Q2: Helen is rough.
Think step by step.","Reasoning: Fact: Helen is green or blue. Rule 1 & 2: Colors (green, blue) imply Helen is cold. Rule 3: Cold implies Helen is rough. Rule 4: Not young implies not rough (Contrapositive: Rough implies young). Rule 5: Young implies Helen is nice. Answer: True"
"Facts: Helen is green or blue
Rules: If someone is green then they are cold. | If someone is blue then they are cold. | If someone is cold then they are rough. | If someone is not young then they are not rough. | If someone is young then they are cold. | If someone is young then they are nice.
Question: Q3: Helen is young.
Think step by step.","Reasoning: Fact: Helen is green or blue. Rule 1 & 2: Colors (green, blue) imply Helen is cold. Rule 3: Cold implies Helen is rough. Rule 4: Not young implies not rough (Contrapositive: Rough implies young). Rule 5: Young implies Helen is nice. Answer: True"
"Facts: Helen is green or blue
Rules: If someone is green then they are cold. | If someone is blue then they are cold. | If someone is cold then they are rough. | If someone is not young then they are not rough. | If someone is young then they are cold. | If someone is young then they are nice.
Question: Q4: Helen is nice.
Think step by step.","Reasoning: Fact: Helen is green or blue. Rule 1 & 2: Colors (green, blue) imply Helen is cold. Rule 3: Cold implies Helen is rough. Rule 4: Not young implies not rough (Contrapositive: Rough implies young). Rule 5: Young implies Helen is nice. Answer: True"
"Facts: Helen is green or blue
Rules: If someone is green then they are cold. | If someone is blue then they are cold. | If someone is not young then they are not rough. | If someone is young then they are cold. | If someone is young then they are nice.
Question: Q2: Helen is rough.
Think step by step.","Reasoning: Fact: Helen is green or blue. Rules 1 & 2 confirm Helen is cold. However, the rule linking 'cold' to 'rough' is missing from the ruleset. Therefore, we cannot infer subsequent traits. Answer: False"
"Facts: Helen is green or blue
Rules: If someone is green then they are cold. | If someone is blue then they are cold. | If someone is not young then they are not rough. | If someone is young then they are cold. | If someone is young then they are nice.
Question: Q3: Helen is young.
Think step by step.","Reasoning: Fact: Helen is green or blue. Rules 1 & 2 confirm Helen is cold. However, the rule linking 'cold' to 'rough' is missing from the ruleset. Therefore, we cannot infer subsequent traits. Answer: False"
"Facts: Helen is green or blue
Rules: If someone is green then they are cold. | If someone is blue then they are cold. | If someone is not young then they are not rough. | If someone is young then they are cold. | If someone is young then they are nice.
Question: Q4: Helen is nice.
Think step by step.","Reasoning: Fact: Helen is green or blue. Rules 1 & 2 confirm Helen is cold. However, the rule linking 'cold' to 'rough' is missing from the ruleset. Therefore, we cannot infer subsequent traits. Answer: False"
"Facts: Helen is green or blue. Helen is not cold.
Rules: If someone is green then they are cold. | If someone is blue then they are cold. | If someone is cold then they are rough. | If someone is not young then they are not rough. | If someone is young then they are cold. | If someone is young then they are nice.
Question: Q1: Helen is cold.
Think step by step.","Reasoning: Fact: Helen is not cold. Rules 1 & 2 state that if Helen is green or blue, then Helen must be cold. The fact and the rules are in direct contradiction. In such cases, the status is False/Unknown. Answer: False"
"Facts: Helen is green or blue
Rules: If someone is green then they are cold. | If someone is blue then they are cold. | If someone is cold then they are rough. | If someone is not young then they are not rough. | If someone is young then they are cold. | If someone is young then they are nice.
Question: Q1: Helen is not cold.
Think step by step.","Reasoning: Fact: Helen is green or blue. Rule 1 & 2: Colors (green, blue) imply Helen is cold. Rule 3: Cold implies Helen is rough. Rule 4: Not young implies not rough (Contrapositive: Rough implies young). Rule 5: Young implies Helen is nice. Answer: False"
"Facts: Helen is green or blue
Rules: If someone is green then they are cold. | If someone is blue then they are cold. | If someone is cold then they are rough. | If someone is not young then they are not rough. | If someone is young then they are cold. | If someone is young then they are nice.
Question: Q2: Helen is not rough.
Think step by step.","Reasoning: Fact: Helen is green or blue. Rule 1 & 2: Colors (green, blue) imply Helen is cold. Rule 3: Cold implies Helen is rough. Rule 4: Not young implies not rough (Contrapositive: Rough implies young). Rule 5: Young implies Helen is nice. Answer: False"
"Facts: Helen is green or blue
Rules: If someone is green then they are cold. | If someone is blue then they are cold. | If someone is cold then they are rough. | If someone is not young then they are not rough. | If someone is young then they are cold. | If someone is young then they are nice.
Question: Q3: Helen is mean.
Think step by step.","Reasoning: Fact: Helen is green or blue. Rule 1 & 2: Colors (green, blue) imply Helen is cold. Rule 3: Cold implies Helen is rough. Rule 4: Not young implies not rough (Contrapositive: Rough implies young). Rule 5: Young implies Helen is nice. Answer: False"
"Facts: Helen is green or blue
Rules: If someone is green then they are cold. | If someone is blue then they are cold. | If someone is cold then they are rough. | If someone is not young then they are not rough. | If someone is young then they are cold. | If someone is young then they are nice.
Question: Q4: Helen is red.
Think step by step.","Reasoning: Fact: Helen is green or blue. Rule 1 & 2: Colors (green, blue) imply Helen is cold. Rule 3: Cold implies Helen is rough. Rule 4: Not young implies not rough (Contrapositive: Rough implies young). Rule 5: Young implies Helen is nice. Answer: False"
"Facts: Helen is green or blue
Rules: If someone is green then they are cold. | If someone is blue then they are cold. | If someone is not young then they are not rough. | If someone is young then they are cold. | If someone is young then they are nice.
Question: Q2: Helen is not rough.
Think step by step.","Reasoning: Fact: Helen is green or blue. Rules 1 & 2 confirm Helen is cold. However, the rule linking 'cold' to 'rough' is missing from the ruleset. Therefore, we cannot infer subsequent traits. Answer: False"
"Facts: Helen is green or blue. Helen is not cold.
Rules: If someone is green then they are cold. | If someone is blue then they are cold. | If someone is cold then they are rough. | If someone is not young then they are not rough. | If someone is young then they are cold. | If someone is young then they are nice.
Question: Q1: Helen is not cold.
Think step by step.","Reasoning: Fact: Helen is not cold. Rules 1 & 2 state that if Helen is green or blue, then Helen must be cold. The fact and the rules are in direct contradiction. In such cases, the status is False/Unknown. Answer: False"
"Facts: Anne is green or yellow
Rules: If someone is green then they are cold. | If someone is yellow then they are cold. | If someone is cold then they are rough. | If someone is not young then they are not rough. | If someone is young then they are cold. | If someone is young then they are nice.
Question: Q1: Anne is cold.
Think step by step.","Reasoning: Fact: Anne is green or yellow. Rule 1 & 2: Colors (green, yellow) imply Anne is cold. Rule 3: Cold implies Anne is rough. Rule 4: Not young implies not rough (Contrapositive: Rough implies young). Rule 5: Young implies Anne is nice. Answer: True"
"Facts: Anne is green or yellow
Rules: If someone is green then they are cold. | If someone is yellow then they are cold. | If someone is cold then they are rough. | If someone is not young then they are not rough. | If someone is young then they are cold. | If someone is young then they are nice.
Question: Q2: Anne is rough.
Think step by step.","Reasoning: Fact: Anne is green or yellow. Rule 1 & 2: Colors (green, yellow) imply Anne is cold. Rule 3: Cold implies Anne is rough. Rule 4: Not young implies not rough (Contrapositive: Rough implies young). Rule 5: Young implies Anne is nice. Answer: True"
"Facts: Anne is green or yellow
Rules: If someone is green then they are cold. | If someone is yellow then they are cold. | If someone is cold then they are rough. | If someone is not young then they are not rough. | If someone is young then they are cold. | If someone is young then they are nice.
Question: Q3: Anne is young.
Think step by step.","Reasoning: Fact: Anne is green or yellow. Rule 1 & 2: Colors (green, yellow) imply Anne is cold. Rule 3: Cold implies Anne is rough. Rule 4: Not young implies not rough (Contrapositive: Rough implies young). Rule 5: Young implies Anne is nice. Answer: True"
"Facts: Anne is green or yellow
Rules: If someone is green then they are cold. | If someone is yellow then they are cold. | If someone is cold then they are rough. | If someone is not young then they are not rough. | If someone is young then they are cold. | If someone is young then they are nice.
Question: Q4: Anne is nice.
Think step by step.","Reasoning: Fact: Anne is green or yellow. Rule 1 & 2: Colors (green, yellow) imply Anne is cold. Rule 3: Cold implies Anne is rough. Rule 4: Not young implies not rough (Contrapositive: Rough implies young). Rule 5: Young implies Anne is nice. Answer: True"
"Facts: Anne is green or yellow
Rules: If someone is green then they are cold. | If someone is yellow then they are cold. | If someone is not young then they are not rough. | If someone is young then they are cold. | If someone is young then they are nice.
Question: Q2: Anne is rough.
Think step by step.","Reasoning: Fact: Anne is green or yellow. Rules 1 & 2 confirm Anne is cold. However, the rule linking 'cold' to 'rough' is missing from the ruleset. Therefore, we cannot infer subsequent traits. Answer: False"
"Facts: Anne is green or yellow
Rules: If someone is green then they are cold. | If someone is yellow then they are cold. | If someone is not young then they are not rough. | If someone is young then they are cold. | If someone is young then they are nice.
Question: Q3: Anne is young.
Think step by step.","Reasoning: Fact: Anne is green or yellow. Rules 1 & 2 confirm Anne is cold. However, the rule linking 'cold' to 'rough' is missing from the ruleset. Therefore, we cannot infer subsequent traits. Answer: False"
"Facts: Anne is green or yellow
Rules: If someone is green then they are cold. | If someone is yellow then they are cold. | If someone is not young then they are not rough. | If someone is young then they are cold. | If someone is young then they are nice.
Question: Q4: Anne is nice.
Think step by step.","Reasoning: Fact: Anne is green or yellow. Rules 1 & 2 confirm Anne is cold. However, the rule linking 'cold' to 'rough' is missing from the ruleset. Therefore, we cannot infer subsequent traits. Answer: False"
"Facts: Anne is green or yellow. Anne is not cold.
Rules: If someone is green then they are cold. | If someone is yellow then they are cold. | If someone is cold then they are rough. | If someone is not young then they are not rough. | If someone is young then they are cold. | If someone is young then they are nice.
Question: Q1: Anne is cold.
Think step by step.","Reasoning: Fact: Anne is not cold. Rules 1 & 2 state that if Anne is green or yellow, then Anne must be cold. The fact and the rules are in direct contradiction. In such cases, the status is False/Unknown. Answer: False"
"Facts: Anne is green or yellow
Rules: If someone is green then they are cold. | If someone is yellow then they are cold. | If someone is cold then they are rough. | If someone is not young then they are not rough. | If someone is young then they are cold. | If someone is young then they are nice.
Question: Q1: Anne is not cold.
Think step by step.","Reasoning: Fact: Anne is green or yellow. Rule 1 & 2: Colors (green, yellow) imply Anne is cold. Rule 3: Cold implies Anne is rough. Rule 4: Not young implies not rough (Contrapositive: Rough implies young). Rule 5: Young implies Anne is nice. Answer: False"
"Facts: Anne is green or yellow
Rules: If someone is green then they are cold. | If someone is yellow then they are cold. | If someone is cold then they are rough. | If someone is not young then they are not rough. | If someone is young then they are cold. | If someone is young then they are nice.
Question: Q2: Anne is not rough.
Think step by step.","Reasoning: Fact: Anne is green or yellow. Rule 1 & 2: Colors (green, yellow) imply Anne is cold. Rule 3: Cold implies Anne is rough. Rule 4: Not young implies not rough (Contrapositive: Rough implies young). Rule 5: Young implies Anne is nice. Answer: False"
"Facts: Anne is green or yellow
Rules: If someone is green then they are cold. | If someone is yellow then they are cold. | If someone is cold then they are rough. | If someone is not young then they are not rough. | If someone is young then they are cold. | If someone is young then they are nice.
Question: Q3: Anne is kind.
Think step by step.","Reasoning: Fact: Anne is green or yellow. Rule 1 & 2: Colors (green, yellow) imply Anne is cold. Rule 3: Cold implies Anne is rough. Rule 4: Not young implies not rough (Contrapositive: Rough implies young). Rule 5: Young implies Anne is nice. Answer: False"
"Facts: Anne is green or yellow
Rules: If someone is green then they are cold. | If someone is yellow then they are cold. | If someone is cold then they are rough. | If someone is not young then they are not rough. | If someone is young then they are cold. | If someone is young then they are nice.
Question: Q4: Anne is blue.
Think step by step.","Reasoning: Fact: Anne is green or yellow. Rule 1 & 2: Colors (green, yellow) imply Anne is cold. Rule 3: Cold implies Anne is rough. Rule 4: Not young implies not rough (Contrapositive: Rough implies young). Rule 5: Young implies Anne is nice. Answer: False"
"Facts: Anne is green or yellow
Rules: If someone is green then they are cold. | If someone is yellow then they are cold. | If someone is not young then they are not rough. | If someone is young then they are cold. | If someone is young then they are nice.
Question: Q2: Anne is not rough.
Think step by step.","Reasoning: Fact: Anne is green or yellow. Rules 1 & 2 confirm Anne is cold. However, the rule linking 'cold' to 'rough' is missing from the ruleset. Therefore, we cannot infer subsequent traits. Answer: False"
"Facts: Anne is green or yellow. Anne is not cold.
Rules: If someone is green then they are cold. | If someone is yellow then they are cold. | If someone is cold then they are rough. | If someone is not young then they are not rough. | If someone is young then they are cold. | If someone is young then they are nice.
Question: Q1: Anne is not cold.
Think step by step.","Reasoning: Fact: Anne is not cold. Rules 1 & 2 state that if Anne is green or yellow, then Anne must be cold. The fact and the rules are in direct contradiction. In such cases, the status is False/Unknown. Answer: False"
"Facts: Bob is green or yellow
Rules: If someone is green then they are cold. | If someone is yellow then they are cold. | If someone is cold then they are rough. | If someone is not young then they are not rough. | If someone is young then they are cold. | If someone is young then they are nice.
Question: Q1: Bob is cold.
Think step by step.","Reasoning: Fact: Bob is green or yellow. Rule 1 & 2: Colors (green, yellow) imply Bob is cold. Rule 3: Cold implies Bob is rough. Rule 4: Not young implies not rough (Contrapositive: Rough implies young). Rule 5: Young implies Bob is nice. Answer: True"
"Facts: Bob is green or yellow
Rules: If someone is green then they are cold. | If someone is yellow then they are cold. | If someone is cold then they are rough. | If someone is not young then they are not rough. | If someone is young then they are cold. | If someone is young then they are nice.
Question: Q2: Bob is rough.
Think step by step.","Reasoning: Fact: Bob is green or yellow. Rule 1 & 2: Colors (green, yellow) imply Bob is cold. Rule 3: Cold implies Bob is rough. Rule 4: Not young implies not rough (Contrapositive: Rough implies young). Rule 5: Young implies Bob is nice. Answer: True"
"Facts: Bob is green or yellow
Rules: If someone is green then they are cold. | If someone is yellow then they are cold. | If someone is cold then they are rough. | If someone is not young then they are not rough. | If someone is young then they are cold. | If someone is young then they are nice.
Question: Q3: Bob is young.
Think step by step.","Reasoning: Fact: Bob is green or yellow. Rule 1 & 2: Colors (green, yellow) imply Bob is cold. Rule 3: Cold implies Bob is rough. Rule 4: Not young implies not rough (Contrapositive: Rough implies young). Rule 5: Young implies Bob is nice. Answer: True"
"Facts: Bob is green or yellow
Rules: If someone is green then they are cold. | If someone is yellow then they are cold. | If someone is cold then they are rough. | If someone is not young then they are not rough. | If someone is young then they are cold. | If someone is young then they are nice.
Question: Q4: Bob is nice.
Think step by step.","Reasoning: Fact: Bob is green or yellow. Rule 1 & 2: Colors (green, yellow) imply Bob is cold. Rule 3: Cold implies Bob is rough. Rule 4: Not young implies not rough (Contrapositive: Rough implies young). Rule 5: Young implies Bob is nice. Answer: True"
"Facts: Bob is green or yellow
Rules: If someone is green then they are cold. | If someone is yellow then they are cold. | If someone is not young then they are not rough. | If someone is young then they are cold. | If someone is young then they are nice.
Question: Q2: Bob is rough.
Think step by step.","Reasoning: Fact: Bob is green or yellow. Rules 1 & 2 confirm Bob is cold. However, the rule linking 'cold' to 'rough' is missing from the ruleset. Therefore, we cannot infer subsequent traits. Answer: False"
"Facts: Bob is green or yellow
Rules: If someone is green then they are cold. | If someone is yellow then they are cold. | If someone is not young then they are not rough. | If someone is young then they are cold. | If someone is young then they are nice.
Question: Q3: Bob is young.
Think step by step.","Reasoning: Fact: Bob is green or yellow. Rules 1 & 2 confirm Bob is cold. However, the rule linking 'cold' to 'rough' is missing from the ruleset. Therefore, we cannot infer subsequent traits. Answer: False"
"Facts: Bob is green or yellow
Rules: If someone is green then they are cold. | If someone is yellow then they are cold. | If someone is not young then they are not rough. | If someone is young then they are cold. | If someone is young then they are nice.
Question: Q4: Bob is nice.
Think step by step.","Reasoning: Fact: Bob is green or yellow. Rules 1 & 2 confirm Bob is cold. However, the rule linking 'cold' to 'rough' is missing from the ruleset. Therefore, we cannot infer subsequent traits. Answer: False"
"Facts: Bob is green or yellow. Bob is not cold.
Rules: If someone is green then they are cold. | If someone is yellow then they are cold. | If someone is cold then they are rough. | If someone is not young then they are not rough. | If someone is young then they are cold. | If someone is young then they are nice.
Question: Q1: Bob is cold.
Think step by step.","Reasoning: Fact: Bob is not cold. Rules 1 & 2 state that if Bob is green or yellow, then Bob must be cold. The fact and the rules are in direct contradiction. In such cases, the status is False/Unknown. Answer: False"
"Facts: Bob is green or yellow
Rules: If someone is green then they are cold. | If someone is yellow then they are cold. | If someone is cold then they are rough. | If someone is not young then they are not rough. | If someone is young then they are cold. | If someone is young then they are nice.
Question: Q1: Bob is not cold.
Think step by step.","Reasoning: Fact: Bob is green or yellow. Rule 1 & 2: Colors (green, yellow) imply Bob is cold. Rule 3: Cold implies Bob is rough. Rule 4: Not young implies not rough (Contrapositive: Rough implies young). Rule 5: Young implies Bob is nice. Answer: False"
"Facts: Bob is green or yellow
Rules: If someone is green then they are cold. | If someone is yellow then they are cold. | If someone is cold then they are rough. | If someone is not young then they are not rough. | If someone is young then they are cold. | If someone is young then they are nice.
Question: Q2: Bob is not rough.
Think step by step.","Reasoning: Fact: Bob is green or yellow. Rule 1 & 2: Colors (green, yellow) imply Bob is cold. Rule 3: Cold implies Bob is rough. Rule 4: Not young implies not rough (Contrapositive: Rough implies young). Rule 5: Young implies Bob is nice. Answer: False"
"Facts: Bob is green or yellow
Rules: If someone is green then they are cold. | If someone is yellow then they are cold. | If someone is cold then they are rough. | If someone is not young then they are not rough. | If someone is young then they are cold. | If someone is young then they are nice.
Question: Q3: Bob is short.
Think step by step.","Reasoning: Fact: Bob is green or yellow. Rule 1 & 2: Colors (green, yellow) imply Bob is cold. Rule 3: Cold implies Bob is rough. Rule 4: Not young implies not rough (Contrapositive: Rough implies young). Rule 5: Young implies Bob is nice. Answer: False"
"Facts: Bob is green or yellow
Rules: If someone is green then they are cold. | If someone is yellow then they are cold. | If someone is cold then they are rough. | If someone is not young then they are not rough. | If someone is young then they are cold. | If someone is young then they are nice.
Question: Q4: Bob is red.
Think step by step.","Reasoning: Fact: Bob is green or yellow. Rule 1 & 2: Colors (green, yellow) imply Bob is cold. Rule 3: Cold implies Bob is rough. Rule 4: Not young implies not rough (Contrapositive: Rough implies young). Rule 5: Young implies Bob is nice. Answer: False"
"Facts: Bob is green or yellow
Rules: If someone is green then they are cold. | If someone is yellow then they are cold. | If someone is not young then they are not rough. | If someone is young then they are cold. | If someone is young then they are nice.
Question: Q2: Bob is not rough.
Think step by step.","Reasoning: Fact: Bob is green or yellow. Rules 1 & 2 confirm Bob is cold. However, the rule linking 'cold' to 'rough' is missing from the ruleset. Therefore, we cannot infer subsequent traits. Answer: False"
"Facts: Bob is green or yellow. Bob is not cold.
Rules: If someone is green then they are cold. | If someone is yellow then they are cold. | If someone is cold then they are rough. | If someone is not young then they are not rough. | If someone is young then they are cold. | If someone is young then they are nice.
Question: Q1: Bob is not cold.
Think step by step.","Reasoning: Fact: Bob is not cold. Rules 1 & 2 state that if Bob is green or yellow, then Bob must be cold. The fact and the rules are in direct contradiction. In such cases, the status is False/Unknown. Answer: False"
"Facts: David is red or green
Rules: If someone is red then they are cold. | If someone is green then they are cold. | If someone is cold then they are rough. | If someone is not young then they are not rough. | If someone is young then they are cold. | If someone is young then they are nice.
Question: Q1: David is cold.
Think step by step.","Reasoning: Fact: David is red or green. Rule 1 & 2: Colors (red, green) imply David is cold. Rule 3: Cold implies David is rough. Rule 4: Not young implies not rough (Contrapositive: Rough implies young). Rule 5: Young implies David is nice. Answer: True"
"Facts: David is red or green
Rules: If someone is red then they are cold. | If someone is green then they are cold. | If someone is cold then they are rough. | If someone is not young then they are not rough. | If someone is young then they are cold. | If someone is young then they are nice.
Question: Q2: David is rough.
Think step by step.","Reasoning: Fact: David is red or green. Rule 1 & 2: Colors (red, green) imply David is cold. Rule 3: Cold implies David is rough. Rule 4: Not young implies not rough (Contrapositive: Rough implies young). Rule 5: Young implies David is nice. Answer: True"
"Facts: David is red or green
Rules: If someone is red then they are cold. | If someone is green then they are cold. | If someone is cold then they are rough. | If someone is not young then they are not rough. | If someone is young then they are cold. | If someone is young then they are nice.
Question: Q3: David is young.
Think step by step.","Reasoning: Fact: David is red or green. Rule 1 & 2: Colors (red, green) imply David is cold. Rule 3: Cold implies David is rough. Rule 4: Not young implies not rough (Contrapositive: Rough implies young). Rule 5: Young implies David is nice. Answer: True"
"Facts: David is red or green
Rules: If someone is red then they are cold. | If someone is green then they are cold. | If someone is cold then they are rough. | If someone is not young then they are not rough. | If someone is young then they are cold. | If someone is young then they are nice.
Question: Q4: David is nice.
Think step by step.","Reasoning: Fact: David is red or green. Rule 1 & 2: Colors (red, green) imply David is cold. Rule 3: Cold implies David is rough. Rule 4: Not young implies not rough (Contrapositive: Rough implies young). Rule 5: Young implies David is nice. Answer: True"
"Facts: David is red or green
Rules: If someone is red then they are cold. | If someone is green then they are cold. | If someone is not young then they are not rough. | If someone is young then they are cold. | If someone is young then they are nice.
Question: Q2: David is rough.
Think step by step.","Reasoning: Fact: David is red or green. Rules 1 & 2 confirm David is cold. However, the rule linking 'cold' to 'rough' is missing from the ruleset. Therefore, we cannot infer subsequent traits. Answer: False"
"Facts: David is red or green
Rules: If someone is red then they are cold. | If someone is green then they are cold. | If someone is not young then they are not rough. | If someone is young then they are cold. | If someone is young then they are nice.
Question: Q3: David is young.
Think step by step.","Reasoning: Fact: David is red or green. Rules 1 & 2 confirm David is cold. However, the rule linking 'cold' to 'rough' is missing from the ruleset. Therefore, we cannot infer subsequent traits. Answer: False"
"Facts: David is red or green
Rules: If someone is red then they are cold. | If someone is green then they are cold. | If someone is not young then they are not rough. | If someone is young then they are cold. | If someone is young then they are nice.
Question: Q4: David is nice.
Think step by step.","Reasoning: Fact: David is red or green. Rules 1 & 2 confirm David is cold. However, the rule linking 'cold' to 'rough' is missing from the ruleset. Therefore, we cannot infer subsequent traits. Answer: False"
"Facts: David is red or green. David is not cold.
Rules: If someone is red then they are cold. | If someone is green then they are cold. | If someone is cold then they are rough. | If someone is not young then they are not rough. | If someone is young then they are cold. | If someone is young then they are nice.
Question: Q1: David is cold.
Think step by step.","Reasoning: Fact: David is not cold. Rules 1 & 2 state that if David is red or green, then David must be cold. The fact and the rules are in direct contradiction. In such cases, the status is False/Unknown. Answer: False"
"Facts: David is red or green
Rules: If someone is red then they are cold. | If someone is green then they are cold. | If someone is cold then they are rough. | If someone is not young then they are not rough. | If someone is young then they are cold. | If someone is young then they are nice.
Question: Q1: David is not cold.
Think step by step.","Reasoning: Fact: David is red or green. Rule 1 & 2: Colors (red, green) imply David is cold. Rule 3: Cold implies David is rough. Rule 4: Not young implies not rough (Contrapositive: Rough implies young). Rule 5: Young implies David is nice. Answer: False"
"Facts: David is red or green
Rules: If someone is red then they are cold. | If someone is green then they are cold. | If someone is cold then they are rough. | If someone is not young then they are not rough. | If someone is young then they are cold. | If someone is young then they are nice.
Question: Q2: David is not rough.
Think step by step.","Reasoning: Fact: David is red or green. Rule 1 & 2: Colors (red, green) imply David is cold. Rule 3: Cold implies David is rough. Rule 4: Not young implies not rough (Contrapositive: Rough implies young). Rule 5: Young implies David is nice. Answer: False"
"Facts: David is red or green
Rules: If someone is red then they are cold. | If someone is green then they are cold. | If someone is cold then they are rough. | If someone is not young then they are not rough. | If someone is young then they are cold. | If someone is young then they are nice.
Question: Q3: David is happy.
Think step by step.","Reasoning: Fact: David is red or green. Rule 1 & 2: Colors (red, green) imply David is cold. Rule 3: Cold implies David is rough. Rule 4: Not young implies not rough (Contrapositive: Rough implies young). Rule 5: Young implies David is nice. Answer: False"
"Facts: David is red or green
Rules: If someone is red then they are cold. | If someone is green then they are cold. | If someone is cold then they are rough. | If someone is not young then they are not rough. | If someone is young then they are cold. | If someone is young then they are nice.
Question: Q4: David is blue.
Think step by step.","Reasoning: Fact: David is red or green. Rule 1 & 2: Colors (red, green) imply David is cold. Rule 3: Cold implies David is rough. Rule 4: Not young implies not rough (Contrapositive: Rough implies young). Rule 5: Young implies David is nice. Answer: False"
"Facts: David is red or green
Rules: If someone is red then they are cold. | If someone is green then they are cold. | If someone is not young then they are not rough. | If someone is young then they are cold. | If someone is young then they are nice.
Question: Q2: David is not rough.
Think step by step.","Reasoning: Fact: David is red or green. Rules 1 & 2 confirm David is cold. However, the rule linking 'cold' to 'rough' is missing from the ruleset. Therefore, we cannot infer subsequent traits. Answer: False"
"Facts: David is red or green. David is not cold.
Rules: If someone is red then they are cold. | If someone is green then they are cold. | If someone is cold then they are rough. | If someone is not young then they are not rough. | If someone is young then they are cold. | If someone is young then they are nice.
Question: Q1: David is not cold.
Think step by step.","Reasoning: Fact: David is not cold. Rules 1 & 2 state that if David is red or green, then David must be cold. The fact and the rules are in direct contradiction. In such cases, the status is False/Unknown. Answer: False"
"Facts: Bob is green or yellow
Rules: If someone is green then they are cold. | If someone is yellow then they are cold. | If someone is cold then they are rough. | If someone is not young then they are not rough. | If someone is young then they are cold. | If someone is young then they are nice.
Question: Q1: Bob is cold.
Think step by step.","Reasoning: Fact: Bob is green or yellow. Rule 1 & 2: Colors (green, yellow) imply Bob is cold. Rule 3: Cold implies Bob is rough. Rule 4: Not young implies not rough (Contrapositive: Rough implies young). Rule 5: Young implies Bob is nice. Answer: True"
"Facts: Bob is green or yellow
Rules: If someone is green then they are cold. | If someone is yellow then they are cold. | If someone is cold then they are rough. | If someone is not young then they are not rough. | If someone is young then they are cold. | If someone is young then they are nice.
Question: Q2: Bob is rough.
Think step by step.","Reasoning: Fact: Bob is green or yellow. Rule 1 & 2: Colors (green, yellow) imply Bob is cold. Rule 3: Cold implies Bob is rough. Rule 4: Not young implies not rough (Contrapositive: Rough implies young). Rule 5: Young implies Bob is nice. Answer: True"
"Facts: Bob is green or yellow
Rules: If someone is green then they are cold. | If someone is yellow then they are cold. | If someone is cold then they are rough. | If someone is not young then they are not rough. | If someone is young then they are cold. | If someone is young then they are nice.
Question: Q3: Bob is young.
Think step by step.","Reasoning: Fact: Bob is green or yellow. Rule 1 & 2: Colors (green, yellow) imply Bob is cold. Rule 3: Cold implies Bob is rough. Rule 4: Not young implies not rough (Contrapositive: Rough implies young). Rule 5: Young implies Bob is nice. Answer: True"
"Facts: Bob is green or yellow
Rules: If someone is green then they are cold. | If someone is yellow then they are cold. | If someone is cold then they are rough. | If someone is not young then they are not rough. | If someone is young then they are cold. | If someone is young then they are nice.
Question: Q4: Bob is nice.
Think step by step.","Reasoning: Fact: Bob is green or yellow. Rule 1 & 2: Colors (green, yellow) imply Bob is cold. Rule 3: Cold implies Bob is rough. Rule 4: Not young implies not rough (Contrapositive: Rough implies young). Rule 5: Young implies Bob is nice. Answer: True"
"Facts: Bob is green or yellow
Rules: If someone is green then they are cold. | If someone is yellow then they are cold. | If someone is not young then they are not rough. | If someone is young then they are cold. | If someone is young then they are nice.
Question: Q2: Bob is rough.
Think step by step.","Reasoning: Fact: Bob is green or yellow. Rules 1 & 2 confirm Bob is cold. However, the rule linking 'cold' to 'rough' is missing from the ruleset. Therefore, we cannot infer subsequent traits. Answer: False"
"Facts: Bob is green or yellow
Rules: If someone is green then they are cold. | If someone is yellow then they are cold. | If someone is not young then they are not rough. | If someone is young then they are cold. | If someone is young then they are nice.
Question: Q3: Bob is young.
Think step by step.","Reasoning: Fact: Bob is green or yellow. Rules 1 & 2 confirm Bob is cold. However, the rule linking 'cold' to 'rough' is missing from the ruleset. Therefore, we cannot infer subsequent traits. Answer: False"
"Facts: Bob is green or yellow
Rules: If someone is green then they are cold. | If someone is yellow then they are cold. | If someone is not young then they are not rough. | If someone is young then they are cold. | If someone is young then they are nice.
Question: Q4: Bob is nice.
Think step by step.","Reasoning: Fact: Bob is green or yellow. Rules 1 & 2 confirm Bob is cold. However, the rule linking 'cold' to 'rough' is missing from the ruleset. Therefore, we cannot infer subsequent traits. Answer: False"
"Facts: Bob is green or yellow. Bob is not cold.
Rules: If someone is green then they are cold. | If someone is yellow then they are cold. | If someone is cold then they are rough. | If someone is not young then they are not rough. | If someone is young then they are cold. | If someone is young then they are nice.
Question: Q1: Bob is cold.
Think step by step.","Reasoning: Fact: Bob is not cold. Rules 1 & 2 state that if Bob is green or yellow, then Bob must be cold. The fact and the rules are in direct contradiction. In such cases, the status is False/Unknown. Answer: False"
"Facts: Bob is green or yellow
Rules: If someone is green then they are cold. | If someone is yellow then they are cold. | If someone is cold then they are rough. | If someone is not young then they are not rough. | If someone is young then they are cold. | If someone is young then they are nice.
Question: Q1: Bob is not cold.
Think step by step.","Reasoning: Fact: Bob is green or yellow. Rule 1 & 2: Colors (green, yellow) imply Bob is cold. Rule 3: Cold implies Bob is rough. Rule 4: Not young implies not rough (Contrapositive: Rough implies young). Rule 5: Young implies Bob is nice. Answer: False"
"Facts: Bob is green or yellow
Rules: If someone is green then they are cold. | If someone is yellow then they are cold. | If someone is cold then they are rough. | If someone is not young then they are not rough. | If someone is young then they are cold. | If someone is young then they are nice.
Question: Q2: Bob is not rough.
Think step by step.","Reasoning: Fact: Bob is green or yellow. Rule 1 & 2: Colors (green, yellow) imply Bob is cold. Rule 3: Cold implies Bob is rough. Rule 4: Not young implies not rough (Contrapositive: Rough implies young). Rule 5: Young implies Bob is nice. Answer: False"
"Facts: Bob is green or yellow
Rules: If someone is green then they are cold. | If someone is yellow then they are cold. | If someone is cold then they are rough. | If someone is not young then they are not rough. | If someone is young then they are cold. | If someone is young then they are nice.
Question: Q3: Bob is kind.
Think step by step.","Reasoning: Fact: Bob is green or yellow. Rule 1 & 2: Colors (green, yellow) imply Bob is cold. Rule 3: Cold implies Bob is rough. Rule 4: Not young implies not rough (Contrapositive: Rough implies young). Rule 5: Young implies Bob is nice. Answer: False"
"Facts: Bob is green or yellow
Rules: If someone is green then they are cold. | If someone is yellow then they are cold. | If someone is cold then they are rough. | If someone is not young then they are not rough. | If someone is young then they are cold. | If someone is young then they are nice.
Question: Q4: Bob is red.
Think step by step.","Reasoning: Fact: Bob is green or yellow. Rule 1 & 2: Colors (green, yellow) imply Bob is cold. Rule 3: Cold implies Bob is rough. Rule 4: Not young implies not rough (Contrapositive: Rough implies young). Rule 5: Young implies Bob is nice. Answer: False"
"Facts: Bob is green or yellow
Rules: If someone is green then they are cold. | If someone is yellow then they are cold. | If someone is not young then they are not rough. | If someone is young then they are cold. | If someone is young then they are nice.
Question: Q2: Bob is not rough.
Think step by step.","Reasoning: Fact: Bob is green or yellow. Rules 1 & 2 confirm Bob is cold. However, the rule linking 'cold' to 'rough' is missing from the ruleset. Therefore, we cannot infer subsequent traits. Answer: False"
"Facts: Bob is green or yellow. Bob is not cold.
Rules: If someone is green then they are cold. | If someone is yellow then they are cold. | If someone is cold then they are rough. | If someone is not young then they are not rough. | If someone is young then they are cold. | If someone is young then they are nice.
Question: Q1: Bob is not cold.
Think step by step.","Reasoning: Fact: Bob is not cold. Rules 1 & 2 state that if Bob is green or yellow, then Bob must be cold. The fact and the rules are in direct contradiction. In such cases, the status is False/Unknown. Answer: False"
"Facts: Grace is red or green
Rules: If someone is red then they are cold. | If someone is green then they are cold. | If someone is cold then they are rough. | If someone is not young then they are not rough. | If someone is young then they are cold. | If someone is young then they are nice.
Question: Q1: Grace is cold.
Think step by step.","Reasoning: Fact: Grace is red or green. Rule 1 & 2: Colors (red, green) imply Grace is cold. Rule 3: Cold implies Grace is rough. Rule 4: Not young implies not rough (Contrapositive: Rough implies young). Rule 5: Young implies Grace is nice. Answer: True"
"Facts: Grace is red or green
Rules: If someone is red then they are cold. | If someone is green then they are cold. | If someone is cold then they are rough. | If someone is not young then they are not rough. | If someone is young then they are cold. | If someone is young then they are nice.
Question: Q2: Grace is rough.
Think step by step.","Reasoning: Fact: Grace is red or green. Rule 1 & 2: Colors (red, green) imply Grace is cold. Rule 3: Cold implies Grace is rough. Rule 4: Not young implies not rough (Contrapositive: Rough implies young). Rule 5: Young implies Grace is nice. Answer: True"
"Facts: Grace is red or green
Rules: If someone is red then they are cold. | If someone is green then they are cold. | If someone is cold then they are rough. | If someone is not young then they are not rough. | If someone is young then they are cold. | If someone is young then they are nice.
Question: Q3: Grace is young.
Think step by step.","Reasoning: Fact: Grace is red or green. Rule 1 & 2: Colors (red, green) imply Grace is cold. Rule 3: Cold implies Grace is rough. Rule 4: Not young implies not rough (Contrapositive: Rough implies young). Rule 5: Young implies Grace is nice. Answer: True"
"Facts: Grace is red or green
Rules: If someone is red then they are cold. | If someone is green then they are cold. | If someone is cold then they are rough. | If someone is not young then they are not rough. | If someone is young then they are cold. | If someone is young then they are nice.
Question: Q4: Grace is nice.
Think step by step.","Reasoning: Fact: Grace is red or green. Rule 1 & 2: Colors (red, green) imply Grace is cold. Rule 3: Cold implies Grace is rough. Rule 4: Not young implies not rough (Contrapositive: Rough implies young). Rule 5: Young implies Grace is nice. Answer: True"
"Facts: Grace is red or green
Rules: If someone is red then they are cold. | If someone is green then they are cold. | If someone is not young then they are not rough. | If someone is young then they are cold. | If someone is young then they are nice.
Question: Q2: Grace is rough.
Think step by step.","Reasoning: Fact: Grace is red or green. Rules 1 & 2 confirm Grace is cold. However, the rule linking 'cold' to 'rough' is missing from the ruleset. Therefore, we cannot infer subsequent traits. Answer: False"
"Facts: Grace is red or green
Rules: If someone is red then they are cold. | If someone is green then they are cold. | If someone is not young then they are not rough. | If someone is young then they are cold. | If someone is young then they are nice.
Question: Q3: Grace is young.
Think step by step.","Reasoning: Fact: Grace is red or green. Rules 1 & 2 confirm Grace is cold. However, the rule linking 'cold' to 'rough' is missing from the ruleset. Therefore, we cannot infer subsequent traits. Answer: False"
"Facts: Grace is red or green
Rules: If someone is red then they are cold. | If someone is green then they are cold. | If someone is not young then they are not rough. | If someone is young then they are cold. | If someone is young then they are nice.
Question: Q4: Grace is nice.
Think step by step.","Reasoning: Fact: Grace is red or green. Rules 1 & 2 confirm Grace is cold. However, the rule linking 'cold' to 'rough' is missing from the ruleset. Therefore, we cannot infer subsequent traits. Answer: False"
"Facts: Grace is red or green. Grace is not cold.
Rules: If someone is red then they are cold. | If someone is green then they are cold. | If someone is cold then they are rough. | If someone is not young then they are not rough. | If someone is young then they are cold. | If someone is young then they are nice.
Question: Q1: Grace is cold.
Think step by step.","Reasoning: Fact: Grace is not cold. Rules 1 & 2 state that if Grace is red or green, then Grace must be cold. The fact and the rules are in direct contradiction. In such cases, the status is False/Unknown. Answer: False"
"Facts: Grace is red or green
Rules: If someone is red then they are cold. | If someone is green then they are cold. | If someone is cold then they are rough. | If someone is not young then they are not rough. | If someone is young then they are cold. | If someone is young then they are nice.
Question: Q1: Grace is not cold.
Think step by step.","Reasoning: Fact: Grace is red or green. Rule 1 & 2: Colors (red, green) imply Grace is cold. Rule 3: Cold implies Grace is rough. Rule 4: Not young implies not rough (Contrapositive: Rough implies young). Rule 5: Young implies Grace is nice. Answer: False"
"Facts: Grace is red or green
Rules: If someone is red then they are cold. | If someone is green then they are cold. | If someone is cold then they are rough. | If someone is not young then they are not rough. | If someone is young then they are cold. | If someone is young then they are nice.
Question: Q2: Grace is not rough.
Think step by step.","Reasoning: Fact: Grace is red or green. Rule 1 & 2: Colors (red, green) imply Grace is cold. Rule 3: Cold implies Grace is rough. Rule 4: Not young implies not rough (Contrapositive: Rough implies young). Rule 5: Young implies Grace is nice. Answer: False"
"Facts: Grace is red or green
Rules: If someone is red then they are cold. | If someone is green then they are cold. | If someone is cold then they are rough. | If someone is not young then they are not rough. | If someone is young then they are cold. | If someone is young then they are nice.
Question: Q3: Grace is happy.
Think step by step.","Reasoning: Fact: Grace is red or green. Rule 1 & 2: Colors (red, green) imply Grace is cold. Rule 3: Cold implies Grace is rough. Rule 4: Not young implies not rough (Contrapositive: Rough implies young). Rule 5: Young implies Grace is nice. Answer: False"
"Facts: Grace is red or green
Rules: If someone is red then they are cold. | If someone is green then they are cold. | If someone is cold then they are rough. | If someone is not young then they are not rough. | If someone is young then they are cold. | If someone is young then they are nice.
Question: Q4: Grace is yellow.
Think step by step.","Reasoning: Fact: Grace is red or green. Rule 1 & 2: Colors (red, green) imply Grace is cold. Rule 3: Cold implies Grace is rough. Rule 4: Not young implies not rough (Contrapositive: Rough implies young). Rule 5: Young implies Grace is nice. Answer: False"
"Facts: Grace is red or green
Rules: If someone is red then they are cold. | If someone is green then they are cold. | If someone is not young then they are not rough. | If someone is young then they are cold. | If someone is young then they are nice.
Question: Q2: Grace is not rough.
Think step by step.","Reasoning: Fact: Grace is red or green. Rules 1 & 2 confirm Grace is cold. However, the rule linking 'cold' to 'rough' is missing from the ruleset. Therefore, we cannot infer subsequent traits. Answer: False"
"Facts: Grace is red or green. Grace is not cold.
Rules: If someone is red then they are cold. | If someone is green then they are cold. | If someone is cold then they are rough. | If someone is not young then they are not rough. | If someone is young then they are cold. | If someone is young then they are nice.
Question: Q1: Grace is not cold.
Think step by step.","Reasoning: Fact: Grace is not cold. Rules 1 & 2 state that if Grace is red or green, then Grace must be cold. The fact and the rules are in direct contradiction. In such cases, the status is False/Unknown. Answer: False"
"Facts: Anne is blue or green
Rules: If someone is blue then they are cold. | If someone is green then they are cold. | If someone is cold then they are rough. | If someone is not young then they are not rough. | If someone is young then they are cold. | If someone is young then they are nice.
Question: Q1: Anne is cold.
Think step by step.","Reasoning: Fact: Anne is blue or green. Rule 1 & 2: Colors (blue, green) imply Anne is cold. Rule 3: Cold implies Anne is rough. Rule 4: Not young implies not rough (Contrapositive: Rough implies young). Rule 5: Young implies Anne is nice. Answer: True"
"Facts: Anne is blue or green
Rules: If someone is blue then they are cold. | If someone is green then they are cold. | If someone is cold then they are rough. | If someone is not young then they are not rough. | If someone is young then they are cold. | If someone is young then they are nice.
Question: Q2: Anne is rough.
Think step by step.","Reasoning: Fact: Anne is blue or green. Rule 1 & 2: Colors (blue, green) imply Anne is cold. Rule 3: Cold implies Anne is rough. Rule 4: Not young implies not rough (Contrapositive: Rough implies young). Rule 5: Young implies Anne is nice. Answer: True"
"Facts: Anne is blue or green
Rules: If someone is blue then they are cold. | If someone is green then they are cold. | If someone is cold then they are rough. | If someone is not young then they are not rough. | If someone is young then they are cold. | If someone is young then they are nice.
Question: Q3: Anne is young.
Think step by step.","Reasoning: Fact: Anne is blue or green. Rule 1 & 2: Colors (blue, green) imply Anne is cold. Rule 3: Cold implies Anne is rough. Rule 4: Not young implies not rough (Contrapositive: Rough implies young). Rule 5: Young implies Anne is nice. Answer: True"
"Facts: Anne is blue or green
Rules: If someone is blue then they are cold. | If someone is green then they are cold. | If someone is cold then they are rough. | If someone is not young then they are not rough. | If someone is young then they are cold. | If someone is young then they are nice.
Question: Q4: Anne is nice.
Think step by step.","Reasoning: Fact: Anne is blue or green. Rule 1 & 2: Colors (blue, green) imply Anne is cold. Rule 3: Cold implies Anne is rough. Rule 4: Not young implies not rough (Contrapositive: Rough implies young). Rule 5: Young implies Anne is nice. Answer: True"
"Facts: Anne is blue or green
Rules: If someone is blue then they are cold. | If someone is green then they are cold. | If someone is not young then they are not rough. | If someone is young then they are cold. | If someone is young then they are nice.
Question: Q2: Anne is rough.
Think step by step.","Reasoning: Fact: Anne is blue or green. Rules 1 & 2 confirm Anne is cold. However, the rule linking 'cold' to 'rough' is missing from the ruleset. Therefore, we cannot infer subsequent traits. Answer: False"
"Facts: Anne is blue or green
Rules: If someone is blue then they are cold. | If someone is green then they are cold. | If someone is not young then they are not rough. | If someone is young then they are cold. | If someone is young then they are nice.
Question: Q3: Anne is young.
Think step by step.","Reasoning: Fact: Anne is blue or green. Rules 1 & 2 confirm Anne is cold. However, the rule linking 'cold' to 'rough' is missing from the ruleset. Therefore, we cannot infer subsequent traits. Answer: False"
"Facts: Anne is blue or green
Rules: If someone is blue then they are cold. | If someone is green then they are cold. | If someone is not young then they are not rough. | If someone is young then they are cold. | If someone is young then they are nice.
Question: Q4: Anne is nice.
Think step by step.","Reasoning: Fact: Anne is blue or green. Rules 1 & 2 confirm Anne is cold. However, the rule linking 'cold' to 'rough' is missing from the ruleset. Therefore, we cannot infer subsequent traits. Answer: False"
"Facts: Anne is blue or green. Anne is not cold.
Rules: If someone is blue then they are cold. | If someone is green then they are cold. | If someone is cold then they are rough. | If someone is not young then they are not rough. | If someone is young then they are cold. | If someone is young then they are nice.
Question: Q1: Anne is cold.
Think step by step.","Reasoning: Fact: Anne is not cold. Rules 1 & 2 state that if Anne is blue or green, then Anne must be cold. The fact and the rules are in direct contradiction. In such cases, the status is False/Unknown. Answer: False"
"Facts: Anne is blue or green
Rules: If someone is blue then they are cold. | If someone is green then they are cold. | If someone is cold then they are rough. | If someone is not young then they are not rough. | If someone is young then they are cold. | If someone is young then they are nice.
Question: Q1: Anne is not cold.
Think step by step.","Reasoning: Fact: Anne is blue or green. Rule 1 & 2: Colors (blue, green) imply Anne is cold. Rule 3: Cold implies Anne is rough. Rule 4: Not young implies not rough (Contrapositive: Rough implies young). Rule 5: Young implies Anne is nice. Answer: False"
"Facts: Anne is blue or green
Rules: If someone is blue then they are cold. | If someone is green then they are cold. | If someone is cold then they are rough. | If someone is not young then they are not rough. | If someone is young then they are cold. | If someone is young then they are nice.
Question: Q2: Anne is not rough.
Think step by step.","Reasoning: Fact: Anne is blue or green. Rule 1 & 2: Colors (blue, green) imply Anne is cold. Rule 3: Cold implies Anne is rough. Rule 4: Not young implies not rough (Contrapositive: Rough implies young). Rule 5: Young implies Anne is nice. Answer: False"
"Facts: Anne is blue or green
Rules: If someone is blue then they are cold. | If someone is green then they are cold. | If someone is cold then they are rough. | If someone is not young then they are not rough. | If someone is young then they are cold. | If someone is young then they are nice.
Question: Q3: Anne is tall.
Think step by step.","Reasoning: Fact: Anne is blue or green. Rule 1 & 2: Colors (blue, green) imply Anne is cold. Rule 3: Cold implies Anne is rough. Rule 4: Not young implies not rough (Contrapositive: Rough implies young). Rule 5: Young implies Anne is nice. Answer: False"
"Facts: Anne is blue or green
Rules: If someone is blue then they are cold. | If someone is green then they are cold. | If someone is cold then they are rough. | If someone is not young then they are not rough. | If someone is young then they are cold. | If someone is young then they are nice.
Question: Q4: Anne is yellow.
Think step by step.","Reasoning: Fact: Anne is blue or green. Rule 1 & 2: Colors (blue, green) imply Anne is cold. Rule 3: Cold implies Anne is rough. Rule 4: Not young implies not rough (Contrapositive: Rough implies young). Rule 5: Young implies Anne is nice. Answer: False"
"Facts: Anne is blue or green
Rules: If someone is blue then they are cold. | If someone is green then they are cold. | If someone is not young then they are not rough. | If someone is young then they are cold. | If someone is young then they are nice.
Question: Q2: Anne is not rough.
Think step by step.","Reasoning: Fact: Anne is blue or green. Rules 1 & 2 confirm Anne is cold. However, the rule linking 'cold' to 'rough' is missing from the ruleset. Therefore, we cannot infer subsequent traits. Answer: False"
"Facts: Anne is blue or green. Anne is not cold.
Rules: If someone is blue then they are cold. | If someone is green then they are cold. | If someone is cold then they are rough. | If someone is not young then they are not rough. | If someone is young then they are cold. | If someone is young then they are nice.
Question: Q1: Anne is not cold.
Think step by step.","Reasoning: Fact: Anne is not cold. Rules 1 & 2 state that if Anne is blue or green, then Anne must be cold. The fact and the rules are in direct contradiction. In such cases, the status is False/Unknown. Answer: False"
"Facts: Bob is red or blue
Rules: If someone is red then they are cold. | If someone is blue then they are cold. | If someone is cold then they are rough. | If someone is not young then they are not rough. | If someone is young then they are cold. | If someone is young then they are nice.
Question: Q1: Bob is cold.
Think step by step.","Reasoning: Fact: Bob is red or blue. Rule 1 & 2: Colors (red, blue) imply Bob is cold. Rule 3: Cold implies Bob is rough. Rule 4: Not young implies not rough (Contrapositive: Rough implies young). Rule 5: Young implies Bob is nice. Answer: True"
"Facts: Bob is red or blue
Rules: If someone is red then they are cold. | If someone is blue then they are cold. | If someone is cold then they are rough. | If someone is not young then they are not rough. | If someone is young then they are cold. | If someone is young then they are nice.
Question: Q2: Bob is rough.
Think step by step.","Reasoning: Fact: Bob is red or blue. Rule 1 & 2: Colors (red, blue) imply Bob is cold. Rule 3: Cold implies Bob is rough. Rule 4: Not young implies not rough (Contrapositive: Rough implies young). Rule 5: Young implies Bob is nice. Answer: True"
"Facts: Bob is red or blue
Rules: If someone is red then they are cold. | If someone is blue then they are cold. | If someone is cold then they are rough. | If someone is not young then they are not rough. | If someone is young then they are cold. | If someone is young then they are nice.
Question: Q3: Bob is young.
Think step by step.","Reasoning: Fact: Bob is red or blue. Rule 1 & 2: Colors (red, blue) imply Bob is cold. Rule 3: Cold implies Bob is rough. Rule 4: Not young implies not rough (Contrapositive: Rough implies young). Rule 5: Young implies Bob is nice. Answer: True"
"Facts: Bob is red or blue
Rules: If someone is red then they are cold. | If someone is blue then they are cold. | If someone is cold then they are rough. | If someone is not young then they are not rough. | If someone is young then they are cold. | If someone is young then they are nice.
Question: Q4: Bob is nice.
Think step by step.","Reasoning: Fact: Bob is red or blue. Rule 1 & 2: Colors (red, blue) imply Bob is cold. Rule 3: Cold implies Bob is rough. Rule 4: Not young implies not rough (Contrapositive: Rough implies young). Rule 5: Young implies Bob is nice. Answer: True"
"Facts: Bob is red or blue
Rules: If someone is red then they are cold. | If someone is blue then they are cold. | If someone is not young then they are not rough. | If someone is young then they are cold. | If someone is young then they are nice.
Question: Q2: Bob is rough.
Think step by step.","Reasoning: Fact: Bob is red or blue. Rules 1 & 2 confirm Bob is cold. However, the rule linking 'cold' to 'rough' is missing from the ruleset. Therefore, we cannot infer subsequent traits. Answer: False"
"Facts: Bob is red or blue
Rules: If someone is red then they are cold. | If someone is blue then they are cold. | If someone is not young then they are not rough. | If someone is young then they are cold. | If someone is young then they are nice.
Question: Q3: Bob is young.
Think step by step.","Reasoning: Fact: Bob is red or blue. Rules 1 & 2 confirm Bob is cold. However, the rule linking 'cold' to 'rough' is missing from the ruleset. Therefore, we cannot infer subsequent traits. Answer: False"
"Facts: Bob is red or blue
Rules: If someone is red then they are cold. | If someone is blue then they are cold. | If someone is not young then they are not rough. | If someone is young then they are cold. | If someone is young then they are nice.
Question: Q4: Bob is nice.
Think step by step.","Reasoning: Fact: Bob is red or blue. Rules 1 & 2 confirm Bob is cold. However, the rule linking 'cold' to 'rough' is missing from the ruleset. Therefore, we cannot infer subsequent traits. Answer: False"
"Facts: Bob is red or blue. Bob is not cold.
Rules: If someone is red then they are cold. | If someone is blue then they are cold. | If someone is cold then they are rough. | If someone is not young then they are not rough. | If someone is young then they are cold. | If someone is young then they are nice.
Question: Q1: Bob is cold.
Think step by step.","Reasoning: Fact: Bob is not cold. Rules 1 & 2 state that if Bob is red or blue, then Bob must be cold. The fact and the rules are in direct contradiction. In such cases, the status is False/Unknown. Answer: False"
"Facts: Bob is red or blue
Rules: If someone is red then they are cold. | If someone is blue then they are cold. | If someone is cold then they are rough. | If someone is not young then they are not rough. | If someone is young then they are cold. | If someone is young then they are nice.
Question: Q1: Bob is not cold.
Think step by step.","Reasoning: Fact: Bob is red or blue. Rule 1 & 2: Colors (red, blue) imply Bob is cold. Rule 3: Cold implies Bob is rough. Rule 4: Not young implies not rough (Contrapositive: Rough implies young). Rule 5: Young implies Bob is nice. Answer: False"
"Facts: Bob is red or blue
Rules: If someone is red then they are cold. | If someone is blue then they are cold. | If someone is cold then they are rough. | If someone is not young then they are not rough. | If someone is young then they are cold. | If someone is young then they are nice.
Question: Q2: Bob is not rough.
Think step by step.","Reasoning: Fact: Bob is red or blue. Rule 1 & 2: Colors (red, blue) imply Bob is cold. Rule 3: Cold implies Bob is rough. Rule 4: Not young implies not rough (Contrapositive: Rough implies young). Rule 5: Young implies Bob is nice. Answer: False"
"Facts: Bob is red or blue
Rules: If someone is red then they are cold. | If someone is blue then they are cold. | If someone is cold then they are rough. | If someone is not young then they are not rough. | If someone is young then they are cold. | If someone is young then they are nice.
Question: Q3: Bob is short.
Think step by step.","Reasoning: Fact: Bob is red or blue. Rule 1 & 2: Colors (red, blue) imply Bob is cold. Rule 3: Cold implies Bob is rough. Rule 4: Not young implies not rough (Contrapositive: Rough implies young). Rule 5: Young implies Bob is nice. Answer: False"
"Facts: Bob is red or blue
Rules: If someone is red then they are cold. | If someone is blue then they are cold. | If someone is cold then they are rough. | If someone is not young then they are not rough. | If someone is young then they are cold. | If someone is young then they are nice.
Question: Q4: Bob is green.
Think step by step.","Reasoning: Fact: Bob is red or blue. Rule 1 & 2: Colors (red, blue) imply Bob is cold. Rule 3: Cold implies Bob is rough. Rule 4: Not young implies not rough (Contrapositive: Rough implies young). Rule 5: Young implies Bob is nice. Answer: False"
"Facts: Bob is red or blue
Rules: If someone is red then they are cold. | If someone is blue then they are cold. | If someone is not young then they are not rough. | If someone is young then they are cold. | If someone is young then they are nice.
Question: Q2: Bob is not rough.
Think step by step.","Reasoning: Fact: Bob is red or blue. Rules 1 & 2 confirm Bob is cold. However, the rule linking 'cold' to 'rough' is missing from the ruleset. Therefore, we cannot infer subsequent traits. Answer: False"
"Facts: Bob is red or blue. Bob is not cold.
Rules: If someone is red then they are cold. | If someone is blue then they are cold. | If someone is cold then they are rough. | If someone is not young then they are not rough. | If someone is young then they are cold. | If someone is young then they are nice.
Question: Q1: Bob is not cold.
Think step by step.","Reasoning: Fact: Bob is not cold. Rules 1 & 2 state that if Bob is red or blue, then Bob must be cold. The fact and the rules are in direct contradiction. In such cases, the status is False/Unknown. Answer: False"
"Facts: Emma is yellow or green
Rules: If someone is yellow then they are cold. | If someone is green then they are cold. | If someone is cold then they are rough. | If someone is not young then they are not rough. | If someone is young then they are cold. | If someone is young then they are nice.
Question: Q1: Emma is cold.
Think step by step.","Reasoning: Fact: Emma is yellow or green. Rule 1 & 2: Colors (yellow, green) imply Emma is cold. Rule 3: Cold implies Emma is rough. Rule 4: Not young implies not rough (Contrapositive: Rough implies young). Rule 5: Young implies Emma is nice. Answer: True"
"Facts: Emma is yellow or green
Rules: If someone is yellow then they are cold. | If someone is green then they are cold. | If someone is cold then they are rough. | If someone is not young then they are not rough. | If someone is young then they are cold. | If someone is young then they are nice.
Question: Q2: Emma is rough.
Think step by step.","Reasoning: Fact: Emma is yellow or green. Rule 1 & 2: Colors (yellow, green) imply Emma is cold. Rule 3: Cold implies Emma is rough. Rule 4: Not young implies not rough (Contrapositive: Rough implies young). Rule 5: Young implies Emma is nice. Answer: True"
"Facts: Emma is yellow or green
Rules: If someone is yellow then they are cold. | If someone is green then they are cold. | If someone is cold then they are rough. | If someone is not young then they are not rough. | If someone is young then they are cold. | If someone is young then they are nice.
Question: Q3: Emma is young.
Think step by step.","Reasoning: Fact: Emma is yellow or green. Rule 1 & 2: Colors (yellow, green) imply Emma is cold. Rule 3: Cold implies Emma is rough. Rule 4: Not young implies not rough (Contrapositive: Rough implies young). Rule 5: Young implies Emma is nice. Answer: True"
"Facts: Emma is yellow or green
Rules: If someone is yellow then they are cold. | If someone is green then they are cold. | If someone is cold then they are rough. | If someone is not young then they are not rough. | If someone is young then they are cold. | If someone is young then they are nice.
Question: Q4: Emma is nice.
Think step by step.","Reasoning: Fact: Emma is yellow or green. Rule 1 & 2: Colors (yellow, green) imply Emma is cold. Rule 3: Cold implies Emma is rough. Rule 4: Not young implies not rough (Contrapositive: Rough implies young). Rule 5: Young implies Emma is nice. Answer: True"
"Facts: Emma is yellow or green
Rules: If someone is yellow then they are cold. | If someone is green then they are cold. | If someone is not young then they are not rough. | If someone is young then they are cold. | If someone is young then they are nice.
Question: Q2: Emma is rough.
Think step by step.","Reasoning: Fact: Emma is yellow or green. Rules 1 & 2 confirm Emma is cold. However, the rule linking 'cold' to 'rough' is missing from the ruleset. Therefore, we cannot infer subsequent traits. Answer: False"
"Facts: Emma is yellow or green
Rules: If someone is yellow then they are cold. | If someone is green then they are cold. | If someone is not young then they are not rough. | If someone is young then they are cold. | If someone is young then they are nice.
Question: Q3: Emma is young.
Think step by step.","Reasoning: Fact: Emma is yellow or green. Rules 1 & 2 confirm Emma is cold. However, the rule linking 'cold' to 'rough' is missing from the ruleset. Therefore, we cannot infer subsequent traits. Answer: False"
"Facts: Emma is yellow or green
Rules: If someone is yellow then they are cold. | If someone is green then they are cold. | If someone is not young then they are not rough. | If someone is young then they are cold. | If someone is young then they are nice.
Question: Q4: Emma is nice.
Think step by step.","Reasoning: Fact: Emma is yellow or green. Rules 1 & 2 confirm Emma is cold. However, the rule linking 'cold' to 'rough' is missing from the ruleset. Therefore, we cannot infer subsequent traits. Answer: False"
"Facts: Emma is yellow or green. Emma is not cold.
Rules: If someone is yellow then they are cold. | If someone is green then they are cold. | If someone is cold then they are rough. | If someone is not young then they are not rough. | If someone is young then they are cold. | If someone is young then they are nice.
Question: Q1: Emma is cold.
Think step by step.","Reasoning: Fact: Emma is not cold. Rules 1 & 2 state that if Emma is yellow or green, then Emma must be cold. The fact and the rules are in direct contradiction. In such cases, the status is False/Unknown. Answer: False"
"Facts: Emma is yellow or green
Rules: If someone is yellow then they are cold. | If someone is green then they are cold. | If someone is cold then they are rough. | If someone is not young then they are not rough. | If someone is young then they are cold. | If someone is young then they are nice.
Question: Q1: Emma is not cold.
Think step by step.","Reasoning: Fact: Emma is yellow or green. Rule 1 & 2: Colors (yellow, green) imply Emma is cold. Rule 3: Cold implies Emma is rough. Rule 4: Not young implies not rough (Contrapositive: Rough implies young). Rule 5: Young implies Emma is nice. Answer: False"
"Facts: Emma is yellow or green
Rules: If someone is yellow then they are cold. | If someone is green then they are cold. | If someone is cold then they are rough. | If someone is not young then they are not rough. | If someone is young then they are cold. | If someone is young then they are nice.
Question: Q2: Emma is not rough.
Think step by step.","Reasoning: Fact: Emma is yellow or green. Rule 1 & 2: Colors (yellow, green) imply Emma is cold. Rule 3: Cold implies Emma is rough. Rule 4: Not young implies not rough (Contrapositive: Rough implies young). Rule 5: Young implies Emma is nice. Answer: False"
"Facts: Emma is yellow or green
Rules: If someone is yellow then they are cold. | If someone is green then they are cold. | If someone is cold then they are rough. | If someone is not young then they are not rough. | If someone is young then they are cold. | If someone is young then they are nice.
Question: Q3: Emma is short.
Think step by step.","Reasoning: Fact: Emma is yellow or green. Rule 1 & 2: Colors (yellow, green) imply Emma is cold. Rule 3: Cold implies Emma is rough. Rule 4: Not young implies not rough (Contrapositive: Rough implies young). Rule 5: Young implies Emma is nice. Answer: False"
"Facts: Emma is yellow or green
Rules: If someone is yellow then they are cold. | If someone is green then they are cold. | If someone is cold then they are rough. | If someone is not young then they are not rough. | If someone is young then they are cold. | If someone is young then they are nice.
Question: Q4: Emma is red.
Think step by step.","Reasoning: Fact: Emma is yellow or green. Rule 1 & 2: Colors (yellow, green) imply Emma is cold. Rule 3: Cold implies Emma is rough. Rule 4: Not young implies not rough (Contrapositive: Rough implies young). Rule 5: Young implies Emma is nice. Answer: False"
"Facts: Emma is yellow or green
Rules: If someone is yellow then they are cold. | If someone is green then they are cold. | If someone is not young then they are not rough. | If someone is young then they are cold. | If someone is young then they are nice.
Question: Q2: Emma is not rough.
Think step by step.","Reasoning: Fact: Emma is yellow or green. Rules 1 & 2 confirm Emma is cold. However, the rule linking 'cold' to 'rough' is missing from the ruleset. Therefore, we cannot infer subsequent traits. Answer: False"
"Facts: Emma is yellow or green. Emma is not cold.
Rules: If someone is yellow then they are cold. | If someone is green then they are cold. | If someone is cold then they are rough. | If someone is not young then they are not rough. | If someone is young then they are cold. | If someone is young then they are nice.
Question: Q1: Emma is not cold.
Think step by step.","Reasoning: Fact: Emma is not cold. Rules 1 & 2 state that if Emma is yellow or green, then Emma must be cold. The fact and the rules are in direct contradiction. In such cases, the status is False/Unknown. Answer: False"
"Facts: Bob is green or yellow
Rules: If someone is green then they are cold. | If someone is yellow then they are cold. | If someone is cold then they are rough. | If someone is not young then they are not rough. | If someone is young then they are cold. | If someone is young then they are nice.
Question: Q1: Bob is cold.
Think step by step.","Reasoning: Fact: Bob is green or yellow. Rule 1 & 2: Colors (green, yellow) imply Bob is cold. Rule 3: Cold implies Bob is rough. Rule 4: Not young implies not rough (Contrapositive: Rough implies young). Rule 5: Young implies Bob is nice. Answer: True"
"Facts: Bob is green or yellow
Rules: If someone is green then they are cold. | If someone is yellow then they are cold. | If someone is cold then they are rough. | If someone is not young then they are not rough. | If someone is young then they are cold. | If someone is young then they are nice.
Question: Q2: Bob is rough.
Think step by step.","Reasoning: Fact: Bob is green or yellow. Rule 1 & 2: Colors (green, yellow) imply Bob is cold. Rule 3: Cold implies Bob is rough. Rule 4: Not young implies not rough (Contrapositive: Rough implies young). Rule 5: Young implies Bob is nice. Answer: True"
"Facts: Bob is green or yellow
Rules: If someone is green then they are cold. | If someone is yellow then they are cold. | If someone is cold then they are rough. | If someone is not young then they are not rough. | If someone is young then they are cold. | If someone is young then they are nice.
Question: Q3: Bob is young.
Think step by step.","Reasoning: Fact: Bob is green or yellow. Rule 1 & 2: Colors (green, yellow) imply Bob is cold. Rule 3: Cold implies Bob is rough. Rule 4: Not young implies not rough (Contrapositive: Rough implies young). Rule 5: Young implies Bob is nice. Answer: True"
"Facts: Bob is green or yellow
Rules: If someone is green then they are cold. | If someone is yellow then they are cold. | If someone is cold then they are rough. | If someone is not young then they are not rough. | If someone is young then they are cold. | If someone is young then they are nice.
Question: Q4: Bob is nice.
Think step by step.","Reasoning: Fact: Bob is green or yellow. Rule 1 & 2: Colors (green, yellow) imply Bob is cold. Rule 3: Cold implies Bob is rough. Rule 4: Not young implies not rough (Contrapositive: Rough implies young). Rule 5: Young implies Bob is nice. Answer: True"
"Facts: Bob is green or yellow
Rules: If someone is green then they are cold. | If someone is yellow then they are cold. | If someone is not young then they are not rough. | If someone is young then they are cold. | If someone is young then they are nice.
Question: Q2: Bob is rough.
Think step by step.","Reasoning: Fact: Bob is green or yellow. Rules 1 & 2 confirm Bob is cold. However, the rule linking 'cold' to 'rough' is missing from the ruleset. Therefore, we cannot infer subsequent traits. Answer: False"
"Facts: Bob is green or yellow
Rules: If someone is green then they are cold. | If someone is yellow then they are cold. | If someone is not young then they are not rough. | If someone is young then they are cold. | If someone is young then they are nice.
Question: Q3: Bob is young.
Think step by step.","Reasoning: Fact: Bob is green or yellow. Rules 1 & 2 confirm Bob is cold. However, the rule linking 'cold' to 'rough' is missing from the ruleset. Therefore, we cannot infer subsequent traits. Answer: False"
"Facts: Bob is green or yellow
Rules: If someone is green then they are cold. | If someone is yellow then they are cold. | If someone is not young then they are not rough. | If someone is young then they are cold. | If someone is young then they are nice.
Question: Q4: Bob is nice.
Think step by step.","Reasoning: Fact: Bob is green or yellow. Rules 1 & 2 confirm Bob is cold. However, the rule linking 'cold' to 'rough' is missing from the ruleset. Therefore, we cannot infer subsequent traits. Answer: False"
"Facts: Bob is green or yellow. Bob is not cold.
Rules: If someone is green then they are cold. | If someone is yellow then they are cold. | If someone is cold then they are rough. | If someone is not young then they are not rough. | If someone is young then they are cold. | If someone is young then they are nice.
Question: Q1: Bob is cold.
Think step by step.","Reasoning: Fact: Bob is not cold. Rules 1 & 2 state that if Bob is green or yellow, then Bob must be cold. The fact and the rules are in direct contradiction. In such cases, the status is False/Unknown. Answer: False"
"Facts: Bob is green or yellow
Rules: If someone is green then they are cold. | If someone is yellow then they are cold. | If someone is cold then they are rough. | If someone is not young then they are not rough. | If someone is young then they are cold. | If someone is young then they are nice.
Question: Q1: Bob is not cold.
Think step by step.","Reasoning: Fact: Bob is green or yellow. Rule 1 & 2: Colors (green, yellow) imply Bob is cold. Rule 3: Cold implies Bob is rough. Rule 4: Not young implies not rough (Contrapositive: Rough implies young). Rule 5: Young implies Bob is nice. Answer: False"
"Facts: Bob is green or yellow
Rules: If someone is green then they are cold. | If someone is yellow then they are cold. | If someone is cold then they are rough. | If someone is not young then they are not rough. | If someone is young then they are cold. | If someone is young then they are nice.
Question: Q2: Bob is not rough.
Think step by step.","Reasoning: Fact: Bob is green or yellow. Rule 1 & 2: Colors (green, yellow) imply Bob is cold. Rule 3: Cold implies Bob is rough. Rule 4: Not young implies not rough (Contrapositive: Rough implies young). Rule 5: Young implies Bob is nice. Answer: False"
"Facts: Bob is green or yellow
Rules: If someone is green then they are cold. | If someone is yellow then they are cold. | If someone is cold then they are rough. | If someone is not young then they are not rough. | If someone is young then they are cold. | If someone is young then they are nice.
Question: Q3: Bob is tall.
Think step by step.","Reasoning: Fact: Bob is green or yellow. Rule 1 & 2: Colors (green, yellow) imply Bob is cold. Rule 3: Cold implies Bob is rough. Rule 4: Not young implies not rough (Contrapositive: Rough implies young). Rule 5: Young implies Bob is nice. Answer: False"
"Facts: Bob is green or yellow
Rules: If someone is green then they are cold. | If someone is yellow then they are cold. | If someone is cold then they are rough. | If someone is not young then they are not rough. | If someone is young then they are cold. | If someone is young then they are nice.
Question: Q4: Bob is red.
Think step by step.","Reasoning: Fact: Bob is green or yellow. Rule 1 & 2: Colors (green, yellow) imply Bob is cold. Rule 3: Cold implies Bob is rough. Rule 4: Not young implies not rough (Contrapositive: Rough implies young). Rule 5: Young implies Bob is nice. Answer: False"
"Facts: Bob is green or yellow
Rules: If someone is green then they are cold. | If someone is yellow then they are cold. | If someone is not young then they are not rough. | If someone is young then they are cold. | If someone is young then they are nice.
Question: Q2: Bob is not rough.
Think step by step.","Reasoning: Fact: Bob is green or yellow. Rules 1 & 2 confirm Bob is cold. However, the rule linking 'cold' to 'rough' is missing from the ruleset. Therefore, we cannot infer subsequent traits. Answer: False"
"Facts: Bob is green or yellow. Bob is not cold.
Rules: If someone is green then they are cold. | If someone is yellow then they are cold. | If someone is cold then they are rough. | If someone is not young then they are not rough. | If someone is young then they are cold. | If someone is young then they are nice.
Question: Q1: Bob is not cold.
Think step by step.","Reasoning: Fact: Bob is not cold. Rules 1 & 2 state that if Bob is green or yellow, then Bob must be cold. The fact and the rules are in direct contradiction. In such cases, the status is False/Unknown. Answer: False"
"Facts: Emma is yellow or blue
Rules: If someone is yellow then they are cold. | If someone is blue then they are cold. | If someone is cold then they are rough. | If someone is not young then they are not rough. | If someone is young then they are cold. | If someone is young then they are nice.
Question: Q1: Emma is cold.
Think step by step.","Reasoning: Fact: Emma is yellow or blue. Rule 1 & 2: Colors (yellow, blue) imply Emma is cold. Rule 3: Cold implies Emma is rough. Rule 4: Not young implies not rough (Contrapositive: Rough implies young). Rule 5: Young implies Emma is nice. Answer: True"
"Facts: Emma is yellow or blue
Rules: If someone is yellow then they are cold. | If someone is blue then they are cold. | If someone is cold then they are rough. | If someone is not young then they are not rough. | If someone is young then they are cold. | If someone is young then they are nice.
Question: Q2: Emma is rough.
Think step by step.","Reasoning: Fact: Emma is yellow or blue. Rule 1 & 2: Colors (yellow, blue) imply Emma is cold. Rule 3: Cold implies Emma is rough. Rule 4: Not young implies not rough (Contrapositive: Rough implies young). Rule 5: Young implies Emma is nice. Answer: True"
"Facts: Emma is yellow or blue
Rules: If someone is yellow then they are cold. | If someone is blue then they are cold. | If someone is cold then they are rough. | If someone is not young then they are not rough. | If someone is young then they are cold. | If someone is young then they are nice.
Question: Q3: Emma is young.
Think step by step.","Reasoning: Fact: Emma is yellow or blue. Rule 1 & 2: Colors (yellow, blue) imply Emma is cold. Rule 3: Cold implies Emma is rough. Rule 4: Not young implies not rough (Contrapositive: Rough implies young). Rule 5: Young implies Emma is nice. Answer: True"
"Facts: Emma is yellow or blue
Rules: If someone is yellow then they are cold. | If someone is blue then they are cold. | If someone is cold then they are rough. | If someone is not young then they are not rough. | If someone is young then they are cold. | If someone is young then they are nice.
Question: Q4: Emma is nice.
Think step by step.","Reasoning: Fact: Emma is yellow or blue. Rule 1 & 2: Colors (yellow, blue) imply Emma is cold. Rule 3: Cold implies Emma is rough. Rule 4: Not young implies not rough (Contrapositive: Rough implies young). Rule 5: Young implies Emma is nice. Answer: True"
"Facts: Emma is yellow or blue
Rules: If someone is yellow then they are cold. | If someone is blue then they are cold. | If someone is not young then they are not rough. | If someone is young then they are cold. | If someone is young then they are nice.
Question: Q2: Emma is rough.
Think step by step.","Reasoning: Fact: Emma is yellow or blue. Rules 1 & 2 confirm Emma is cold. However, the rule linking 'cold' to 'rough' is missing from the ruleset. Therefore, we cannot infer subsequent traits. Answer: False"
"Facts: Emma is yellow or blue
Rules: If someone is yellow then they are cold. | If someone is blue then they are cold. | If someone is not young then they are not rough. | If someone is young then they are cold. | If someone is young then they are nice.
Question: Q3: Emma is young.
Think step by step.","Reasoning: Fact: Emma is yellow or blue. Rules 1 & 2 confirm Emma is cold. However, the rule linking 'cold' to 'rough' is missing from the ruleset. Therefore, we cannot infer subsequent traits. Answer: False"
"Facts: Emma is yellow or blue
Rules: If someone is yellow then they are cold. | If someone is blue then they are cold. | If someone is not young then they are not rough. | If someone is young then they are cold. | If someone is young then they are nice.
Question: Q4: Emma is nice.
Think step by step.","Reasoning: Fact: Emma is yellow or blue. Rules 1 & 2 confirm Emma is cold. However, the rule linking 'cold' to 'rough' is missing from the ruleset. Therefore, we cannot infer subsequent traits. Answer: False"
"Facts: Emma is yellow or blue. Emma is not cold.
Rules: If someone is yellow then they are cold. | If someone is blue then they are cold. | If someone is cold then they are rough. | If someone is not young then they are not rough. | If someone is young then they are cold. | If someone is young then they are nice.
Question: Q1: Emma is cold.
Think step by step.","Reasoning: Fact: Emma is not cold. Rules 1 & 2 state that if Emma is yellow or blue, then Emma must be cold. The fact and the rules are in direct contradiction. In such cases, the status is False/Unknown. Answer: False"
"Facts: Emma is yellow or blue
Rules: If someone is yellow then they are cold. | If someone is blue then they are cold. | If someone is cold then they are rough. | If someone is not young then they are not rough. | If someone is young then they are cold. | If someone is young then they are nice.
Question: Q1: Emma is not cold.
Think step by step.","Reasoning: Fact: Emma is yellow or blue. Rule 1 & 2: Colors (yellow, blue) imply Emma is cold. Rule 3: Cold implies Emma is rough. Rule 4: Not young implies not rough (Contrapositive: Rough implies young). Rule 5: Young implies Emma is nice. Answer: False"
"Facts: Emma is yellow or blue
Rules: If someone is yellow then they are cold. | If someone is blue then they are cold. | If someone is cold then they are rough. | If someone is not young then they are not rough. | If someone is young then they are cold. | If someone is young then they are nice.
Question: Q2: Emma is not rough.
Think step by step.","Reasoning: Fact: Emma is yellow or blue. Rule 1 & 2: Colors (yellow, blue) imply Emma is cold. Rule 3: Cold implies Emma is rough. Rule 4: Not young implies not rough (Contrapositive: Rough implies young). Rule 5: Young implies Emma is nice. Answer: False"
"Facts: Emma is yellow or blue
Rules: If someone is yellow then they are cold. | If someone is blue then they are cold. | If someone is cold then they are rough. | If someone is not young then they are not rough. | If someone is young then they are cold. | If someone is young then they are nice.
Question: Q3: Emma is short.
Think step by step.","Reasoning: Fact: Emma is yellow or blue. Rule 1 & 2: Colors (yellow, blue) imply Emma is cold. Rule 3: Cold implies Emma is rough. Rule 4: Not young implies not rough (Contrapositive: Rough implies young). Rule 5: Young implies Emma is nice. Answer: False"
"Facts: Emma is yellow or blue
Rules: If someone is yellow then they are cold. | If someone is blue then they are cold. | If someone is cold then they are rough. | If someone is not young then they are not rough. | If someone is young then they are cold. | If someone is young then they are nice.
Question: Q4: Emma is red.
Think step by step.","Reasoning: Fact: Emma is yellow or blue. Rule 1 & 2: Colors (yellow, blue) imply Emma is cold. Rule 3: Cold implies Emma is rough. Rule 4: Not young implies not rough (Contrapositive: Rough implies young). Rule 5: Young implies Emma is nice. Answer: False"
"Facts: Emma is yellow or blue
Rules: If someone is yellow then they are cold. | If someone is blue then they are cold. | If someone is not young then they are not rough. | If someone is young then they are cold. | If someone is young then they are nice.
Question: Q2: Emma is not rough.
Think step by step.","Reasoning: Fact: Emma is yellow or blue. Rules 1 & 2 confirm Emma is cold. However, the rule linking 'cold' to 'rough' is missing from the ruleset. Therefore, we cannot infer subsequent traits. Answer: False"
"Facts: Emma is yellow or blue. Emma is not cold.
Rules: If someone is yellow then they are cold. | If someone is blue then they are cold. | If someone is cold then they are rough. | If someone is not young then they are not rough. | If someone is young then they are cold. | If someone is young then they are nice.
Question: Q1: Emma is not cold.
Think step by step.","Reasoning: Fact: Emma is not cold. Rules 1 & 2 state that if Emma is yellow or blue, then Emma must be cold. The fact and the rules are in direct contradiction. In such cases, the status is False/Unknown. Answer: False"
"Facts: Anne is green or red
Rules: If someone is green then they are cold. | If someone is red then they are cold. | If someone is cold then they are rough. | If someone is not young then they are not rough. | If someone is young then they are cold. | If someone is young then they are nice.
Question: Q1: Anne is cold.
Think step by step.","Reasoning: Fact: Anne is green or red. Rule 1 & 2: Colors (green, red) imply Anne is cold. Rule 3: Cold implies Anne is rough. Rule 4: Not young implies not rough (Contrapositive: Rough implies young). Rule 5: Young implies Anne is nice. Answer: True"
"Facts: Anne is green or red
Rules: If someone is green then they are cold. | If someone is red then they are cold. | If someone is cold then they are rough. | If someone is not young then they are not rough. | If someone is young then they are cold. | If someone is young then they are nice.
Question: Q2: Anne is rough.
Think step by step.","Reasoning: Fact: Anne is green or red. Rule 1 & 2: Colors (green, red) imply Anne is cold. Rule 3: Cold implies Anne is rough. Rule 4: Not young implies not rough (Contrapositive: Rough implies young). Rule 5: Young implies Anne is nice. Answer: True"
"Facts: Anne is green or red
Rules: If someone is green then they are cold. | If someone is red then they are cold. | If someone is cold then they are rough. | If someone is not young then they are not rough. | If someone is young then they are cold. | If someone is young then they are nice.
Question: Q3: Anne is young.
Think step by step.","Reasoning: Fact: Anne is green or red. Rule 1 & 2: Colors (green, red) imply Anne is cold. Rule 3: Cold implies Anne is rough. Rule 4: Not young implies not rough (Contrapositive: Rough implies young). Rule 5: Young implies Anne is nice. Answer: True"
"Facts: Anne is green or red
Rules: If someone is green then they are cold. | If someone is red then they are cold. | If someone is cold then they are rough. | If someone is not young then they are not rough. | If someone is young then they are cold. | If someone is young then they are nice.
Question: Q4: Anne is nice.
Think step by step.","Reasoning: Fact: Anne is green or red. Rule 1 & 2: Colors (green, red) imply Anne is cold. Rule 3: Cold implies Anne is rough. Rule 4: Not young implies not rough (Contrapositive: Rough implies young). Rule 5: Young implies Anne is nice. Answer: True"
"Facts: Anne is green or red
Rules: If someone is green then they are cold. | If someone is red then they are cold. | If someone is not young then they are not rough. | If someone is young then they are cold. | If someone is young then they are nice.
Question: Q2: Anne is rough.
Think step by step.","Reasoning: Fact: Anne is green or red. Rules 1 & 2 confirm Anne is cold. However, the rule linking 'cold' to 'rough' is missing from the ruleset. Therefore, we cannot infer subsequent traits. Answer: False"
"Facts: Anne is green or red
Rules: If someone is green then they are cold. | If someone is red then they are cold. | If someone is not young then they are not rough. | If someone is young then they are cold. | If someone is young then they are nice.
Question: Q3: Anne is young.
Think step by step.","Reasoning: Fact: Anne is green or red. Rules 1 & 2 confirm Anne is cold. However, the rule linking 'cold' to 'rough' is missing from the ruleset. Therefore, we cannot infer subsequent traits. Answer: False"
"Facts: Anne is green or red
Rules: If someone is green then they are cold. | If someone is red then they are cold. | If someone is not young then they are not rough. | If someone is young then they are cold. | If someone is young then they are nice.
Question: Q4: Anne is nice.
Think step by step.","Reasoning: Fact: Anne is green or red. Rules 1 & 2 confirm Anne is cold. However, the rule linking 'cold' to 'rough' is missing from the ruleset. Therefore, we cannot infer subsequent traits. Answer: False"
"Facts: Anne is green or red. Anne is not cold.
Rules: If someone is green then they are cold. | If someone is red then they are cold. | If someone is cold then they are rough. | If someone is not young then they are not rough. | If someone is young then they are cold. | If someone is young then they are nice.
Question: Q1: Anne is cold.
Think step by step.","Reasoning: Fact: Anne is not cold. Rules 1 & 2 state that if Anne is green or red, then Anne must be cold. The fact and the rules are in direct contradiction. In such cases, the status is False/Unknown. Answer: False"
"Facts: Anne is green or red
Rules: If someone is green then they are cold. | If someone is red then they are cold. | If someone is cold then they are rough. | If someone is not young then they are not rough. | If someone is young then they are cold. | If someone is young then they are nice.
Question: Q1: Anne is not cold.
Think step by step.","Reasoning: Fact: Anne is green or red. Rule 1 & 2: Colors (green, red) imply Anne is cold. Rule 3: Cold implies Anne is rough. Rule 4: Not young implies not rough (Contrapositive: Rough implies young). Rule 5: Young implies Anne is nice. Answer: False"
"Facts: Anne is green or red
Rules: If someone is green then they are cold. | If someone is red then they are cold. | If someone is cold then they are rough. | If someone is not young then they are not rough. | If someone is young then they are cold. | If someone is young then they are nice.
Question: Q2: Anne is not rough.
Think step by step.","Reasoning: Fact: Anne is green or red. Rule 1 & 2: Colors (green, red) imply Anne is cold. Rule 3: Cold implies Anne is rough. Rule 4: Not young implies not rough (Contrapositive: Rough implies young). Rule 5: Young implies Anne is nice. Answer: False"
"Facts: Anne is green or red
Rules: If someone is green then they are cold. | If someone is red then they are cold. | If someone is cold then they are rough. | If someone is not young then they are not rough. | If someone is young then they are cold. | If someone is young then they are nice.
Question: Q3: Anne is kind.
Think step by step.","Reasoning: Fact: Anne is green or red. Rule 1 & 2: Colors (green, red) imply Anne is cold. Rule 3: Cold implies Anne is rough. Rule 4: Not young implies not rough (Contrapositive: Rough implies young). Rule 5: Young implies Anne is nice. Answer: False"
"Facts: Anne is green or red
Rules: If someone is green then they are cold. | If someone is red then they are cold. | If someone is cold then they are rough. | If someone is not young then they are not rough. | If someone is young then they are cold. | If someone is young then they are nice.
Question: Q4: Anne is yellow.
Think step by step.","Reasoning: Fact: Anne is green or red. Rule 1 & 2: Colors (green, red) imply Anne is cold. Rule 3: Cold implies Anne is rough. Rule 4: Not young implies not rough (Contrapositive: Rough implies young). Rule 5: Young implies Anne is nice. Answer: False"
"Facts: Anne is green or red
Rules: If someone is green then they are cold. | If someone is red then they are cold. | If someone is not young then they are not rough. | If someone is young then they are cold. | If someone is young then they are nice.
Question: Q2: Anne is not rough.
Think step by step.","Reasoning: Fact: Anne is green or red. Rules 1 & 2 confirm Anne is cold. However, the rule linking 'cold' to 'rough' is missing from the ruleset. Therefore, we cannot infer subsequent traits. Answer: False"
"Facts: Anne is green or red. Anne is not cold.
Rules: If someone is green then they are cold. | If someone is red then they are cold. | If someone is cold then they are rough. | If someone is not young then they are not rough. | If someone is young then they are cold. | If someone is young then they are nice.
Question: Q1: Anne is not cold.
Think step by step.","Reasoning: Fact: Anne is not cold. Rules 1 & 2 state that if Anne is green or red, then Anne must be cold. The fact and the rules are in direct contradiction. In such cases, the status is False/Unknown. Answer: False"
"Facts: Helen is yellow or blue
Rules: If someone is yellow then they are cold. | If someone is blue then they are cold. | If someone is cold then they are rough. | If someone is not young then they are not rough. | If someone is young then they are cold. | If someone is young then they are nice.
Question: Q1: Helen is cold.
Think step by step.","Reasoning: Fact: Helen is yellow or blue. Rule 1 & 2: Colors (yellow, blue) imply Helen is cold. Rule 3: Cold implies Helen is rough. Rule 4: Not young implies not rough (Contrapositive: Rough implies young). Rule 5: Young implies Helen is nice. Answer: True"
"Facts: Helen is yellow or blue
Rules: If someone is yellow then they are cold. | If someone is blue then they are cold. | If someone is cold then they are rough. | If someone is not young then they are not rough. | If someone is young then they are cold. | If someone is young then they are nice.
Question: Q2: Helen is rough.
Think step by step.","Reasoning: Fact: Helen is yellow or blue. Rule 1 & 2: Colors (yellow, blue) imply Helen is cold. Rule 3: Cold implies Helen is rough. Rule 4: Not young implies not rough (Contrapositive: Rough implies young). Rule 5: Young implies Helen is nice. Answer: True"
"Facts: Helen is yellow or blue
Rules: If someone is yellow then they are cold. | If someone is blue then they are cold. | If someone is cold then they are rough. | If someone is not young then they are not rough. | If someone is young then they are cold. | If someone is young then they are nice.
Question: Q3: Helen is young.
Think step by step.","Reasoning: Fact: Helen is yellow or blue. Rule 1 & 2: Colors (yellow, blue) imply Helen is cold. Rule 3: Cold implies Helen is rough. Rule 4: Not young implies not rough (Contrapositive: Rough implies young). Rule 5: Young implies Helen is nice. Answer: True"
"Facts: Helen is yellow or blue
Rules: If someone is yellow then they are cold. | If someone is blue then they are cold. | If someone is cold then they are rough. | If someone is not young then they are not rough. | If someone is young then they are cold. | If someone is young then they are nice.
Question: Q4: Helen is nice.
Think step by step.","Reasoning: Fact: Helen is yellow or blue. Rule 1 & 2: Colors (yellow, blue) imply Helen is cold. Rule 3: Cold implies Helen is rough. Rule 4: Not young implies not rough (Contrapositive: Rough implies young). Rule 5: Young implies Helen is nice. Answer: True"
"Facts: Helen is yellow or blue
Rules: If someone is yellow then they are cold. | If someone is blue then they are cold. | If someone is not young then they are not rough. | If someone is young then they are cold. | If someone is young then they are nice.
Question: Q2: Helen is rough.
Think step by step.","Reasoning: Fact: Helen is yellow or blue. Rules 1 & 2 confirm Helen is cold. However, the rule linking 'cold' to 'rough' is missing from the ruleset. Therefore, we cannot infer subsequent traits. Answer: False"
"Facts: Helen is yellow or blue
Rules: If someone is yellow then they are cold. | If someone is blue then they are cold. | If someone is not young then they are not rough. | If someone is young then they are cold. | If someone is young then they are nice.
Question: Q3: Helen is young.
Think step by step.","Reasoning: Fact: Helen is yellow or blue. Rules 1 & 2 confirm Helen is cold. However, the rule linking 'cold' to 'rough' is missing from the ruleset. Therefore, we cannot infer subsequent traits. Answer: False"
"Facts: Helen is yellow or blue
Rules: If someone is yellow then they are cold. | If someone is blue then they are cold. | If someone is not young then they are not rough. | If someone is young then they are cold. | If someone is young then they are nice.
Question: Q4: Helen is nice.
Think step by step.","Reasoning: Fact: Helen is yellow or blue. Rules 1 & 2 confirm Helen is cold. However, the rule linking 'cold' to 'rough' is missing from the ruleset. Therefore, we cannot infer subsequent traits. Answer: False"
"Facts: Helen is yellow or blue. Helen is not cold.
Rules: If someone is yellow then they are cold. | If someone is blue then they are cold. | If someone is cold then they are rough. | If someone is not young then they are not rough. | If someone is young then they are cold. | If someone is young then they are nice.
Question: Q1: Helen is cold.
Think step by step.","Reasoning: Fact: Helen is not cold. Rules 1 & 2 state that if Helen is yellow or blue, then Helen must be cold. The fact and the rules are in direct contradiction. In such cases, the status is False/Unknown. Answer: False"
"Facts: Helen is yellow or blue
Rules: If someone is yellow then they are cold. | If someone is blue then they are cold. | If someone is cold then they are rough. | If someone is not young then they are not rough. | If someone is young then they are cold. | If someone is young then they are nice.
Question: Q1: Helen is not cold.
Think step by step.","Reasoning: Fact: Helen is yellow or blue. Rule 1 & 2: Colors (yellow, blue) imply Helen is cold. Rule 3: Cold implies Helen is rough. Rule 4: Not young implies not rough (Contrapositive: Rough implies young). Rule 5: Young implies Helen is nice. Answer: False"
"Facts: Helen is yellow or blue
Rules: If someone is yellow then they are cold. | If someone is blue then they are cold. | If someone is cold then they are rough. | If someone is not young then they are not rough. | If someone is young then they are cold. | If someone is young then they are nice.
Question: Q2: Helen is not rough.
Think step by step.","Reasoning: Fact: Helen is yellow or blue. Rule 1 & 2: Colors (yellow, blue) imply Helen is cold. Rule 3: Cold implies Helen is rough. Rule 4: Not young implies not rough (Contrapositive: Rough implies young). Rule 5: Young implies Helen is nice. Answer: False"
"Facts: Helen is yellow or blue
Rules: If someone is yellow then they are cold. | If someone is blue then they are cold. | If someone is cold then they are rough. | If someone is not young then they are not rough. | If someone is young then they are cold. | If someone is young then they are nice.
Question: Q3: Helen is short.
Think step by step.","Reasoning: Fact: Helen is yellow or blue. Rule 1 & 2: Colors (yellow, blue) imply Helen is cold. Rule 3: Cold implies Helen is rough. Rule 4: Not young implies not rough (Contrapositive: Rough implies young). Rule 5: Young implies Helen is nice. Answer: False"
"Facts: Helen is yellow or blue
Rules: If someone is yellow then they are cold. | If someone is blue then they are cold. | If someone is cold then they are rough. | If someone is not young then they are not rough. | If someone is young then they are cold. | If someone is young then they are nice.
Question: Q4: Helen is red.
Think step by step.","Reasoning: Fact: Helen is yellow or blue. Rule 1 & 2: Colors (yellow, blue) imply Helen is cold. Rule 3: Cold implies Helen is rough. Rule 4: Not young implies not rough (Contrapositive: Rough implies young). Rule 5: Young implies Helen is nice. Answer: False"
"Facts: Helen is yellow or blue
Rules: If someone is yellow then they are cold. | If someone is blue then they are cold. | If someone is not young then they are not rough. | If someone is young then they are cold. | If someone is young then they are nice.
Question: Q2: Helen is not rough.
Think step by step.","Reasoning: Fact: Helen is yellow or blue. Rules 1 & 2 confirm Helen is cold. However, the rule linking 'cold' to 'rough' is missing from the ruleset. Therefore, we cannot infer subsequent traits. Answer: False"
"Facts: Helen is yellow or blue. Helen is not cold.
Rules: If someone is yellow then they are cold. | If someone is blue then they are cold. | If someone is cold then they are rough. | If someone is not young then they are not rough. | If someone is young then they are cold. | If someone is young then they are nice.
Question: Q1: Helen is not cold.
Think step by step.","Reasoning: Fact: Helen is not cold. Rules 1 & 2 state that if Helen is yellow or blue, then Helen must be cold. The fact and the rules are in direct contradiction. In such cases, the status is False/Unknown. Answer: False"
"Facts: Grace is blue or yellow
Rules: If someone is blue then they are cold. | If someone is yellow then they are cold. | If someone is cold then they are rough. | If someone is not young then they are not rough. | If someone is young then they are cold. | If someone is young then they are nice.
Question: Q1: Grace is cold.
Think step by step.","Reasoning: Fact: Grace is blue or yellow. Rule 1 & 2: Colors (blue, yellow) imply Grace is cold. Rule 3: Cold implies Grace is rough. Rule 4: Not young implies not rough (Contrapositive: Rough implies young). Rule 5: Young implies Grace is nice. Answer: True"
"Facts: Grace is blue or yellow
Rules: If someone is blue then they are cold. | If someone is yellow then they are cold. | If someone is cold then they are rough. | If someone is not young then they are not rough. | If someone is young then they are cold. | If someone is young then they are nice.
Question: Q2: Grace is rough.
Think step by step.","Reasoning: Fact: Grace is blue or yellow. Rule 1 & 2: Colors (blue, yellow) imply Grace is cold. Rule 3: Cold implies Grace is rough. Rule 4: Not young implies not rough (Contrapositive: Rough implies young). Rule 5: Young implies Grace is nice. Answer: True"
"Facts: Grace is blue or yellow
Rules: If someone is blue then they are cold. | If someone is yellow then they are cold. | If someone is cold then they are rough. | If someone is not young then they are not rough. | If someone is young then they are cold. | If someone is young then they are nice.
Question: Q3: Grace is young.
Think step by step.","Reasoning: Fact: Grace is blue or yellow. Rule 1 & 2: Colors (blue, yellow) imply Grace is cold. Rule 3: Cold implies Grace is rough. Rule 4: Not young implies not rough (Contrapositive: Rough implies young). Rule 5: Young implies Grace is nice. Answer: True"
"Facts: Grace is blue or yellow
Rules: If someone is blue then they are cold. | If someone is yellow then they are cold. | If someone is cold then they are rough. | If someone is not young then they are not rough. | If someone is young then they are cold. | If someone is young then they are nice.
Question: Q4: Grace is nice.
Think step by step.","Reasoning: Fact: Grace is blue or yellow. Rule 1 & 2: Colors (blue, yellow) imply Grace is cold. Rule 3: Cold implies Grace is rough. Rule 4: Not young implies not rough (Contrapositive: Rough implies young). Rule 5: Young implies Grace is nice. Answer: True"
"Facts: Grace is blue or yellow
Rules: If someone is blue then they are cold. | If someone is yellow then they are cold. | If someone is not young then they are not rough. | If someone is young then they are cold. | If someone is young then they are nice.
Question: Q2: Grace is rough.
Think step by step.","Reasoning: Fact: Grace is blue or yellow. Rules 1 & 2 confirm Grace is cold. However, the rule linking 'cold' to 'rough' is missing from the ruleset. Therefore, we cannot infer subsequent traits. Answer: False"
"Facts: Grace is blue or yellow
Rules: If someone is blue then they are cold. | If someone is yellow then they are cold. | If someone is not young then they are not rough. | If someone is young then they are cold. | If someone is young then they are nice.
Question: Q3: Grace is young.
Think step by step.","Reasoning: Fact: Grace is blue or yellow. Rules 1 & 2 confirm Grace is cold. However, the rule linking 'cold' to 'rough' is missing from the ruleset. Therefore, we cannot infer subsequent traits. Answer: False"
"Facts: Grace is blue or yellow
Rules: If someone is blue then they are cold. | If someone is yellow then they are cold. | If someone is not young then they are not rough. | If someone is young then they are cold. | If someone is young then they are nice.
Question: Q4: Grace is nice.
Think step by step.","Reasoning: Fact: Grace is blue or yellow. Rules 1 & 2 confirm Grace is cold. However, the rule linking 'cold' to 'rough' is missing from the ruleset. Therefore, we cannot infer subsequent traits. Answer: False"
"Facts: Grace is blue or yellow. Grace is not cold.
Rules: If someone is blue then they are cold. | If someone is yellow then they are cold. | If someone is cold then they are rough. | If someone is not young then they are not rough. | If someone is young then they are cold. | If someone is young then they are nice.
Question: Q1: Grace is cold.
Think step by step.","Reasoning: Fact: Grace is not cold. Rules 1 & 2 state that if Grace is blue or yellow, then Grace must be cold. The fact and the rules are in direct contradiction. In such cases, the status is False/Unknown. Answer: False"
"Facts: Grace is blue or yellow
Rules: If someone is blue then they are cold. | If someone is yellow then they are cold. | If someone is cold then they are rough. | If someone is not young then they are not rough. | If someone is young then they are cold. | If someone is young then they are nice.
Question: Q1: Grace is not cold.
Think step by step.","Reasoning: Fact: Grace is blue or yellow. Rule 1 & 2: Colors (blue, yellow) imply Grace is cold. Rule 3: Cold implies Grace is rough. Rule 4: Not young implies not rough (Contrapositive: Rough implies young). Rule 5: Young implies Grace is nice. Answer: False"
"Facts: Grace is blue or yellow
Rules: If someone is blue then they are cold. | If someone is yellow then they are cold. | If someone is cold then they are rough. | If someone is not young then they are not rough. | If someone is young then they are cold. | If someone is young then they are nice.
Question: Q2: Grace is not rough.
Think step by step.","Reasoning: Fact: Grace is blue or yellow. Rule 1 & 2: Colors (blue, yellow) imply Grace is cold. Rule 3: Cold implies Grace is rough. Rule 4: Not young implies not rough (Contrapositive: Rough implies young). Rule 5: Young implies Grace is nice. Answer: False"
"Facts: Grace is blue or yellow
Rules: If someone is blue then they are cold. | If someone is yellow then they are cold. | If someone is cold then they are rough. | If someone is not young then they are not rough. | If someone is young then they are cold. | If someone is young then they are nice.
Question: Q3: Grace is tall.
Think step by step.","Reasoning: Fact: Grace is blue or yellow. Rule 1 & 2: Colors (blue, yellow) imply Grace is cold. Rule 3: Cold implies Grace is rough. Rule 4: Not young implies not rough (Contrapositive: Rough implies young). Rule 5: Young implies Grace is nice. Answer: False"
"Facts: Grace is blue or yellow
Rules: If someone is blue then they are cold. | If someone is yellow then they are cold. | If someone is cold then they are rough. | If someone is not young then they are not rough. | If someone is young then they are cold. | If someone is young then they are nice.
Question: Q4: Grace is green.
Think step by step.","Reasoning: Fact: Grace is blue or yellow. Rule 1 & 2: Colors (blue, yellow) imply Grace is cold. Rule 3: Cold implies Grace is rough. Rule 4: Not young implies not rough (Contrapositive: Rough implies young). Rule 5: Young implies Grace is nice. Answer: False"
"Facts: Grace is blue or yellow
Rules: If someone is blue then they are cold. | If someone is yellow then they are cold. | If someone is not young then they are not rough. | If someone is young then they are cold. | If someone is young then they are nice.
Question: Q2: Grace is not rough.
Think step by step.","Reasoning: Fact: Grace is blue or yellow. Rules 1 & 2 confirm Grace is cold. However, the rule linking 'cold' to 'rough' is missing from the ruleset. Therefore, we cannot infer subsequent traits. Answer: False"
"Facts: Grace is blue or yellow. Grace is not cold.
Rules: If someone is blue then they are cold. | If someone is yellow then they are cold. | If someone is cold then they are rough. | If someone is not young then they are not rough. | If someone is young then they are cold. | If someone is young then they are nice.
Question: Q1: Grace is not cold.
Think step by step.","Reasoning: Fact: Grace is not cold. Rules 1 & 2 state that if Grace is blue or yellow, then Grace must be cold. The fact and the rules are in direct contradiction. In such cases, the status is False/Unknown. Answer: False"
"Facts: Bob is yellow or green
Rules: If someone is yellow then they are cold. | If someone is green then they are cold. | If someone is cold then they are rough. | If someone is not young then they are not rough. | If someone is young then they are cold. | If someone is young then they are nice.
Question: Q1: Bob is cold.
Think step by step.","Reasoning: Fact: Bob is yellow or green. Rule 1 & 2: Colors (yellow, green) imply Bob is cold. Rule 3: Cold implies Bob is rough. Rule 4: Not young implies not rough (Contrapositive: Rough implies young). Rule 5: Young implies Bob is nice. Answer: True"
"Facts: Bob is yellow or green
Rules: If someone is yellow then they are cold. | If someone is green then they are cold. | If someone is cold then they are rough. | If someone is not young then they are not rough. | If someone is young then they are cold. | If someone is young then they are nice.
Question: Q2: Bob is rough.
Think step by step.","Reasoning: Fact: Bob is yellow or green. Rule 1 & 2: Colors (yellow, green) imply Bob is cold. Rule 3: Cold implies Bob is rough. Rule 4: Not young implies not rough (Contrapositive: Rough implies young). Rule 5: Young implies Bob is nice. Answer: True"
"Facts: Bob is yellow or green
Rules: If someone is yellow then they are cold. | If someone is green then they are cold. | If someone is cold then they are rough. | If someone is not young then they are not rough. | If someone is young then they are cold. | If someone is young then they are nice.
Question: Q3: Bob is young.
Think step by step.","Reasoning: Fact: Bob is yellow or green. Rule 1 & 2: Colors (yellow, green) imply Bob is cold. Rule 3: Cold implies Bob is rough. Rule 4: Not young implies not rough (Contrapositive: Rough implies young). Rule 5: Young implies Bob is nice. Answer: True"
"Facts: Bob is yellow or green
Rules: If someone is yellow then they are cold. | If someone is green then they are cold. | If someone is cold then they are rough. | If someone is not young then they are not rough. | If someone is young then they are cold. | If someone is young then they are nice.
Question: Q4: Bob is nice.
Think step by step.","Reasoning: Fact: Bob is yellow or green. Rule 1 & 2: Colors (yellow, green) imply Bob is cold. Rule 3: Cold implies Bob is rough. Rule 4: Not young implies not rough (Contrapositive: Rough implies young). Rule 5: Young implies Bob is nice. Answer: True"
"Facts: Bob is yellow or green
Rules: If someone is yellow then they are cold. | If someone is green then they are cold. | If someone is not young then they are not rough. | If someone is young then they are cold. | If someone is young then they are nice.
Question: Q2: Bob is rough.
Think step by step.","Reasoning: Fact: Bob is yellow or green. Rules 1 & 2 confirm Bob is cold. However, the rule linking 'cold' to 'rough' is missing from the ruleset. Therefore, we cannot infer subsequent traits. Answer: False"
"Facts: Bob is yellow or green
Rules: If someone is yellow then they are cold. | If someone is green then they are cold. | If someone is not young then they are not rough. | If someone is young then they are cold. | If someone is young then they are nice.
Question: Q3: Bob is young.
Think step by step.","Reasoning: Fact: Bob is yellow or green. Rules 1 & 2 confirm Bob is cold. However, the rule linking 'cold' to 'rough' is missing from the ruleset. Therefore, we cannot infer subsequent traits. Answer: False"
"Facts: Bob is yellow or green
Rules: If someone is yellow then they are cold. | If someone is green then they are cold. | If someone is not young then they are not rough. | If someone is young then they are cold. | If someone is young then they are nice.
Question: Q4: Bob is nice.
Think step by step.","Reasoning: Fact: Bob is yellow or green. Rules 1 & 2 confirm Bob is cold. However, the rule linking 'cold' to 'rough' is missing from the ruleset. Therefore, we cannot infer subsequent traits. Answer: False"
"Facts: Bob is yellow or green. Bob is not cold.
Rules: If someone is yellow then they are cold. | If someone is green then they are cold. | If someone is cold then they are rough. | If someone is not young then they are not rough. | If someone is young then they are cold. | If someone is young then they are nice.
Question: Q1: Bob is cold.
Think step by step.","Reasoning: Fact: Bob is not cold. Rules 1 & 2 state that if Bob is yellow or green, then Bob must be cold. The fact and the rules are in direct contradiction. In such cases, the status is False/Unknown. Answer: False"
"Facts: Bob is yellow or green
Rules: If someone is yellow then they are cold. | If someone is green then they are cold. | If someone is cold then they are rough. | If someone is not young then they are not rough. | If someone is young then they are cold. | If someone is young then they are nice.
Question: Q1: Bob is not cold.
Think step by step.","Reasoning: Fact: Bob is yellow or green. Rule 1 & 2: Colors (yellow, green) imply Bob is cold. Rule 3: Cold implies Bob is rough. Rule 4: Not young implies not rough (Contrapositive: Rough implies young). Rule 5: Young implies Bob is nice. Answer: False"
"Facts: Bob is yellow or green
Rules: If someone is yellow then they are cold. | If someone is green then they are cold. | If someone is cold then they are rough. | If someone is not young then they are not rough. | If someone is young then they are cold. | If someone is young then they are nice.
Question: Q2: Bob is not rough.
Think step by step.","Reasoning: Fact: Bob is yellow or green. Rule 1 & 2: Colors (yellow, green) imply Bob is cold. Rule 3: Cold implies Bob is rough. Rule 4: Not young implies not rough (Contrapositive: Rough implies young). Rule 5: Young implies Bob is nice. Answer: False"
"Facts: Bob is yellow or green
Rules: If someone is yellow then they are cold. | If someone is green then they are cold. | If someone is cold then they are rough. | If someone is not young then they are not rough. | If someone is young then they are cold. | If someone is young then they are nice.
Question: Q3: Bob is sad.
Think step by step.","Reasoning: Fact: Bob is yellow or green. Rule 1 & 2: Colors (yellow, green) imply Bob is cold. Rule 3: Cold implies Bob is rough. Rule 4: Not young implies not rough (Contrapositive: Rough implies young). Rule 5: Young implies Bob is nice. Answer: False"
"Facts: Bob is yellow or green
Rules: If someone is yellow then they are cold. | If someone is green then they are cold. | If someone is cold then they are rough. | If someone is not young then they are not rough. | If someone is young then they are cold. | If someone is young then they are nice.
Question: Q4: Bob is red.
Think step by step.","Reasoning: Fact: Bob is yellow or green. Rule 1 & 2: Colors (yellow, green) imply Bob is cold. Rule 3: Cold implies Bob is rough. Rule 4: Not young implies not rough (Contrapositive: Rough implies young). Rule 5: Young implies Bob is nice. Answer: False"
"Facts: Bob is yellow or green
Rules: If someone is yellow then they are cold. | If someone is green then they are cold. | If someone is not young then they are not rough. | If someone is young then they are cold. | If someone is young then they are nice.
Question: Q2: Bob is not rough.
Think step by step.","Reasoning: Fact: Bob is yellow or green. Rules 1 & 2 confirm Bob is cold. However, the rule linking 'cold' to 'rough' is missing from the ruleset. Therefore, we cannot infer subsequent traits. Answer: False"
"Facts: Bob is yellow or green. Bob is not cold.
Rules: If someone is yellow then they are cold. | If someone is green then they are cold. | If someone is cold then they are rough. | If someone is not young then they are not rough. | If someone is young then they are cold. | If someone is young then they are nice.
Question: Q1: Bob is not cold.
Think step by step.","Reasoning: Fact: Bob is not cold. Rules 1 & 2 state that if Bob is yellow or green, then Bob must be cold. The fact and the rules are in direct contradiction. In such cases, the status is False/Unknown. Answer: False"
"Facts: Helen is blue or red
Rules: If someone is blue then they are cold. | If someone is red then they are cold. | If someone is cold then they are rough. | If someone is not young then they are not rough. | If someone is young then they are cold. | If someone is young then they are nice.
Question: Q1: Helen is cold.
Think step by step.","Reasoning: Fact: Helen is blue or red. Rule 1 & 2: Colors (blue, red) imply Helen is cold. Rule 3: Cold implies Helen is rough. Rule 4: Not young implies not rough (Contrapositive: Rough implies young). Rule 5: Young implies Helen is nice. Answer: True"
"Facts: Helen is blue or red
Rules: If someone is blue then they are cold. | If someone is red then they are cold. | If someone is cold then they are rough. | If someone is not young then they are not rough. | If someone is young then they are cold. | If someone is young then they are nice.
Question: Q2: Helen is rough.
Think step by step.","Reasoning: Fact: Helen is blue or red. Rule 1 & 2: Colors (blue, red) imply Helen is cold. Rule 3: Cold implies Helen is rough. Rule 4: Not young implies not rough (Contrapositive: Rough implies young). Rule 5: Young implies Helen is nice. Answer: True"
"Facts: Helen is blue or red
Rules: If someone is blue then they are cold. | If someone is red then they are cold. | If someone is cold then they are rough. | If someone is not young then they are not rough. | If someone is young then they are cold. | If someone is young then they are nice.
Question: Q3: Helen is young.
Think step by step.","Reasoning: Fact: Helen is blue or red. Rule 1 & 2: Colors (blue, red) imply Helen is cold. Rule 3: Cold implies Helen is rough. Rule 4: Not young implies not rough (Contrapositive: Rough implies young). Rule 5: Young implies Helen is nice. Answer: True"
"Facts: Helen is blue or red
Rules: If someone is blue then they are cold. | If someone is red then they are cold. | If someone is cold then they are rough. | If someone is not young then they are not rough. | If someone is young then they are cold. | If someone is young then they are nice.
Question: Q4: Helen is nice.
Think step by step.","Reasoning: Fact: Helen is blue or red. Rule 1 & 2: Colors (blue, red) imply Helen is cold. Rule 3: Cold implies Helen is rough. Rule 4: Not young implies not rough (Contrapositive: Rough implies young). Rule 5: Young implies Helen is nice. Answer: True"
"Facts: Helen is blue or red
Rules: If someone is blue then they are cold. | If someone is red then they are cold. | If someone is not young then they are not rough. | If someone is young then they are cold. | If someone is young then they are nice.
Question: Q2: Helen is rough.
Think step by step.","Reasoning: Fact: Helen is blue or red. Rules 1 & 2 confirm Helen is cold. However, the rule linking 'cold' to 'rough' is missing from the ruleset. Therefore, we cannot infer subsequent traits. Answer: False"
"Facts: Helen is blue or red
Rules: If someone is blue then they are cold. | If someone is red then they are cold. | If someone is not young then they are not rough. | If someone is young then they are cold. | If someone is young then they are nice.
Question: Q3: Helen is young.
Think step by step.","Reasoning: Fact: Helen is blue or red. Rules 1 & 2 confirm Helen is cold. However, the rule linking 'cold' to 'rough' is missing from the ruleset. Therefore, we cannot infer subsequent traits. Answer: False"
"Facts: Helen is blue or red
Rules: If someone is blue then they are cold. | If someone is red then they are cold. | If someone is not young then they are not rough. | If someone is young then they are cold. | If someone is young then they are nice.
Question: Q4: Helen is nice.
Think step by step.","Reasoning: Fact: Helen is blue or red. Rules 1 & 2 confirm Helen is cold. However, the rule linking 'cold' to 'rough' is missing from the ruleset. Therefore, we cannot infer subsequent traits. Answer: False"
"Facts: Helen is blue or red. Helen is not cold.
Rules: If someone is blue then they are cold. | If someone is red then they are cold. | If someone is cold then they are rough. | If someone is not young then they are not rough. | If someone is young then they are cold. | If someone is young then they are nice.
Question: Q1: Helen is cold.
Think step by step.","Reasoning: Fact: Helen is not cold. Rules 1 & 2 state that if Helen is blue or red, then Helen must be cold. The fact and the rules are in direct contradiction. In such cases, the status is False/Unknown. Answer: False"
"Facts: Helen is blue or red
Rules: If someone is blue then they are cold. | If someone is red then they are cold. | If someone is cold then they are rough. | If someone is not young then they are not rough. | If someone is young then they are cold. | If someone is young then they are nice.
Question: Q1: Helen is not cold.
Think step by step.","Reasoning: Fact: Helen is blue or red. Rule 1 & 2: Colors (blue, red) imply Helen is cold. Rule 3: Cold implies Helen is rough. Rule 4: Not young implies not rough (Contrapositive: Rough implies young). Rule 5: Young implies Helen is nice. Answer: False"
"Facts: Helen is blue or red
Rules: If someone is blue then they are cold. | If someone is red then they are cold. | If someone is cold then they are rough. | If someone is not young then they are not rough. | If someone is young then they are cold. | If someone is young then they are nice.
Question: Q2: Helen is not rough.
Think step by step.","Reasoning: Fact: Helen is blue or red. Rule 1 & 2: Colors (blue, red) imply Helen is cold. Rule 3: Cold implies Helen is rough. Rule 4: Not young implies not rough (Contrapositive: Rough implies young). Rule 5: Young implies Helen is nice. Answer: False"
"Facts: Helen is blue or red
Rules: If someone is blue then they are cold. | If someone is red then they are cold. | If someone is cold then they are rough. | If someone is not young then they are not rough. | If someone is young then they are cold. | If someone is young then they are nice.
Question: Q3: Helen is short.
Think step by step.","Reasoning: Fact: Helen is blue or red. Rule 1 & 2: Colors (blue, red) imply Helen is cold. Rule 3: Cold implies Helen is rough. Rule 4: Not young implies not rough (Contrapositive: Rough implies young). Rule 5: Young implies Helen is nice. Answer: False"
"Facts: Helen is blue or red
Rules: If someone is blue then they are cold. | If someone is red then they are cold. | If someone is cold then they are rough. | If someone is not young then they are not rough. | If someone is young then they are cold. | If someone is young then they are nice.
Question: Q4: Helen is yellow.
Think step by step.","Reasoning: Fact: Helen is blue or red. Rule 1 & 2: Colors (blue, red) imply Helen is cold. Rule 3: Cold implies Helen is rough. Rule 4: Not young implies not rough (Contrapositive: Rough implies young). Rule 5: Young implies Helen is nice. Answer: False"
"Facts: Helen is blue or red
Rules: If someone is blue then they are cold. | If someone is red then they are cold. | If someone is not young then they are not rough. | If someone is young then they are cold. | If someone is young then they are nice.
Question: Q2: Helen is not rough.
Think step by step.","Reasoning: Fact: Helen is blue or red. Rules 1 & 2 confirm Helen is cold. However, the rule linking 'cold' to 'rough' is missing from the ruleset. Therefore, we cannot infer subsequent traits. Answer: False"
"Facts: Helen is blue or red. Helen is not cold.
Rules: If someone is blue then they are cold. | If someone is red then they are cold. | If someone is cold then they are rough. | If someone is not young then they are not rough. | If someone is young then they are cold. | If someone is young then they are nice.
Question: Q1: Helen is not cold.
Think step by step.","Reasoning: Fact: Helen is not cold. Rules 1 & 2 state that if Helen is blue or red, then Helen must be cold. The fact and the rules are in direct contradiction. In such cases, the status is False/Unknown. Answer: False"
"Facts: Frank is blue or yellow
Rules: If someone is blue then they are cold. | If someone is yellow then they are cold. | If someone is cold then they are rough. | If someone is not young then they are not rough. | If someone is young then they are cold. | If someone is young then they are nice.
Question: Q1: Frank is cold.
Think step by step.","Reasoning: Fact: Frank is blue or yellow. Rule 1 & 2: Colors (blue, yellow) imply Frank is cold. Rule 3: Cold implies Frank is rough. Rule 4: Not young implies not rough (Contrapositive: Rough implies young). Rule 5: Young implies Frank is nice. Answer: True"
"Facts: Frank is blue or yellow
Rules: If someone is blue then they are cold. | If someone is yellow then they are cold. | If someone is cold then they are rough. | If someone is not young then they are not rough. | If someone is young then they are cold. | If someone is young then they are nice.
Question: Q2: Frank is rough.
Think step by step.","Reasoning: Fact: Frank is blue or yellow. Rule 1 & 2: Colors (blue, yellow) imply Frank is cold. Rule 3: Cold implies Frank is rough. Rule 4: Not young implies not rough (Contrapositive: Rough implies young). Rule 5: Young implies Frank is nice. Answer: True"
"Facts: Frank is blue or yellow
Rules: If someone is blue then they are cold. | If someone is yellow then they are cold. | If someone is cold then they are rough. | If someone is not young then they are not rough. | If someone is young then they are cold. | If someone is young then they are nice.
Question: Q3: Frank is young.
Think step by step.","Reasoning: Fact: Frank is blue or yellow. Rule 1 & 2: Colors (blue, yellow) imply Frank is cold. Rule 3: Cold implies Frank is rough. Rule 4: Not young implies not rough (Contrapositive: Rough implies young). Rule 5: Young implies Frank is nice. Answer: True"
"Facts: Frank is blue or yellow
Rules: If someone is blue then they are cold. | If someone is yellow then they are cold. | If someone is cold then they are rough. | If someone is not young then they are not rough. | If someone is young then they are cold. | If someone is young then they are nice.
Question: Q4: Frank is nice.
Think step by step.","Reasoning: Fact: Frank is blue or yellow. Rule 1 & 2: Colors (blue, yellow) imply Frank is cold. Rule 3: Cold implies Frank is rough. Rule 4: Not young implies not rough (Contrapositive: Rough implies young). Rule 5: Young implies Frank is nice. Answer: True"
"Facts: Frank is blue or yellow
Rules: If someone is blue then they are cold. | If someone is yellow then they are cold. | If someone is not young then they are not rough. | If someone is young then they are cold. | If someone is young then they are nice.
Question: Q2: Frank is rough.
Think step by step.","Reasoning: Fact: Frank is blue or yellow. Rules 1 & 2 confirm Frank is cold. However, the rule linking 'cold' to 'rough' is missing from the ruleset. Therefore, we cannot infer subsequent traits. Answer: False"
"Facts: Frank is blue or yellow
Rules: If someone is blue then they are cold. | If someone is yellow then they are cold. | If someone is not young then they are not rough. | If someone is young then they are cold. | If someone is young then they are nice.
Question: Q3: Frank is young.
Think step by step.","Reasoning: Fact: Frank is blue or yellow. Rules 1 & 2 confirm Frank is cold. However, the rule linking 'cold' to 'rough' is missing from the ruleset. Therefore, we cannot infer subsequent traits. Answer: False"
"Facts: Frank is blue or yellow
Rules: If someone is blue then they are cold. | If someone is yellow then they are cold. | If someone is not young then they are not rough. | If someone is young then they are cold. | If someone is young then they are nice.
Question: Q4: Frank is nice.
Think step by step.","Reasoning: Fact: Frank is blue or yellow. Rules 1 & 2 confirm Frank is cold. However, the rule linking 'cold' to 'rough' is missing from the ruleset. Therefore, we cannot infer subsequent traits. Answer: False"
"Facts: Frank is blue or yellow. Frank is not cold.
Rules: If someone is blue then they are cold. | If someone is yellow then they are cold. | If someone is cold then they are rough. | If someone is not young then they are not rough. | If someone is young then they are cold. | If someone is young then they are nice.
Question: Q1: Frank is cold.
Think step by step.","Reasoning: Fact: Frank is not cold. Rules 1 & 2 state that if Frank is blue or yellow, then Frank must be cold. The fact and the rules are in direct contradiction. In such cases, the status is False/Unknown. Answer: False"
"Facts: Frank is blue or yellow
Rules: If someone is blue then they are cold. | If someone is yellow then they are cold. | If someone is cold then they are rough. | If someone is not young then they are not rough. | If someone is young then they are cold. | If someone is young then they are nice.
Question: Q1: Frank is not cold.
Think step by step.","Reasoning: Fact: Frank is blue or yellow. Rule 1 & 2: Colors (blue, yellow) imply Frank is cold. Rule 3: Cold implies Frank is rough. Rule 4: Not young implies not rough (Contrapositive: Rough implies young). Rule 5: Young implies Frank is nice. Answer: False"
"Facts: Frank is blue or yellow
Rules: If someone is blue then they are cold. | If someone is yellow then they are cold. | If someone is cold then they are rough. | If someone is not young then they are not rough. | If someone is young then they are cold. | If someone is young then they are nice.
Question: Q2: Frank is not rough.
Think step by step.","Reasoning: Fact: Frank is blue or yellow. Rule 1 & 2: Colors (blue, yellow) imply Frank is cold. Rule 3: Cold implies Frank is rough. Rule 4: Not young implies not rough (Contrapositive: Rough implies young). Rule 5: Young implies Frank is nice. Answer: False"
"Facts: Frank is blue or yellow
Rules: If someone is blue then they are cold. | If someone is yellow then they are cold. | If someone is cold then they are rough. | If someone is not young then they are not rough. | If someone is young then they are cold. | If someone is young then they are nice.
Question: Q3: Frank is short.
Think step by step.","Reasoning: Fact: Frank is blue or yellow. Rule 1 & 2: Colors (blue, yellow) imply Frank is cold. Rule 3: Cold implies Frank is rough. Rule 4: Not young implies not rough (Contrapositive: Rough implies young). Rule 5: Young implies Frank is nice. Answer: False"
"Facts: Frank is blue or yellow
Rules: If someone is blue then they are cold. | If someone is yellow then they are cold. | If someone is cold then they are rough. | If someone is not young then they are not rough. | If someone is young then they are cold. | If someone is young then they are nice.
Question: Q4: Frank is green.
Think step by step.","Reasoning: Fact: Frank is blue or yellow. Rule 1 & 2: Colors (blue, yellow) imply Frank is cold. Rule 3: Cold implies Frank is rough. Rule 4: Not young implies not rough (Contrapositive: Rough implies young). Rule 5: Young implies Frank is nice. Answer: False"
"Facts: Frank is blue or yellow
Rules: If someone is blue then they are cold. | If someone is yellow then they are cold. | If someone is not young then they are not rough. | If someone is young then they are cold. | If someone is young then they are nice.
Question: Q2: Frank is not rough.
Think step by step.","Reasoning: Fact: Frank is blue or yellow. Rules 1 & 2 confirm Frank is cold. However, the rule linking 'cold' to 'rough' is missing from the ruleset. Therefore, we cannot infer subsequent traits. Answer: False"
"Facts: Frank is blue or yellow. Frank is not cold.
Rules: If someone is blue then they are cold. | If someone is yellow then they are cold. | If someone is cold then they are rough. | If someone is not young then they are not rough. | If someone is young then they are cold. | If someone is young then they are nice.
Question: Q1: Frank is not cold.
Think step by step.","Reasoning: Fact: Frank is not cold. Rules 1 & 2 state that if Frank is blue or yellow, then Frank must be cold. The fact and the rules are in direct contradiction. In such cases, the status is False/Unknown. Answer: False"
"Facts: Anne is blue or red
Rules: If someone is blue then they are cold. | If someone is red then they are cold. | If someone is cold then they are rough. | If someone is not young then they are not rough. | If someone is young then they are cold. | If someone is young then they are nice.
Question: Q1: Anne is cold.
Think step by step.","Reasoning: Fact: Anne is blue or red. Rule 1 & 2: Colors (blue, red) imply Anne is cold. Rule 3: Cold implies Anne is rough. Rule 4: Not young implies not rough (Contrapositive: Rough implies young). Rule 5: Young implies Anne is nice. Answer: True"
"Facts: Anne is blue or red
Rules: If someone is blue then they are cold. | If someone is red then they are cold. | If someone is cold then they are rough. | If someone is not young then they are not rough. | If someone is young then they are cold. | If someone is young then they are nice.
Question: Q2: Anne is rough.
Think step by step.","Reasoning: Fact: Anne is blue or red. Rule 1 & 2: Colors (blue, red) imply Anne is cold. Rule 3: Cold implies Anne is rough. Rule 4: Not young implies not rough (Contrapositive: Rough implies young). Rule 5: Young implies Anne is nice. Answer: True"
"Facts: Anne is blue or red
Rules: If someone is blue then they are cold. | If someone is red then they are cold. | If someone is cold then they are rough. | If someone is not young then they are not rough. | If someone is young then they are cold. | If someone is young then they are nice.
Question: Q3: Anne is young.
Think step by step.","Reasoning: Fact: Anne is blue or red. Rule 1 & 2: Colors (blue, red) imply Anne is cold. Rule 3: Cold implies Anne is rough. Rule 4: Not young implies not rough (Contrapositive: Rough implies young). Rule 5: Young implies Anne is nice. Answer: True"
"Facts: Anne is blue or red
Rules: If someone is blue then they are cold. | If someone is red then they are cold. | If someone is cold then they are rough. | If someone is not young then they are not rough. | If someone is young then they are cold. | If someone is young then they are nice.
Question: Q4: Anne is nice.
Think step by step.","Reasoning: Fact: Anne is blue or red. Rule 1 & 2: Colors (blue, red) imply Anne is cold. Rule 3: Cold implies Anne is rough. Rule 4: Not young implies not rough (Contrapositive: Rough implies young). Rule 5: Young implies Anne is nice. Answer: True"
"Facts: Anne is blue or red
Rules: If someone is blue then they are cold. | If someone is red then they are cold. | If someone is not young then they are not rough. | If someone is young then they are cold. | If someone is young then they are nice.
Question: Q2: Anne is rough.
Think step by step.","Reasoning: Fact: Anne is blue or red. Rules 1 & 2 confirm Anne is cold. However, the rule linking 'cold' to 'rough' is missing from the ruleset. Therefore, we cannot infer subsequent traits. Answer: False"
"Facts: Anne is blue or red
Rules: If someone is blue then they are cold. | If someone is red then they are cold. | If someone is not young then they are not rough. | If someone is young then they are cold. | If someone is young then they are nice.
Question: Q3: Anne is young.
Think step by step.","Reasoning: Fact: Anne is blue or red. Rules 1 & 2 confirm Anne is cold. However, the rule linking 'cold' to 'rough' is missing from the ruleset. Therefore, we cannot infer subsequent traits. Answer: False"
"Facts: Anne is blue or red
Rules: If someone is blue then they are cold. | If someone is red then they are cold. | If someone is not young then they are not rough. | If someone is young then they are cold. | If someone is young then they are nice.
Question: Q4: Anne is nice.
Think step by step.","Reasoning: Fact: Anne is blue or red. Rules 1 & 2 confirm Anne is cold. However, the rule linking 'cold' to 'rough' is missing from the ruleset. Therefore, we cannot infer subsequent traits. Answer: False"
"Facts: Anne is blue or red. Anne is not cold.
Rules: If someone is blue then they are cold. | If someone is red then they are cold. | If someone is cold then they are rough. | If someone is not young then they are not rough. | If someone is young then they are cold. | If someone is young then they are nice.
Question: Q1: Anne is cold.
Think step by step.","Reasoning: Fact: Anne is not cold. Rules 1 & 2 state that if Anne is blue or red, then Anne must be cold. The fact and the rules are in direct contradiction. In such cases, the status is False/Unknown. Answer: False"
"Facts: Anne is blue or red
Rules: If someone is blue then they are cold. | If someone is red then they are cold. | If someone is cold then they are rough. | If someone is not young then they are not rough. | If someone is young then they are cold. | If someone is young then they are nice.
Question: Q1: Anne is not cold.
Think step by step.","Reasoning: Fact: Anne is blue or red. Rule 1 & 2: Colors (blue, red) imply Anne is cold. Rule 3: Cold implies Anne is rough. Rule 4: Not young implies not rough (Contrapositive: Rough implies young). Rule 5: Young implies Anne is nice. Answer: False"
"Facts: Anne is blue or red
Rules: If someone is blue then they are cold. | If someone is red then they are cold. | If someone is cold then they are rough. | If someone is not young then they are not rough. | If someone is young then they are cold. | If someone is young then they are nice.
Question: Q2: Anne is not rough.
Think step by step.","Reasoning: Fact: Anne is blue or red. Rule 1 & 2: Colors (blue, red) imply Anne is cold. Rule 3: Cold implies Anne is rough. Rule 4: Not young implies not rough (Contrapositive: Rough implies young). Rule 5: Young implies Anne is nice. Answer: False"
"Facts: Anne is blue or red
Rules: If someone is blue then they are cold. | If someone is red then they are cold. | If someone is cold then they are rough. | If someone is not young then they are not rough. | If someone is young then they are cold. | If someone is young then they are nice.
Question: Q3: Anne is tall.
Think step by step.","Reasoning: Fact: Anne is blue or red. Rule 1 & 2: Colors (blue, red) imply Anne is cold. Rule 3: Cold implies Anne is rough. Rule 4: Not young implies not rough (Contrapositive: Rough implies young). Rule 5: Young implies Anne is nice. Answer: False"
"Facts: Anne is blue or red
Rules: If someone is blue then they are cold. | If someone is red then they are cold. | If someone is cold then they are rough. | If someone is not young then they are not rough. | If someone is young then they are cold. | If someone is young then they are nice.
Question: Q4: Anne is yellow.
Think step by step.","Reasoning: Fact: Anne is blue or red. Rule 1 & 2: Colors (blue, red) imply Anne is cold. Rule 3: Cold implies Anne is rough. Rule 4: Not young implies not rough (Contrapositive: Rough implies young). Rule 5: Young implies Anne is nice. Answer: False"
"Facts: Anne is blue or red
Rules: If someone is blue then they are cold. | If someone is red then they are cold. | If someone is not young then they are not rough. | If someone is young then they are cold. | If someone is young then they are nice.
Question: Q2: Anne is not rough.
Think step by step.","Reasoning: Fact: Anne is blue or red. Rules 1 & 2 confirm Anne is cold. However, the rule linking 'cold' to 'rough' is missing from the ruleset. Therefore, we cannot infer subsequent traits. Answer: False"
"Facts: Anne is blue or red. Anne is not cold.
Rules: If someone is blue then they are cold. | If someone is red then they are cold. | If someone is cold then they are rough. | If someone is not young then they are not rough. | If someone is young then they are cold. | If someone is young then they are nice.
Question: Q1: Anne is not cold.
Think step by step.","Reasoning: Fact: Anne is not cold. Rules 1 & 2 state that if Anne is blue or red, then Anne must be cold. The fact and the rules are in direct contradiction. In such cases, the status is False/Unknown. Answer: False"
"Facts: Emma is green or yellow
Rules: If someone is green then they are cold. | If someone is yellow then they are cold. | If someone is cold then they are rough. | If someone is not young then they are not rough. | If someone is young then they are cold. | If someone is young then they are nice.
Question: Q1: Emma is cold.
Think step by step.","Reasoning: Fact: Emma is green or yellow. Rule 1 & 2: Colors (green, yellow) imply Emma is cold. Rule 3: Cold implies Emma is rough. Rule 4: Not young implies not rough (Contrapositive: Rough implies young). Rule 5: Young implies Emma is nice. Answer: True"
"Facts: Emma is green or yellow
Rules: If someone is green then they are cold. | If someone is yellow then they are cold. | If someone is cold then they are rough. | If someone is not young then they are not rough. | If someone is young then they are cold. | If someone is young then they are nice.
Question: Q2: Emma is rough.
Think step by step.","Reasoning: Fact: Emma is green or yellow. Rule 1 & 2: Colors (green, yellow) imply Emma is cold. Rule 3: Cold implies Emma is rough. Rule 4: Not young implies not rough (Contrapositive: Rough implies young). Rule 5: Young implies Emma is nice. Answer: True"
"Facts: Emma is green or yellow
Rules: If someone is green then they are cold. | If someone is yellow then they are cold. | If someone is cold then they are rough. | If someone is not young then they are not rough. | If someone is young then they are cold. | If someone is young then they are nice.
Question: Q3: Emma is young.
Think step by step.","Reasoning: Fact: Emma is green or yellow. Rule 1 & 2: Colors (green, yellow) imply Emma is cold. Rule 3: Cold implies Emma is rough. Rule 4: Not young implies not rough (Contrapositive: Rough implies young). Rule 5: Young implies Emma is nice. Answer: True"
"Facts: Emma is green or yellow
Rules: If someone is green then they are cold. | If someone is yellow then they are cold. | If someone is cold then they are rough. | If someone is not young then they are not rough. | If someone is young then they are cold. | If someone is young then they are nice.
Question: Q4: Emma is nice.
Think step by step.","Reasoning: Fact: Emma is green or yellow. Rule 1 & 2: Colors (green, yellow) imply Emma is cold. Rule 3: Cold implies Emma is rough. Rule 4: Not young implies not rough (Contrapositive: Rough implies young). Rule 5: Young implies Emma is nice. Answer: True"
"Facts: Emma is green or yellow
Rules: If someone is green then they are cold. | If someone is yellow then they are cold. | If someone is not young then they are not rough. | If someone is young then they are cold. | If someone is young then they are nice.
Question: Q2: Emma is rough.
Think step by step.","Reasoning: Fact: Emma is green or yellow. Rules 1 & 2 confirm Emma is cold. However, the rule linking 'cold' to 'rough' is missing from the ruleset. Therefore, we cannot infer subsequent traits. Answer: False"
"Facts: Emma is green or yellow
Rules: If someone is green then they are cold. | If someone is yellow then they are cold. | If someone is not young then they are not rough. | If someone is young then they are cold. | If someone is young then they are nice.
Question: Q3: Emma is young.
Think step by step.","Reasoning: Fact: Emma is green or yellow. Rules 1 & 2 confirm Emma is cold. However, the rule linking 'cold' to 'rough' is missing from the ruleset. Therefore, we cannot infer subsequent traits. Answer: False"
"Facts: Emma is green or yellow
Rules: If someone is green then they are cold. | If someone is yellow then they are cold. | If someone is not young then they are not rough. | If someone is young then they are cold. | If someone is young then they are nice.
Question: Q4: Emma is nice.
Think step by step.","Reasoning: Fact: Emma is green or yellow. Rules 1 & 2 confirm Emma is cold. However, the rule linking 'cold' to 'rough' is missing from the ruleset. Therefore, we cannot infer subsequent traits. Answer: False"
"Facts: Emma is green or yellow. Emma is not cold.
Rules: If someone is green then they are cold. | If someone is yellow then they are cold. | If someone is cold then they are rough. | If someone is not young then they are not rough. | If someone is young then they are cold. | If someone is young then they are nice.
Question: Q1: Emma is cold.
Think step by step.","Reasoning: Fact: Emma is not cold. Rules 1 & 2 state that if Emma is green or yellow, then Emma must be cold. The fact and the rules are in direct contradiction. In such cases, the status is False/Unknown. Answer: False"
"Facts: Emma is green or yellow
Rules: If someone is green then they are cold. | If someone is yellow then they are cold. | If someone is cold then they are rough. | If someone is not young then they are not rough. | If someone is young then they are cold. | If someone is young then they are nice.
Question: Q1: Emma is not cold.
Think step by step.","Reasoning: Fact: Emma is green or yellow. Rule 1 & 2: Colors (green, yellow) imply Emma is cold. Rule 3: Cold implies Emma is rough. Rule 4: Not young implies not rough (Contrapositive: Rough implies young). Rule 5: Young implies Emma is nice. Answer: False"
"Facts: Emma is green or yellow
Rules: If someone is green then they are cold. | If someone is yellow then they are cold. | If someone is cold then they are rough. | If someone is not young then they are not rough. | If someone is young then they are cold. | If someone is young then they are nice.
Question: Q2: Emma is not rough.
Think step by step.","Reasoning: Fact: Emma is green or yellow. Rule 1 & 2: Colors (green, yellow) imply Emma is cold. Rule 3: Cold implies Emma is rough. Rule 4: Not young implies not rough (Contrapositive: Rough implies young). Rule 5: Young implies Emma is nice. Answer: False"
"Facts: Emma is green or yellow
Rules: If someone is green then they are cold. | If someone is yellow then they are cold. | If someone is cold then they are rough. | If someone is not young then they are not rough. | If someone is young then they are cold. | If someone is young then they are nice.
Question: Q3: Emma is mean.
Think step by step.","Reasoning: Fact: Emma is green or yellow. Rule 1 & 2: Colors (green, yellow) imply Emma is cold. Rule 3: Cold implies Emma is rough. Rule 4: Not young implies not rough (Contrapositive: Rough implies young). Rule 5: Young implies Emma is nice. Answer: False"
"Facts: Emma is green or yellow
Rules: If someone is green then they are cold. | If someone is yellow then they are cold. | If someone is cold then they are rough. | If someone is not young then they are not rough. | If someone is young then they are cold. | If someone is young then they are nice.
Question: Q4: Emma is blue.
Think step by step.","Reasoning: Fact: Emma is green or yellow. Rule 1 & 2: Colors (green, yellow) imply Emma is cold. Rule 3: Cold implies Emma is rough. Rule 4: Not young implies not rough (Contrapositive: Rough implies young). Rule 5: Young implies Emma is nice. Answer: False"
"Facts: Emma is green or yellow
Rules: If someone is green then they are cold. | If someone is yellow then they are cold. | If someone is not young then they are not rough. | If someone is young then they are cold. | If someone is young then they are nice.
Question: Q2: Emma is not rough.
Think step by step.","Reasoning: Fact: Emma is green or yellow. Rules 1 & 2 confirm Emma is cold. However, the rule linking 'cold' to 'rough' is missing from the ruleset. Therefore, we cannot infer subsequent traits. Answer: False"
"Facts: Emma is green or yellow. Emma is not cold.
Rules: If someone is green then they are cold. | If someone is yellow then they are cold. | If someone is cold then they are rough. | If someone is not young then they are not rough. | If someone is young then they are cold. | If someone is young then they are nice.
Question: Q1: Emma is not cold.
Think step by step.","Reasoning: Fact: Emma is not cold. Rules 1 & 2 state that if Emma is green or yellow, then Emma must be cold. The fact and the rules are in direct contradiction. In such cases, the status is False/Unknown. Answer: False"
"Facts: Helen is green or yellow
Rules: If someone is green then they are cold. | If someone is yellow then they are cold. | If someone is cold then they are rough. | If someone is not young then they are not rough. | If someone is young then they are cold. | If someone is young then they are nice.
Question: Q1: Helen is cold.
Think step by step.","Reasoning: Fact: Helen is green or yellow. Rule 1 & 2: Colors (green, yellow) imply Helen is cold. Rule 3: Cold implies Helen is rough. Rule 4: Not young implies not rough (Contrapositive: Rough implies young). Rule 5: Young implies Helen is nice. Answer: True"
"Facts: Helen is green or yellow
Rules: If someone is green then they are cold. | If someone is yellow then they are cold. | If someone is cold then they are rough. | If someone is not young then they are not rough. | If someone is young then they are cold. | If someone is young then they are nice.
Question: Q2: Helen is rough.
Think step by step.","Reasoning: Fact: Helen is green or yellow. Rule 1 & 2: Colors (green, yellow) imply Helen is cold. Rule 3: Cold implies Helen is rough. Rule 4: Not young implies not rough (Contrapositive: Rough implies young). Rule 5: Young implies Helen is nice. Answer: True"
"Facts: Helen is green or yellow
Rules: If someone is green then they are cold. | If someone is yellow then they are cold. | If someone is cold then they are rough. | If someone is not young then they are not rough. | If someone is young then they are cold. | If someone is young then they are nice.
Question: Q3: Helen is young.
Think step by step.","Reasoning: Fact: Helen is green or yellow. Rule 1 & 2: Colors (green, yellow) imply Helen is cold. Rule 3: Cold implies Helen is rough. Rule 4: Not young implies not rough (Contrapositive: Rough implies young). Rule 5: Young implies Helen is nice. Answer: True"
"Facts: Helen is green or yellow
Rules: If someone is green then they are cold. | If someone is yellow then they are cold. | If someone is cold then they are rough. | If someone is not young then they are not rough. | If someone is young then they are cold. | If someone is young then they are nice.
Question: Q4: Helen is nice.
Think step by step.","Reasoning: Fact: Helen is green or yellow. Rule 1 & 2: Colors (green, yellow) imply Helen is cold. Rule 3: Cold implies Helen is rough. Rule 4: Not young implies not rough (Contrapositive: Rough implies young). Rule 5: Young implies Helen is nice. Answer: True"
"Facts: Helen is green or yellow
Rules: If someone is green then they are cold. | If someone is yellow then they are cold. | If someone is not young then they are not rough. | If someone is young then they are cold. | If someone is young then they are nice.
Question: Q2: Helen is rough.
Think step by step.","Reasoning: Fact: Helen is green or yellow. Rules 1 & 2 confirm Helen is cold. However, the rule linking 'cold' to 'rough' is missing from the ruleset. Therefore, we cannot infer subsequent traits. Answer: False"
"Facts: Helen is green or yellow
Rules: If someone is green then they are cold. | If someone is yellow then they are cold. | If someone is not young then they are not rough. | If someone is young then they are cold. | If someone is young then they are nice.
Question: Q3: Helen is young.
Think step by step.","Reasoning: Fact: Helen is green or yellow. Rules 1 & 2 confirm Helen is cold. However, the rule linking 'cold' to 'rough' is missing from the ruleset. Therefore, we cannot infer subsequent traits. Answer: False"
"Facts: Helen is green or yellow
Rules: If someone is green then they are cold. | If someone is yellow then they are cold. | If someone is not young then they are not rough. | If someone is young then they are cold. | If someone is young then they are nice.
Question: Q4: Helen is nice.
Think step by step.","Reasoning: Fact: Helen is green or yellow. Rules 1 & 2 confirm Helen is cold. However, the rule linking 'cold' to 'rough' is missing from the ruleset. Therefore, we cannot infer subsequent traits. Answer: False"
"Facts: Helen is green or yellow. Helen is not cold.
Rules: If someone is green then they are cold. | If someone is yellow then they are cold. | If someone is cold then they are rough. | If someone is not young then they are not rough. | If someone is young then they are cold. | If someone is young then they are nice.
Question: Q1: Helen is cold.
Think step by step.","Reasoning: Fact: Helen is not cold. Rules 1 & 2 state that if Helen is green or yellow, then Helen must be cold. The fact and the rules are in direct contradiction. In such cases, the status is False/Unknown. Answer: False"
"Facts: Helen is green or yellow
Rules: If someone is green then they are cold. | If someone is yellow then they are cold. | If someone is cold then they are rough. | If someone is not young then they are not rough. | If someone is young then they are cold. | If someone is young then they are nice.
Question: Q1: Helen is not cold.
Think step by step.","Reasoning: Fact: Helen is green or yellow. Rule 1 & 2: Colors (green, yellow) imply Helen is cold. Rule 3: Cold implies Helen is rough. Rule 4: Not young implies not rough (Contrapositive: Rough implies young). Rule 5: Young implies Helen is nice. Answer: False"
"Facts: Helen is green or yellow
Rules: If someone is green then they are cold. | If someone is yellow then they are cold. | If someone is cold then they are rough. | If someone is not young then they are not rough. | If someone is young then they are cold. | If someone is young then they are nice.
Question: Q2: Helen is not rough.
Think step by step.","Reasoning: Fact: Helen is green or yellow. Rule 1 & 2: Colors (green, yellow) imply Helen is cold. Rule 3: Cold implies Helen is rough. Rule 4: Not young implies not rough (Contrapositive: Rough implies young). Rule 5: Young implies Helen is nice. Answer: False"
"Facts: Helen is green or yellow
Rules: If someone is green then they are cold. | If someone is yellow then they are cold. | If someone is cold then they are rough. | If someone is not young then they are not rough. | If someone is young then they are cold. | If someone is young then they are nice.
Question: Q3: Helen is kind.
Think step by step.","Reasoning: Fact: Helen is green or yellow. Rule 1 & 2: Colors (green, yellow) imply Helen is cold. Rule 3: Cold implies Helen is rough. Rule 4: Not young implies not rough (Contrapositive: Rough implies young). Rule 5: Young implies Helen is nice. Answer: False"
"Facts: Helen is green or yellow
Rules: If someone is green then they are cold. | If someone is yellow then they are cold. | If someone is cold then they are rough. | If someone is not young then they are not rough. | If someone is young then they are cold. | If someone is young then they are nice.
Question: Q4: Helen is red.
Think step by step.","Reasoning: Fact: Helen is green or yellow. Rule 1 & 2: Colors (green, yellow) imply Helen is cold. Rule 3: Cold implies Helen is rough. Rule 4: Not young implies not rough (Contrapositive: Rough implies young). Rule 5: Young implies Helen is nice. Answer: False"
"Facts: Helen is green or yellow
Rules: If someone is green then they are cold. | If someone is yellow then they are cold. | If someone is not young then they are not rough. | If someone is young then they are cold. | If someone is young then they are nice.
Question: Q2: Helen is not rough.
Think step by step.","Reasoning: Fact: Helen is green or yellow. Rules 1 & 2 confirm Helen is cold. However, the rule linking 'cold' to 'rough' is missing from the ruleset. Therefore, we cannot infer subsequent traits. Answer: False"
"Facts: Helen is green or yellow. Helen is not cold.
Rules: If someone is green then they are cold. | If someone is yellow then they are cold. | If someone is cold then they are rough. | If someone is not young then they are not rough. | If someone is young then they are cold. | If someone is young then they are nice.
Question: Q1: Helen is not cold.
Think step by step.","Reasoning: Fact: Helen is not cold. Rules 1 & 2 state that if Helen is green or yellow, then Helen must be cold. The fact and the rules are in direct contradiction. In such cases, the status is False/Unknown. Answer: False"
"Facts: Claire is red or blue
Rules: If someone is red then they are cold. | If someone is blue then they are cold. | If someone is cold then they are rough. | If someone is not young then they are not rough. | If someone is young then they are cold. | If someone is young then they are nice.
Question: Q1: Claire is cold.
Think step by step.","Reasoning: Fact: Claire is red or blue. Rule 1 & 2: Colors (red, blue) imply Claire is cold. Rule 3: Cold implies Claire is rough. Rule 4: Not young implies not rough (Contrapositive: Rough implies young). Rule 5: Young implies Claire is nice. Answer: True"
"Facts: Claire is red or blue
Rules: If someone is red then they are cold. | If someone is blue then they are cold. | If someone is cold then they are rough. | If someone is not young then they are not rough. | If someone is young then they are cold. | If someone is young then they are nice.
Question: Q2: Claire is rough.
Think step by step.","Reasoning: Fact: Claire is red or blue. Rule 1 & 2: Colors (red, blue) imply Claire is cold. Rule 3: Cold implies Claire is rough. Rule 4: Not young implies not rough (Contrapositive: Rough implies young). Rule 5: Young implies Claire is nice. Answer: True"
"Facts: Claire is red or blue
Rules: If someone is red then they are cold. | If someone is blue then they are cold. | If someone is cold then they are rough. | If someone is not young then they are not rough. | If someone is young then they are cold. | If someone is young then they are nice.
Question: Q3: Claire is young.
Think step by step.","Reasoning: Fact: Claire is red or blue. Rule 1 & 2: Colors (red, blue) imply Claire is cold. Rule 3: Cold implies Claire is rough. Rule 4: Not young implies not rough (Contrapositive: Rough implies young). Rule 5: Young implies Claire is nice. Answer: True"
"Facts: Claire is red or blue
Rules: If someone is red then they are cold. | If someone is blue then they are cold. | If someone is cold then they are rough. | If someone is not young then they are not rough. | If someone is young then they are cold. | If someone is young then they are nice.
Question: Q4: Claire is nice.
Think step by step.","Reasoning: Fact: Claire is red or blue. Rule 1 & 2: Colors (red, blue) imply Claire is cold. Rule 3: Cold implies Claire is rough. Rule 4: Not young implies not rough (Contrapositive: Rough implies young). Rule 5: Young implies Claire is nice. Answer: True"
"Facts: Claire is red or blue
Rules: If someone is red then they are cold. | If someone is blue then they are cold. | If someone is not young then they are not rough. | If someone is young then they are cold. | If someone is young then they are nice.
Question: Q2: Claire is rough.
Think step by step.","Reasoning: Fact: Claire is red or blue. Rules 1 & 2 confirm Claire is cold. However, the rule linking 'cold' to 'rough' is missing from the ruleset. Therefore, we cannot infer subsequent traits. Answer: False"
"Facts: Claire is red or blue
Rules: If someone is red then they are cold. | If someone is blue then they are cold. | If someone is not young then they are not rough. | If someone is young then they are cold. | If someone is young then they are nice.
Question: Q3: Claire is young.
Think step by step.","Reasoning: Fact: Claire is red or blue. Rules 1 & 2 confirm Claire is cold. However, the rule linking 'cold' to 'rough' is missing from the ruleset. Therefore, we cannot infer subsequent traits. Answer: False"
"Facts: Claire is red or blue
Rules: If someone is red then they are cold. | If someone is blue then they are cold. | If someone is not young then they are not rough. | If someone is young then they are cold. | If someone is young then they are nice.
Question: Q4: Claire is nice.
Think step by step.","Reasoning: Fact: Claire is red or blue. Rules 1 & 2 confirm Claire is cold. However, the rule linking 'cold' to 'rough' is missing from the ruleset. Therefore, we cannot infer subsequent traits. Answer: False"
"Facts: Claire is red or blue. Claire is not cold.
Rules: If someone is red then they are cold. | If someone is blue then they are cold. | If someone is cold then they are rough. | If someone is not young then they are not rough. | If someone is young then they are cold. | If someone is young then they are nice.
Question: Q1: Claire is cold.
Think step by step.","Reasoning: Fact: Claire is not cold. Rules 1 & 2 state that if Claire is red or blue, then Claire must be cold. The fact and the rules are in direct contradiction. In such cases, the status is False/Unknown. Answer: False"
"Facts: Claire is red or blue
Rules: If someone is red then they are cold. | If someone is blue then they are cold. | If someone is cold then they are rough. | If someone is not young then they are not rough. | If someone is young then they are cold. | If someone is young then they are nice.
Question: Q1: Claire is not cold.
Think step by step.","Reasoning: Fact: Claire is red or blue. Rule 1 & 2: Colors (red, blue) imply Claire is cold. Rule 3: Cold implies Claire is rough. Rule 4: Not young implies not rough (Contrapositive: Rough implies young). Rule 5: Young implies Claire is nice. Answer: False"
"Facts: Claire is red or blue
Rules: If someone is red then they are cold. | If someone is blue then they are cold. | If someone is cold then they are rough. | If someone is not young then they are not rough. | If someone is young then they are cold. | If someone is young then they are nice.
Question: Q2: Claire is not rough.
Think step by step.","Reasoning: Fact: Claire is red or blue. Rule 1 & 2: Colors (red, blue) imply Claire is cold. Rule 3: Cold implies Claire is rough. Rule 4: Not young implies not rough (Contrapositive: Rough implies young). Rule 5: Young implies Claire is nice. Answer: False"
"Facts: Claire is red or blue
Rules: If someone is red then they are cold. | If someone is blue then they are cold. | If someone is cold then they are rough. | If someone is not young then they are not rough. | If someone is young then they are cold. | If someone is young then they are nice.
Question: Q3: Claire is sad.
Think step by step.","Reasoning: Fact: Claire is red or blue. Rule 1 & 2: Colors (red, blue) imply Claire is cold. Rule 3: Cold implies Claire is rough. Rule 4: Not young implies not rough (Contrapositive: Rough implies young). Rule 5: Young implies Claire is nice. Answer: False"
"Facts: Claire is red or blue
Rules: If someone is red then they are cold. | If someone is blue then they are cold. | If someone is cold then they are rough. | If someone is not young then they are not rough. | If someone is young then they are cold. | If someone is young then they are nice.
Question: Q4: Claire is yellow.
Think step by step.","Reasoning: Fact: Claire is red or blue. Rule 1 & 2: Colors (red, blue) imply Claire is cold. Rule 3: Cold implies Claire is rough. Rule 4: Not young implies not rough (Contrapositive: Rough implies young). Rule 5: Young implies Claire is nice. Answer: False"
"Facts: Claire is red or blue
Rules: If someone is red then they are cold. | If someone is blue then they are cold. | If someone is not young then they are not rough. | If someone is young then they are cold. | If someone is young then they are nice.
Question: Q2: Claire is not rough.
Think step by step.","Reasoning: Fact: Claire is red or blue. Rules 1 & 2 confirm Claire is cold. However, the rule linking 'cold' to 'rough' is missing from the ruleset. Therefore, we cannot infer subsequent traits. Answer: False"
"Facts: Claire is red or blue. Claire is not cold.
Rules: If someone is red then they are cold. | If someone is blue then they are cold. | If someone is cold then they are rough. | If someone is not young then they are not rough. | If someone is young then they are cold. | If someone is young then they are nice.
Question: Q1: Claire is not cold.
Think step by step.","Reasoning: Fact: Claire is not cold. Rules 1 & 2 state that if Claire is red or blue, then Claire must be cold. The fact and the rules are in direct contradiction. In such cases, the status is False/Unknown. Answer: False"
"Facts: Frank is red or green
Rules: If someone is red then they are cold. | If someone is green then they are cold. | If someone is cold then they are rough. | If someone is not young then they are not rough. | If someone is young then they are cold. | If someone is young then they are nice.
Question: Q1: Frank is cold.
Think step by step.","Reasoning: Fact: Frank is red or green. Rule 1 & 2: Colors (red, green) imply Frank is cold. Rule 3: Cold implies Frank is rough. Rule 4: Not young implies not rough (Contrapositive: Rough implies young). Rule 5: Young implies Frank is nice. Answer: True"
"Facts: Frank is red or green
Rules: If someone is red then they are cold. | If someone is green then they are cold. | If someone is cold then they are rough. | If someone is not young then they are not rough. | If someone is young then they are cold. | If someone is young then they are nice.
Question: Q2: Frank is rough.
Think step by step.","Reasoning: Fact: Frank is red or green. Rule 1 & 2: Colors (red, green) imply Frank is cold. Rule 3: Cold implies Frank is rough. Rule 4: Not young implies not rough (Contrapositive: Rough implies young). Rule 5: Young implies Frank is nice. Answer: True"
"Facts: Frank is red or green
Rules: If someone is red then they are cold. | If someone is green then they are cold. | If someone is cold then they are rough. | If someone is not young then they are not rough. | If someone is young then they are cold. | If someone is young then they are nice.
Question: Q3: Frank is young.
Think step by step.","Reasoning: Fact: Frank is red or green. Rule 1 & 2: Colors (red, green) imply Frank is cold. Rule 3: Cold implies Frank is rough. Rule 4: Not young implies not rough (Contrapositive: Rough implies young). Rule 5: Young implies Frank is nice. Answer: True"
"Facts: Frank is red or green
Rules: If someone is red then they are cold. | If someone is green then they are cold. | If someone is cold then they are rough. | If someone is not young then they are not rough. | If someone is young then they are cold. | If someone is young then they are nice.
Question: Q4: Frank is nice.
Think step by step.","Reasoning: Fact: Frank is red or green. Rule 1 & 2: Colors (red, green) imply Frank is cold. Rule 3: Cold implies Frank is rough. Rule 4: Not young implies not rough (Contrapositive: Rough implies young). Rule 5: Young implies Frank is nice. Answer: True"
"Facts: Frank is red or green
Rules: If someone is red then they are cold. | If someone is green then they are cold. | If someone is not young then they are not rough. | If someone is young then they are cold. | If someone is young then they are nice.
Question: Q2: Frank is rough.
Think step by step.","Reasoning: Fact: Frank is red or green. Rules 1 & 2 confirm Frank is cold. However, the rule linking 'cold' to 'rough' is missing from the ruleset. Therefore, we cannot infer subsequent traits. Answer: False"
"Facts: Frank is red or green
Rules: If someone is red then they are cold. | If someone is green then they are cold. | If someone is not young then they are not rough. | If someone is young then they are cold. | If someone is young then they are nice.
Question: Q3: Frank is young.
Think step by step.","Reasoning: Fact: Frank is red or green. Rules 1 & 2 confirm Frank is cold. However, the rule linking 'cold' to 'rough' is missing from the ruleset. Therefore, we cannot infer subsequent traits. Answer: False"
"Facts: Frank is red or green
Rules: If someone is red then they are cold. | If someone is green then they are cold. | If someone is not young then they are not rough. | If someone is young then they are cold. | If someone is young then they are nice.
Question: Q4: Frank is nice.
Think step by step.","Reasoning: Fact: Frank is red or green. Rules 1 & 2 confirm Frank is cold. However, the rule linking 'cold' to 'rough' is missing from the ruleset. Therefore, we cannot infer subsequent traits. Answer: False"
"Facts: Frank is red or green. Frank is not cold.
Rules: If someone is red then they are cold. | If someone is green then they are cold. | If someone is cold then they are rough. | If someone is not young then they are not rough. | If someone is young then they are cold. | If someone is young then they are nice.
Question: Q1: Frank is cold.
Think step by step.","Reasoning: Fact: Frank is not cold. Rules 1 & 2 state that if Frank is red or green, then Frank must be cold. The fact and the rules are in direct contradiction. In such cases, the status is False/Unknown. Answer: False"
"Facts: Frank is red or green
Rules: If someone is red then they are cold. | If someone is green then they are cold. | If someone is cold then they are rough. | If someone is not young then they are not rough. | If someone is young then they are cold. | If someone is young then they are nice.
Question: Q1: Frank is not cold.
Think step by step.","Reasoning: Fact: Frank is red or green. Rule 1 & 2: Colors (red, green) imply Frank is cold. Rule 3: Cold implies Frank is rough. Rule 4: Not young implies not rough (Contrapositive: Rough implies young). Rule 5: Young implies Frank is nice. Answer: False"
"Facts: Frank is red or green
Rules: If someone is red then they are cold. | If someone is green then they are cold. | If someone is cold then they are rough. | If someone is not young then they are not rough. | If someone is young then they are cold. | If someone is young then they are nice.
Question: Q2: Frank is not rough.
Think step by step.","Reasoning: Fact: Frank is red or green. Rule 1 & 2: Colors (red, green) imply Frank is cold. Rule 3: Cold implies Frank is rough. Rule 4: Not young implies not rough (Contrapositive: Rough implies young). Rule 5: Young implies Frank is nice. Answer: False"
"Facts: Frank is red or green
Rules: If someone is red then they are cold. | If someone is green then they are cold. | If someone is cold then they are rough. | If someone is not young then they are not rough. | If someone is young then they are cold. | If someone is young then they are nice.
Question: Q3: Frank is tall.
Think step by step.","Reasoning: Fact: Frank is red or green. Rule 1 & 2: Colors (red, green) imply Frank is cold. Rule 3: Cold implies Frank is rough. Rule 4: Not young implies not rough (Contrapositive: Rough implies young). Rule 5: Young implies Frank is nice. Answer: False"
"Facts: Frank is red or green
Rules: If someone is red then they are cold. | If someone is green then they are cold. | If someone is cold then they are rough. | If someone is not young then they are not rough. | If someone is young then they are cold. | If someone is young then they are nice.
Question: Q4: Frank is yellow.
Think step by step.","Reasoning: Fact: Frank is red or green. Rule 1 & 2: Colors (red, green) imply Frank is cold. Rule 3: Cold implies Frank is rough. Rule 4: Not young implies not rough (Contrapositive: Rough implies young). Rule 5: Young implies Frank is nice. Answer: False"
"Facts: Frank is red or green
Rules: If someone is red then they are cold. | If someone is green then they are cold. | If someone is not young then they are not rough. | If someone is young then they are cold. | If someone is young then they are nice.
Question: Q2: Frank is not rough.
Think step by step.","Reasoning: Fact: Frank is red or green. Rules 1 & 2 confirm Frank is cold. However, the rule linking 'cold' to 'rough' is missing from the ruleset. Therefore, we cannot infer subsequent traits. Answer: False"
"Facts: Frank is red or green. Frank is not cold.
Rules: If someone is red then they are cold. | If someone is green then they are cold. | If someone is cold then they are rough. | If someone is not young then they are not rough. | If someone is young then they are cold. | If someone is young then they are nice.
Question: Q1: Frank is not cold.
Think step by step.","Reasoning: Fact: Frank is not cold. Rules 1 & 2 state that if Frank is red or green, then Frank must be cold. The fact and the rules are in direct contradiction. In such cases, the status is False/Unknown. Answer: False"
"Facts: Bob is green or red
Rules: If someone is green then they are cold. | If someone is red then they are cold. | If someone is cold then they are rough. | If someone is not young then they are not rough. | If someone is young then they are cold. | If someone is young then they are nice.
Question: Q1: Bob is cold.
Think step by step.","Reasoning: Fact: Bob is green or red. Rule 1 & 2: Colors (green, red) imply Bob is cold. Rule 3: Cold implies Bob is rough. Rule 4: Not young implies not rough (Contrapositive: Rough implies young). Rule 5: Young implies Bob is nice. Answer: True"
"Facts: Bob is green or red
Rules: If someone is green then they are cold. | If someone is red then they are cold. | If someone is cold then they are rough. | If someone is not young then they are not rough. | If someone is young then they are cold. | If someone is young then they are nice.
Question: Q2: Bob is rough.
Think step by step.","Reasoning: Fact: Bob is green or red. Rule 1 & 2: Colors (green, red) imply Bob is cold. Rule 3: Cold implies Bob is rough. Rule 4: Not young implies not rough (Contrapositive: Rough implies young). Rule 5: Young implies Bob is nice. Answer: True"
"Facts: Bob is green or red
Rules: If someone is green then they are cold. | If someone is red then they are cold. | If someone is cold then they are rough. | If someone is not young then they are not rough. | If someone is young then they are cold. | If someone is young then they are nice.
Question: Q3: Bob is young.
Think step by step.","Reasoning: Fact: Bob is green or red. Rule 1 & 2: Colors (green, red) imply Bob is cold. Rule 3: Cold implies Bob is rough. Rule 4: Not young implies not rough (Contrapositive: Rough implies young). Rule 5: Young implies Bob is nice. Answer: True"
"Facts: Bob is green or red
Rules: If someone is green then they are cold. | If someone is red then they are cold. | If someone is cold then they are rough. | If someone is not young then they are not rough. | If someone is young then they are cold. | If someone is young then they are nice.
Question: Q4: Bob is nice.
Think step by step.","Reasoning: Fact: Bob is green or red. Rule 1 & 2: Colors (green, red) imply Bob is cold. Rule 3: Cold implies Bob is rough. Rule 4: Not young implies not rough (Contrapositive: Rough implies young). Rule 5: Young implies Bob is nice. Answer: True"
"Facts: Bob is green or red
Rules: If someone is green then they are cold. | If someone is red then they are cold. | If someone is not young then they are not rough. | If someone is young then they are cold. | If someone is young then they are nice.
Question: Q2: Bob is rough.
Think step by step.","Reasoning: Fact: Bob is green or red. Rules 1 & 2 confirm Bob is cold. However, the rule linking 'cold' to 'rough' is missing from the ruleset. Therefore, we cannot infer subsequent traits. Answer: False"
"Facts: Bob is green or red
Rules: If someone is green then they are cold. | If someone is red then they are cold. | If someone is not young then they are not rough. | If someone is young then they are cold. | If someone is young then they are nice.
Question: Q3: Bob is young.
Think step by step.","Reasoning: Fact: Bob is green or red. Rules 1 & 2 confirm Bob is cold. However, the rule linking 'cold' to 'rough' is missing from the ruleset. Therefore, we cannot infer subsequent traits. Answer: False"
"Facts: Bob is green or red
Rules: If someone is green then they are cold. | If someone is red then they are cold. | If someone is not young then they are not rough. | If someone is young then they are cold. | If someone is young then they are nice.
Question: Q4: Bob is nice.
Think step by step.","Reasoning: Fact: Bob is green or red. Rules 1 & 2 confirm Bob is cold. However, the rule linking 'cold' to 'rough' is missing from the ruleset. Therefore, we cannot infer subsequent traits. Answer: False"
"Facts: Bob is green or red. Bob is not cold.
Rules: If someone is green then they are cold. | If someone is red then they are cold. | If someone is cold then they are rough. | If someone is not young then they are not rough. | If someone is young then they are cold. | If someone is young then they are nice.
Question: Q1: Bob is cold.
Think step by step.","Reasoning: Fact: Bob is not cold. Rules 1 & 2 state that if Bob is green or red, then Bob must be cold. The fact and the rules are in direct contradiction. In such cases, the status is False/Unknown. Answer: False"
"Facts: Bob is green or red
Rules: If someone is green then they are cold. | If someone is red then they are cold. | If someone is cold then they are rough. | If someone is not young then they are not rough. | If someone is young then they are cold. | If someone is young then they are nice.
Question: Q1: Bob is not cold.
Think step by step.","Reasoning: Fact: Bob is green or red. Rule 1 & 2: Colors (green, red) imply Bob is cold. Rule 3: Cold implies Bob is rough. Rule 4: Not young implies not rough (Contrapositive: Rough implies young). Rule 5: Young implies Bob is nice. Answer: False"
"Facts: Bob is green or red
Rules: If someone is green then they are cold. | If someone is red then they are cold. | If someone is cold then they are rough. | If someone is not young then they are not rough. | If someone is young then they are cold. | If someone is young then they are nice.
Question: Q2: Bob is not rough.
Think step by step.","Reasoning: Fact: Bob is green or red. Rule 1 & 2: Colors (green, red) imply Bob is cold. Rule 3: Cold implies Bob is rough. Rule 4: Not young implies not rough (Contrapositive: Rough implies young). Rule 5: Young implies Bob is nice. Answer: False"
"Facts: Bob is green or red
Rules: If someone is green then they are cold. | If someone is red then they are cold. | If someone is cold then they are rough. | If someone is not young then they are not rough. | If someone is young then they are cold. | If someone is young then they are nice.
Question: Q3: Bob is mean.
Think step by step.","Reasoning: Fact: Bob is green or red. Rule 1 & 2: Colors (green, red) imply Bob is cold. Rule 3: Cold implies Bob is rough. Rule 4: Not young implies not rough (Contrapositive: Rough implies young). Rule 5: Young implies Bob is nice. Answer: False"
"Facts: Bob is green or red
Rules: If someone is green then they are cold. | If someone is red then they are cold. | If someone is cold then they are rough. | If someone is not young then they are not rough. | If someone is young then they are cold. | If someone is young then they are nice.
Question: Q4: Bob is yellow.
Think step by step.","Reasoning: Fact: Bob is green or red. Rule 1 & 2: Colors (green, red) imply Bob is cold. Rule 3: Cold implies Bob is rough. Rule 4: Not young implies not rough (Contrapositive: Rough implies young). Rule 5: Young implies Bob is nice. Answer: False"
"Facts: Bob is green or red
Rules: If someone is green then they are cold. | If someone is red then they are cold. | If someone is not young then they are not rough. | If someone is young then they are cold. | If someone is young then they are nice.
Question: Q2: Bob is not rough.
Think step by step.","Reasoning: Fact: Bob is green or red. Rules 1 & 2 confirm Bob is cold. However, the rule linking 'cold' to 'rough' is missing from the ruleset. Therefore, we cannot infer subsequent traits. Answer: False"
"Facts: Bob is green or red. Bob is not cold.
Rules: If someone is green then they are cold. | If someone is red then they are cold. | If someone is cold then they are rough. | If someone is not young then they are not rough. | If someone is young then they are cold. | If someone is young then they are nice.
Question: Q1: Bob is not cold.
Think step by step.","Reasoning: Fact: Bob is not cold. Rules 1 & 2 state that if Bob is green or red, then Bob must be cold. The fact and the rules are in direct contradiction. In such cases, the status is False/Unknown. Answer: False"
"Facts: David is green or blue
Rules: If someone is green then they are cold. | If someone is blue then they are cold. | If someone is cold then they are rough. | If someone is not young then they are not rough. | If someone is young then they are cold. | If someone is young then they are nice.
Question: Q1: David is cold.
Think step by step.","Reasoning: Fact: David is green or blue. Rule 1 & 2: Colors (green, blue) imply David is cold. Rule 3: Cold implies David is rough. Rule 4: Not young implies not rough (Contrapositive: Rough implies young). Rule 5: Young implies David is nice. Answer: True"
"Facts: David is green or blue
Rules: If someone is green then they are cold. | If someone is blue then they are cold. | If someone is cold then they are rough. | If someone is not young then they are not rough. | If someone is young then they are cold. | If someone is young then they are nice.
Question: Q2: David is rough.
Think step by step.","Reasoning: Fact: David is green or blue. Rule 1 & 2: Colors (green, blue) imply David is cold. Rule 3: Cold implies David is rough. Rule 4: Not young implies not rough (Contrapositive: Rough implies young). Rule 5: Young implies David is nice. Answer: True"
"Facts: David is green or blue
Rules: If someone is green then they are cold. | If someone is blue then they are cold. | If someone is cold then they are rough. | If someone is not young then they are not rough. | If someone is young then they are cold. | If someone is young then they are nice.
Question: Q3: David is young.
Think step by step.","Reasoning: Fact: David is green or blue. Rule 1 & 2: Colors (green, blue) imply David is cold. Rule 3: Cold implies David is rough. Rule 4: Not young implies not rough (Contrapositive: Rough implies young). Rule 5: Young implies David is nice. Answer: True"
"Facts: David is green or blue
Rules: If someone is green then they are cold. | If someone is blue then they are cold. | If someone is cold then they are rough. | If someone is not young then they are not rough. | If someone is young then they are cold. | If someone is young then they are nice.
Question: Q4: David is nice.
Think step by step.","Reasoning: Fact: David is green or blue. Rule 1 & 2: Colors (green, blue) imply David is cold. Rule 3: Cold implies David is rough. Rule 4: Not young implies not rough (Contrapositive: Rough implies young). Rule 5: Young implies David is nice. Answer: True"
"Facts: David is green or blue
Rules: If someone is green then they are cold. | If someone is blue then they are cold. | If someone is not young then they are not rough. | If someone is young then they are cold. | If someone is young then they are nice.
Question: Q2: David is rough.
Think step by step.","Reasoning: Fact: David is green or blue. Rules 1 & 2 confirm David is cold. However, the rule linking 'cold' to 'rough' is missing from the ruleset. Therefore, we cannot infer subsequent traits. Answer: False"
"Facts: David is green or blue
Rules: If someone is green then they are cold. | If someone is blue then they are cold. | If someone is not young then they are not rough. | If someone is young then they are cold. | If someone is young then they are nice.
Question: Q3: David is young.
Think step by step.","Reasoning: Fact: David is green or blue. Rules 1 & 2 confirm David is cold. However, the rule linking 'cold' to 'rough' is missing from the ruleset. Therefore, we cannot infer subsequent traits. Answer: False"
"Facts: David is green or blue
Rules: If someone is green then they are cold. | If someone is blue then they are cold. | If someone is not young then they are not rough. | If someone is young then they are cold. | If someone is young then they are nice.
Question: Q4: David is nice.
Think step by step.","Reasoning: Fact: David is green or blue. Rules 1 & 2 confirm David is cold. However, the rule linking 'cold' to 'rough' is missing from the ruleset. Therefore, we cannot infer subsequent traits. Answer: False"
"Facts: David is green or blue. David is not cold.
Rules: If someone is green then they are cold. | If someone is blue then they are cold. | If someone is cold then they are rough. | If someone is not young then they are not rough. | If someone is young then they are cold. | If someone is young then they are nice.
Question: Q1: David is cold.
Think step by step.","Reasoning: Fact: David is not cold. Rules 1 & 2 state that if David is green or blue, then David must be cold. The fact and the rules are in direct contradiction. In such cases, the status is False/Unknown. Answer: False"
"Facts: David is green or blue
Rules: If someone is green then they are cold. | If someone is blue then they are cold. | If someone is cold then they are rough. | If someone is not young then they are not rough. | If someone is young then they are cold. | If someone is young then they are nice.
Question: Q1: David is not cold.
Think step by step.","Reasoning: Fact: David is green or blue. Rule 1 & 2: Colors (green, blue) imply David is cold. Rule 3: Cold implies David is rough. Rule 4: Not young implies not rough (Contrapositive: Rough implies young). Rule 5: Young implies David is nice. Answer: False"
"Facts: David is green or blue
Rules: If someone is green then they are cold. | If someone is blue then they are cold. | If someone is cold then they are rough. | If someone is not young then they are not rough. | If someone is young then they are cold. | If someone is young then they are nice.
Question: Q2: David is not rough.
Think step by step.","Reasoning: Fact: David is green or blue. Rule 1 & 2: Colors (green, blue) imply David is cold. Rule 3: Cold implies David is rough. Rule 4: Not young implies not rough (Contrapositive: Rough implies young). Rule 5: Young implies David is nice. Answer: False"
"Facts: David is green or blue
Rules: If someone is green then they are cold. | If someone is blue then they are cold. | If someone is cold then they are rough. | If someone is not young then they are not rough. | If someone is young then they are cold. | If someone is young then they are nice.
Question: Q3: David is mean.
Think step by step.","Reasoning: Fact: David is green or blue. Rule 1 & 2: Colors (green, blue) imply David is cold. Rule 3: Cold implies David is rough. Rule 4: Not young implies not rough (Contrapositive: Rough implies young). Rule 5: Young implies David is nice. Answer: False"
"Facts: David is green or blue
Rules: If someone is green then they are cold. | If someone is blue then they are cold. | If someone is cold then they are rough. | If someone is not young then they are not rough. | If someone is young then they are cold. | If someone is young then they are nice.
Question: Q4: David is red.
Think step by step.","Reasoning: Fact: David is green or blue. Rule 1 & 2: Colors (green, blue) imply David is cold. Rule 3: Cold implies David is rough. Rule 4: Not young implies not rough (Contrapositive: Rough implies young). Rule 5: Young implies David is nice. Answer: False"
"Facts: David is green or blue
Rules: If someone is green then they are cold. | If someone is blue then they are cold. | If someone is not young then they are not rough. | If someone is young then they are cold. | If someone is young then they are nice.
Question: Q2: David is not rough.
Think step by step.","Reasoning: Fact: David is green or blue. Rules 1 & 2 confirm David is cold. However, the rule linking 'cold' to 'rough' is missing from the ruleset. Therefore, we cannot infer subsequent traits. Answer: False"
"Facts: David is green or blue. David is not cold.
Rules: If someone is green then they are cold. | If someone is blue then they are cold. | If someone is cold then they are rough. | If someone is not young then they are not rough. | If someone is young then they are cold. | If someone is young then they are nice.
Question: Q1: David is not cold.
Think step by step.","Reasoning: Fact: David is not cold. Rules 1 & 2 state that if David is green or blue, then David must be cold. The fact and the rules are in direct contradiction. In such cases, the status is False/Unknown. Answer: False"
"Facts: Claire is blue or yellow
Rules: If someone is blue then they are cold. | If someone is yellow then they are cold. | If someone is cold then they are rough. | If someone is not young then they are not rough. | If someone is young then they are cold. | If someone is young then they are nice.
Question: Q1: Claire is cold.
Think step by step.","Reasoning: Fact: Claire is blue or yellow. Rule 1 & 2: Colors (blue, yellow) imply Claire is cold. Rule 3: Cold implies Claire is rough. Rule 4: Not young implies not rough (Contrapositive: Rough implies young). Rule 5: Young implies Claire is nice. Answer: True"
"Facts: Claire is blue or yellow
Rules: If someone is blue then they are cold. | If someone is yellow then they are cold. | If someone is cold then they are rough. | If someone is not young then they are not rough. | If someone is young then they are cold. | If someone is young then they are nice.
Question: Q2: Claire is rough.
Think step by step.","Reasoning: Fact: Claire is blue or yellow. Rule 1 & 2: Colors (blue, yellow) imply Claire is cold. Rule 3: Cold implies Claire is rough. Rule 4: Not young implies not rough (Contrapositive: Rough implies young). Rule 5: Young implies Claire is nice. Answer: True"
"Facts: Claire is blue or yellow
Rules: If someone is blue then they are cold. | If someone is yellow then they are cold. | If someone is cold then they are rough. | If someone is not young then they are not rough. | If someone is young then they are cold. | If someone is young then they are nice.
Question: Q3: Claire is young.
Think step by step.","Reasoning: Fact: Claire is blue or yellow. Rule 1 & 2: Colors (blue, yellow) imply Claire is cold. Rule 3: Cold implies Claire is rough. Rule 4: Not young implies not rough (Contrapositive: Rough implies young). Rule 5: Young implies Claire is nice. Answer: True"
"Facts: Claire is blue or yellow
Rules: If someone is blue then they are cold. | If someone is yellow then they are cold. | If someone is cold then they are rough. | If someone is not young then they are not rough. | If someone is young then they are cold. | If someone is young then they are nice.
Question: Q4: Claire is nice.
Think step by step.","Reasoning: Fact: Claire is blue or yellow. Rule 1 & 2: Colors (blue, yellow) imply Claire is cold. Rule 3: Cold implies Claire is rough. Rule 4: Not young implies not rough (Contrapositive: Rough implies young). Rule 5: Young implies Claire is nice. Answer: True"
"Facts: Claire is blue or yellow
Rules: If someone is blue then they are cold. | If someone is yellow then they are cold. | If someone is not young then they are not rough. | If someone is young then they are cold. | If someone is young then they are nice.
Question: Q2: Claire is rough.
Think step by step.","Reasoning: Fact: Claire is blue or yellow. Rules 1 & 2 confirm Claire is cold. However, the rule linking 'cold' to 'rough' is missing from the ruleset. Therefore, we cannot infer subsequent traits. Answer: False"
"Facts: Claire is blue or yellow
Rules: If someone is blue then they are cold. | If someone is yellow then they are cold. | If someone is not young then they are not rough. | If someone is young then they are cold. | If someone is young then they are nice.
Question: Q3: Claire is young.
Think step by step.","Reasoning: Fact: Claire is blue or yellow. Rules 1 & 2 confirm Claire is cold. However, the rule linking 'cold' to 'rough' is missing from the ruleset. Therefore, we cannot infer subsequent traits. Answer: False"
"Facts: Claire is blue or yellow
Rules: If someone is blue then they are cold. | If someone is yellow then they are cold. | If someone is not young then they are not rough. | If someone is young then they are cold. | If someone is young then they are nice.
Question: Q4: Claire is nice.
Think step by step.","Reasoning: Fact: Claire is blue or yellow. Rules 1 & 2 confirm Claire is cold. However, the rule linking 'cold' to 'rough' is missing from the ruleset. Therefore, we cannot infer subsequent traits. Answer: False"
"Facts: Claire is blue or yellow. Claire is not cold.
Rules: If someone is blue then they are cold. | If someone is yellow then they are cold. | If someone is cold then they are rough. | If someone is not young then they are not rough. | If someone is young then they are cold. | If someone is young then they are nice.
Question: Q1: Claire is cold.
Think step by step.","Reasoning: Fact: Claire is not cold. Rules 1 & 2 state that if Claire is blue or yellow, then Claire must be cold. The fact and the rules are in direct contradiction. In such cases, the status is False/Unknown. Answer: False"
"Facts: Claire is blue or yellow
Rules: If someone is blue then they are cold. | If someone is yellow then they are cold. | If someone is cold then they are rough. | If someone is not young then they are not rough. | If someone is young then they are cold. | If someone is young then they are nice.
Question: Q1: Claire is not cold.
Think step by step.","Reasoning: Fact: Claire is blue or yellow. Rule 1 & 2: Colors (blue, yellow) imply Claire is cold. Rule 3: Cold implies Claire is rough. Rule 4: Not young implies not rough (Contrapositive: Rough implies young). Rule 5: Young implies Claire is nice. Answer: False"
"Facts: Claire is blue or yellow
Rules: If someone is blue then they are cold. | If someone is yellow then they are cold. | If someone is cold then they are rough. | If someone is not young then they are not rough. | If someone is young then they are cold. | If someone is young then they are nice.
Question: Q2: Claire is not rough.
Think step by step.","Reasoning: Fact: Claire is blue or yellow. Rule 1 & 2: Colors (blue, yellow) imply Claire is cold. Rule 3: Cold implies Claire is rough. Rule 4: Not young implies not rough (Contrapositive: Rough implies young). Rule 5: Young implies Claire is nice. Answer: False"
"Facts: Claire is blue or yellow
Rules: If someone is blue then they are cold. | If someone is yellow then they are cold. | If someone is cold then they are rough. | If someone is not young then they are not rough. | If someone is young then they are cold. | If someone is young then they are nice.
Question: Q3: Claire is tall.
Think step by step.","Reasoning: Fact: Claire is blue or yellow. Rule 1 & 2: Colors (blue, yellow) imply Claire is cold. Rule 3: Cold implies Claire is rough. Rule 4: Not young implies not rough (Contrapositive: Rough implies young). Rule 5: Young implies Claire is nice. Answer: False"
"Facts: Claire is blue or yellow
Rules: If someone is blue then they are cold. | If someone is yellow then they are cold. | If someone is cold then they are rough. | If someone is not young then they are not rough. | If someone is young then they are cold. | If someone is young then they are nice.
Question: Q4: Claire is red.
Think step by step.","Reasoning: Fact: Claire is blue or yellow. Rule 1 & 2: Colors (blue, yellow) imply Claire is cold. Rule 3: Cold implies Claire is rough. Rule 4: Not young implies not rough (Contrapositive: Rough implies young). Rule 5: Young implies Claire is nice. Answer: False"
"Facts: Claire is blue or yellow
Rules: If someone is blue then they are cold. | If someone is yellow then they are cold. | If someone is not young then they are not rough. | If someone is young then they are cold. | If someone is young then they are nice.
Question: Q2: Claire is not rough.
Think step by step.","Reasoning: Fact: Claire is blue or yellow. Rules 1 & 2 confirm Claire is cold. However, the rule linking 'cold' to 'rough' is missing from the ruleset. Therefore, we cannot infer subsequent traits. Answer: False"
"Facts: Claire is blue or yellow. Claire is not cold.
Rules: If someone is blue then they are cold. | If someone is yellow then they are cold. | If someone is cold then they are rough. | If someone is not young then they are not rough. | If someone is young then they are cold. | If someone is young then they are nice.
Question: Q1: Claire is not cold.
Think step by step.","Reasoning: Fact: Claire is not cold. Rules 1 & 2 state that if Claire is blue or yellow, then Claire must be cold. The fact and the rules are in direct contradiction. In such cases, the status is False/Unknown. Answer: False"
"Facts: Claire is green or yellow
Rules: If someone is green then they are cold. | If someone is yellow then they are cold. | If someone is cold then they are rough. | If someone is not young then they are not rough. | If someone is young then they are cold. | If someone is young then they are nice.
Question: Q1: Claire is cold.
Think step by step.","Reasoning: Fact: Claire is green or yellow. Rule 1 & 2: Colors (green, yellow) imply Claire is cold. Rule 3: Cold implies Claire is rough. Rule 4: Not young implies not rough (Contrapositive: Rough implies young). Rule 5: Young implies Claire is nice. Answer: True"
"Facts: Claire is green or yellow
Rules: If someone is green then they are cold. | If someone is yellow then they are cold. | If someone is cold then they are rough. | If someone is not young then they are not rough. | If someone is young then they are cold. | If someone is young then they are nice.
Question: Q2: Claire is rough.
Think step by step.","Reasoning: Fact: Claire is green or yellow. Rule 1 & 2: Colors (green, yellow) imply Claire is cold. Rule 3: Cold implies Claire is rough. Rule 4: Not young implies not rough (Contrapositive: Rough implies young). Rule 5: Young implies Claire is nice. Answer: True"
"Facts: Claire is green or yellow
Rules: If someone is green then they are cold. | If someone is yellow then they are cold. | If someone is cold then they are rough. | If someone is not young then they are not rough. | If someone is young then they are cold. | If someone is young then they are nice.
Question: Q3: Claire is young.
Think step by step.","Reasoning: Fact: Claire is green or yellow. Rule 1 & 2: Colors (green, yellow) imply Claire is cold. Rule 3: Cold implies Claire is rough. Rule 4: Not young implies not rough (Contrapositive: Rough implies young). Rule 5: Young implies Claire is nice. Answer: True"
"Facts: Claire is green or yellow
Rules: If someone is green then they are cold. | If someone is yellow then they are cold. | If someone is cold then they are rough. | If someone is not young then they are not rough. | If someone is young then they are cold. | If someone is young then they are nice.
Question: Q4: Claire is nice.
Think step by step.","Reasoning: Fact: Claire is green or yellow. Rule 1 & 2: Colors (green, yellow) imply Claire is cold. Rule 3: Cold implies Claire is rough. Rule 4: Not young implies not rough (Contrapositive: Rough implies young). Rule 5: Young implies Claire is nice. Answer: True"
"Facts: Claire is green or yellow
Rules: If someone is green then they are cold. | If someone is yellow then they are cold. | If someone is not young then they are not rough. | If someone is young then they are cold. | If someone is young then they are nice.
Question: Q2: Claire is rough.
Think step by step.","Reasoning: Fact: Claire is green or yellow. Rules 1 & 2 confirm Claire is cold. However, the rule linking 'cold' to 'rough' is missing from the ruleset. Therefore, we cannot infer subsequent traits. Answer: False"
"Facts: Claire is green or yellow
Rules: If someone is green then they are cold. | If someone is yellow then they are cold. | If someone is not young then they are not rough. | If someone is young then they are cold. | If someone is young then they are nice.
Question: Q3: Claire is young.
Think step by step.","Reasoning: Fact: Claire is green or yellow. Rules 1 & 2 confirm Claire is cold. However, the rule linking 'cold' to 'rough' is missing from the ruleset. Therefore, we cannot infer subsequent traits. Answer: False"
"Facts: Claire is green or yellow
Rules: If someone is green then they are cold. | If someone is yellow then they are cold. | If someone is not young then they are not rough. | If someone is young then they are cold. | If someone is young then they are nice.
Question: Q4: Claire is nice.
Think step by step.","Reasoning: Fact: Claire is green or yellow. Rules 1 & 2 confirm Claire is cold. However, the rule linking 'cold' to 'rough' is missing from the ruleset. Therefore, we cannot infer subsequent traits. Answer: False"
"Facts: Claire is green or yellow. Claire is not cold.
Rules: If someone is green then they are cold. | If someone is yellow then they are cold. | If someone is cold then they are rough. | If someone is not young then they are not rough. | If someone is young then they are cold. | If someone is young then they are nice.
Question: Q1: Claire is cold.
Think step by step.","Reasoning: Fact: Claire is not cold. Rules 1 & 2 state that if Claire is green or yellow, then Claire must be cold. The fact and the rules are in direct contradiction. In such cases, the status is False/Unknown. Answer: False"
"Facts: Claire is green or yellow
Rules: If someone is green then they are cold. | If someone is yellow then they are cold. | If someone is cold then they are rough. | If someone is not young then they are not rough. | If someone is young then they are cold. | If someone is young then they are nice.
Question: Q1: Claire is not cold.
Think step by step.","Reasoning: Fact: Claire is green or yellow. Rule 1 & 2: Colors (green, yellow) imply Claire is cold. Rule 3: Cold implies Claire is rough. Rule 4: Not young implies not rough (Contrapositive: Rough implies young). Rule 5: Young implies Claire is nice. Answer: False"
"Facts: Claire is green or yellow
Rules: If someone is green then they are cold. | If someone is yellow then they are cold. | If someone is cold then they are rough. | If someone is not young then they are not rough. | If someone is young then they are cold. | If someone is young then they are nice.
Question: Q2: Claire is not rough.
Think step by step.","Reasoning: Fact: Claire is green or yellow. Rule 1 & 2: Colors (green, yellow) imply Claire is cold. Rule 3: Cold implies Claire is rough. Rule 4: Not young implies not rough (Contrapositive: Rough implies young). Rule 5: Young implies Claire is nice. Answer: False"
"Facts: Claire is green or yellow
Rules: If someone is green then they are cold. | If someone is yellow then they are cold. | If someone is cold then they are rough. | If someone is not young then they are not rough. | If someone is young then they are cold. | If someone is young then they are nice.
Question: Q3: Claire is short.
Think step by step.","Reasoning: Fact: Claire is green or yellow. Rule 1 & 2: Colors (green, yellow) imply Claire is cold. Rule 3: Cold implies Claire is rough. Rule 4: Not young implies not rough (Contrapositive: Rough implies young). Rule 5: Young implies Claire is nice. Answer: False"
"Facts: Claire is green or yellow
Rules: If someone is green then they are cold. | If someone is yellow then they are cold. | If someone is cold then they are rough. | If someone is not young then they are not rough. | If someone is young then they are cold. | If someone is young then they are nice.
Question: Q4: Claire is blue.
Think step by step.","Reasoning: Fact: Claire is green or yellow. Rule 1 & 2: Colors (green, yellow) imply Claire is cold. Rule 3: Cold implies Claire is rough. Rule 4: Not young implies not rough (Contrapositive: Rough implies young). Rule 5: Young implies Claire is nice. Answer: False"
"Facts: Claire is green or yellow
Rules: If someone is green then they are cold. | If someone is yellow then they are cold. | If someone is not young then they are not rough. | If someone is young then they are cold. | If someone is young then they are nice.
Question: Q2: Claire is not rough.
Think step by step.","Reasoning: Fact: Claire is green or yellow. Rules 1 & 2 confirm Claire is cold. However, the rule linking 'cold' to 'rough' is missing from the ruleset. Therefore, we cannot infer subsequent traits. Answer: False"
"Facts: Claire is green or yellow. Claire is not cold.
Rules: If someone is green then they are cold. | If someone is yellow then they are cold. | If someone is cold then they are rough. | If someone is not young then they are not rough. | If someone is young then they are cold. | If someone is young then they are nice.
Question: Q1: Claire is not cold.
Think step by step.","Reasoning: Fact: Claire is not cold. Rules 1 & 2 state that if Claire is green or yellow, then Claire must be cold. The fact and the rules are in direct contradiction. In such cases, the status is False/Unknown. Answer: False"
"Facts: Helen is green or yellow
Rules: If someone is green then they are cold. | If someone is yellow then they are cold. | If someone is cold then they are rough. | If someone is not young then they are not rough. | If someone is young then they are cold. | If someone is young then they are nice.
Question: Q1: Helen is cold.
Think step by step.","Reasoning: Fact: Helen is green or yellow. Rule 1 & 2: Colors (green, yellow) imply Helen is cold. Rule 3: Cold implies Helen is rough. Rule 4: Not young implies not rough (Contrapositive: Rough implies young). Rule 5: Young implies Helen is nice. Answer: True"
"Facts: Helen is green or yellow
Rules: If someone is green then they are cold. | If someone is yellow then they are cold. | If someone is cold then they are rough. | If someone is not young then they are not rough. | If someone is young then they are cold. | If someone is young then they are nice.
Question: Q2: Helen is rough.
Think step by step.","Reasoning: Fact: Helen is green or yellow. Rule 1 & 2: Colors (green, yellow) imply Helen is cold. Rule 3: Cold implies Helen is rough. Rule 4: Not young implies not rough (Contrapositive: Rough implies young). Rule 5: Young implies Helen is nice. Answer: True"
"Facts: Helen is green or yellow
Rules: If someone is green then they are cold. | If someone is yellow then they are cold. | If someone is cold then they are rough. | If someone is not young then they are not rough. | If someone is young then they are cold. | If someone is young then they are nice.
Question: Q3: Helen is young.
Think step by step.","Reasoning: Fact: Helen is green or yellow. Rule 1 & 2: Colors (green, yellow) imply Helen is cold. Rule 3: Cold implies Helen is rough. Rule 4: Not young implies not rough (Contrapositive: Rough implies young). Rule 5: Young implies Helen is nice. Answer: True"
"Facts: Helen is green or yellow
Rules: If someone is green then they are cold. | If someone is yellow then they are cold. | If someone is cold then they are rough. | If someone is not young then they are not rough. | If someone is young then they are cold. | If someone is young then they are nice.
Question: Q4: Helen is nice.
Think step by step.","Reasoning: Fact: Helen is green or yellow. Rule 1 & 2: Colors (green, yellow) imply Helen is cold. Rule 3: Cold implies Helen is rough. Rule 4: Not young implies not rough (Contrapositive: Rough implies young). Rule 5: Young implies Helen is nice. Answer: True"
"Facts: Helen is green or yellow
Rules: If someone is green then they are cold. | If someone is yellow then they are cold. | If someone is not young then they are not rough. | If someone is young then they are cold. | If someone is young then they are nice.
Question: Q2: Helen is rough.
Think step by step.","Reasoning: Fact: Helen is green or yellow. Rules 1 & 2 confirm Helen is cold. However, the rule linking 'cold' to 'rough' is missing from the ruleset. Therefore, we cannot infer subsequent traits. Answer: False"
"Facts: Helen is green or yellow
Rules: If someone is green then they are cold. | If someone is yellow then they are cold. | If someone is not young then they are not rough. | If someone is young then they are cold. | If someone is young then they are nice.
Question: Q3: Helen is young.
Think step by step.","Reasoning: Fact: Helen is green or yellow. Rules 1 & 2 confirm Helen is cold. However, the rule linking 'cold' to 'rough' is missing from the ruleset. Therefore, we cannot infer subsequent traits. Answer: False"
"Facts: Helen is green or yellow
Rules: If someone is green then they are cold. | If someone is yellow then they are cold. | If someone is not young then they are not rough. | If someone is young then they are cold. | If someone is young then they are nice.
Question: Q4: Helen is nice.
Think step by step.","Reasoning: Fact: Helen is green or yellow. Rules 1 & 2 confirm Helen is cold. However, the rule linking 'cold' to 'rough' is missing from the ruleset. Therefore, we cannot infer subsequent traits. Answer: False"
"Facts: Helen is green or yellow. Helen is not cold.
Rules: If someone is green then they are cold. | If someone is yellow then they are cold. | If someone is cold then they are rough. | If someone is not young then they are not rough. | If someone is young then they are cold. | If someone is young then they are nice.
Question: Q1: Helen is cold.
Think step by step.","Reasoning: Fact: Helen is not cold. Rules 1 & 2 state that if Helen is green or yellow, then Helen must be cold. The fact and the rules are in direct contradiction. In such cases, the status is False/Unknown. Answer: False"
"Facts: Helen is green or yellow
Rules: If someone is green then they are cold. | If someone is yellow then they are cold. | If someone is cold then they are rough. | If someone is not young then they are not rough. | If someone is young then they are cold. | If someone is young then they are nice.
Question: Q1: Helen is not cold.
Think step by step.","Reasoning: Fact: Helen is green or yellow. Rule 1 & 2: Colors (green, yellow) imply Helen is cold. Rule 3: Cold implies Helen is rough. Rule 4: Not young implies not rough (Contrapositive: Rough implies young). Rule 5: Young implies Helen is nice. Answer: False"
"Facts: Helen is green or yellow
Rules: If someone is green then they are cold. | If someone is yellow then they are cold. | If someone is cold then they are rough. | If someone is not young then they are not rough. | If someone is young then they are cold. | If someone is young then they are nice.
Question: Q2: Helen is not rough.
Think step by step.","Reasoning: Fact: Helen is green or yellow. Rule 1 & 2: Colors (green, yellow) imply Helen is cold. Rule 3: Cold implies Helen is rough. Rule 4: Not young implies not rough (Contrapositive: Rough implies young). Rule 5: Young implies Helen is nice. Answer: False"
"Facts: Helen is green or yellow
Rules: If someone is green then they are cold. | If someone is yellow then they are cold. | If someone is cold then they are rough. | If someone is not young then they are not rough. | If someone is young then they are cold. | If someone is young then they are nice.
Question: Q3: Helen is short.
Think step by step.","Reasoning: Fact: Helen is green or yellow. Rule 1 & 2: Colors (green, yellow) imply Helen is cold. Rule 3: Cold implies Helen is rough. Rule 4: Not young implies not rough (Contrapositive: Rough implies young). Rule 5: Young implies Helen is nice. Answer: False"
"Facts: Helen is green or yellow
Rules: If someone is green then they are cold. | If someone is yellow then they are cold. | If someone is cold then they are rough. | If someone is not young then they are not rough. | If someone is young then they are cold. | If someone is young then they are nice.
Question: Q4: Helen is blue.
Think step by step.","Reasoning: Fact: Helen is green or yellow. Rule 1 & 2: Colors (green, yellow) imply Helen is cold. Rule 3: Cold implies Helen is rough. Rule 4: Not young implies not rough (Contrapositive: Rough implies young). Rule 5: Young implies Helen is nice. Answer: False"
"Facts: Helen is green or yellow
Rules: If someone is green then they are cold. | If someone is yellow then they are cold. | If someone is not young then they are not rough. | If someone is young then they are cold. | If someone is young then they are nice.
Question: Q2: Helen is not rough.
Think step by step.","Reasoning: Fact: Helen is green or yellow. Rules 1 & 2 confirm Helen is cold. However, the rule linking 'cold' to 'rough' is missing from the ruleset. Therefore, we cannot infer subsequent traits. Answer: False"
"Facts: Helen is green or yellow. Helen is not cold.
Rules: If someone is green then they are cold. | If someone is yellow then they are cold. | If someone is cold then they are rough. | If someone is not young then they are not rough. | If someone is young then they are cold. | If someone is young then they are nice.
Question: Q1: Helen is not cold.
Think step by step.","Reasoning: Fact: Helen is not cold. Rules 1 & 2 state that if Helen is green or yellow, then Helen must be cold. The fact and the rules are in direct contradiction. In such cases, the status is False/Unknown. Answer: False"
"Facts: Bob is yellow or blue
Rules: If someone is yellow then they are cold. | If someone is blue then they are cold. | If someone is cold then they are rough. | If someone is not young then they are not rough. | If someone is young then they are cold. | If someone is young then they are nice.
Question: Q1: Bob is cold.
Think step by step.","Reasoning: Fact: Bob is yellow or blue. Rule 1 & 2: Colors (yellow, blue) imply Bob is cold. Rule 3: Cold implies Bob is rough. Rule 4: Not young implies not rough (Contrapositive: Rough implies young). Rule 5: Young implies Bob is nice. Answer: True"
"Facts: Bob is yellow or blue
Rules: If someone is yellow then they are cold. | If someone is blue then they are cold. | If someone is cold then they are rough. | If someone is not young then they are not rough. | If someone is young then they are cold. | If someone is young then they are nice.
Question: Q2: Bob is rough.
Think step by step.","Reasoning: Fact: Bob is yellow or blue. Rule 1 & 2: Colors (yellow, blue) imply Bob is cold. Rule 3: Cold implies Bob is rough. Rule 4: Not young implies not rough (Contrapositive: Rough implies young). Rule 5: Young implies Bob is nice. Answer: True"
"Facts: Bob is yellow or blue
Rules: If someone is yellow then they are cold. | If someone is blue then they are cold. | If someone is cold then they are rough. | If someone is not young then they are not rough. | If someone is young then they are cold. | If someone is young then they are nice.
Question: Q3: Bob is young.
Think step by step.","Reasoning: Fact: Bob is yellow or blue. Rule 1 & 2: Colors (yellow, blue) imply Bob is cold. Rule 3: Cold implies Bob is rough. Rule 4: Not young implies not rough (Contrapositive: Rough implies young). Rule 5: Young implies Bob is nice. Answer: True"
"Facts: Bob is yellow or blue
Rules: If someone is yellow then they are cold. | If someone is blue then they are cold. | If someone is cold then they are rough. | If someone is not young then they are not rough. | If someone is young then they are cold. | If someone is young then they are nice.
Question: Q4: Bob is nice.
Think step by step.","Reasoning: Fact: Bob is yellow or blue. Rule 1 & 2: Colors (yellow, blue) imply Bob is cold. Rule 3: Cold implies Bob is rough. Rule 4: Not young implies not rough (Contrapositive: Rough implies young). Rule 5: Young implies Bob is nice. Answer: True"
"Facts: Bob is yellow or blue
Rules: If someone is yellow then they are cold. | If someone is blue then they are cold. | If someone is not young then they are not rough. | If someone is young then they are cold. | If someone is young then they are nice.
Question: Q2: Bob is rough.
Think step by step.","Reasoning: Fact: Bob is yellow or blue. Rules 1 & 2 confirm Bob is cold. However, the rule linking 'cold' to 'rough' is missing from the ruleset. Therefore, we cannot infer subsequent traits. Answer: False"
"Facts: Bob is yellow or blue
Rules: If someone is yellow then they are cold. | If someone is blue then they are cold. | If someone is not young then they are not rough. | If someone is young then they are cold. | If someone is young then they are nice.
Question: Q3: Bob is young.
Think step by step.","Reasoning: Fact: Bob is yellow or blue. Rules 1 & 2 confirm Bob is cold. However, the rule linking 'cold' to 'rough' is missing from the ruleset. Therefore, we cannot infer subsequent traits. Answer: False"
"Facts: Bob is yellow or blue
Rules: If someone is yellow then they are cold. | If someone is blue then they are cold. | If someone is not young then they are not rough. | If someone is young then they are cold. | If someone is young then they are nice.
Question: Q4: Bob is nice.
Think step by step.","Reasoning: Fact: Bob is yellow or blue. Rules 1 & 2 confirm Bob is cold. However, the rule linking 'cold' to 'rough' is missing from the ruleset. Therefore, we cannot infer subsequent traits. Answer: False"
"Facts: Bob is yellow or blue. Bob is not cold.
Rules: If someone is yellow then they are cold. | If someone is blue then they are cold. | If someone is cold then they are rough. | If someone is not young then they are not rough. | If someone is young then they are cold. | If someone is young then they are nice.
Question: Q1: Bob is cold.
Think step by step.","Reasoning: Fact: Bob is not cold. Rules 1 & 2 state that if Bob is yellow or blue, then Bob must be cold. The fact and the rules are in direct contradiction. In such cases, the status is False/Unknown. Answer: False"
"Facts: Bob is yellow or blue
Rules: If someone is yellow then they are cold. | If someone is blue then they are cold. | If someone is cold then they are rough. | If someone is not young then they are not rough. | If someone is young then they are cold. | If someone is young then they are nice.
Question: Q1: Bob is not cold.
Think step by step.","Reasoning: Fact: Bob is yellow or blue. Rule 1 & 2: Colors (yellow, blue) imply Bob is cold. Rule 3: Cold implies Bob is rough. Rule 4: Not young implies not rough (Contrapositive: Rough implies young). Rule 5: Young implies Bob is nice. Answer: False"
"Facts: Bob is yellow or blue
Rules: If someone is yellow then they are cold. | If someone is blue then they are cold. | If someone is cold then they are rough. | If someone is not young then they are not rough. | If someone is young then they are cold. | If someone is young then they are nice.
Question: Q2: Bob is not rough.
Think step by step.","Reasoning: Fact: Bob is yellow or blue. Rule 1 & 2: Colors (yellow, blue) imply Bob is cold. Rule 3: Cold implies Bob is rough. Rule 4: Not young implies not rough (Contrapositive: Rough implies young). Rule 5: Young implies Bob is nice. Answer: False"
"Facts: Bob is yellow or blue
Rules: If someone is yellow then they are cold. | If someone is blue then they are cold. | If someone is cold then they are rough. | If someone is not young then they are not rough. | If someone is young then they are cold. | If someone is young then they are nice.
Question: Q3: Bob is kind.
Think step by step.","Reasoning: Fact: Bob is yellow or blue. Rule 1 & 2: Colors (yellow, blue) imply Bob is cold. Rule 3: Cold implies Bob is rough. Rule 4: Not young implies not rough (Contrapositive: Rough implies young). Rule 5: Young implies Bob is nice. Answer: False"
"Facts: Bob is yellow or blue
Rules: If someone is yellow then they are cold. | If someone is blue then they are cold. | If someone is cold then they are rough. | If someone is not young then they are not rough. | If someone is young then they are cold. | If someone is young then they are nice.
Question: Q4: Bob is red.
Think step by step.","Reasoning: Fact: Bob is yellow or blue. Rule 1 & 2: Colors (yellow, blue) imply Bob is cold. Rule 3: Cold implies Bob is rough. Rule 4: Not young implies not rough (Contrapositive: Rough implies young). Rule 5: Young implies Bob is nice. Answer: False"
"Facts: Bob is yellow or blue
Rules: If someone is yellow then they are cold. | If someone is blue then they are cold. | If someone is not young then they are not rough. | If someone is young then they are cold. | If someone is young then they are nice.
Question: Q2: Bob is not rough.
Think step by step.","Reasoning: Fact: Bob is yellow or blue. Rules 1 & 2 confirm Bob is cold. However, the rule linking 'cold' to 'rough' is missing from the ruleset. Therefore, we cannot infer subsequent traits. Answer: False"
"Facts: Bob is yellow or blue. Bob is not cold.
Rules: If someone is yellow then they are cold. | If someone is blue then they are cold. | If someone is cold then they are rough. | If someone is not young then they are not rough. | If someone is young then they are cold. | If someone is young then they are nice.
Question: Q1: Bob is not cold.
Think step by step.","Reasoning: Fact: Bob is not cold. Rules 1 & 2 state that if Bob is yellow or blue, then Bob must be cold. The fact and the rules are in direct contradiction. In such cases, the status is False/Unknown. Answer: False"
"Facts: Claire is blue or green
Rules: If someone is blue then they are cold. | If someone is green then they are cold. | If someone is cold then they are rough. | If someone is not young then they are not rough. | If someone is young then they are cold. | If someone is young then they are nice.
Question: Q1: Claire is cold.
Think step by step.","Reasoning: Fact: Claire is blue or green. Rule 1 & 2: Colors (blue, green) imply Claire is cold. Rule 3: Cold implies Claire is rough. Rule 4: Not young implies not rough (Contrapositive: Rough implies young). Rule 5: Young implies Claire is nice. Answer: True"
"Facts: Claire is blue or green
Rules: If someone is blue then they are cold. | If someone is green then they are cold. | If someone is cold then they are rough. | If someone is not young then they are not rough. | If someone is young then they are cold. | If someone is young then they are nice.
Question: Q2: Claire is rough.
Think step by step.","Reasoning: Fact: Claire is blue or green. Rule 1 & 2: Colors (blue, green) imply Claire is cold. Rule 3: Cold implies Claire is rough. Rule 4: Not young implies not rough (Contrapositive: Rough implies young). Rule 5: Young implies Claire is nice. Answer: True"
"Facts: Claire is blue or green
Rules: If someone is blue then they are cold. | If someone is green then they are cold. | If someone is cold then they are rough. | If someone is not young then they are not rough. | If someone is young then they are cold. | If someone is young then they are nice.
Question: Q3: Claire is young.
Think step by step.","Reasoning: Fact: Claire is blue or green. Rule 1 & 2: Colors (blue, green) imply Claire is cold. Rule 3: Cold implies Claire is rough. Rule 4: Not young implies not rough (Contrapositive: Rough implies young). Rule 5: Young implies Claire is nice. Answer: True"
"Facts: Claire is blue or green
Rules: If someone is blue then they are cold. | If someone is green then they are cold. | If someone is cold then they are rough. | If someone is not young then they are not rough. | If someone is young then they are cold. | If someone is young then they are nice.
Question: Q4: Claire is nice.
Think step by step.","Reasoning: Fact: Claire is blue or green. Rule 1 & 2: Colors (blue, green) imply Claire is cold. Rule 3: Cold implies Claire is rough. Rule 4: Not young implies not rough (Contrapositive: Rough implies young). Rule 5: Young implies Claire is nice. Answer: True"
"Facts: Claire is blue or green
Rules: If someone is blue then they are cold. | If someone is green then they are cold. | If someone is not young then they are not rough. | If someone is young then they are cold. | If someone is young then they are nice.
Question: Q2: Claire is rough.
Think step by step.","Reasoning: Fact: Claire is blue or green. Rules 1 & 2 confirm Claire is cold. However, the rule linking 'cold' to 'rough' is missing from the ruleset. Therefore, we cannot infer subsequent traits. Answer: False"
"Facts: Claire is blue or green
Rules: If someone is blue then they are cold. | If someone is green then they are cold. | If someone is not young then they are not rough. | If someone is young then they are cold. | If someone is young then they are nice.
Question: Q3: Claire is young.
Think step by step.","Reasoning: Fact: Claire is blue or green. Rules 1 & 2 confirm Claire is cold. However, the rule linking 'cold' to 'rough' is missing from the ruleset. Therefore, we cannot infer subsequent traits. Answer: False"
"Facts: Claire is blue or green
Rules: If someone is blue then they are cold. | If someone is green then they are cold. | If someone is not young then they are not rough. | If someone is young then they are cold. | If someone is young then they are nice.
Question: Q4: Claire is nice.
Think step by step.","Reasoning: Fact: Claire is blue or green. Rules 1 & 2 confirm Claire is cold. However, the rule linking 'cold' to 'rough' is missing from the ruleset. Therefore, we cannot infer subsequent traits. Answer: False"
"Facts: Claire is blue or green. Claire is not cold.
Rules: If someone is blue then they are cold. | If someone is green then they are cold. | If someone is cold then they are rough. | If someone is not young then they are not rough. | If someone is young then they are cold. | If someone is young then they are nice.
Question: Q1: Claire is cold.
Think step by step.","Reasoning: Fact: Claire is not cold. Rules 1 & 2 state that if Claire is blue or green, then Claire must be cold. The fact and the rules are in direct contradiction. In such cases, the status is False/Unknown. Answer: False"
"Facts: Claire is blue or green
Rules: If someone is blue then they are cold. | If someone is green then they are cold. | If someone is cold then they are rough. | If someone is not young then they are not rough. | If someone is young then they are cold. | If someone is young then they are nice.
Question: Q1: Claire is not cold.
Think step by step.","Reasoning: Fact: Claire is blue or green. Rule 1 & 2: Colors (blue, green) imply Claire is cold. Rule 3: Cold implies Claire is rough. Rule 4: Not young implies not rough (Contrapositive: Rough implies young). Rule 5: Young implies Claire is nice. Answer: False"
"Facts: Claire is blue or green
Rules: If someone is blue then they are cold. | If someone is green then they are cold. | If someone is cold then they are rough. | If someone is not young then they are not rough. | If someone is young then they are cold. | If someone is young then they are nice.
Question: Q2: Claire is not rough.
Think step by step.","Reasoning: Fact: Claire is blue or green. Rule 1 & 2: Colors (blue, green) imply Claire is cold. Rule 3: Cold implies Claire is rough. Rule 4: Not young implies not rough (Contrapositive: Rough implies young). Rule 5: Young implies Claire is nice. Answer: False"
"Facts: Claire is blue or green
Rules: If someone is blue then they are cold. | If someone is green then they are cold. | If someone is cold then they are rough. | If someone is not young then they are not rough. | If someone is young then they are cold. | If someone is young then they are nice.
Question: Q3: Claire is happy.
Think step by step.","Reasoning: Fact: Claire is blue or green. Rule 1 & 2: Colors (blue, green) imply Claire is cold. Rule 3: Cold implies Claire is rough. Rule 4: Not young implies not rough (Contrapositive: Rough implies young). Rule 5: Young implies Claire is nice. Answer: False"
"Facts: Claire is blue or green
Rules: If someone is blue then they are cold. | If someone is green then they are cold. | If someone is cold then they are rough. | If someone is not young then they are not rough. | If someone is young then they are cold. | If someone is young then they are nice.
Question: Q4: Claire is red.
Think step by step.","Reasoning: Fact: Claire is blue or green. Rule 1 & 2: Colors (blue, green) imply Claire is cold. Rule 3: Cold implies Claire is rough. Rule 4: Not young implies not rough (Contrapositive: Rough implies young). Rule 5: Young implies Claire is nice. Answer: False"
"Facts: Claire is blue or green
Rules: If someone is blue then they are cold. | If someone is green then they are cold. | If someone is not young then they are not rough. | If someone is young then they are cold. | If someone is young then they are nice.
Question: Q2: Claire is not rough.
Think step by step.","Reasoning: Fact: Claire is blue or green. Rules 1 & 2 confirm Claire is cold. However, the rule linking 'cold' to 'rough' is missing from the ruleset. Therefore, we cannot infer subsequent traits. Answer: False"
"Facts: Claire is blue or green. Claire is not cold.
Rules: If someone is blue then they are cold. | If someone is green then they are cold. | If someone is cold then they are rough. | If someone is not young then they are not rough. | If someone is young then they are cold. | If someone is young then they are nice.
Question: Q1: Claire is not cold.
Think step by step.","Reasoning: Fact: Claire is not cold. Rules 1 & 2 state that if Claire is blue or green, then Claire must be cold. The fact and the rules are in direct contradiction. In such cases, the status is False/Unknown. Answer: False"
"Facts: Claire is green or yellow
Rules: If someone is green then they are cold. | If someone is yellow then they are cold. | If someone is cold then they are rough. | If someone is not young then they are not rough. | If someone is young then they are cold. | If someone is young then they are nice.
Question: Q1: Claire is cold.
Think step by step.","Reasoning: Fact: Claire is green or yellow. Rule 1 & 2: Colors (green, yellow) imply Claire is cold. Rule 3: Cold implies Claire is rough. Rule 4: Not young implies not rough (Contrapositive: Rough implies young). Rule 5: Young implies Claire is nice. Answer: True"
"Facts: Claire is green or yellow
Rules: If someone is green then they are cold. | If someone is yellow then they are cold. | If someone is cold then they are rough. | If someone is not young then they are not rough. | If someone is young then they are cold. | If someone is young then they are nice.
Question: Q2: Claire is rough.
Think step by step.","Reasoning: Fact: Claire is green or yellow. Rule 1 & 2: Colors (green, yellow) imply Claire is cold. Rule 3: Cold implies Claire is rough. Rule 4: Not young implies not rough (Contrapositive: Rough implies young). Rule 5: Young implies Claire is nice. Answer: True"
"Facts: Claire is green or yellow
Rules: If someone is green then they are cold. | If someone is yellow then they are cold. | If someone is cold then they are rough. | If someone is not young then they are not rough. | If someone is young then they are cold. | If someone is young then they are nice.
Question: Q3: Claire is young.
Think step by step.","Reasoning: Fact: Claire is green or yellow. Rule 1 & 2: Colors (green, yellow) imply Claire is cold. Rule 3: Cold implies Claire is rough. Rule 4: Not young implies not rough (Contrapositive: Rough implies young). Rule 5: Young implies Claire is nice. Answer: True"
"Facts: Claire is green or yellow
Rules: If someone is green then they are cold. | If someone is yellow then they are cold. | If someone is cold then they are rough. | If someone is not young then they are not rough. | If someone is young then they are cold. | If someone is young then they are nice.
Question: Q4: Claire is nice.
Think step by step.","Reasoning: Fact: Claire is green or yellow. Rule 1 & 2: Colors (green, yellow) imply Claire is cold. Rule 3: Cold implies Claire is rough. Rule 4: Not young implies not rough (Contrapositive: Rough implies young). Rule 5: Young implies Claire is nice. Answer: True"
"Facts: Claire is green or yellow
Rules: If someone is green then they are cold. | If someone is yellow then they are cold. | If someone is not young then they are not rough. | If someone is young then they are cold. | If someone is young then they are nice.
Question: Q2: Claire is rough.
Think step by step.","Reasoning: Fact: Claire is green or yellow. Rules 1 & 2 confirm Claire is cold. However, the rule linking 'cold' to 'rough' is missing from the ruleset. Therefore, we cannot infer subsequent traits. Answer: False"
"Facts: Claire is green or yellow
Rules: If someone is green then they are cold. | If someone is yellow then they are cold. | If someone is not young then they are not rough. | If someone is young then they are cold. | If someone is young then they are nice.
Question: Q3: Claire is young.
Think step by step.","Reasoning: Fact: Claire is green or yellow. Rules 1 & 2 confirm Claire is cold. However, the rule linking 'cold' to 'rough' is missing from the ruleset. Therefore, we cannot infer subsequent traits. Answer: False"
"Facts: Claire is green or yellow
Rules: If someone is green then they are cold. | If someone is yellow then they are cold. | If someone is not young then they are not rough. | If someone is young then they are cold. | If someone is young then they are nice.
Question: Q4: Claire is nice.
Think step by step.","Reasoning: Fact: Claire is green or yellow. Rules 1 & 2 confirm Claire is cold. However, the rule linking 'cold' to 'rough' is missing from the ruleset. Therefore, we cannot infer subsequent traits. Answer: False"
"Facts: Claire is green or yellow. Claire is not cold.
Rules: If someone is green then they are cold. | If someone is yellow then they are cold. | If someone is cold then they are rough. | If someone is not young then they are not rough. | If someone is young then they are cold. | If someone is young then they are nice.
Question: Q1: Claire is cold.
Think step by step.","Reasoning: Fact: Claire is not cold. Rules 1 & 2 state that if Claire is green or yellow, then Claire must be cold. The fact and the rules are in direct contradiction. In such cases, the status is False/Unknown. Answer: False"
"Facts: Claire is green or yellow
Rules: If someone is green then they are cold. | If someone is yellow then they are cold. | If someone is cold then they are rough. | If someone is not young then they are not rough. | If someone is young then they are cold. | If someone is young then they are nice.
Question: Q1: Claire is not cold.
Think step by step.","Reasoning: Fact: Claire is green or yellow. Rule 1 & 2: Colors (green, yellow) imply Claire is cold. Rule 3: Cold implies Claire is rough. Rule 4: Not young implies not rough (Contrapositive: Rough implies young). Rule 5: Young implies Claire is nice. Answer: False"
"Facts: Claire is green or yellow
Rules: If someone is green then they are cold. | If someone is yellow then they are cold. | If someone is cold then they are rough. | If someone is not young then they are not rough. | If someone is young then they are cold. | If someone is young then they are nice.
Question: Q2: Claire is not rough.
Think step by step.","Reasoning: Fact: Claire is green or yellow. Rule 1 & 2: Colors (green, yellow) imply Claire is cold. Rule 3: Cold implies Claire is rough. Rule 4: Not young implies not rough (Contrapositive: Rough implies young). Rule 5: Young implies Claire is nice. Answer: False"
"Facts: Claire is green or yellow
Rules: If someone is green then they are cold. | If someone is yellow then they are cold. | If someone is cold then they are rough. | If someone is not young then they are not rough. | If someone is young then they are cold. | If someone is young then they are nice.
Question: Q3: Claire is short.
Think step by step.","Reasoning: Fact: Claire is green or yellow. Rule 1 & 2: Colors (green, yellow) imply Claire is cold. Rule 3: Cold implies Claire is rough. Rule 4: Not young implies not rough (Contrapositive: Rough implies young). Rule 5: Young implies Claire is nice. Answer: False"
"Facts: Claire is green or yellow
Rules: If someone is green then they are cold. | If someone is yellow then they are cold. | If someone is cold then they are rough. | If someone is not young then they are not rough. | If someone is young then they are cold. | If someone is young then they are nice.
Question: Q4: Claire is red.
Think step by step.","Reasoning: Fact: Claire is green or yellow. Rule 1 & 2: Colors (green, yellow) imply Claire is cold. Rule 3: Cold implies Claire is rough. Rule 4: Not young implies not rough (Contrapositive: Rough implies young). Rule 5: Young implies Claire is nice. Answer: False"
"Facts: Claire is green or yellow
Rules: If someone is green then they are cold. | If someone is yellow then they are cold. | If someone is not young then they are not rough. | If someone is young then they are cold. | If someone is young then they are nice.
Question: Q2: Claire is not rough.
Think step by step.","Reasoning: Fact: Claire is green or yellow. Rules 1 & 2 confirm Claire is cold. However, the rule linking 'cold' to 'rough' is missing from the ruleset. Therefore, we cannot infer subsequent traits. Answer: False"
"Facts: Claire is green or yellow. Claire is not cold.
Rules: If someone is green then they are cold. | If someone is yellow then they are cold. | If someone is cold then they are rough. | If someone is not young then they are not rough. | If someone is young then they are cold. | If someone is young then they are nice.
Question: Q1: Claire is not cold.
Think step by step.","Reasoning: Fact: Claire is not cold. Rules 1 & 2 state that if Claire is green or yellow, then Claire must be cold. The fact and the rules are in direct contradiction. In such cases, the status is False/Unknown. Answer: False"
"Facts: Anne is green or blue
Rules: If someone is green then they are cold. | If someone is blue then they are cold. | If someone is cold then they are rough. | If someone is not young then they are not rough. | If someone is young then they are cold. | If someone is young then they are nice.
Question: Q1: Anne is cold.
Think step by step.","Reasoning: Fact: Anne is green or blue. Rule 1 & 2: Colors (green, blue) imply Anne is cold. Rule 3: Cold implies Anne is rough. Rule 4: Not young implies not rough (Contrapositive: Rough implies young). Rule 5: Young implies Anne is nice. Answer: True"
"Facts: Anne is green or blue
Rules: If someone is green then they are cold. | If someone is blue then they are cold. | If someone is cold then they are rough. | If someone is not young then they are not rough. | If someone is young then they are cold. | If someone is young then they are nice.
Question: Q2: Anne is rough.
Think step by step.","Reasoning: Fact: Anne is green or blue. Rule 1 & 2: Colors (green, blue) imply Anne is cold. Rule 3: Cold implies Anne is rough. Rule 4: Not young implies not rough (Contrapositive: Rough implies young). Rule 5: Young implies Anne is nice. Answer: True"
"Facts: Anne is green or blue
Rules: If someone is green then they are cold. | If someone is blue then they are cold. | If someone is cold then they are rough. | If someone is not young then they are not rough. | If someone is young then they are cold. | If someone is young then they are nice.
Question: Q3: Anne is young.
Think step by step.","Reasoning: Fact: Anne is green or blue. Rule 1 & 2: Colors (green, blue) imply Anne is cold. Rule 3: Cold implies Anne is rough. Rule 4: Not young implies not rough (Contrapositive: Rough implies young). Rule 5: Young implies Anne is nice. Answer: True"
"Facts: Anne is green or blue
Rules: If someone is green then they are cold. | If someone is blue then they are cold. | If someone is cold then they are rough. | If someone is not young then they are not rough. | If someone is young then they are cold. | If someone is young then they are nice.
Question: Q4: Anne is nice.
Think step by step.","Reasoning: Fact: Anne is green or blue. Rule 1 & 2: Colors (green, blue) imply Anne is cold. Rule 3: Cold implies Anne is rough. Rule 4: Not young implies not rough (Contrapositive: Rough implies young). Rule 5: Young implies Anne is nice. Answer: True"
"Facts: Anne is green or blue
Rules: If someone is green then they are cold. | If someone is blue then they are cold. | If someone is not young then they are not rough. | If someone is young then they are cold. | If someone is young then they are nice.
Question: Q2: Anne is rough.
Think step by step.","Reasoning: Fact: Anne is green or blue. Rules 1 & 2 confirm Anne is cold. However, the rule linking 'cold' to 'rough' is missing from the ruleset. Therefore, we cannot infer subsequent traits. Answer: False"
"Facts: Anne is green or blue
Rules: If someone is green then they are cold. | If someone is blue then they are cold. | If someone is not young then they are not rough. | If someone is young then they are cold. | If someone is young then they are nice.
Question: Q3: Anne is young.
Think step by step.","Reasoning: Fact: Anne is green or blue. Rules 1 & 2 confirm Anne is cold. However, the rule linking 'cold' to 'rough' is missing from the ruleset. Therefore, we cannot infer subsequent traits. Answer: False"
"Facts: Anne is green or blue
Rules: If someone is green then they are cold. | If someone is blue then they are cold. | If someone is not young then they are not rough. | If someone is young then they are cold. | If someone is young then they are nice.
Question: Q4: Anne is nice.
Think step by step.","Reasoning: Fact: Anne is green or blue. Rules 1 & 2 confirm Anne is cold. However, the rule linking 'cold' to 'rough' is missing from the ruleset. Therefore, we cannot infer subsequent traits. Answer: False"
"Facts: Anne is green or blue. Anne is not cold.
Rules: If someone is green then they are cold. | If someone is blue then they are cold. | If someone is cold then they are rough. | If someone is not young then they are not rough. | If someone is young then they are cold. | If someone is young then they are nice.
Question: Q1: Anne is cold.
Think step by step.","Reasoning: Fact: Anne is not cold. Rules 1 & 2 state that if Anne is green or blue, then Anne must be cold. The fact and the rules are in direct contradiction. In such cases, the status is False/Unknown. Answer: False"
"Facts: Anne is green or blue
Rules: If someone is green then they are cold. | If someone is blue then they are cold. | If someone is cold then they are rough. | If someone is not young then they are not rough. | If someone is young then they are cold. | If someone is young then they are nice.
Question: Q1: Anne is not cold.
Think step by step.","Reasoning: Fact: Anne is green or blue. Rule 1 & 2: Colors (green, blue) imply Anne is cold. Rule 3: Cold implies Anne is rough. Rule 4: Not young implies not rough (Contrapositive: Rough implies young). Rule 5: Young implies Anne is nice. Answer: False"
"Facts: Anne is green or blue
Rules: If someone is green then they are cold. | If someone is blue then they are cold. | If someone is cold then they are rough. | If someone is not young then they are not rough. | If someone is young then they are cold. | If someone is young then they are nice.
Question: Q2: Anne is not rough.
Think step by step.","Reasoning: Fact: Anne is green or blue. Rule 1 & 2: Colors (green, blue) imply Anne is cold. Rule 3: Cold implies Anne is rough. Rule 4: Not young implies not rough (Contrapositive: Rough implies young). Rule 5: Young implies Anne is nice. Answer: False"
"Facts: Anne is green or blue
Rules: If someone is green then they are cold. | If someone is blue then they are cold. | If someone is cold then they are rough. | If someone is not young then they are not rough. | If someone is young then they are cold. | If someone is young then they are nice.
Question: Q3: Anne is sad.
Think step by step.","Reasoning: Fact: Anne is green or blue. Rule 1 & 2: Colors (green, blue) imply Anne is cold. Rule 3: Cold implies Anne is rough. Rule 4: Not young implies not rough (Contrapositive: Rough implies young). Rule 5: Young implies Anne is nice. Answer: False"
"Facts: Anne is green or blue
Rules: If someone is green then they are cold. | If someone is blue then they are cold. | If someone is cold then they are rough. | If someone is not young then they are not rough. | If someone is young then they are cold. | If someone is young then they are nice.
Question: Q4: Anne is red.
Think step by step.","Reasoning: Fact: Anne is green or blue. Rule 1 & 2: Colors (green, blue) imply Anne is cold. Rule 3: Cold implies Anne is rough. Rule 4: Not young implies not rough (Contrapositive: Rough implies young). Rule 5: Young implies Anne is nice. Answer: False"
"Facts: Anne is green or blue
Rules: If someone is green then they are cold. | If someone is blue then they are cold. | If someone is not young then they are not rough. | If someone is young then they are cold. | If someone is young then they are nice.
Question: Q2: Anne is not rough.
Think step by step.","Reasoning: Fact: Anne is green or blue. Rules 1 & 2 confirm Anne is cold. However, the rule linking 'cold' to 'rough' is missing from the ruleset. Therefore, we cannot infer subsequent traits. Answer: False"
"Facts: Anne is green or blue. Anne is not cold.
Rules: If someone is green then they are cold. | If someone is blue then they are cold. | If someone is cold then they are rough. | If someone is not young then they are not rough. | If someone is young then they are cold. | If someone is young then they are nice.
Question: Q1: Anne is not cold.
Think step by step.","Reasoning: Fact: Anne is not cold. Rules 1 & 2 state that if Anne is green or blue, then Anne must be cold. The fact and the rules are in direct contradiction. In such cases, the status is False/Unknown. Answer: False"
"Facts: Emma is blue or green
Rules: If someone is blue then they are cold. | If someone is green then they are cold. | If someone is cold then they are rough. | If someone is not young then they are not rough. | If someone is young then they are cold. | If someone is young then they are nice.
Question: Q1: Emma is cold.
Think step by step.","Reasoning: Fact: Emma is blue or green. Rule 1 & 2: Colors (blue, green) imply Emma is cold. Rule 3: Cold implies Emma is rough. Rule 4: Not young implies not rough (Contrapositive: Rough implies young). Rule 5: Young implies Emma is nice. Answer: True"
"Facts: Emma is blue or green
Rules: If someone is blue then they are cold. | If someone is green then they are cold. | If someone is cold then they are rough. | If someone is not young then they are not rough. | If someone is young then they are cold. | If someone is young then they are nice.
Question: Q2: Emma is rough.
Think step by step.","Reasoning: Fact: Emma is blue or green. Rule 1 & 2: Colors (blue, green) imply Emma is cold. Rule 3: Cold implies Emma is rough. Rule 4: Not young implies not rough (Contrapositive: Rough implies young). Rule 5: Young implies Emma is nice. Answer: True"
"Facts: Emma is blue or green
Rules: If someone is blue then they are cold. | If someone is green then they are cold. | If someone is cold then they are rough. | If someone is not young then they are not rough. | If someone is young then they are cold. | If someone is young then they are nice.
Question: Q3: Emma is young.
Think step by step.","Reasoning: Fact: Emma is blue or green. Rule 1 & 2: Colors (blue, green) imply Emma is cold. Rule 3: Cold implies Emma is rough. Rule 4: Not young implies not rough (Contrapositive: Rough implies young). Rule 5: Young implies Emma is nice. Answer: True"
"Facts: Emma is blue or green
Rules: If someone is blue then they are cold. | If someone is green then they are cold. | If someone is cold then they are rough. | If someone is not young then they are not rough. | If someone is young then they are cold. | If someone is young then they are nice.
Question: Q4: Emma is nice.
Think step by step.","Reasoning: Fact: Emma is blue or green. Rule 1 & 2: Colors (blue, green) imply Emma is cold. Rule 3: Cold implies Emma is rough. Rule 4: Not young implies not rough (Contrapositive: Rough implies young). Rule 5: Young implies Emma is nice. Answer: True"
"Facts: Emma is blue or green
Rules: If someone is blue then they are cold. | If someone is green then they are cold. | If someone is not young then they are not rough. | If someone is young then they are cold. | If someone is young then they are nice.
Question: Q2: Emma is rough.
Think step by step.","Reasoning: Fact: Emma is blue or green. Rules 1 & 2 confirm Emma is cold. However, the rule linking 'cold' to 'rough' is missing from the ruleset. Therefore, we cannot infer subsequent traits. Answer: False"
"Facts: Emma is blue or green
Rules: If someone is blue then they are cold. | If someone is green then they are cold. | If someone is not young then they are not rough. | If someone is young then they are cold. | If someone is young then they are nice.
Question: Q3: Emma is young.
Think step by step.","Reasoning: Fact: Emma is blue or green. Rules 1 & 2 confirm Emma is cold. However, the rule linking 'cold' to 'rough' is missing from the ruleset. Therefore, we cannot infer subsequent traits. Answer: False"
"Facts: Emma is blue or green
Rules: If someone is blue then they are cold. | If someone is green then they are cold. | If someone is not young then they are not rough. | If someone is young then they are cold. | If someone is young then they are nice.
Question: Q4: Emma is nice.
Think step by step.","Reasoning: Fact: Emma is blue or green. Rules 1 & 2 confirm Emma is cold. However, the rule linking 'cold' to 'rough' is missing from the ruleset. Therefore, we cannot infer subsequent traits. Answer: False"
"Facts: Emma is blue or green. Emma is not cold.
Rules: If someone is blue then they are cold. | If someone is green then they are cold. | If someone is cold then they are rough. | If someone is not young then they are not rough. | If someone is young then they are cold. | If someone is young then they are nice.
Question: Q1: Emma is cold.
Think step by step.","Reasoning: Fact: Emma is not cold. Rules 1 & 2 state that if Emma is blue or green, then Emma must be cold. The fact and the rules are in direct contradiction. In such cases, the status is False/Unknown. Answer: False"
"Facts: Emma is blue or green
Rules: If someone is blue then they are cold. | If someone is green then they are cold. | If someone is cold then they are rough. | If someone is not young then they are not rough. | If someone is young then they are cold. | If someone is young then they are nice.
Question: Q1: Emma is not cold.
Think step by step.","Reasoning: Fact: Emma is blue or green. Rule 1 & 2: Colors (blue, green) imply Emma is cold. Rule 3: Cold implies Emma is rough. Rule 4: Not young implies not rough (Contrapositive: Rough implies young). Rule 5: Young implies Emma is nice. Answer: False"
"Facts: Emma is blue or green
Rules: If someone is blue then they are cold. | If someone is green then they are cold. | If someone is cold then they are rough. | If someone is not young then they are not rough. | If someone is young then they are cold. | If someone is young then they are nice.
Question: Q2: Emma is not rough.
Think step by step.","Reasoning: Fact: Emma is blue or green. Rule 1 & 2: Colors (blue, green) imply Emma is cold. Rule 3: Cold implies Emma is rough. Rule 4: Not young implies not rough (Contrapositive: Rough implies young). Rule 5: Young implies Emma is nice. Answer: False"
"Facts: Emma is blue or green
Rules: If someone is blue then they are cold. | If someone is green then they are cold. | If someone is cold then they are rough. | If someone is not young then they are not rough. | If someone is young then they are cold. | If someone is young then they are nice.
Question: Q3: Emma is sad.
Think step by step.","Reasoning: Fact: Emma is blue or green. Rule 1 & 2: Colors (blue, green) imply Emma is cold. Rule 3: Cold implies Emma is rough. Rule 4: Not young implies not rough (Contrapositive: Rough implies young). Rule 5: Young implies Emma is nice. Answer: False"
"Facts: Emma is blue or green
Rules: If someone is blue then they are cold. | If someone is green then they are cold. | If someone is cold then they are rough. | If someone is not young then they are not rough. | If someone is young then they are cold. | If someone is young then they are nice.
Question: Q4: Emma is red.
Think step by step.","Reasoning: Fact: Emma is blue or green. Rule 1 & 2: Colors (blue, green) imply Emma is cold. Rule 3: Cold implies Emma is rough. Rule 4: Not young implies not rough (Contrapositive: Rough implies young). Rule 5: Young implies Emma is nice. Answer: False"
"Facts: Emma is blue or green
Rules: If someone is blue then they are cold. | If someone is green then they are cold. | If someone is not young then they are not rough. | If someone is young then they are cold. | If someone is young then they are nice.
Question: Q2: Emma is not rough.
Think step by step.","Reasoning: Fact: Emma is blue or green. Rules 1 & 2 confirm Emma is cold. However, the rule linking 'cold' to 'rough' is missing from the ruleset. Therefore, we cannot infer subsequent traits. Answer: False"
"Facts: Emma is blue or green. Emma is not cold.
Rules: If someone is blue then they are cold. | If someone is green then they are cold. | If someone is cold then they are rough. | If someone is not young then they are not rough. | If someone is young then they are cold. | If someone is young then they are nice.
Question: Q1: Emma is not cold.
Think step by step.","Reasoning: Fact: Emma is not cold. Rules 1 & 2 state that if Emma is blue or green, then Emma must be cold. The fact and the rules are in direct contradiction. In such cases, the status is False/Unknown. Answer: False"
"Facts: Bob is red or yellow
Rules: If someone is red then they are cold. | If someone is yellow then they are cold. | If someone is cold then they are rough. | If someone is not young then they are not rough. | If someone is young then they are cold. | If someone is young then they are nice.
Question: Q1: Bob is cold.
Think step by step.","Reasoning: Fact: Bob is red or yellow. Rule 1 & 2: Colors (red, yellow) imply Bob is cold. Rule 3: Cold implies Bob is rough. Rule 4: Not young implies not rough (Contrapositive: Rough implies young). Rule 5: Young implies Bob is nice. Answer: True"
"Facts: Bob is red or yellow
Rules: If someone is red then they are cold. | If someone is yellow then they are cold. | If someone is cold then they are rough. | If someone is not young then they are not rough. | If someone is young then they are cold. | If someone is young then they are nice.
Question: Q2: Bob is rough.
Think step by step.","Reasoning: Fact: Bob is red or yellow. Rule 1 & 2: Colors (red, yellow) imply Bob is cold. Rule 3: Cold implies Bob is rough. Rule 4: Not young implies not rough (Contrapositive: Rough implies young). Rule 5: Young implies Bob is nice. Answer: True"
"Facts: Bob is red or yellow
Rules: If someone is red then they are cold. | If someone is yellow then they are cold. | If someone is cold then they are rough. | If someone is not young then they are not rough. | If someone is young then they are cold. | If someone is young then they are nice.
Question: Q3: Bob is young.
Think step by step.","Reasoning: Fact: Bob is red or yellow. Rule 1 & 2: Colors (red, yellow) imply Bob is cold. Rule 3: Cold implies Bob is rough. Rule 4: Not young implies not rough (Contrapositive: Rough implies young). Rule 5: Young implies Bob is nice. Answer: True"
"Facts: Bob is red or yellow
Rules: If someone is red then they are cold. | If someone is yellow then they are cold. | If someone is cold then they are rough. | If someone is not young then they are not rough. | If someone is young then they are cold. | If someone is young then they are nice.
Question: Q4: Bob is nice.
Think step by step.","Reasoning: Fact: Bob is red or yellow. Rule 1 & 2: Colors (red, yellow) imply Bob is cold. Rule 3: Cold implies Bob is rough. Rule 4: Not young implies not rough (Contrapositive: Rough implies young). Rule 5: Young implies Bob is nice. Answer: True"
"Facts: Bob is red or yellow
Rules: If someone is red then they are cold. | If someone is yellow then they are cold. | If someone is not young then they are not rough. | If someone is young then they are cold. | If someone is young then they are nice.
Question: Q2: Bob is rough.
Think step by step.","Reasoning: Fact: Bob is red or yellow. Rules 1 & 2 confirm Bob is cold. However, the rule linking 'cold' to 'rough' is missing from the ruleset. Therefore, we cannot infer subsequent traits. Answer: False"
"Facts: Bob is red or yellow
Rules: If someone is red then they are cold. | If someone is yellow then they are cold. | If someone is not young then they are not rough. | If someone is young then they are cold. | If someone is young then they are nice.
Question: Q3: Bob is young.
Think step by step.","Reasoning: Fact: Bob is red or yellow. Rules 1 & 2 confirm Bob is cold. However, the rule linking 'cold' to 'rough' is missing from the ruleset. Therefore, we cannot infer subsequent traits. Answer: False"
"Facts: Bob is red or yellow
Rules: If someone is red then they are cold. | If someone is yellow then they are cold. | If someone is not young then they are not rough. | If someone is young then they are cold. | If someone is young then they are nice.
Question: Q4: Bob is nice.
Think step by step.","Reasoning: Fact: Bob is red or yellow. Rules 1 & 2 confirm Bob is cold. However, the rule linking 'cold' to 'rough' is missing from the ruleset. Therefore, we cannot infer subsequent traits. Answer: False"
"Facts: Bob is red or yellow. Bob is not cold.
Rules: If someone is red then they are cold. | If someone is yellow then they are cold. | If someone is cold then they are rough. | If someone is not young then they are not rough. | If someone is young then they are cold. | If someone is young then they are nice.
Question: Q1: Bob is cold.
Think step by step.","Reasoning: Fact: Bob is not cold. Rules 1 & 2 state that if Bob is red or yellow, then Bob must be cold. The fact and the rules are in direct contradiction. In such cases, the status is False/Unknown. Answer: False"
"Facts: Bob is red or yellow
Rules: If someone is red then they are cold. | If someone is yellow then they are cold. | If someone is cold then they are rough. | If someone is not young then they are not rough. | If someone is young then they are cold. | If someone is young then they are nice.
Question: Q1: Bob is not cold.
Think step by step.","Reasoning: Fact: Bob is red or yellow. Rule 1 & 2: Colors (red, yellow) imply Bob is cold. Rule 3: Cold implies Bob is rough. Rule 4: Not young implies not rough (Contrapositive: Rough implies young). Rule 5: Young implies Bob is nice. Answer: False"
"Facts: Bob is red or yellow
Rules: If someone is red then they are cold. | If someone is yellow then they are cold. | If someone is cold then they are rough. | If someone is not young then they are not rough. | If someone is young then they are cold. | If someone is young then they are nice.
Question: Q2: Bob is not rough.
Think step by step.","Reasoning: Fact: Bob is red or yellow. Rule 1 & 2: Colors (red, yellow) imply Bob is cold. Rule 3: Cold implies Bob is rough. Rule 4: Not young implies not rough (Contrapositive: Rough implies young). Rule 5: Young implies Bob is nice. Answer: False"
"Facts: Bob is red or yellow
Rules: If someone is red then they are cold. | If someone is yellow then they are cold. | If someone is cold then they are rough. | If someone is not young then they are not rough. | If someone is young then they are cold. | If someone is young then they are nice.
Question: Q3: Bob is happy.
Think step by step.","Reasoning: Fact: Bob is red or yellow. Rule 1 & 2: Colors (red, yellow) imply Bob is cold. Rule 3: Cold implies Bob is rough. Rule 4: Not young implies not rough (Contrapositive: Rough implies young). Rule 5: Young implies Bob is nice. Answer: False"
"Facts: Bob is red or yellow
Rules: If someone is red then they are cold. | If someone is yellow then they are cold. | If someone is cold then they are rough. | If someone is not young then they are not rough. | If someone is young then they are cold. | If someone is young then they are nice.
Question: Q4: Bob is green.
Think step by step.","Reasoning: Fact: Bob is red or yellow. Rule 1 & 2: Colors (red, yellow) imply Bob is cold. Rule 3: Cold implies Bob is rough. Rule 4: Not young implies not rough (Contrapositive: Rough implies young). Rule 5: Young implies Bob is nice. Answer: False"
"Facts: Bob is red or yellow
Rules: If someone is red then they are cold. | If someone is yellow then they are cold. | If someone is not young then they are not rough. | If someone is young then they are cold. | If someone is young then they are nice.
Question: Q2: Bob is not rough.
Think step by step.","Reasoning: Fact: Bob is red or yellow. Rules 1 & 2 confirm Bob is cold. However, the rule linking 'cold' to 'rough' is missing from the ruleset. Therefore, we cannot infer subsequent traits. Answer: False"
"Facts: Bob is red or yellow. Bob is not cold.
Rules: If someone is red then they are cold. | If someone is yellow then they are cold. | If someone is cold then they are rough. | If someone is not young then they are not rough. | If someone is young then they are cold. | If someone is young then they are nice.
Question: Q1: Bob is not cold.
Think step by step.","Reasoning: Fact: Bob is not cold. Rules 1 & 2 state that if Bob is red or yellow, then Bob must be cold. The fact and the rules are in direct contradiction. In such cases, the status is False/Unknown. Answer: False"
"Facts: Anne is green or blue
Rules: If someone is green then they are cold. | If someone is blue then they are cold. | If someone is cold then they are rough. | If someone is not young then they are not rough. | If someone is young then they are cold. | If someone is young then they are nice.
Question: Q1: Anne is cold.
Think step by step.","Reasoning: Fact: Anne is green or blue. Rule 1 & 2: Colors (green, blue) imply Anne is cold. Rule 3: Cold implies Anne is rough. Rule 4: Not young implies not rough (Contrapositive: Rough implies young). Rule 5: Young implies Anne is nice. Answer: True"
"Facts: Anne is green or blue
Rules: If someone is green then they are cold. | If someone is blue then they are cold. | If someone is cold then they are rough. | If someone is not young then they are not rough. | If someone is young then they are cold. | If someone is young then they are nice.
Question: Q2: Anne is rough.
Think step by step.","Reasoning: Fact: Anne is green or blue. Rule 1 & 2: Colors (green, blue) imply Anne is cold. Rule 3: Cold implies Anne is rough. Rule 4: Not young implies not rough (Contrapositive: Rough implies young). Rule 5: Young implies Anne is nice. Answer: True"
"Facts: Anne is green or blue
Rules: If someone is green then they are cold. | If someone is blue then they are cold. | If someone is cold then they are rough. | If someone is not young then they are not rough. | If someone is young then they are cold. | If someone is young then they are nice.
Question: Q3: Anne is young.
Think step by step.","Reasoning: Fact: Anne is green or blue. Rule 1 & 2: Colors (green, blue) imply Anne is cold. Rule 3: Cold implies Anne is rough. Rule 4: Not young implies not rough (Contrapositive: Rough implies young). Rule 5: Young implies Anne is nice. Answer: True"
"Facts: Anne is green or blue
Rules: If someone is green then they are cold. | If someone is blue then they are cold. | If someone is cold then they are rough. | If someone is not young then they are not rough. | If someone is young then they are cold. | If someone is young then they are nice.
Question: Q4: Anne is nice.
Think step by step.","Reasoning: Fact: Anne is green or blue. Rule 1 & 2: Colors (green, blue) imply Anne is cold. Rule 3: Cold implies Anne is rough. Rule 4: Not young implies not rough (Contrapositive: Rough implies young). Rule 5: Young implies Anne is nice. Answer: True"
"Facts: Anne is green or blue
Rules: If someone is green then they are cold. | If someone is blue then they are cold. | If someone is not young then they are not rough. | If someone is young then they are cold. | If someone is young then they are nice.
Question: Q2: Anne is rough.
Think step by step.","Reasoning: Fact: Anne is green or blue. Rules 1 & 2 confirm Anne is cold. However, the rule linking 'cold' to 'rough' is missing from the ruleset. Therefore, we cannot infer subsequent traits. Answer: False"
"Facts: Anne is green or blue
Rules: If someone is green then they are cold. | If someone is blue then they are cold. | If someone is not young then they are not rough. | If someone is young then they are cold. | If someone is young then they are nice.
Question: Q3: Anne is young.
Think step by step.","Reasoning: Fact: Anne is green or blue. Rules 1 & 2 confirm Anne is cold. However, the rule linking 'cold' to 'rough' is missing from the ruleset. Therefore, we cannot infer subsequent traits. Answer: False"
"Facts: Anne is green or blue
Rules: If someone is green then they are cold. | If someone is blue then they are cold. | If someone is not young then they are not rough. | If someone is young then they are cold. | If someone is young then they are nice.
Question: Q4: Anne is nice.
Think step by step.","Reasoning: Fact: Anne is green or blue. Rules 1 & 2 confirm Anne is cold. However, the rule linking 'cold' to 'rough' is missing from the ruleset. Therefore, we cannot infer subsequent traits. Answer: False"
"Facts: Anne is green or blue. Anne is not cold.
Rules: If someone is green then they are cold. | If someone is blue then they are cold. | If someone is cold then they are rough. | If someone is not young then they are not rough. | If someone is young then they are cold. | If someone is young then they are nice.
Question: Q1: Anne is cold.
Think step by step.","Reasoning: Fact: Anne is not cold. Rules 1 & 2 state that if Anne is green or blue, then Anne must be cold. The fact and the rules are in direct contradiction. In such cases, the status is False/Unknown. Answer: False"
"Facts: Anne is green or blue
Rules: If someone is green then they are cold. | If someone is blue then they are cold. | If someone is cold then they are rough. | If someone is not young then they are not rough. | If someone is young then they are cold. | If someone is young then they are nice.
Question: Q1: Anne is not cold.
Think step by step.","Reasoning: Fact: Anne is green or blue. Rule 1 & 2: Colors (green, blue) imply Anne is cold. Rule 3: Cold implies Anne is rough. Rule 4: Not young implies not rough (Contrapositive: Rough implies young). Rule 5: Young implies Anne is nice. Answer: False"
"Facts: Anne is green or blue
Rules: If someone is green then they are cold. | If someone is blue then they are cold. | If someone is cold then they are rough. | If someone is not young then they are not rough. | If someone is young then they are cold. | If someone is young then they are nice.
Question: Q2: Anne is not rough.
Think step by step.","Reasoning: Fact: Anne is green or blue. Rule 1 & 2: Colors (green, blue) imply Anne is cold. Rule 3: Cold implies Anne is rough. Rule 4: Not young implies not rough (Contrapositive: Rough implies young). Rule 5: Young implies Anne is nice. Answer: False"
"Facts: Anne is green or blue
Rules: If someone is green then they are cold. | If someone is blue then they are cold. | If someone is cold then they are rough. | If someone is not young then they are not rough. | If someone is young then they are cold. | If someone is young then they are nice.
Question: Q3: Anne is mean.
Think step by step.","Reasoning: Fact: Anne is green or blue. Rule 1 & 2: Colors (green, blue) imply Anne is cold. Rule 3: Cold implies Anne is rough. Rule 4: Not young implies not rough (Contrapositive: Rough implies young). Rule 5: Young implies Anne is nice. Answer: False"
"Facts: Anne is green or blue
Rules: If someone is green then they are cold. | If someone is blue then they are cold. | If someone is cold then they are rough. | If someone is not young then they are not rough. | If someone is young then they are cold. | If someone is young then they are nice.
Question: Q4: Anne is red.
Think step by step.","Reasoning: Fact: Anne is green or blue. Rule 1 & 2: Colors (green, blue) imply Anne is cold. Rule 3: Cold implies Anne is rough. Rule 4: Not young implies not rough (Contrapositive: Rough implies young). Rule 5: Young implies Anne is nice. Answer: False"
"Facts: Anne is green or blue
Rules: If someone is green then they are cold. | If someone is blue then they are cold. | If someone is not young then they are not rough. | If someone is young then they are cold. | If someone is young then they are nice.
Question: Q2: Anne is not rough.
Think step by step.","Reasoning: Fact: Anne is green or blue. Rules 1 & 2 confirm Anne is cold. However, the rule linking 'cold' to 'rough' is missing from the ruleset. Therefore, we cannot infer subsequent traits. Answer: False"
"Facts: Anne is green or blue. Anne is not cold.
Rules: If someone is green then they are cold. | If someone is blue then they are cold. | If someone is cold then they are rough. | If someone is not young then they are not rough. | If someone is young then they are cold. | If someone is young then they are nice.
Question: Q1: Anne is not cold.
Think step by step.","Reasoning: Fact: Anne is not cold. Rules 1 & 2 state that if Anne is green or blue, then Anne must be cold. The fact and the rules are in direct contradiction. In such cases, the status is False/Unknown. Answer: False"
"Facts: Helen is red or green
Rules: If someone is red then they are cold. | If someone is green then they are cold. | If someone is cold then they are rough. | If someone is not young then they are not rough. | If someone is young then they are cold. | If someone is young then they are nice.
Question: Q1: Helen is cold.
Think step by step.","Reasoning: Fact: Helen is red or green. Rule 1 & 2: Colors (red, green) imply Helen is cold. Rule 3: Cold implies Helen is rough. Rule 4: Not young implies not rough (Contrapositive: Rough implies young). Rule 5: Young implies Helen is nice. Answer: True"
"Facts: Helen is red or green
Rules: If someone is red then they are cold. | If someone is green then they are cold. | If someone is cold then they are rough. | If someone is not young then they are not rough. | If someone is young then they are cold. | If someone is young then they are nice.
Question: Q2: Helen is rough.
Think step by step.","Reasoning: Fact: Helen is red or green. Rule 1 & 2: Colors (red, green) imply Helen is cold. Rule 3: Cold implies Helen is rough. Rule 4: Not young implies not rough (Contrapositive: Rough implies young). Rule 5: Young implies Helen is nice. Answer: True"
"Facts: Helen is red or green
Rules: If someone is red then they are cold. | If someone is green then they are cold. | If someone is cold then they are rough. | If someone is not young then they are not rough. | If someone is young then they are cold. | If someone is young then they are nice.
Question: Q3: Helen is young.
Think step by step.","Reasoning: Fact: Helen is red or green. Rule 1 & 2: Colors (red, green) imply Helen is cold. Rule 3: Cold implies Helen is rough. Rule 4: Not young implies not rough (Contrapositive: Rough implies young). Rule 5: Young implies Helen is nice. Answer: True"
"Facts: Helen is red or green
Rules: If someone is red then they are cold. | If someone is green then they are cold. | If someone is cold then they are rough. | If someone is not young then they are not rough. | If someone is young then they are cold. | If someone is young then they are nice.
Question: Q4: Helen is nice.
Think step by step.","Reasoning: Fact: Helen is red or green. Rule 1 & 2: Colors (red, green) imply Helen is cold. Rule 3: Cold implies Helen is rough. Rule 4: Not young implies not rough (Contrapositive: Rough implies young). Rule 5: Young implies Helen is nice. Answer: True"
"Facts: Helen is red or green
Rules: If someone is red then they are cold. | If someone is green then they are cold. | If someone is not young then they are not rough. | If someone is young then they are cold. | If someone is young then they are nice.
Question: Q2: Helen is rough.
Think step by step.","Reasoning: Fact: Helen is red or green. Rules 1 & 2 confirm Helen is cold. However, the rule linking 'cold' to 'rough' is missing from the ruleset. Therefore, we cannot infer subsequent traits. Answer: False"
"Facts: Helen is red or green
Rules: If someone is red then they are cold. | If someone is green then they are cold. | If someone is not young then they are not rough. | If someone is young then they are cold. | If someone is young then they are nice.
Question: Q3: Helen is young.
Think step by step.","Reasoning: Fact: Helen is red or green. Rules 1 & 2 confirm Helen is cold. However, the rule linking 'cold' to 'rough' is missing from the ruleset. Therefore, we cannot infer subsequent traits. Answer: False"
"Facts: Helen is red or green
Rules: If someone is red then they are cold. | If someone is green then they are cold. | If someone is not young then they are not rough. | If someone is young then they are cold. | If someone is young then they are nice.
Question: Q4: Helen is nice.
Think step by step.","Reasoning: Fact: Helen is red or green. Rules 1 & 2 confirm Helen is cold. However, the rule linking 'cold' to 'rough' is missing from the ruleset. Therefore, we cannot infer subsequent traits. Answer: False"
"Facts: Helen is red or green. Helen is not cold.
Rules: If someone is red then they are cold. | If someone is green then they are cold. | If someone is cold then they are rough. | If someone is not young then they are not rough. | If someone is young then they are cold. | If someone is young then they are nice.
Question: Q1: Helen is cold.
Think step by step.","Reasoning: Fact: Helen is not cold. Rules 1 & 2 state that if Helen is red or green, then Helen must be cold. The fact and the rules are in direct contradiction. In such cases, the status is False/Unknown. Answer: False"
"Facts: Helen is red or green
Rules: If someone is red then they are cold. | If someone is green then they are cold. | If someone is cold then they are rough. | If someone is not young then they are not rough. | If someone is young then they are cold. | If someone is young then they are nice.
Question: Q1: Helen is not cold.
Think step by step.","Reasoning: Fact: Helen is red or green. Rule 1 & 2: Colors (red, green) imply Helen is cold. Rule 3: Cold implies Helen is rough. Rule 4: Not young implies not rough (Contrapositive: Rough implies young). Rule 5: Young implies Helen is nice. Answer: False"
"Facts: Helen is red or green
Rules: If someone is red then they are cold. | If someone is green then they are cold. | If someone is cold then they are rough. | If someone is not young then they are not rough. | If someone is young then they are cold. | If someone is young then they are nice.
Question: Q2: Helen is not rough.
Think step by step.","Reasoning: Fact: Helen is red or green. Rule 1 & 2: Colors (red, green) imply Helen is cold. Rule 3: Cold implies Helen is rough. Rule 4: Not young implies not rough (Contrapositive: Rough implies young). Rule 5: Young implies Helen is nice. Answer: False"
"Facts: Helen is red or green
Rules: If someone is red then they are cold. | If someone is green then they are cold. | If someone is cold then they are rough. | If someone is not young then they are not rough. | If someone is young then they are cold. | If someone is young then they are nice.
Question: Q3: Helen is mean.
Think step by step.","Reasoning: Fact: Helen is red or green. Rule 1 & 2: Colors (red, green) imply Helen is cold. Rule 3: Cold implies Helen is rough. Rule 4: Not young implies not rough (Contrapositive: Rough implies young). Rule 5: Young implies Helen is nice. Answer: False"
"Facts: Helen is red or green
Rules: If someone is red then they are cold. | If someone is green then they are cold. | If someone is cold then they are rough. | If someone is not young then they are not rough. | If someone is young then they are cold. | If someone is young then they are nice.
Question: Q4: Helen is yellow.
Think step by step.","Reasoning: Fact: Helen is red or green. Rule 1 & 2: Colors (red, green) imply Helen is cold. Rule 3: Cold implies Helen is rough. Rule 4: Not young implies not rough (Contrapositive: Rough implies young). Rule 5: Young implies Helen is nice. Answer: False"
"Facts: Helen is red or green
Rules: If someone is red then they are cold. | If someone is green then they are cold. | If someone is not young then they are not rough. | If someone is young then they are cold. | If someone is young then they are nice.
Question: Q2: Helen is not rough.
Think step by step.","Reasoning: Fact: Helen is red or green. Rules 1 & 2 confirm Helen is cold. However, the rule linking 'cold' to 'rough' is missing from the ruleset. Therefore, we cannot infer subsequent traits. Answer: False"
"Facts: Helen is red or green. Helen is not cold.
Rules: If someone is red then they are cold. | If someone is green then they are cold. | If someone is cold then they are rough. | If someone is not young then they are not rough. | If someone is young then they are cold. | If someone is young then they are nice.
Question: Q1: Helen is not cold.
Think step by step.","Reasoning: Fact: Helen is not cold. Rules 1 & 2 state that if Helen is red or green, then Helen must be cold. The fact and the rules are in direct contradiction. In such cases, the status is False/Unknown. Answer: False"
"Facts: David is red or yellow
Rules: If someone is red then they are cold. | If someone is yellow then they are cold. | If someone is cold then they are rough. | If someone is not young then they are not rough. | If someone is young then they are cold. | If someone is young then they are nice.
Question: Q1: David is cold.
Think step by step.","Reasoning: Fact: David is red or yellow. Rule 1 & 2: Colors (red, yellow) imply David is cold. Rule 3: Cold implies David is rough. Rule 4: Not young implies not rough (Contrapositive: Rough implies young). Rule 5: Young implies David is nice. Answer: True"
"Facts: David is red or yellow
Rules: If someone is red then they are cold. | If someone is yellow then they are cold. | If someone is cold then they are rough. | If someone is not young then they are not rough. | If someone is young then they are cold. | If someone is young then they are nice.
Question: Q2: David is rough.
Think step by step.","Reasoning: Fact: David is red or yellow. Rule 1 & 2: Colors (red, yellow) imply David is cold. Rule 3: Cold implies David is rough. Rule 4: Not young implies not rough (Contrapositive: Rough implies young). Rule 5: Young implies David is nice. Answer: True"
"Facts: David is red or yellow
Rules: If someone is red then they are cold. | If someone is yellow then they are cold. | If someone is cold then they are rough. | If someone is not young then they are not rough. | If someone is young then they are cold. | If someone is young then they are nice.
Question: Q3: David is young.
Think step by step.","Reasoning: Fact: David is red or yellow. Rule 1 & 2: Colors (red, yellow) imply David is cold. Rule 3: Cold implies David is rough. Rule 4: Not young implies not rough (Contrapositive: Rough implies young). Rule 5: Young implies David is nice. Answer: True"
"Facts: David is red or yellow
Rules: If someone is red then they are cold. | If someone is yellow then they are cold. | If someone is cold then they are rough. | If someone is not young then they are not rough. | If someone is young then they are cold. | If someone is young then they are nice.
Question: Q4: David is nice.
Think step by step.","Reasoning: Fact: David is red or yellow. Rule 1 & 2: Colors (red, yellow) imply David is cold. Rule 3: Cold implies David is rough. Rule 4: Not young implies not rough (Contrapositive: Rough implies young). Rule 5: Young implies David is nice. Answer: True"
"Facts: David is red or yellow
Rules: If someone is red then they are cold. | If someone is yellow then they are cold. | If someone is not young then they are not rough. | If someone is young then they are cold. | If someone is young then they are nice.
Question: Q2: David is rough.
Think step by step.","Reasoning: Fact: David is red or yellow. Rules 1 & 2 confirm David is cold. However, the rule linking 'cold' to 'rough' is missing from the ruleset. Therefore, we cannot infer subsequent traits. Answer: False"
"Facts: David is red or yellow
Rules: If someone is red then they are cold. | If someone is yellow then they are cold. | If someone is not young then they are not rough. | If someone is young then they are cold. | If someone is young then they are nice.
Question: Q3: David is young.
Think step by step.","Reasoning: Fact: David is red or yellow. Rules 1 & 2 confirm David is cold. However, the rule linking 'cold' to 'rough' is missing from the ruleset. Therefore, we cannot infer subsequent traits. Answer: False"
"Facts: David is red or yellow
Rules: If someone is red then they are cold. | If someone is yellow then they are cold. | If someone is not young then they are not rough. | If someone is young then they are cold. | If someone is young then they are nice.
Question: Q4: David is nice.
Think step by step.","Reasoning: Fact: David is red or yellow. Rules 1 & 2 confirm David is cold. However, the rule linking 'cold' to 'rough' is missing from the ruleset. Therefore, we cannot infer subsequent traits. Answer: False"
"Facts: David is red or yellow. David is not cold.
Rules: If someone is red then they are cold. | If someone is yellow then they are cold. | If someone is cold then they are rough. | If someone is not young then they are not rough. | If someone is young then they are cold. | If someone is young then they are nice.
Question: Q1: David is cold.
Think step by step.","Reasoning: Fact: David is not cold. Rules 1 & 2 state that if David is red or yellow, then David must be cold. The fact and the rules are in direct contradiction. In such cases, the status is False/Unknown. Answer: False"
"Facts: David is red or yellow
Rules: If someone is red then they are cold. | If someone is yellow then they are cold. | If someone is cold then they are rough. | If someone is not young then they are not rough. | If someone is young then they are cold. | If someone is young then they are nice.
Question: Q1: David is not cold.
Think step by step.","Reasoning: Fact: David is red or yellow. Rule 1 & 2: Colors (red, yellow) imply David is cold. Rule 3: Cold implies David is rough. Rule 4: Not young implies not rough (Contrapositive: Rough implies young). Rule 5: Young implies David is nice. Answer: False"
"Facts: David is red or yellow
Rules: If someone is red then they are cold. | If someone is yellow then they are cold. | If someone is cold then they are rough. | If someone is not young then they are not rough. | If someone is young then they are cold. | If someone is young then they are nice.
Question: Q2: David is not rough.
Think step by step.","Reasoning: Fact: David is red or yellow. Rule 1 & 2: Colors (red, yellow) imply David is cold. Rule 3: Cold implies David is rough. Rule 4: Not young implies not rough (Contrapositive: Rough implies young). Rule 5: Young implies David is nice. Answer: False"
"Facts: David is red or yellow
Rules: If someone is red then they are cold. | If someone is yellow then they are cold. | If someone is cold then they are rough. | If someone is not young then they are not rough. | If someone is young then they are cold. | If someone is young then they are nice.
Question: Q3: David is short.
Think step by step.","Reasoning: Fact: David is red or yellow. Rule 1 & 2: Colors (red, yellow) imply David is cold. Rule 3: Cold implies David is rough. Rule 4: Not young implies not rough (Contrapositive: Rough implies young). Rule 5: Young implies David is nice. Answer: False"
"Facts: David is red or yellow
Rules: If someone is red then they are cold. | If someone is yellow then they are cold. | If someone is cold then they are rough. | If someone is not young then they are not rough. | If someone is young then they are cold. | If someone is young then they are nice.
Question: Q4: David is green.
Think step by step.","Reasoning: Fact: David is red or yellow. Rule 1 & 2: Colors (red, yellow) imply David is cold. Rule 3: Cold implies David is rough. Rule 4: Not young implies not rough (Contrapositive: Rough implies young). Rule 5: Young implies David is nice. Answer: False"
"Facts: David is red or yellow
Rules: If someone is red then they are cold. | If someone is yellow then they are cold. | If someone is not young then they are not rough. | If someone is young then they are cold. | If someone is young then they are nice.
Question: Q2: David is not rough.
Think step by step.","Reasoning: Fact: David is red or yellow. Rules 1 & 2 confirm David is cold. However, the rule linking 'cold' to 'rough' is missing from the ruleset. Therefore, we cannot infer subsequent traits. Answer: False"
"Facts: David is red or yellow. David is not cold.
Rules: If someone is red then they are cold. | If someone is yellow then they are cold. | If someone is cold then they are rough. | If someone is not young then they are not rough. | If someone is young then they are cold. | If someone is young then they are nice.
Question: Q1: David is not cold.
Think step by step.","Reasoning: Fact: David is not cold. Rules 1 & 2 state that if David is red or yellow, then David must be cold. The fact and the rules are in direct contradiction. In such cases, the status is False/Unknown. Answer: False"
"Facts: Helen is yellow or green
Rules: If someone is yellow then they are cold. | If someone is green then they are cold. | If someone is cold then they are rough. | If someone is not young then they are not rough. | If someone is young then they are cold. | If someone is young then they are nice.
Question: Q1: Helen is cold.
Think step by step.","Reasoning: Fact: Helen is yellow or green. Rule 1 & 2: Colors (yellow, green) imply Helen is cold. Rule 3: Cold implies Helen is rough. Rule 4: Not young implies not rough (Contrapositive: Rough implies young). Rule 5: Young implies Helen is nice. Answer: True"
"Facts: Helen is yellow or green
Rules: If someone is yellow then they are cold. | If someone is green then they are cold. | If someone is cold then they are rough. | If someone is not young then they are not rough. | If someone is young then they are cold. | If someone is young then they are nice.
Question: Q2: Helen is rough.
Think step by step.","Reasoning: Fact: Helen is yellow or green. Rule 1 & 2: Colors (yellow, green) imply Helen is cold. Rule 3: Cold implies Helen is rough. Rule 4: Not young implies not rough (Contrapositive: Rough implies young). Rule 5: Young implies Helen is nice. Answer: True"
"Facts: Helen is yellow or green
Rules: If someone is yellow then they are cold. | If someone is green then they are cold. | If someone is cold then they are rough. | If someone is not young then they are not rough. | If someone is young then they are cold. | If someone is young then they are nice.
Question: Q3: Helen is young.
Think step by step.","Reasoning: Fact: Helen is yellow or green. Rule 1 & 2: Colors (yellow, green) imply Helen is cold. Rule 3: Cold implies Helen is rough. Rule 4: Not young implies not rough (Contrapositive: Rough implies young). Rule 5: Young implies Helen is nice. Answer: True"
"Facts: Helen is yellow or green
Rules: If someone is yellow then they are cold. | If someone is green then they are cold. | If someone is cold then they are rough. | If someone is not young then they are not rough. | If someone is young then they are cold. | If someone is young then they are nice.
Question: Q4: Helen is nice.
Think step by step.","Reasoning: Fact: Helen is yellow or green. Rule 1 & 2: Colors (yellow, green) imply Helen is cold. Rule 3: Cold implies Helen is rough. Rule 4: Not young implies not rough (Contrapositive: Rough implies young). Rule 5: Young implies Helen is nice. Answer: True"
"Facts: Helen is yellow or green
Rules: If someone is yellow then they are cold. | If someone is green then they are cold. | If someone is not young then they are not rough. | If someone is young then they are cold. | If someone is young then they are nice.
Question: Q2: Helen is rough.
Think step by step.","Reasoning: Fact: Helen is yellow or green. Rules 1 & 2 confirm Helen is cold. However, the rule linking 'cold' to 'rough' is missing from the ruleset. Therefore, we cannot infer subsequent traits. Answer: False"
"Facts: Helen is yellow or green
Rules: If someone is yellow then they are cold. | If someone is green then they are cold. | If someone is not young then they are not rough. | If someone is young then they are cold. | If someone is young then they are nice.
Question: Q3: Helen is young.
Think step by step.","Reasoning: Fact: Helen is yellow or green. Rules 1 & 2 confirm Helen is cold. However, the rule linking 'cold' to 'rough' is missing from the ruleset. Therefore, we cannot infer subsequent traits. Answer: False"
"Facts: Helen is yellow or green
Rules: If someone is yellow then they are cold. | If someone is green then they are cold. | If someone is not young then they are not rough. | If someone is young then they are cold. | If someone is young then they are nice.
Question: Q4: Helen is nice.
Think step by step.","Reasoning: Fact: Helen is yellow or green. Rules 1 & 2 confirm Helen is cold. However, the rule linking 'cold' to 'rough' is missing from the ruleset. Therefore, we cannot infer subsequent traits. Answer: False"
"Facts: Helen is yellow or green. Helen is not cold.
Rules: If someone is yellow then they are cold. | If someone is green then they are cold. | If someone is cold then they are rough. | If someone is not young then they are not rough. | If someone is young then they are cold. | If someone is young then they are nice.
Question: Q1: Helen is cold.
Think step by step.","Reasoning: Fact: Helen is not cold. Rules 1 & 2 state that if Helen is yellow or green, then Helen must be cold. The fact and the rules are in direct contradiction. In such cases, the status is False/Unknown. Answer: False"
"Facts: Helen is yellow or green
Rules: If someone is yellow then they are cold. | If someone is green then they are cold. | If someone is cold then they are rough. | If someone is not young then they are not rough. | If someone is young then they are cold. | If someone is young then they are nice.
Question: Q1: Helen is not cold.
Think step by step.","Reasoning: Fact: Helen is yellow or green. Rule 1 & 2: Colors (yellow, green) imply Helen is cold. Rule 3: Cold implies Helen is rough. Rule 4: Not young implies not rough (Contrapositive: Rough implies young). Rule 5: Young implies Helen is nice. Answer: False"
"Facts: Helen is yellow or green
Rules: If someone is yellow then they are cold. | If someone is green then they are cold. | If someone is cold then they are rough. | If someone is not young then they are not rough. | If someone is young then they are cold. | If someone is young then they are nice.
Question: Q2: Helen is not rough.
Think step by step.","Reasoning: Fact: Helen is yellow or green. Rule 1 & 2: Colors (yellow, green) imply Helen is cold. Rule 3: Cold implies Helen is rough. Rule 4: Not young implies not rough (Contrapositive: Rough implies young). Rule 5: Young implies Helen is nice. Answer: False"
"Facts: Helen is yellow or green
Rules: If someone is yellow then they are cold. | If someone is green then they are cold. | If someone is cold then they are rough. | If someone is not young then they are not rough. | If someone is young then they are cold. | If someone is young then they are nice.
Question: Q3: Helen is short.
Think step by step.","Reasoning: Fact: Helen is yellow or green. Rule 1 & 2: Colors (yellow, green) imply Helen is cold. Rule 3: Cold implies Helen is rough. Rule 4: Not young implies not rough (Contrapositive: Rough implies young). Rule 5: Young implies Helen is nice. Answer: False"
"Facts: Helen is yellow or green
Rules: If someone is yellow then they are cold. | If someone is green then they are cold. | If someone is cold then they are rough. | If someone is not young then they are not rough. | If someone is young then they are cold. | If someone is young then they are nice.
Question: Q4: Helen is red.
Think step by step.","Reasoning: Fact: Helen is yellow or green. Rule 1 & 2: Colors (yellow, green) imply Helen is cold. Rule 3: Cold implies Helen is rough. Rule 4: Not young implies not rough (Contrapositive: Rough implies young). Rule 5: Young implies Helen is nice. Answer: False"
"Facts: Helen is yellow or green
Rules: If someone is yellow then they are cold. | If someone is green then they are cold. | If someone is not young then they are not rough. | If someone is young then they are cold. | If someone is young then they are nice.
Question: Q2: Helen is not rough.
Think step by step.","Reasoning: Fact: Helen is yellow or green. Rules 1 & 2 confirm Helen is cold. However, the rule linking 'cold' to 'rough' is missing from the ruleset. Therefore, we cannot infer subsequent traits. Answer: False"
"Facts: Helen is yellow or green. Helen is not cold.
Rules: If someone is yellow then they are cold. | If someone is green then they are cold. | If someone is cold then they are rough. | If someone is not young then they are not rough. | If someone is young then they are cold. | If someone is young then they are nice.
Question: Q1: Helen is not cold.
Think step by step.","Reasoning: Fact: Helen is not cold. Rules 1 & 2 state that if Helen is yellow or green, then Helen must be cold. The fact and the rules are in direct contradiction. In such cases, the status is False/Unknown. Answer: False"
"Facts: Grace is red or green
Rules: If someone is red then they are cold. | If someone is green then they are cold. | If someone is cold then they are rough. | If someone is not young then they are not rough. | If someone is young then they are cold. | If someone is young then they are nice.
Question: Q1: Grace is cold.
Think step by step.","Reasoning: Fact: Grace is red or green. Rule 1 & 2: Colors (red, green) imply Grace is cold. Rule 3: Cold implies Grace is rough. Rule 4: Not young implies not rough (Contrapositive: Rough implies young). Rule 5: Young implies Grace is nice. Answer: True"
"Facts: Grace is red or green
Rules: If someone is red then they are cold. | If someone is green then they are cold. | If someone is cold then they are rough. | If someone is not young then they are not rough. | If someone is young then they are cold. | If someone is young then they are nice.
Question: Q2: Grace is rough.
Think step by step.","Reasoning: Fact: Grace is red or green. Rule 1 & 2: Colors (red, green) imply Grace is cold. Rule 3: Cold implies Grace is rough. Rule 4: Not young implies not rough (Contrapositive: Rough implies young). Rule 5: Young implies Grace is nice. Answer: True"
"Facts: Grace is red or green
Rules: If someone is red then they are cold. | If someone is green then they are cold. | If someone is cold then they are rough. | If someone is not young then they are not rough. | If someone is young then they are cold. | If someone is young then they are nice.
Question: Q3: Grace is young.
Think step by step.","Reasoning: Fact: Grace is red or green. Rule 1 & 2: Colors (red, green) imply Grace is cold. Rule 3: Cold implies Grace is rough. Rule 4: Not young implies not rough (Contrapositive: Rough implies young). Rule 5: Young implies Grace is nice. Answer: True"
"Facts: Grace is red or green
Rules: If someone is red then they are cold. | If someone is green then they are cold. | If someone is cold then they are rough. | If someone is not young then they are not rough. | If someone is young then they are cold. | If someone is young then they are nice.
Question: Q4: Grace is nice.
Think step by step.","Reasoning: Fact: Grace is red or green. Rule 1 & 2: Colors (red, green) imply Grace is cold. Rule 3: Cold implies Grace is rough. Rule 4: Not young implies not rough (Contrapositive: Rough implies young). Rule 5: Young implies Grace is nice. Answer: True"
"Facts: Grace is red or green
Rules: If someone is red then they are cold. | If someone is green then they are cold. | If someone is not young then they are not rough. | If someone is young then they are cold. | If someone is young then they are nice.
Question: Q2: Grace is rough.
Think step by step.","Reasoning: Fact: Grace is red or green. Rules 1 & 2 confirm Grace is cold. However, the rule linking 'cold' to 'rough' is missing from the ruleset. Therefore, we cannot infer subsequent traits. Answer: False"
"Facts: Grace is red or green
Rules: If someone is red then they are cold. | If someone is green then they are cold. | If someone is not young then they are not rough. | If someone is young then they are cold. | If someone is young then they are nice.
Question: Q3: Grace is young.
Think step by step.","Reasoning: Fact: Grace is red or green. Rules 1 & 2 confirm Grace is cold. However, the rule linking 'cold' to 'rough' is missing from the ruleset. Therefore, we cannot infer subsequent traits. Answer: False"
"Facts: Grace is red or green
Rules: If someone is red then they are cold. | If someone is green then they are cold. | If someone is not young then they are not rough. | If someone is young then they are cold. | If someone is young then they are nice.
Question: Q4: Grace is nice.
Think step by step.","Reasoning: Fact: Grace is red or green. Rules 1 & 2 confirm Grace is cold. However, the rule linking 'cold' to 'rough' is missing from the ruleset. Therefore, we cannot infer subsequent traits. Answer: False"
"Facts: Grace is red or green. Grace is not cold.
Rules: If someone is red then they are cold. | If someone is green then they are cold. | If someone is cold then they are rough. | If someone is not young then they are not rough. | If someone is young then they are cold. | If someone is young then they are nice.
Question: Q1: Grace is cold.
Think step by step.","Reasoning: Fact: Grace is not cold. Rules 1 & 2 state that if Grace is red or green, then Grace must be cold. The fact and the rules are in direct contradiction. In such cases, the status is False/Unknown. Answer: False"
"Facts: Grace is red or green
Rules: If someone is red then they are cold. | If someone is green then they are cold. | If someone is cold then they are rough. | If someone is not young then they are not rough. | If someone is young then they are cold. | If someone is young then they are nice.
Question: Q1: Grace is not cold.
Think step by step.","Reasoning: Fact: Grace is red or green. Rule 1 & 2: Colors (red, green) imply Grace is cold. Rule 3: Cold implies Grace is rough. Rule 4: Not young implies not rough (Contrapositive: Rough implies young). Rule 5: Young implies Grace is nice. Answer: False"
"Facts: Grace is red or green
Rules: If someone is red then they are cold. | If someone is green then they are cold. | If someone is cold then they are rough. | If someone is not young then they are not rough. | If someone is young then they are cold. | If someone is young then they are nice.
Question: Q2: Grace is not rough.
Think step by step.","Reasoning: Fact: Grace is red or green. Rule 1 & 2: Colors (red, green) imply Grace is cold. Rule 3: Cold implies Grace is rough. Rule 4: Not young implies not rough (Contrapositive: Rough implies young). Rule 5: Young implies Grace is nice. Answer: False"
"Facts: Grace is red or green
Rules: If someone is red then they are cold. | If someone is green then they are cold. | If someone is cold then they are rough. | If someone is not young then they are not rough. | If someone is young then they are cold. | If someone is young then they are nice.
Question: Q3: Grace is mean.
Think step by step.","Reasoning: Fact: Grace is red or green. Rule 1 & 2: Colors (red, green) imply Grace is cold. Rule 3: Cold implies Grace is rough. Rule 4: Not young implies not rough (Contrapositive: Rough implies young). Rule 5: Young implies Grace is nice. Answer: False"
"Facts: Grace is red or green
Rules: If someone is red then they are cold. | If someone is green then they are cold. | If someone is cold then they are rough. | If someone is not young then they are not rough. | If someone is young then they are cold. | If someone is young then they are nice.
Question: Q4: Grace is yellow.
Think step by step.","Reasoning: Fact: Grace is red or green. Rule 1 & 2: Colors (red, green) imply Grace is cold. Rule 3: Cold implies Grace is rough. Rule 4: Not young implies not rough (Contrapositive: Rough implies young). Rule 5: Young implies Grace is nice. Answer: False"
"Facts: Grace is red or green
Rules: If someone is red then they are cold. | If someone is green then they are cold. | If someone is not young then they are not rough. | If someone is young then they are cold. | If someone is young then they are nice.
Question: Q2: Grace is not rough.
Think step by step.","Reasoning: Fact: Grace is red or green. Rules 1 & 2 confirm Grace is cold. However, the rule linking 'cold' to 'rough' is missing from the ruleset. Therefore, we cannot infer subsequent traits. Answer: False"
"Facts: Grace is red or green. Grace is not cold.
Rules: If someone is red then they are cold. | If someone is green then they are cold. | If someone is cold then they are rough. | If someone is not young then they are not rough. | If someone is young then they are cold. | If someone is young then they are nice.
Question: Q1: Grace is not cold.
Think step by step.","Reasoning: Fact: Grace is not cold. Rules 1 & 2 state that if Grace is red or green, then Grace must be cold. The fact and the rules are in direct contradiction. In such cases, the status is False/Unknown. Answer: False"
"Facts: David is blue or red
Rules: If someone is blue then they are cold. | If someone is red then they are cold. | If someone is cold then they are rough. | If someone is not young then they are not rough. | If someone is young then they are cold. | If someone is young then they are nice.
Question: Q1: David is cold.
Think step by step.","Reasoning: Fact: David is blue or red. Rule 1 & 2: Colors (blue, red) imply David is cold. Rule 3: Cold implies David is rough. Rule 4: Not young implies not rough (Contrapositive: Rough implies young). Rule 5: Young implies David is nice. Answer: True"
"Facts: David is blue or red
Rules: If someone is blue then they are cold. | If someone is red then they are cold. | If someone is cold then they are rough. | If someone is not young then they are not rough. | If someone is young then they are cold. | If someone is young then they are nice.
Question: Q2: David is rough.
Think step by step.","Reasoning: Fact: David is blue or red. Rule 1 & 2: Colors (blue, red) imply David is cold. Rule 3: Cold implies David is rough. Rule 4: Not young implies not rough (Contrapositive: Rough implies young). Rule 5: Young implies David is nice. Answer: True"
"Facts: David is blue or red
Rules: If someone is blue then they are cold. | If someone is red then they are cold. | If someone is cold then they are rough. | If someone is not young then they are not rough. | If someone is young then they are cold. | If someone is young then they are nice.
Question: Q3: David is young.
Think step by step.","Reasoning: Fact: David is blue or red. Rule 1 & 2: Colors (blue, red) imply David is cold. Rule 3: Cold implies David is rough. Rule 4: Not young implies not rough (Contrapositive: Rough implies young). Rule 5: Young implies David is nice. Answer: True"
"Facts: David is blue or red
Rules: If someone is blue then they are cold. | If someone is red then they are cold. | If someone is cold then they are rough. | If someone is not young then they are not rough. | If someone is young then they are cold. | If someone is young then they are nice.
Question: Q4: David is nice.
Think step by step.","Reasoning: Fact: David is blue or red. Rule 1 & 2: Colors (blue, red) imply David is cold. Rule 3: Cold implies David is rough. Rule 4: Not young implies not rough (Contrapositive: Rough implies young). Rule 5: Young implies David is nice. Answer: True"
"Facts: David is blue or red
Rules: If someone is blue then they are cold. | If someone is red then they are cold. | If someone is not young then they are not rough. | If someone is young then they are cold. | If someone is young then they are nice.
Question: Q2: David is rough.
Think step by step.","Reasoning: Fact: David is blue or red. Rules 1 & 2 confirm David is cold. However, the rule linking 'cold' to 'rough' is missing from the ruleset. Therefore, we cannot infer subsequent traits. Answer: False"
"Facts: David is blue or red
Rules: If someone is blue then they are cold. | If someone is red then they are cold. | If someone is not young then they are not rough. | If someone is young then they are cold. | If someone is young then they are nice.
Question: Q3: David is young.
Think step by step.","Reasoning: Fact: David is blue or red. Rules 1 & 2 confirm David is cold. However, the rule linking 'cold' to 'rough' is missing from the ruleset. Therefore, we cannot infer subsequent traits. Answer: False"
"Facts: David is blue or red
Rules: If someone is blue then they are cold. | If someone is red then they are cold. | If someone is not young then they are not rough. | If someone is young then they are cold. | If someone is young then they are nice.
Question: Q4: David is nice.
Think step by step.","Reasoning: Fact: David is blue or red. Rules 1 & 2 confirm David is cold. However, the rule linking 'cold' to 'rough' is missing from the ruleset. Therefore, we cannot infer subsequent traits. Answer: False"
"Facts: David is blue or red. David is not cold.
Rules: If someone is blue then they are cold. | If someone is red then they are cold. | If someone is cold then they are rough. | If someone is not young then they are not rough. | If someone is young then they are cold. | If someone is young then they are nice.
Question: Q1: David is cold.
Think step by step.","Reasoning: Fact: David is not cold. Rules 1 & 2 state that if David is blue or red, then David must be cold. The fact and the rules are in direct contradiction. In such cases, the status is False/Unknown. Answer: False"
"Facts: David is blue or red
Rules: If someone is blue then they are cold. | If someone is red then they are cold. | If someone is cold then they are rough. | If someone is not young then they are not rough. | If someone is young then they are cold. | If someone is young then they are nice.
Question: Q1: David is not cold.
Think step by step.","Reasoning: Fact: David is blue or red. Rule 1 & 2: Colors (blue, red) imply David is cold. Rule 3: Cold implies David is rough. Rule 4: Not young implies not rough (Contrapositive: Rough implies young). Rule 5: Young implies David is nice. Answer: False"
"Facts: David is blue or red
Rules: If someone is blue then they are cold. | If someone is red then they are cold. | If someone is cold then they are rough. | If someone is not young then they are not rough. | If someone is young then they are cold. | If someone is young then they are nice.
Question: Q2: David is not rough.
Think step by step.","Reasoning: Fact: David is blue or red. Rule 1 & 2: Colors (blue, red) imply David is cold. Rule 3: Cold implies David is rough. Rule 4: Not young implies not rough (Contrapositive: Rough implies young). Rule 5: Young implies David is nice. Answer: False"
"Facts: David is blue or red
Rules: If someone is blue then they are cold. | If someone is red then they are cold. | If someone is cold then they are rough. | If someone is not young then they are not rough. | If someone is young then they are cold. | If someone is young then they are nice.
Question: Q3: David is sad.
Think step by step.","Reasoning: Fact: David is blue or red. Rule 1 & 2: Colors (blue, red) imply David is cold. Rule 3: Cold implies David is rough. Rule 4: Not young implies not rough (Contrapositive: Rough implies young). Rule 5: Young implies David is nice. Answer: False"
"Facts: David is blue or red
Rules: If someone is blue then they are cold. | If someone is red then they are cold. | If someone is cold then they are rough. | If someone is not young then they are not rough. | If someone is young then they are cold. | If someone is young then they are nice.
Question: Q4: David is green.
Think step by step.","Reasoning: Fact: David is blue or red. Rule 1 & 2: Colors (blue, red) imply David is cold. Rule 3: Cold implies David is rough. Rule 4: Not young implies not rough (Contrapositive: Rough implies young). Rule 5: Young implies David is nice. Answer: False"
"Facts: David is blue or red
Rules: If someone is blue then they are cold. | If someone is red then they are cold. | If someone is not young then they are not rough. | If someone is young then they are cold. | If someone is young then they are nice.
Question: Q2: David is not rough.
Think step by step.","Reasoning: Fact: David is blue or red. Rules 1 & 2 confirm David is cold. However, the rule linking 'cold' to 'rough' is missing from the ruleset. Therefore, we cannot infer subsequent traits. Answer: False"
"Facts: David is blue or red. David is not cold.
Rules: If someone is blue then they are cold. | If someone is red then they are cold. | If someone is cold then they are rough. | If someone is not young then they are not rough. | If someone is young then they are cold. | If someone is young then they are nice.
Question: Q1: David is not cold.
Think step by step.","Reasoning: Fact: David is not cold. Rules 1 & 2 state that if David is blue or red, then David must be cold. The fact and the rules are in direct contradiction. In such cases, the status is False/Unknown. Answer: False"
"Facts: Claire is yellow or green
Rules: If someone is yellow then they are cold. | If someone is green then they are cold. | If someone is cold then they are rough. | If someone is not young then they are not rough. | If someone is young then they are cold. | If someone is young then they are nice.
Question: Q1: Claire is cold.
Think step by step.","Reasoning: Fact: Claire is yellow or green. Rule 1 & 2: Colors (yellow, green) imply Claire is cold. Rule 3: Cold implies Claire is rough. Rule 4: Not young implies not rough (Contrapositive: Rough implies young). Rule 5: Young implies Claire is nice. Answer: True"
"Facts: Claire is yellow or green
Rules: If someone is yellow then they are cold. | If someone is green then they are cold. | If someone is cold then they are rough. | If someone is not young then they are not rough. | If someone is young then they are cold. | If someone is young then they are nice.
Question: Q2: Claire is rough.
Think step by step.","Reasoning: Fact: Claire is yellow or green. Rule 1 & 2: Colors (yellow, green) imply Claire is cold. Rule 3: Cold implies Claire is rough. Rule 4: Not young implies not rough (Contrapositive: Rough implies young). Rule 5: Young implies Claire is nice. Answer: True"
"Facts: Claire is yellow or green
Rules: If someone is yellow then they are cold. | If someone is green then they are cold. | If someone is cold then they are rough. | If someone is not young then they are not rough. | If someone is young then they are cold. | If someone is young then they are nice.
Question: Q3: Claire is young.
Think step by step.","Reasoning: Fact: Claire is yellow or green. Rule 1 & 2: Colors (yellow, green) imply Claire is cold. Rule 3: Cold implies Claire is rough. Rule 4: Not young implies not rough (Contrapositive: Rough implies young). Rule 5: Young implies Claire is nice. Answer: True"
"Facts: Claire is yellow or green
Rules: If someone is yellow then they are cold. | If someone is green then they are cold. | If someone is cold then they are rough. | If someone is not young then they are not rough. | If someone is young then they are cold. | If someone is young then they are nice.
Question: Q4: Claire is nice.
Think step by step.","Reasoning: Fact: Claire is yellow or green. Rule 1 & 2: Colors (yellow, green) imply Claire is cold. Rule 3: Cold implies Claire is rough. Rule 4: Not young implies not rough (Contrapositive: Rough implies young). Rule 5: Young implies Claire is nice. Answer: True"
"Facts: Claire is yellow or green
Rules: If someone is yellow then they are cold. | If someone is green then they are cold. | If someone is not young then they are not rough. | If someone is young then they are cold. | If someone is young then they are nice.
Question: Q2: Claire is rough.
Think step by step.","Reasoning: Fact: Claire is yellow or green. Rules 1 & 2 confirm Claire is cold. However, the rule linking 'cold' to 'rough' is missing from the ruleset. Therefore, we cannot infer subsequent traits. Answer: False"
"Facts: Claire is yellow or green
Rules: If someone is yellow then they are cold. | If someone is green then they are cold. | If someone is not young then they are not rough. | If someone is young then they are cold. | If someone is young then they are nice.
Question: Q3: Claire is young.
Think step by step.","Reasoning: Fact: Claire is yellow or green. Rules 1 & 2 confirm Claire is cold. However, the rule linking 'cold' to 'rough' is missing from the ruleset. Therefore, we cannot infer subsequent traits. Answer: False"
"Facts: Claire is yellow or green
Rules: If someone is yellow then they are cold. | If someone is green then they are cold. | If someone is not young then they are not rough. | If someone is young then they are cold. | If someone is young then they are nice.
Question: Q4: Claire is nice.
Think step by step.","Reasoning: Fact: Claire is yellow or green. Rules 1 & 2 confirm Claire is cold. However, the rule linking 'cold' to 'rough' is missing from the ruleset. Therefore, we cannot infer subsequent traits. Answer: False"
"Facts: Claire is yellow or green. Claire is not cold.
Rules: If someone is yellow then they are cold. | If someone is green then they are cold. | If someone is cold then they are rough. | If someone is not young then they are not rough. | If someone is young then they are cold. | If someone is young then they are nice.
Question: Q1: Claire is cold.
Think step by step.","Reasoning: Fact: Claire is not cold. Rules 1 & 2 state that if Claire is yellow or green, then Claire must be cold. The fact and the rules are in direct contradiction. In such cases, the status is False/Unknown. Answer: False"
"Facts: Claire is yellow or green
Rules: If someone is yellow then they are cold. | If someone is green then they are cold. | If someone is cold then they are rough. | If someone is not young then they are not rough. | If someone is young then they are cold. | If someone is young then they are nice.
Question: Q1: Claire is not cold.
Think step by step.","Reasoning: Fact: Claire is yellow or green. Rule 1 & 2: Colors (yellow, green) imply Claire is cold. Rule 3: Cold implies Claire is rough. Rule 4: Not young implies not rough (Contrapositive: Rough implies young). Rule 5: Young implies Claire is nice. Answer: False"
"Facts: Claire is yellow or green
Rules: If someone is yellow then they are cold. | If someone is green then they are cold. | If someone is cold then they are rough. | If someone is not young then they are not rough. | If someone is young then they are cold. | If someone is young then they are nice.
Question: Q2: Claire is not rough.
Think step by step.","Reasoning: Fact: Claire is yellow or green. Rule 1 & 2: Colors (yellow, green) imply Claire is cold. Rule 3: Cold implies Claire is rough. Rule 4: Not young implies not rough (Contrapositive: Rough implies young). Rule 5: Young implies Claire is nice. Answer: False"
"Facts: Claire is yellow or green
Rules: If someone is yellow then they are cold. | If someone is green then they are cold. | If someone is cold then they are rough. | If someone is not young then they are not rough. | If someone is young then they are cold. | If someone is young then they are nice.
Question: Q3: Claire is short.
Think step by step.","Reasoning: Fact: Claire is yellow or green. Rule 1 & 2: Colors (yellow, green) imply Claire is cold. Rule 3: Cold implies Claire is rough. Rule 4: Not young implies not rough (Contrapositive: Rough implies young). Rule 5: Young implies Claire is nice. Answer: False"
"Facts: Claire is yellow or green
Rules: If someone is yellow then they are cold. | If someone is green then they are cold. | If someone is cold then they are rough. | If someone is not young then they are not rough. | If someone is young then they are cold. | If someone is young then they are nice.
Question: Q4: Claire is blue.
Think step by step.","Reasoning: Fact: Claire is yellow or green. Rule 1 & 2: Colors (yellow, green) imply Claire is cold. Rule 3: Cold implies Claire is rough. Rule 4: Not young implies not rough (Contrapositive: Rough implies young). Rule 5: Young implies Claire is nice. Answer: False"
"Facts: Claire is yellow or green
Rules: If someone is yellow then they are cold. | If someone is green then they are cold. | If someone is not young then they are not rough. | If someone is young then they are cold. | If someone is young then they are nice.
Question: Q2: Claire is not rough.
Think step by step.","Reasoning: Fact: Claire is yellow or green. Rules 1 & 2 confirm Claire is cold. However, the rule linking 'cold' to 'rough' is missing from the ruleset. Therefore, we cannot infer subsequent traits. Answer: False"
"Facts: Claire is yellow or green. Claire is not cold.
Rules: If someone is yellow then they are cold. | If someone is green then they are cold. | If someone is cold then they are rough. | If someone is not young then they are not rough. | If someone is young then they are cold. | If someone is young then they are nice.
Question: Q1: Claire is not cold.
Think step by step.","Reasoning: Fact: Claire is not cold. Rules 1 & 2 state that if Claire is yellow or green, then Claire must be cold. The fact and the rules are in direct contradiction. In such cases, the status is False/Unknown. Answer: False"
"Facts: David is red or green
Rules: If someone is red then they are cold. | If someone is green then they are cold. | If someone is cold then they are rough. | If someone is not young then they are not rough. | If someone is young then they are cold. | If someone is young then they are nice.
Question: Q1: David is cold.
Think step by step.","Reasoning: Fact: David is red or green. Rule 1 & 2: Colors (red, green) imply David is cold. Rule 3: Cold implies David is rough. Rule 4: Not young implies not rough (Contrapositive: Rough implies young). Rule 5: Young implies David is nice. Answer: True"
"Facts: David is red or green
Rules: If someone is red then they are cold. | If someone is green then they are cold. | If someone is cold then they are rough. | If someone is not young then they are not rough. | If someone is young then they are cold. | If someone is young then they are nice.
Question: Q2: David is rough.
Think step by step.","Reasoning: Fact: David is red or green. Rule 1 & 2: Colors (red, green) imply David is cold. Rule 3: Cold implies David is rough. Rule 4: Not young implies not rough (Contrapositive: Rough implies young). Rule 5: Young implies David is nice. Answer: True"
"Facts: David is red or green
Rules: If someone is red then they are cold. | If someone is green then they are cold. | If someone is cold then they are rough. | If someone is not young then they are not rough. | If someone is young then they are cold. | If someone is young then they are nice.
Question: Q3: David is young.
Think step by step.","Reasoning: Fact: David is red or green. Rule 1 & 2: Colors (red, green) imply David is cold. Rule 3: Cold implies David is rough. Rule 4: Not young implies not rough (Contrapositive: Rough implies young). Rule 5: Young implies David is nice. Answer: True"
"Facts: David is red or green
Rules: If someone is red then they are cold. | If someone is green then they are cold. | If someone is cold then they are rough. | If someone is not young then they are not rough. | If someone is young then they are cold. | If someone is young then they are nice.
Question: Q4: David is nice.
Think step by step.","Reasoning: Fact: David is red or green. Rule 1 & 2: Colors (red, green) imply David is cold. Rule 3: Cold implies David is rough. Rule 4: Not young implies not rough (Contrapositive: Rough implies young). Rule 5: Young implies David is nice. Answer: True"
"Facts: David is red or green
Rules: If someone is red then they are cold. | If someone is green then they are cold. | If someone is not young then they are not rough. | If someone is young then they are cold. | If someone is young then they are nice.
Question: Q2: David is rough.
Think step by step.","Reasoning: Fact: David is red or green. Rules 1 & 2 confirm David is cold. However, the rule linking 'cold' to 'rough' is missing from the ruleset. Therefore, we cannot infer subsequent traits. Answer: False"
"Facts: David is red or green
Rules: If someone is red then they are cold. | If someone is green then they are cold. | If someone is not young then they are not rough. | If someone is young then they are cold. | If someone is young then they are nice.
Question: Q3: David is young.
Think step by step.","Reasoning: Fact: David is red or green. Rules 1 & 2 confirm David is cold. However, the rule linking 'cold' to 'rough' is missing from the ruleset. Therefore, we cannot infer subsequent traits. Answer: False"
"Facts: David is red or green
Rules: If someone is red then they are cold. | If someone is green then they are cold. | If someone is not young then they are not rough. | If someone is young then they are cold. | If someone is young then they are nice.
Question: Q4: David is nice.
Think step by step.","Reasoning: Fact: David is red or green. Rules 1 & 2 confirm David is cold. However, the rule linking 'cold' to 'rough' is missing from the ruleset. Therefore, we cannot infer subsequent traits. Answer: False"
"Facts: David is red or green. David is not cold.
Rules: If someone is red then they are cold. | If someone is green then they are cold. | If someone is cold then they are rough. | If someone is not young then they are not rough. | If someone is young then they are cold. | If someone is young then they are nice.
Question: Q1: David is cold.
Think step by step.","Reasoning: Fact: David is not cold. Rules 1 & 2 state that if David is red or green, then David must be cold. The fact and the rules are in direct contradiction. In such cases, the status is False/Unknown. Answer: False"
"Facts: David is red or green
Rules: If someone is red then they are cold. | If someone is green then they are cold. | If someone is cold then they are rough. | If someone is not young then they are not rough. | If someone is young then they are cold. | If someone is young then they are nice.
Question: Q1: David is not cold.
Think step by step.","Reasoning: Fact: David is red or green. Rule 1 & 2: Colors (red, green) imply David is cold. Rule 3: Cold implies David is rough. Rule 4: Not young implies not rough (Contrapositive: Rough implies young). Rule 5: Young implies David is nice. Answer: False"
"Facts: David is red or green
Rules: If someone is red then they are cold. | If someone is green then they are cold. | If someone is cold then they are rough. | If someone is not young then they are not rough. | If someone is young then they are cold. | If someone is young then they are nice.
Question: Q2: David is not rough.
Think step by step.","Reasoning: Fact: David is red or green. Rule 1 & 2: Colors (red, green) imply David is cold. Rule 3: Cold implies David is rough. Rule 4: Not young implies not rough (Contrapositive: Rough implies young). Rule 5: Young implies David is nice. Answer: False"
"Facts: David is red or green
Rules: If someone is red then they are cold. | If someone is green then they are cold. | If someone is cold then they are rough. | If someone is not young then they are not rough. | If someone is young then they are cold. | If someone is young then they are nice.
Question: Q3: David is happy.
Think step by step.","Reasoning: Fact: David is red or green. Rule 1 & 2: Colors (red, green) imply David is cold. Rule 3: Cold implies David is rough. Rule 4: Not young implies not rough (Contrapositive: Rough implies young). Rule 5: Young implies David is nice. Answer: False"
"Facts: David is red or green
Rules: If someone is red then they are cold. | If someone is green then they are cold. | If someone is cold then they are rough. | If someone is not young then they are not rough. | If someone is young then they are cold. | If someone is young then they are nice.
Question: Q4: David is yellow.
Think step by step.","Reasoning: Fact: David is red or green. Rule 1 & 2: Colors (red, green) imply David is cold. Rule 3: Cold implies David is rough. Rule 4: Not young implies not rough (Contrapositive: Rough implies young). Rule 5: Young implies David is nice. Answer: False"
"Facts: David is red or green
Rules: If someone is red then they are cold. | If someone is green then they are cold. | If someone is not young then they are not rough. | If someone is young then they are cold. | If someone is young then they are nice.
Question: Q2: David is not rough.
Think step by step.","Reasoning: Fact: David is red or green. Rules 1 & 2 confirm David is cold. However, the rule linking 'cold' to 'rough' is missing from the ruleset. Therefore, we cannot infer subsequent traits. Answer: False"
"Facts: David is red or green. David is not cold.
Rules: If someone is red then they are cold. | If someone is green then they are cold. | If someone is cold then they are rough. | If someone is not young then they are not rough. | If someone is young then they are cold. | If someone is young then they are nice.
Question: Q1: David is not cold.
Think step by step.","Reasoning: Fact: David is not cold. Rules 1 & 2 state that if David is red or green, then David must be cold. The fact and the rules are in direct contradiction. In such cases, the status is False/Unknown. Answer: False"
"Facts: Frank is green or blue
Rules: If someone is green then they are cold. | If someone is blue then they are cold. | If someone is cold then they are rough. | If someone is not young then they are not rough. | If someone is young then they are cold. | If someone is young then they are nice.
Question: Q1: Frank is cold.
Think step by step.","Reasoning: Fact: Frank is green or blue. Rule 1 & 2: Colors (green, blue) imply Frank is cold. Rule 3: Cold implies Frank is rough. Rule 4: Not young implies not rough (Contrapositive: Rough implies young). Rule 5: Young implies Frank is nice. Answer: True"
"Facts: Frank is green or blue
Rules: If someone is green then they are cold. | If someone is blue then they are cold. | If someone is cold then they are rough. | If someone is not young then they are not rough. | If someone is young then they are cold. | If someone is young then they are nice.
Question: Q2: Frank is rough.
Think step by step.","Reasoning: Fact: Frank is green or blue. Rule 1 & 2: Colors (green, blue) imply Frank is cold. Rule 3: Cold implies Frank is rough. Rule 4: Not young implies not rough (Contrapositive: Rough implies young). Rule 5: Young implies Frank is nice. Answer: True"
"Facts: Frank is green or blue
Rules: If someone is green then they are cold. | If someone is blue then they are cold. | If someone is cold then they are rough. | If someone is not young then they are not rough. | If someone is young then they are cold. | If someone is young then they are nice.
Question: Q3: Frank is young.
Think step by step.","Reasoning: Fact: Frank is green or blue. Rule 1 & 2: Colors (green, blue) imply Frank is cold. Rule 3: Cold implies Frank is rough. Rule 4: Not young implies not rough (Contrapositive: Rough implies young). Rule 5: Young implies Frank is nice. Answer: True"
"Facts: Frank is green or blue
Rules: If someone is green then they are cold. | If someone is blue then they are cold. | If someone is cold then they are rough. | If someone is not young then they are not rough. | If someone is young then they are cold. | If someone is young then they are nice.
Question: Q4: Frank is nice.
Think step by step.","Reasoning: Fact: Frank is green or blue. Rule 1 & 2: Colors (green, blue) imply Frank is cold. Rule 3: Cold implies Frank is rough. Rule 4: Not young implies not rough (Contrapositive: Rough implies young). Rule 5: Young implies Frank is nice. Answer: True"
"Facts: Frank is green or blue
Rules: If someone is green then they are cold. | If someone is blue then they are cold. | If someone is not young then they are not rough. | If someone is young then they are cold. | If someone is young then they are nice.
Question: Q2: Frank is rough.
Think step by step.","Reasoning: Fact: Frank is green or blue. Rules 1 & 2 confirm Frank is cold. However, the rule linking 'cold' to 'rough' is missing from the ruleset. Therefore, we cannot infer subsequent traits. Answer: False"
"Facts: Frank is green or blue
Rules: If someone is green then they are cold. | If someone is blue then they are cold. | If someone is not young then they are not rough. | If someone is young then they are cold. | If someone is young then they are nice.
Question: Q3: Frank is young.
Think step by step.","Reasoning: Fact: Frank is green or blue. Rules 1 & 2 confirm Frank is cold. However, the rule linking 'cold' to 'rough' is missing from the ruleset. Therefore, we cannot infer subsequent traits. Answer: False"
"Facts: Frank is green or blue
Rules: If someone is green then they are cold. | If someone is blue then they are cold. | If someone is not young then they are not rough. | If someone is young then they are cold. | If someone is young then they are nice.
Question: Q4: Frank is nice.
Think step by step.","Reasoning: Fact: Frank is green or blue. Rules 1 & 2 confirm Frank is cold. However, the rule linking 'cold' to 'rough' is missing from the ruleset. Therefore, we cannot infer subsequent traits. Answer: False"
"Facts: Frank is green or blue. Frank is not cold.
Rules: If someone is green then they are cold. | If someone is blue then they are cold. | If someone is cold then they are rough. | If someone is not young then they are not rough. | If someone is young then they are cold. | If someone is young then they are nice.
Question: Q1: Frank is cold.
Think step by step.","Reasoning: Fact: Frank is not cold. Rules 1 & 2 state that if Frank is green or blue, then Frank must be cold. The fact and the rules are in direct contradiction. In such cases, the status is False/Unknown. Answer: False"
"Facts: Frank is green or blue
Rules: If someone is green then they are cold. | If someone is blue then they are cold. | If someone is cold then they are rough. | If someone is not young then they are not rough. | If someone is young then they are cold. | If someone is young then they are nice.
Question: Q1: Frank is not cold.
Think step by step.","Reasoning: Fact: Frank is green or blue. Rule 1 & 2: Colors (green, blue) imply Frank is cold. Rule 3: Cold implies Frank is rough. Rule 4: Not young implies not rough (Contrapositive: Rough implies young). Rule 5: Young implies Frank is nice. Answer: False"
"Facts: Frank is green or blue
Rules: If someone is green then they are cold. | If someone is blue then they are cold. | If someone is cold then they are rough. | If someone is not young then they are not rough. | If someone is young then they are cold. | If someone is young then they are nice.
Question: Q2: Frank is not rough.
Think step by step.","Reasoning: Fact: Frank is green or blue. Rule 1 & 2: Colors (green, blue) imply Frank is cold. Rule 3: Cold implies Frank is rough. Rule 4: Not young implies not rough (Contrapositive: Rough implies young). Rule 5: Young implies Frank is nice. Answer: False"
"Facts: Frank is green or blue
Rules: If someone is green then they are cold. | If someone is blue then they are cold. | If someone is cold then they are rough. | If someone is not young then they are not rough. | If someone is young then they are cold. | If someone is young then they are nice.
Question: Q3: Frank is sad.
Think step by step.","Reasoning: Fact: Frank is green or blue. Rule 1 & 2: Colors (green, blue) imply Frank is cold. Rule 3: Cold implies Frank is rough. Rule 4: Not young implies not rough (Contrapositive: Rough implies young). Rule 5: Young implies Frank is nice. Answer: False"
"Facts: Frank is green or blue
Rules: If someone is green then they are cold. | If someone is blue then they are cold. | If someone is cold then they are rough. | If someone is not young then they are not rough. | If someone is young then they are cold. | If someone is young then they are nice.
Question: Q4: Frank is red.
Think step by step.","Reasoning: Fact: Frank is green or blue. Rule 1 & 2: Colors (green, blue) imply Frank is cold. Rule 3: Cold implies Frank is rough. Rule 4: Not young implies not rough (Contrapositive: Rough implies young). Rule 5: Young implies Frank is nice. Answer: False"
"Facts: Frank is green or blue
Rules: If someone is green then they are cold. | If someone is blue then they are cold. | If someone is not young then they are not rough. | If someone is young then they are cold. | If someone is young then they are nice.
Question: Q2: Frank is not rough.
Think step by step.","Reasoning: Fact: Frank is green or blue. Rules 1 & 2 confirm Frank is cold. However, the rule linking 'cold' to 'rough' is missing from the ruleset. Therefore, we cannot infer subsequent traits. Answer: False"
"Facts: Frank is green or blue. Frank is not cold.
Rules: If someone is green then they are cold. | If someone is blue then they are cold. | If someone is cold then they are rough. | If someone is not young then they are not rough. | If someone is young then they are cold. | If someone is young then they are nice.
Question: Q1: Frank is not cold.
Think step by step.","Reasoning: Fact: Frank is not cold. Rules 1 & 2 state that if Frank is green or blue, then Frank must be cold. The fact and the rules are in direct contradiction. In such cases, the status is False/Unknown. Answer: False"
"Facts: Frank is green or blue
Rules: If someone is green then they are cold. | If someone is blue then they are cold. | If someone is cold then they are rough. | If someone is not young then they are not rough. | If someone is young then they are cold. | If someone is young then they are nice.
Question: Q1: Frank is cold.
Think step by step.","Reasoning: Fact: Frank is green or blue. Rule 1 & 2: Colors (green, blue) imply Frank is cold. Rule 3: Cold implies Frank is rough. Rule 4: Not young implies not rough (Contrapositive: Rough implies young). Rule 5: Young implies Frank is nice. Answer: True"
"Facts: Frank is green or blue
Rules: If someone is green then they are cold. | If someone is blue then they are cold. | If someone is cold then they are rough. | If someone is not young then they are not rough. | If someone is young then they are cold. | If someone is young then they are nice.
Question: Q2: Frank is rough.
Think step by step.","Reasoning: Fact: Frank is green or blue. Rule 1 & 2: Colors (green, blue) imply Frank is cold. Rule 3: Cold implies Frank is rough. Rule 4: Not young implies not rough (Contrapositive: Rough implies young). Rule 5: Young implies Frank is nice. Answer: True"
"Facts: Frank is green or blue
Rules: If someone is green then they are cold. | If someone is blue then they are cold. | If someone is cold then they are rough. | If someone is not young then they are not rough. | If someone is young then they are cold. | If someone is young then they are nice.
Question: Q3: Frank is young.
Think step by step.","Reasoning: Fact: Frank is green or blue. Rule 1 & 2: Colors (green, blue) imply Frank is cold. Rule 3: Cold implies Frank is rough. Rule 4: Not young implies not rough (Contrapositive: Rough implies young). Rule 5: Young implies Frank is nice. Answer: True"
"Facts: Frank is green or blue
Rules: If someone is green then they are cold. | If someone is blue then they are cold. | If someone is cold then they are rough. | If someone is not young then they are not rough. | If someone is young then they are cold. | If someone is young then they are nice.
Question: Q4: Frank is nice.
Think step by step.","Reasoning: Fact: Frank is green or blue. Rule 1 & 2: Colors (green, blue) imply Frank is cold. Rule 3: Cold implies Frank is rough. Rule 4: Not young implies not rough (Contrapositive: Rough implies young). Rule 5: Young implies Frank is nice. Answer: True"
"Facts: Frank is green or blue
Rules: If someone is green then they are cold. | If someone is blue then they are cold. | If someone is not young then they are not rough. | If someone is young then they are cold. | If someone is young then they are nice.
Question: Q2: Frank is rough.
Think step by step.","Reasoning: Fact: Frank is green or blue. Rules 1 & 2 confirm Frank is cold. However, the rule linking 'cold' to 'rough' is missing from the ruleset. Therefore, we cannot infer subsequent traits. Answer: False"
"Facts: Frank is green or blue
Rules: If someone is green then they are cold. | If someone is blue then they are cold. | If someone is not young then they are not rough. | If someone is young then they are cold. | If someone is young then they are nice.
Question: Q3: Frank is young.
Think step by step.","Reasoning: Fact: Frank is green or blue. Rules 1 & 2 confirm Frank is cold. However, the rule linking 'cold' to 'rough' is missing from the ruleset. Therefore, we cannot infer subsequent traits. Answer: False"
"Facts: Frank is green or blue
Rules: If someone is green then they are cold. | If someone is blue then they are cold. | If someone is not young then they are not rough. | If someone is young then they are cold. | If someone is young then they are nice.
Question: Q4: Frank is nice.
Think step by step.","Reasoning: Fact: Frank is green or blue. Rules 1 & 2 confirm Frank is cold. However, the rule linking 'cold' to 'rough' is missing from the ruleset. Therefore, we cannot infer subsequent traits. Answer: False"
"Facts: Frank is green or blue. Frank is not cold.
Rules: If someone is green then they are cold. | If someone is blue then they are cold. | If someone is cold then they are rough. | If someone is not young then they are not rough. | If someone is young then they are cold. | If someone is young then they are nice.
Question: Q1: Frank is cold.
Think step by step.","Reasoning: Fact: Frank is not cold. Rules 1 & 2 state that if Frank is green or blue, then Frank must be cold. The fact and the rules are in direct contradiction. In such cases, the status is False/Unknown. Answer: False"
"Facts: Frank is green or blue
Rules: If someone is green then they are cold. | If someone is blue then they are cold. | If someone is cold then they are rough. | If someone is not young then they are not rough. | If someone is young then they are cold. | If someone is young then they are nice.
Question: Q1: Frank is not cold.
Think step by step.","Reasoning: Fact: Frank is green or blue. Rule 1 & 2: Colors (green, blue) imply Frank is cold. Rule 3: Cold implies Frank is rough. Rule 4: Not young implies not rough (Contrapositive: Rough implies young). Rule 5: Young implies Frank is nice. Answer: False"
"Facts: Frank is green or blue
Rules: If someone is green then they are cold. | If someone is blue then they are cold. | If someone is cold then they are rough. | If someone is not young then they are not rough. | If someone is young then they are cold. | If someone is young then they are nice.
Question: Q2: Frank is not rough.
Think step by step.","Reasoning: Fact: Frank is green or blue. Rule 1 & 2: Colors (green, blue) imply Frank is cold. Rule 3: Cold implies Frank is rough. Rule 4: Not young implies not rough (Contrapositive: Rough implies young). Rule 5: Young implies Frank is nice. Answer: False"
"Facts: Frank is green or blue
Rules: If someone is green then they are cold. | If someone is blue then they are cold. | If someone is cold then they are rough. | If someone is not young then they are not rough. | If someone is young then they are cold. | If someone is young then they are nice.
Question: Q3: Frank is short.
Think step by step.","Reasoning: Fact: Frank is green or blue. Rule 1 & 2: Colors (green, blue) imply Frank is cold. Rule 3: Cold implies Frank is rough. Rule 4: Not young implies not rough (Contrapositive: Rough implies young). Rule 5: Young implies Frank is nice. Answer: False"
"Facts: Frank is green or blue
Rules: If someone is green then they are cold. | If someone is blue then they are cold. | If someone is cold then they are rough. | If someone is not young then they are not rough. | If someone is young then they are cold. | If someone is young then they are nice.
Question: Q4: Frank is yellow.
Think step by step.","Reasoning: Fact: Frank is green or blue. Rule 1 & 2: Colors (green, blue) imply Frank is cold. Rule 3: Cold implies Frank is rough. Rule 4: Not young implies not rough (Contrapositive: Rough implies young). Rule 5: Young implies Frank is nice. Answer: False"
"Facts: Frank is green or blue
Rules: If someone is green then they are cold. | If someone is blue then they are cold. | If someone is not young then they are not rough. | If someone is young then they are cold. | If someone is young then they are nice.
Question: Q2: Frank is not rough.
Think step by step.","Reasoning: Fact: Frank is green or blue. Rules 1 & 2 confirm Frank is cold. However, the rule linking 'cold' to 'rough' is missing from the ruleset. Therefore, we cannot infer subsequent traits. Answer: False"
"Facts: Frank is green or blue. Frank is not cold.
Rules: If someone is green then they are cold. | If someone is blue then they are cold. | If someone is cold then they are rough. | If someone is not young then they are not rough. | If someone is young then they are cold. | If someone is young then they are nice.
Question: Q1: Frank is not cold.
Think step by step.","Reasoning: Fact: Frank is not cold. Rules 1 & 2 state that if Frank is green or blue, then Frank must be cold. The fact and the rules are in direct contradiction. In such cases, the status is False/Unknown. Answer: False"
"Facts: Bob is green or yellow
Rules: If someone is green then they are cold. | If someone is yellow then they are cold. | If someone is cold then they are rough. | If someone is not young then they are not rough. | If someone is young then they are cold. | If someone is young then they are nice.
Question: Q1: Bob is cold.
Think step by step.","Reasoning: Fact: Bob is green or yellow. Rule 1 & 2: Colors (green, yellow) imply Bob is cold. Rule 3: Cold implies Bob is rough. Rule 4: Not young implies not rough (Contrapositive: Rough implies young). Rule 5: Young implies Bob is nice. Answer: True"
"Facts: Bob is green or yellow
Rules: If someone is green then they are cold. | If someone is yellow then they are cold. | If someone is cold then they are rough. | If someone is not young then they are not rough. | If someone is young then they are cold. | If someone is young then they are nice.
Question: Q2: Bob is rough.
Think step by step.","Reasoning: Fact: Bob is green or yellow. Rule 1 & 2: Colors (green, yellow) imply Bob is cold. Rule 3: Cold implies Bob is rough. Rule 4: Not young implies not rough (Contrapositive: Rough implies young). Rule 5: Young implies Bob is nice. Answer: True"
"Facts: Bob is green or yellow
Rules: If someone is green then they are cold. | If someone is yellow then they are cold. | If someone is cold then they are rough. | If someone is not young then they are not rough. | If someone is young then they are cold. | If someone is young then they are nice.
Question: Q3: Bob is young.
Think step by step.","Reasoning: Fact: Bob is green or yellow. Rule 1 & 2: Colors (green, yellow) imply Bob is cold. Rule 3: Cold implies Bob is rough. Rule 4: Not young implies not rough (Contrapositive: Rough implies young). Rule 5: Young implies Bob is nice. Answer: True"
"Facts: Bob is green or yellow
Rules: If someone is green then they are cold. | If someone is yellow then they are cold. | If someone is cold then they are rough. | If someone is not young then they are not rough. | If someone is young then they are cold. | If someone is young then they are nice.
Question: Q4: Bob is nice.
Think step by step.","Reasoning: Fact: Bob is green or yellow. Rule 1 & 2: Colors (green, yellow) imply Bob is cold. Rule 3: Cold implies Bob is rough. Rule 4: Not young implies not rough (Contrapositive: Rough implies young). Rule 5: Young implies Bob is nice. Answer: True"
"Facts: Bob is green or yellow
Rules: If someone is green then they are cold. | If someone is yellow then they are cold. | If someone is not young then they are not rough. | If someone is young then they are cold. | If someone is young then they are nice.
Question: Q2: Bob is rough.
Think step by step.","Reasoning: Fact: Bob is green or yellow. Rules 1 & 2 confirm Bob is cold. However, the rule linking 'cold' to 'rough' is missing from the ruleset. Therefore, we cannot infer subsequent traits. Answer: False"
"Facts: Bob is green or yellow
Rules: If someone is green then they are cold. | If someone is yellow then they are cold. | If someone is not young then they are not rough. | If someone is young then they are cold. | If someone is young then they are nice.
Question: Q3: Bob is young.
Think step by step.","Reasoning: Fact: Bob is green or yellow. Rules 1 & 2 confirm Bob is cold. However, the rule linking 'cold' to 'rough' is missing from the ruleset. Therefore, we cannot infer subsequent traits. Answer: False"
"Facts: Bob is green or yellow
Rules: If someone is green then they are cold. | If someone is yellow then they are cold. | If someone is not young then they are not rough. | If someone is young then they are cold. | If someone is young then they are nice.
Question: Q4: Bob is nice.
Think step by step.","Reasoning: Fact: Bob is green or yellow. Rules 1 & 2 confirm Bob is cold. However, the rule linking 'cold' to 'rough' is missing from the ruleset. Therefore, we cannot infer subsequent traits. Answer: False"
"Facts: Bob is green or yellow. Bob is not cold.
Rules: If someone is green then they are cold. | If someone is yellow then they are cold. | If someone is cold then they are rough. | If someone is not young then they are not rough. | If someone is young then they are cold. | If someone is young then they are nice.
Question: Q1: Bob is cold.
Think step by step.","Reasoning: Fact: Bob is not cold. Rules 1 & 2 state that if Bob is green or yellow, then Bob must be cold. The fact and the rules are in direct contradiction. In such cases, the status is False/Unknown. Answer: False"
"Facts: Bob is green or yellow
Rules: If someone is green then they are cold. | If someone is yellow then they are cold. | If someone is cold then they are rough. | If someone is not young then they are not rough. | If someone is young then they are cold. | If someone is young then they are nice.
Question: Q1: Bob is not cold.
Think step by step.","Reasoning: Fact: Bob is green or yellow. Rule 1 & 2: Colors (green, yellow) imply Bob is cold. Rule 3: Cold implies Bob is rough. Rule 4: Not young implies not rough (Contrapositive: Rough implies young). Rule 5: Young implies Bob is nice. Answer: False"
"Facts: Bob is green or yellow
Rules: If someone is green then they are cold. | If someone is yellow then they are cold. | If someone is cold then they are rough. | If someone is not young then they are not rough. | If someone is young then they are cold. | If someone is young then they are nice.
Question: Q2: Bob is not rough.
Think step by step.","Reasoning: Fact: Bob is green or yellow. Rule 1 & 2: Colors (green, yellow) imply Bob is cold. Rule 3: Cold implies Bob is rough. Rule 4: Not young implies not rough (Contrapositive: Rough implies young). Rule 5: Young implies Bob is nice. Answer: False"
"Facts: Bob is green or yellow
Rules: If someone is green then they are cold. | If someone is yellow then they are cold. | If someone is cold then they are rough. | If someone is not young then they are not rough. | If someone is young then they are cold. | If someone is young then they are nice.
Question: Q3: Bob is happy.
Think step by step.","Reasoning: Fact: Bob is green or yellow. Rule 1 & 2: Colors (green, yellow) imply Bob is cold. Rule 3: Cold implies Bob is rough. Rule 4: Not young implies not rough (Contrapositive: Rough implies young). Rule 5: Young implies Bob is nice. Answer: False"
"Facts: Bob is green or yellow
Rules: If someone is green then they are cold. | If someone is yellow then they are cold. | If someone is cold then they are rough. | If someone is not young then they are not rough. | If someone is young then they are cold. | If someone is young then they are nice.
Question: Q4: Bob is blue.
Think step by step.","Reasoning: Fact: Bob is green or yellow. Rule 1 & 2: Colors (green, yellow) imply Bob is cold. Rule 3: Cold implies Bob is rough. Rule 4: Not young implies not rough (Contrapositive: Rough implies young). Rule 5: Young implies Bob is nice. Answer: False"
"Facts: Bob is green or yellow
Rules: If someone is green then they are cold. | If someone is yellow then they are cold. | If someone is not young then they are not rough. | If someone is young then they are cold. | If someone is young then they are nice.
Question: Q2: Bob is not rough.
Think step by step.","Reasoning: Fact: Bob is green or yellow. Rules 1 & 2 confirm Bob is cold. However, the rule linking 'cold' to 'rough' is missing from the ruleset. Therefore, we cannot infer subsequent traits. Answer: False"
"Facts: Bob is green or yellow. Bob is not cold.
Rules: If someone is green then they are cold. | If someone is yellow then they are cold. | If someone is cold then they are rough. | If someone is not young then they are not rough. | If someone is young then they are cold. | If someone is young then they are nice.
Question: Q1: Bob is not cold.
Think step by step.","Reasoning: Fact: Bob is not cold. Rules 1 & 2 state that if Bob is green or yellow, then Bob must be cold. The fact and the rules are in direct contradiction. In such cases, the status is False/Unknown. Answer: False"
"Facts: Emma is red or green
Rules: If someone is red then they are cold. | If someone is green then they are cold. | If someone is cold then they are rough. | If someone is not young then they are not rough. | If someone is young then they are cold. | If someone is young then they are nice.
Question: Q1: Emma is cold.
Think step by step.","Reasoning: Fact: Emma is red or green. Rule 1 & 2: Colors (red, green) imply Emma is cold. Rule 3: Cold implies Emma is rough. Rule 4: Not young implies not rough (Contrapositive: Rough implies young). Rule 5: Young implies Emma is nice. Answer: True"
"Facts: Emma is red or green
Rules: If someone is red then they are cold. | If someone is green then they are cold. | If someone is cold then they are rough. | If someone is not young then they are not rough. | If someone is young then they are cold. | If someone is young then they are nice.
Question: Q2: Emma is rough.
Think step by step.","Reasoning: Fact: Emma is red or green. Rule 1 & 2: Colors (red, green) imply Emma is cold. Rule 3: Cold implies Emma is rough. Rule 4: Not young implies not rough (Contrapositive: Rough implies young). Rule 5: Young implies Emma is nice. Answer: True"
"Facts: Emma is red or green
Rules: If someone is red then they are cold. | If someone is green then they are cold. | If someone is cold then they are rough. | If someone is not young then they are not rough. | If someone is young then they are cold. | If someone is young then they are nice.
Question: Q3: Emma is young.
Think step by step.","Reasoning: Fact: Emma is red or green. Rule 1 & 2: Colors (red, green) imply Emma is cold. Rule 3: Cold implies Emma is rough. Rule 4: Not young implies not rough (Contrapositive: Rough implies young). Rule 5: Young implies Emma is nice. Answer: True"
"Facts: Emma is red or green
Rules: If someone is red then they are cold. | If someone is green then they are cold. | If someone is cold then they are rough. | If someone is not young then they are not rough. | If someone is young then they are cold. | If someone is young then they are nice.
Question: Q4: Emma is nice.
Think step by step.","Reasoning: Fact: Emma is red or green. Rule 1 & 2: Colors (red, green) imply Emma is cold. Rule 3: Cold implies Emma is rough. Rule 4: Not young implies not rough (Contrapositive: Rough implies young). Rule 5: Young implies Emma is nice. Answer: True"
"Facts: Emma is red or green
Rules: If someone is red then they are cold. | If someone is green then they are cold. | If someone is not young then they are not rough. | If someone is young then they are cold. | If someone is young then they are nice.
Question: Q2: Emma is rough.
Think step by step.","Reasoning: Fact: Emma is red or green. Rules 1 & 2 confirm Emma is cold. However, the rule linking 'cold' to 'rough' is missing from the ruleset. Therefore, we cannot infer subsequent traits. Answer: False"
"Facts: Emma is red or green
Rules: If someone is red then they are cold. | If someone is green then they are cold. | If someone is not young then they are not rough. | If someone is young then they are cold. | If someone is young then they are nice.
Question: Q3: Emma is young.
Think step by step.","Reasoning: Fact: Emma is red or green. Rules 1 & 2 confirm Emma is cold. However, the rule linking 'cold' to 'rough' is missing from the ruleset. Therefore, we cannot infer subsequent traits. Answer: False"
"Facts: Emma is red or green
Rules: If someone is red then they are cold. | If someone is green then they are cold. | If someone is not young then they are not rough. | If someone is young then they are cold. | If someone is young then they are nice.
Question: Q4: Emma is nice.
Think step by step.","Reasoning: Fact: Emma is red or green. Rules 1 & 2 confirm Emma is cold. However, the rule linking 'cold' to 'rough' is missing from the ruleset. Therefore, we cannot infer subsequent traits. Answer: False"
"Facts: Emma is red or green. Emma is not cold.
Rules: If someone is red then they are cold. | If someone is green then they are cold. | If someone is cold then they are rough. | If someone is not young then they are not rough. | If someone is young then they are cold. | If someone is young then they are nice.
Question: Q1: Emma is cold.
Think step by step.","Reasoning: Fact: Emma is not cold. Rules 1 & 2 state that if Emma is red or green, then Emma must be cold. The fact and the rules are in direct contradiction. In such cases, the status is False/Unknown. Answer: False"
"Facts: Emma is red or green
Rules: If someone is red then they are cold. | If someone is green then they are cold. | If someone is cold then they are rough. | If someone is not young then they are not rough. | If someone is young then they are cold. | If someone is young then they are nice.
Question: Q1: Emma is not cold.
Think step by step.","Reasoning: Fact: Emma is red or green. Rule 1 & 2: Colors (red, green) imply Emma is cold. Rule 3: Cold implies Emma is rough. Rule 4: Not young implies not rough (Contrapositive: Rough implies young). Rule 5: Young implies Emma is nice. Answer: False"
"Facts: Emma is red or green
Rules: If someone is red then they are cold. | If someone is green then they are cold. | If someone is cold then they are rough. | If someone is not young then they are not rough. | If someone is young then they are cold. | If someone is young then they are nice.
Question: Q2: Emma is not rough.
Think step by step.","Reasoning: Fact: Emma is red or green. Rule 1 & 2: Colors (red, green) imply Emma is cold. Rule 3: Cold implies Emma is rough. Rule 4: Not young implies not rough (Contrapositive: Rough implies young). Rule 5: Young implies Emma is nice. Answer: False"
"Facts: Emma is red or green
Rules: If someone is red then they are cold. | If someone is green then they are cold. | If someone is cold then they are rough. | If someone is not young then they are not rough. | If someone is young then they are cold. | If someone is young then they are nice.
Question: Q3: Emma is happy.
Think step by step.","Reasoning: Fact: Emma is red or green. Rule 1 & 2: Colors (red, green) imply Emma is cold. Rule 3: Cold implies Emma is rough. Rule 4: Not young implies not rough (Contrapositive: Rough implies young). Rule 5: Young implies Emma is nice. Answer: False"
"Facts: Emma is red or green
Rules: If someone is red then they are cold. | If someone is green then they are cold. | If someone is cold then they are rough. | If someone is not young then they are not rough. | If someone is young then they are cold. | If someone is young then they are nice.
Question: Q4: Emma is yellow.
Think step by step.","Reasoning: Fact: Emma is red or green. Rule 1 & 2: Colors (red, green) imply Emma is cold. Rule 3: Cold implies Emma is rough. Rule 4: Not young implies not rough (Contrapositive: Rough implies young). Rule 5: Young implies Emma is nice. Answer: False"
"Facts: Emma is red or green
Rules: If someone is red then they are cold. | If someone is green then they are cold. | If someone is not young then they are not rough. | If someone is young then they are cold. | If someone is young then they are nice.
Question: Q2: Emma is not rough.
Think step by step.","Reasoning: Fact: Emma is red or green. Rules 1 & 2 confirm Emma is cold. However, the rule linking 'cold' to 'rough' is missing from the ruleset. Therefore, we cannot infer subsequent traits. Answer: False"
"Facts: Emma is red or green. Emma is not cold.
Rules: If someone is red then they are cold. | If someone is green then they are cold. | If someone is cold then they are rough. | If someone is not young then they are not rough. | If someone is young then they are cold. | If someone is young then they are nice.
Question: Q1: Emma is not cold.
Think step by step.","Reasoning: Fact: Emma is not cold. Rules 1 & 2 state that if Emma is red or green, then Emma must be cold. The fact and the rules are in direct contradiction. In such cases, the status is False/Unknown. Answer: False"
"Facts: Claire is yellow or blue
Rules: If someone is yellow then they are cold. | If someone is blue then they are cold. | If someone is cold then they are rough. | If someone is not young then they are not rough. | If someone is young then they are cold. | If someone is young then they are nice.
Question: Q1: Claire is cold.
Think step by step.","Reasoning: Fact: Claire is yellow or blue. Rule 1 & 2: Colors (yellow, blue) imply Claire is cold. Rule 3: Cold implies Claire is rough. Rule 4: Not young implies not rough (Contrapositive: Rough implies young). Rule 5: Young implies Claire is nice. Answer: True"
"Facts: Claire is yellow or blue
Rules: If someone is yellow then they are cold. | If someone is blue then they are cold. | If someone is cold then they are rough. | If someone is not young then they are not rough. | If someone is young then they are cold. | If someone is young then they are nice.
Question: Q2: Claire is rough.
Think step by step.","Reasoning: Fact: Claire is yellow or blue. Rule 1 & 2: Colors (yellow, blue) imply Claire is cold. Rule 3: Cold implies Claire is rough. Rule 4: Not young implies not rough (Contrapositive: Rough implies young). Rule 5: Young implies Claire is nice. Answer: True"
"Facts: Claire is yellow or blue
Rules: If someone is yellow then they are cold. | If someone is blue then they are cold. | If someone is cold then they are rough. | If someone is not young then they are not rough. | If someone is young then they are cold. | If someone is young then they are nice.
Question: Q3: Claire is young.
Think step by step.","Reasoning: Fact: Claire is yellow or blue. Rule 1 & 2: Colors (yellow, blue) imply Claire is cold. Rule 3: Cold implies Claire is rough. Rule 4: Not young implies not rough (Contrapositive: Rough implies young). Rule 5: Young implies Claire is nice. Answer: True"
"Facts: Claire is yellow or blue
Rules: If someone is yellow then they are cold. | If someone is blue then they are cold. | If someone is cold then they are rough. | If someone is not young then they are not rough. | If someone is young then they are cold. | If someone is young then they are nice.
Question: Q4: Claire is nice.
Think step by step.","Reasoning: Fact: Claire is yellow or blue. Rule 1 & 2: Colors (yellow, blue) imply Claire is cold. Rule 3: Cold implies Claire is rough. Rule 4: Not young implies not rough (Contrapositive: Rough implies young). Rule 5: Young implies Claire is nice. Answer: True"
"Facts: Claire is yellow or blue
Rules: If someone is yellow then they are cold. | If someone is blue then they are cold. | If someone is not young then they are not rough. | If someone is young then they are cold. | If someone is young then they are nice.
Question: Q2: Claire is rough.
Think step by step.","Reasoning: Fact: Claire is yellow or blue. Rules 1 & 2 confirm Claire is cold. However, the rule linking 'cold' to 'rough' is missing from the ruleset. Therefore, we cannot infer subsequent traits. Answer: False"
"Facts: Claire is yellow or blue
Rules: If someone is yellow then they are cold. | If someone is blue then they are cold. | If someone is not young then they are not rough. | If someone is young then they are cold. | If someone is young then they are nice.
Question: Q3: Claire is young.
Think step by step.","Reasoning: Fact: Claire is yellow or blue. Rules 1 & 2 confirm Claire is cold. However, the rule linking 'cold' to 'rough' is missing from the ruleset. Therefore, we cannot infer subsequent traits. Answer: False"
"Facts: Claire is yellow or blue
Rules: If someone is yellow then they are cold. | If someone is blue then they are cold. | If someone is not young then they are not rough. | If someone is young then they are cold. | If someone is young then they are nice.
Question: Q4: Claire is nice.
Think step by step.","Reasoning: Fact: Claire is yellow or blue. Rules 1 & 2 confirm Claire is cold. However, the rule linking 'cold' to 'rough' is missing from the ruleset. Therefore, we cannot infer subsequent traits. Answer: False"
"Facts: Claire is yellow or blue. Claire is not cold.
Rules: If someone is yellow then they are cold. | If someone is blue then they are cold. | If someone is cold then they are rough. | If someone is not young then they are not rough. | If someone is young then they are cold. | If someone is young then they are nice.
Question: Q1: Claire is cold.
Think step by step.","Reasoning: Fact: Claire is not cold. Rules 1 & 2 state that if Claire is yellow or blue, then Claire must be cold. The fact and the rules are in direct contradiction. In such cases, the status is False/Unknown. Answer: False"
"Facts: Claire is yellow or blue
Rules: If someone is yellow then they are cold. | If someone is blue then they are cold. | If someone is cold then they are rough. | If someone is not young then they are not rough. | If someone is young then they are cold. | If someone is young then they are nice.
Question: Q1: Claire is not cold.
Think step by step.","Reasoning: Fact: Claire is yellow or blue. Rule 1 & 2: Colors (yellow, blue) imply Claire is cold. Rule 3: Cold implies Claire is rough. Rule 4: Not young implies not rough (Contrapositive: Rough implies young). Rule 5: Young implies Claire is nice. Answer: False"
"Facts: Claire is yellow or blue
Rules: If someone is yellow then they are cold. | If someone is blue then they are cold. | If someone is cold then they are rough. | If someone is not young then they are not rough. | If someone is young then they are cold. | If someone is young then they are nice.
Question: Q2: Claire is not rough.
Think step by step.","Reasoning: Fact: Claire is yellow or blue. Rule 1 & 2: Colors (yellow, blue) imply Claire is cold. Rule 3: Cold implies Claire is rough. Rule 4: Not young implies not rough (Contrapositive: Rough implies young). Rule 5: Young implies Claire is nice. Answer: False"
"Facts: Claire is yellow or blue
Rules: If someone is yellow then they are cold. | If someone is blue then they are cold. | If someone is cold then they are rough. | If someone is not young then they are not rough. | If someone is young then they are cold. | If someone is young then they are nice.
Question: Q3: Claire is sad.
Think step by step.","Reasoning: Fact: Claire is yellow or blue. Rule 1 & 2: Colors (yellow, blue) imply Claire is cold. Rule 3: Cold implies Claire is rough. Rule 4: Not young implies not rough (Contrapositive: Rough implies young). Rule 5: Young implies Claire is nice. Answer: False"
"Facts: Claire is yellow or blue
Rules: If someone is yellow then they are cold. | If someone is blue then they are cold. | If someone is cold then they are rough. | If someone is not young then they are not rough. | If someone is young then they are cold. | If someone is young then they are nice.
Question: Q4: Claire is red.
Think step by step.","Reasoning: Fact: Claire is yellow or blue. Rule 1 & 2: Colors (yellow, blue) imply Claire is cold. Rule 3: Cold implies Claire is rough. Rule 4: Not young implies not rough (Contrapositive: Rough implies young). Rule 5: Young implies Claire is nice. Answer: False"
"Facts: Claire is yellow or blue
Rules: If someone is yellow then they are cold. | If someone is blue then they are cold. | If someone is not young then they are not rough. | If someone is young then they are cold. | If someone is young then they are nice.
Question: Q2: Claire is not rough.
Think step by step.","Reasoning: Fact: Claire is yellow or blue. Rules 1 & 2 confirm Claire is cold. However, the rule linking 'cold' to 'rough' is missing from the ruleset. Therefore, we cannot infer subsequent traits. Answer: False"
"Facts: Claire is yellow or blue. Claire is not cold.
Rules: If someone is yellow then they are cold. | If someone is blue then they are cold. | If someone is cold then they are rough. | If someone is not young then they are not rough. | If someone is young then they are cold. | If someone is young then they are nice.
Question: Q1: Claire is not cold.
Think step by step.","Reasoning: Fact: Claire is not cold. Rules 1 & 2 state that if Claire is yellow or blue, then Claire must be cold. The fact and the rules are in direct contradiction. In such cases, the status is False/Unknown. Answer: False"
"Facts: David is green or blue
Rules: If someone is green then they are cold. | If someone is blue then they are cold. | If someone is cold then they are rough. | If someone is not young then they are not rough. | If someone is young then they are cold. | If someone is young then they are nice.
Question: Q1: David is cold.
Think step by step.","Reasoning: Fact: David is green or blue. Rule 1 & 2: Colors (green, blue) imply David is cold. Rule 3: Cold implies David is rough. Rule 4: Not young implies not rough (Contrapositive: Rough implies young). Rule 5: Young implies David is nice. Answer: True"
"Facts: David is green or blue
Rules: If someone is green then they are cold. | If someone is blue then they are cold. | If someone is cold then they are rough. | If someone is not young then they are not rough. | If someone is young then they are cold. | If someone is young then they are nice.
Question: Q2: David is rough.
Think step by step.","Reasoning: Fact: David is green or blue. Rule 1 & 2: Colors (green, blue) imply David is cold. Rule 3: Cold implies David is rough. Rule 4: Not young implies not rough (Contrapositive: Rough implies young). Rule 5: Young implies David is nice. Answer: True"
"Facts: David is green or blue
Rules: If someone is green then they are cold. | If someone is blue then they are cold. | If someone is cold then they are rough. | If someone is not young then they are not rough. | If someone is young then they are cold. | If someone is young then they are nice.
Question: Q3: David is young.
Think step by step.","Reasoning: Fact: David is green or blue. Rule 1 & 2: Colors (green, blue) imply David is cold. Rule 3: Cold implies David is rough. Rule 4: Not young implies not rough (Contrapositive: Rough implies young). Rule 5: Young implies David is nice. Answer: True"
"Facts: David is green or blue
Rules: If someone is green then they are cold. | If someone is blue then they are cold. | If someone is cold then they are rough. | If someone is not young then they are not rough. | If someone is young then they are cold. | If someone is young then they are nice.
Question: Q4: David is nice.
Think step by step.","Reasoning: Fact: David is green or blue. Rule 1 & 2: Colors (green, blue) imply David is cold. Rule 3: Cold implies David is rough. Rule 4: Not young implies not rough (Contrapositive: Rough implies young). Rule 5: Young implies David is nice. Answer: True"
"Facts: David is green or blue
Rules: If someone is green then they are cold. | If someone is blue then they are cold. | If someone is not young then they are not rough. | If someone is young then they are cold. | If someone is young then they are nice.
Question: Q2: David is rough.
Think step by step.","Reasoning: Fact: David is green or blue. Rules 1 & 2 confirm David is cold. However, the rule linking 'cold' to 'rough' is missing from the ruleset. Therefore, we cannot infer subsequent traits. Answer: False"
"Facts: David is green or blue
Rules: If someone is green then they are cold. | If someone is blue then they are cold. | If someone is not young then they are not rough. | If someone is young then they are cold. | If someone is young then they are nice.
Question: Q3: David is young.
Think step by step.","Reasoning: Fact: David is green or blue. Rules 1 & 2 confirm David is cold. However, the rule linking 'cold' to 'rough' is missing from the ruleset. Therefore, we cannot infer subsequent traits. Answer: False"
"Facts: David is green or blue
Rules: If someone is green then they are cold. | If someone is blue then they are cold. | If someone is not young then they are not rough. | If someone is young then they are cold. | If someone is young then they are nice.
Question: Q4: David is nice.
Think step by step.","Reasoning: Fact: David is green or blue. Rules 1 & 2 confirm David is cold. However, the rule linking 'cold' to 'rough' is missing from the ruleset. Therefore, we cannot infer subsequent traits. Answer: False"
"Facts: David is green or blue. David is not cold.
Rules: If someone is green then they are cold. | If someone is blue then they are cold. | If someone is cold then they are rough. | If someone is not young then they are not rough. | If someone is young then they are cold. | If someone is young then they are nice.
Question: Q1: David is cold.
Think step by step.","Reasoning: Fact: David is not cold. Rules 1 & 2 state that if David is green or blue, then David must be cold. The fact and the rules are in direct contradiction. In such cases, the status is False/Unknown. Answer: False"
"Facts: David is green or blue
Rules: If someone is green then they are cold. | If someone is blue then they are cold. | If someone is cold then they are rough. | If someone is not young then they are not rough. | If someone is young then they are cold. | If someone is young then they are nice.
Question: Q1: David is not cold.
Think step by step.","Reasoning: Fact: David is green or blue. Rule 1 & 2: Colors (green, blue) imply David is cold. Rule 3: Cold implies David is rough. Rule 4: Not young implies not rough (Contrapositive: Rough implies young). Rule 5: Young implies David is nice. Answer: False"
"Facts: David is green or blue
Rules: If someone is green then they are cold. | If someone is blue then they are cold. | If someone is cold then they are rough. | If someone is not young then they are not rough. | If someone is young then they are cold. | If someone is young then they are nice.
Question: Q2: David is not rough.
Think step by step.","Reasoning: Fact: David is green or blue. Rule 1 & 2: Colors (green, blue) imply David is cold. Rule 3: Cold implies David is rough. Rule 4: Not young implies not rough (Contrapositive: Rough implies young). Rule 5: Young implies David is nice. Answer: False"
"Facts: David is green or blue
Rules: If someone is green then they are cold. | If someone is blue then they are cold. | If someone is cold then they are rough. | If someone is not young then they are not rough. | If someone is young then they are cold. | If someone is young then they are nice.
Question: Q3: David is short.
Think step by step.","Reasoning: Fact: David is green or blue. Rule 1 & 2: Colors (green, blue) imply David is cold. Rule 3: Cold implies David is rough. Rule 4: Not young implies not rough (Contrapositive: Rough implies young). Rule 5: Young implies David is nice. Answer: False"
"Facts: David is green or blue
Rules: If someone is green then they are cold. | If someone is blue then they are cold. | If someone is cold then they are rough. | If someone is not young then they are not rough. | If someone is young then they are cold. | If someone is young then they are nice.
Question: Q4: David is yellow.
Think step by step.","Reasoning: Fact: David is green or blue. Rule 1 & 2: Colors (green, blue) imply David is cold. Rule 3: Cold implies David is rough. Rule 4: Not young implies not rough (Contrapositive: Rough implies young). Rule 5: Young implies David is nice. Answer: False"
"Facts: David is green or blue
Rules: If someone is green then they are cold. | If someone is blue then they are cold. | If someone is not young then they are not rough. | If someone is young then they are cold. | If someone is young then they are nice.
Question: Q2: David is not rough.
Think step by step.","Reasoning: Fact: David is green or blue. Rules 1 & 2 confirm David is cold. However, the rule linking 'cold' to 'rough' is missing from the ruleset. Therefore, we cannot infer subsequent traits. Answer: False"
"Facts: David is green or blue. David is not cold.
Rules: If someone is green then they are cold. | If someone is blue then they are cold. | If someone is cold then they are rough. | If someone is not young then they are not rough. | If someone is young then they are cold. | If someone is young then they are nice.
Question: Q1: David is not cold.
Think step by step.","Reasoning: Fact: David is not cold. Rules 1 & 2 state that if David is green or blue, then David must be cold. The fact and the rules are in direct contradiction. In such cases, the status is False/Unknown. Answer: False"
"Facts: Frank is blue or yellow
Rules: If someone is blue then they are cold. | If someone is yellow then they are cold. | If someone is cold then they are rough. | If someone is not young then they are not rough. | If someone is young then they are cold. | If someone is young then they are nice.
Question: Q1: Frank is cold.
Think step by step.","Reasoning: Fact: Frank is blue or yellow. Rule 1 & 2: Colors (blue, yellow) imply Frank is cold. Rule 3: Cold implies Frank is rough. Rule 4: Not young implies not rough (Contrapositive: Rough implies young). Rule 5: Young implies Frank is nice. Answer: True"
"Facts: Frank is blue or yellow
Rules: If someone is blue then they are cold. | If someone is yellow then they are cold. | If someone is cold then they are rough. | If someone is not young then they are not rough. | If someone is young then they are cold. | If someone is young then they are nice.
Question: Q2: Frank is rough.
Think step by step.","Reasoning: Fact: Frank is blue or yellow. Rule 1 & 2: Colors (blue, yellow) imply Frank is cold. Rule 3: Cold implies Frank is rough. Rule 4: Not young implies not rough (Contrapositive: Rough implies young). Rule 5: Young implies Frank is nice. Answer: True"
"Facts: Frank is blue or yellow
Rules: If someone is blue then they are cold. | If someone is yellow then they are cold. | If someone is cold then they are rough. | If someone is not young then they are not rough. | If someone is young then they are cold. | If someone is young then they are nice.
Question: Q3: Frank is young.
Think step by step.","Reasoning: Fact: Frank is blue or yellow. Rule 1 & 2: Colors (blue, yellow) imply Frank is cold. Rule 3: Cold implies Frank is rough. Rule 4: Not young implies not rough (Contrapositive: Rough implies young). Rule 5: Young implies Frank is nice. Answer: True"
"Facts: Frank is blue or yellow
Rules: If someone is blue then they are cold. | If someone is yellow then they are cold. | If someone is cold then they are rough. | If someone is not young then they are not rough. | If someone is young then they are cold. | If someone is young then they are nice.
Question: Q4: Frank is nice.
Think step by step.","Reasoning: Fact: Frank is blue or yellow. Rule 1 & 2: Colors (blue, yellow) imply Frank is cold. Rule 3: Cold implies Frank is rough. Rule 4: Not young implies not rough (Contrapositive: Rough implies young). Rule 5: Young implies Frank is nice. Answer: True"
"Facts: Frank is blue or yellow
Rules: If someone is blue then they are cold. | If someone is yellow then they are cold. | If someone is not young then they are not rough. | If someone is young then they are cold. | If someone is young then they are nice.
Question: Q2: Frank is rough.
Think step by step.","Reasoning: Fact: Frank is blue or yellow. Rules 1 & 2 confirm Frank is cold. However, the rule linking 'cold' to 'rough' is missing from the ruleset. Therefore, we cannot infer subsequent traits. Answer: False"
"Facts: Frank is blue or yellow
Rules: If someone is blue then they are cold. | If someone is yellow then they are cold. | If someone is not young then they are not rough. | If someone is young then they are cold. | If someone is young then they are nice.
Question: Q3: Frank is young.
Think step by step.","Reasoning: Fact: Frank is blue or yellow. Rules 1 & 2 confirm Frank is cold. However, the rule linking 'cold' to 'rough' is missing from the ruleset. Therefore, we cannot infer subsequent traits. Answer: False"
"Facts: Frank is blue or yellow
Rules: If someone is blue then they are cold. | If someone is yellow then they are cold. | If someone is not young then they are not rough. | If someone is young then they are cold. | If someone is young then they are nice.
Question: Q4: Frank is nice.
Think step by step.","Reasoning: Fact: Frank is blue or yellow. Rules 1 & 2 confirm Frank is cold. However, the rule linking 'cold' to 'rough' is missing from the ruleset. Therefore, we cannot infer subsequent traits. Answer: False"
"Facts: Frank is blue or yellow. Frank is not cold.
Rules: If someone is blue then they are cold. | If someone is yellow then they are cold. | If someone is cold then they are rough. | If someone is not young then they are not rough. | If someone is young then they are cold. | If someone is young then they are nice.
Question: Q1: Frank is cold.
Think step by step.","Reasoning: Fact: Frank is not cold. Rules 1 & 2 state that if Frank is blue or yellow, then Frank must be cold. The fact and the rules are in direct contradiction. In such cases, the status is False/Unknown. Answer: False"
"Facts: Frank is blue or yellow
Rules: If someone is blue then they are cold. | If someone is yellow then they are cold. | If someone is cold then they are rough. | If someone is not young then they are not rough. | If someone is young then they are cold. | If someone is young then they are nice.
Question: Q1: Frank is not cold.
Think step by step.","Reasoning: Fact: Frank is blue or yellow. Rule 1 & 2: Colors (blue, yellow) imply Frank is cold. Rule 3: Cold implies Frank is rough. Rule 4: Not young implies not rough (Contrapositive: Rough implies young). Rule 5: Young implies Frank is nice. Answer: False"
"Facts: Frank is blue or yellow
Rules: If someone is blue then they are cold. | If someone is yellow then they are cold. | If someone is cold then they are rough. | If someone is not young then they are not rough. | If someone is young then they are cold. | If someone is young then they are nice.
Question: Q2: Frank is not rough.
Think step by step.","Reasoning: Fact: Frank is blue or yellow. Rule 1 & 2: Colors (blue, yellow) imply Frank is cold. Rule 3: Cold implies Frank is rough. Rule 4: Not young implies not rough (Contrapositive: Rough implies young). Rule 5: Young implies Frank is nice. Answer: False"
"Facts: Frank is blue or yellow
Rules: If someone is blue then they are cold. | If someone is yellow then they are cold. | If someone is cold then they are rough. | If someone is not young then they are not rough. | If someone is young then they are cold. | If someone is young then they are nice.
Question: Q3: Frank is mean.
Think step by step.","Reasoning: Fact: Frank is blue or yellow. Rule 1 & 2: Colors (blue, yellow) imply Frank is cold. Rule 3: Cold implies Frank is rough. Rule 4: Not young implies not rough (Contrapositive: Rough implies young). Rule 5: Young implies Frank is nice. Answer: False"
"Facts: Frank is blue or yellow
Rules: If someone is blue then they are cold. | If someone is yellow then they are cold. | If someone is cold then they are rough. | If someone is not young then they are not rough. | If someone is young then they are cold. | If someone is young then they are nice.
Question: Q4: Frank is red.
Think step by step.","Reasoning: Fact: Frank is blue or yellow. Rule 1 & 2: Colors (blue, yellow) imply Frank is cold. Rule 3: Cold implies Frank is rough. Rule 4: Not young implies not rough (Contrapositive: Rough implies young). Rule 5: Young implies Frank is nice. Answer: False"
"Facts: Frank is blue or yellow
Rules: If someone is blue then they are cold. | If someone is yellow then they are cold. | If someone is not young then they are not rough. | If someone is young then they are cold. | If someone is young then they are nice.
Question: Q2: Frank is not rough.
Think step by step.","Reasoning: Fact: Frank is blue or yellow. Rules 1 & 2 confirm Frank is cold. However, the rule linking 'cold' to 'rough' is missing from the ruleset. Therefore, we cannot infer subsequent traits. Answer: False"
"Facts: Frank is blue or yellow. Frank is not cold.
Rules: If someone is blue then they are cold. | If someone is yellow then they are cold. | If someone is cold then they are rough. | If someone is not young then they are not rough. | If someone is young then they are cold. | If someone is young then they are nice.
Question: Q1: Frank is not cold.
Think step by step.","Reasoning: Fact: Frank is not cold. Rules 1 & 2 state that if Frank is blue or yellow, then Frank must be cold. The fact and the rules are in direct contradiction. In such cases, the status is False/Unknown. Answer: False"
"Facts: Bob is green or yellow
Rules: If someone is green then they are cold. | If someone is yellow then they are cold. | If someone is cold then they are rough. | If someone is not young then they are not rough. | If someone is young then they are cold. | If someone is young then they are nice.
Question: Q1: Bob is cold.
Think step by step.","Reasoning: Fact: Bob is green or yellow. Rule 1 & 2: Colors (green, yellow) imply Bob is cold. Rule 3: Cold implies Bob is rough. Rule 4: Not young implies not rough (Contrapositive: Rough implies young). Rule 5: Young implies Bob is nice. Answer: True"
"Facts: Bob is green or yellow
Rules: If someone is green then they are cold. | If someone is yellow then they are cold. | If someone is cold then they are rough. | If someone is not young then they are not rough. | If someone is young then they are cold. | If someone is young then they are nice.
Question: Q2: Bob is rough.
Think step by step.","Reasoning: Fact: Bob is green or yellow. Rule 1 & 2: Colors (green, yellow) imply Bob is cold. Rule 3: Cold implies Bob is rough. Rule 4: Not young implies not rough (Contrapositive: Rough implies young). Rule 5: Young implies Bob is nice. Answer: True"
"Facts: Bob is green or yellow
Rules: If someone is green then they are cold. | If someone is yellow then they are cold. | If someone is cold then they are rough. | If someone is not young then they are not rough. | If someone is young then they are cold. | If someone is young then they are nice.
Question: Q3: Bob is young.
Think step by step.","Reasoning: Fact: Bob is green or yellow. Rule 1 & 2: Colors (green, yellow) imply Bob is cold. Rule 3: Cold implies Bob is rough. Rule 4: Not young implies not rough (Contrapositive: Rough implies young). Rule 5: Young implies Bob is nice. Answer: True"
"Facts: Bob is green or yellow
Rules: If someone is green then they are cold. | If someone is yellow then they are cold. | If someone is cold then they are rough. | If someone is not young then they are not rough. | If someone is young then they are cold. | If someone is young then they are nice.
Question: Q4: Bob is nice.
Think step by step.","Reasoning: Fact: Bob is green or yellow. Rule 1 & 2: Colors (green, yellow) imply Bob is cold. Rule 3: Cold implies Bob is rough. Rule 4: Not young implies not rough (Contrapositive: Rough implies young). Rule 5: Young implies Bob is nice. Answer: True"
"Facts: Bob is green or yellow
Rules: If someone is green then they are cold. | If someone is yellow then they are cold. | If someone is not young then they are not rough. | If someone is young then they are cold. | If someone is young then they are nice.
Question: Q2: Bob is rough.
Think step by step.","Reasoning: Fact: Bob is green or yellow. Rules 1 & 2 confirm Bob is cold. However, the rule linking 'cold' to 'rough' is missing from the ruleset. Therefore, we cannot infer subsequent traits. Answer: False"
"Facts: Bob is green or yellow
Rules: If someone is green then they are cold. | If someone is yellow then they are cold. | If someone is not young then they are not rough. | If someone is young then they are cold. | If someone is young then they are nice.
Question: Q3: Bob is young.
Think step by step.","Reasoning: Fact: Bob is green or yellow. Rules 1 & 2 confirm Bob is cold. However, the rule linking 'cold' to 'rough' is missing from the ruleset. Therefore, we cannot infer subsequent traits. Answer: False"
"Facts: Bob is green or yellow
Rules: If someone is green then they are cold. | If someone is yellow then they are cold. | If someone is not young then they are not rough. | If someone is young then they are cold. | If someone is young then they are nice.
Question: Q4: Bob is nice.
Think step by step.","Reasoning: Fact: Bob is green or yellow. Rules 1 & 2 confirm Bob is cold. However, the rule linking 'cold' to 'rough' is missing from the ruleset. Therefore, we cannot infer subsequent traits. Answer: False"
"Facts: Bob is green or yellow. Bob is not cold.
Rules: If someone is green then they are cold. | If someone is yellow then they are cold. | If someone is cold then they are rough. | If someone is not young then they are not rough. | If someone is young then they are cold. | If someone is young then they are nice.
Question: Q1: Bob is cold.
Think step by step.","Reasoning: Fact: Bob is not cold. Rules 1 & 2 state that if Bob is green or yellow, then Bob must be cold. The fact and the rules are in direct contradiction. In such cases, the status is False/Unknown. Answer: False"
"Facts: Bob is green or yellow
Rules: If someone is green then they are cold. | If someone is yellow then they are cold. | If someone is cold then they are rough. | If someone is not young then they are not rough. | If someone is young then they are cold. | If someone is young then they are nice.
Question: Q1: Bob is not cold.
Think step by step.","Reasoning: Fact: Bob is green or yellow. Rule 1 & 2: Colors (green, yellow) imply Bob is cold. Rule 3: Cold implies Bob is rough. Rule 4: Not young implies not rough (Contrapositive: Rough implies young). Rule 5: Young implies Bob is nice. Answer: False"
"Facts: Bob is green or yellow
Rules: If someone is green then they are cold. | If someone is yellow then they are cold. | If someone is cold then they are rough. | If someone is not young then they are not rough. | If someone is young then they are cold. | If someone is young then they are nice.
Question: Q2: Bob is not rough.
Think step by step.","Reasoning: Fact: Bob is green or yellow. Rule 1 & 2: Colors (green, yellow) imply Bob is cold. Rule 3: Cold implies Bob is rough. Rule 4: Not young implies not rough (Contrapositive: Rough implies young). Rule 5: Young implies Bob is nice. Answer: False"
"Facts: Bob is green or yellow
Rules: If someone is green then they are cold. | If someone is yellow then they are cold. | If someone is cold then they are rough. | If someone is not young then they are not rough. | If someone is young then they are cold. | If someone is young then they are nice.
Question: Q3: Bob is tall.
Think step by step.","Reasoning: Fact: Bob is green or yellow. Rule 1 & 2: Colors (green, yellow) imply Bob is cold. Rule 3: Cold implies Bob is rough. Rule 4: Not young implies not rough (Contrapositive: Rough implies young). Rule 5: Young implies Bob is nice. Answer: False"
"Facts: Bob is green or yellow
Rules: If someone is green then they are cold. | If someone is yellow then they are cold. | If someone is cold then they are rough. | If someone is not young then they are not rough. | If someone is young then they are cold. | If someone is young then they are nice.
Question: Q4: Bob is red.
Think step by step.","Reasoning: Fact: Bob is green or yellow. Rule 1 & 2: Colors (green, yellow) imply Bob is cold. Rule 3: Cold implies Bob is rough. Rule 4: Not young implies not rough (Contrapositive: Rough implies young). Rule 5: Young implies Bob is nice. Answer: False"
"Facts: Bob is green or yellow
Rules: If someone is green then they are cold. | If someone is yellow then they are cold. | If someone is not young then they are not rough. | If someone is young then they are cold. | If someone is young then they are nice.
Question: Q2: Bob is not rough.
Think step by step.","Reasoning: Fact: Bob is green or yellow. Rules 1 & 2 confirm Bob is cold. However, the rule linking 'cold' to 'rough' is missing from the ruleset. Therefore, we cannot infer subsequent traits. Answer: False"
"Facts: Bob is green or yellow. Bob is not cold.
Rules: If someone is green then they are cold. | If someone is yellow then they are cold. | If someone is cold then they are rough. | If someone is not young then they are not rough. | If someone is young then they are cold. | If someone is young then they are nice.
Question: Q1: Bob is not cold.
Think step by step.","Reasoning: Fact: Bob is not cold. Rules 1 & 2 state that if Bob is green or yellow, then Bob must be cold. The fact and the rules are in direct contradiction. In such cases, the status is False/Unknown. Answer: False"
"Facts: David is green or yellow
Rules: If someone is green then they are cold. | If someone is yellow then they are cold. | If someone is cold then they are rough. | If someone is not young then they are not rough. | If someone is young then they are cold. | If someone is young then they are nice.
Question: Q1: David is cold.
Think step by step.","Reasoning: Fact: David is green or yellow. Rule 1 & 2: Colors (green, yellow) imply David is cold. Rule 3: Cold implies David is rough. Rule 4: Not young implies not rough (Contrapositive: Rough implies young). Rule 5: Young implies David is nice. Answer: True"
"Facts: David is green or yellow
Rules: If someone is green then they are cold. | If someone is yellow then they are cold. | If someone is cold then they are rough. | If someone is not young then they are not rough. | If someone is young then they are cold. | If someone is young then they are nice.
Question: Q2: David is rough.
Think step by step.","Reasoning: Fact: David is green or yellow. Rule 1 & 2: Colors (green, yellow) imply David is cold. Rule 3: Cold implies David is rough. Rule 4: Not young implies not rough (Contrapositive: Rough implies young). Rule 5: Young implies David is nice. Answer: True"
"Facts: David is green or yellow
Rules: If someone is green then they are cold. | If someone is yellow then they are cold. | If someone is cold then they are rough. | If someone is not young then they are not rough. | If someone is young then they are cold. | If someone is young then they are nice.
Question: Q3: David is young.
Think step by step.","Reasoning: Fact: David is green or yellow. Rule 1 & 2: Colors (green, yellow) imply David is cold. Rule 3: Cold implies David is rough. Rule 4: Not young implies not rough (Contrapositive: Rough implies young). Rule 5: Young implies David is nice. Answer: True"
"Facts: David is green or yellow
Rules: If someone is green then they are cold. | If someone is yellow then they are cold. | If someone is cold then they are rough. | If someone is not young then they are not rough. | If someone is young then they are cold. | If someone is young then they are nice.
Question: Q4: David is nice.
Think step by step.","Reasoning: Fact: David is green or yellow. Rule 1 & 2: Colors (green, yellow) imply David is cold. Rule 3: Cold implies David is rough. Rule 4: Not young implies not rough (Contrapositive: Rough implies young). Rule 5: Young implies David is nice. Answer: True"
"Facts: David is green or yellow
Rules: If someone is green then they are cold. | If someone is yellow then they are cold. | If someone is not young then they are not rough. | If someone is young then they are cold. | If someone is young then they are nice.
Question: Q2: David is rough.
Think step by step.","Reasoning: Fact: David is green or yellow. Rules 1 & 2 confirm David is cold. However, the rule linking 'cold' to 'rough' is missing from the ruleset. Therefore, we cannot infer subsequent traits. Answer: False"
"Facts: David is green or yellow
Rules: If someone is green then they are cold. | If someone is yellow then they are cold. | If someone is not young then they are not rough. | If someone is young then they are cold. | If someone is young then they are nice.
Question: Q3: David is young.
Think step by step.","Reasoning: Fact: David is green or yellow. Rules 1 & 2 confirm David is cold. However, the rule linking 'cold' to 'rough' is missing from the ruleset. Therefore, we cannot infer subsequent traits. Answer: False"
"Facts: David is green or yellow
Rules: If someone is green then they are cold. | If someone is yellow then they are cold. | If someone is not young then they are not rough. | If someone is young then they are cold. | If someone is young then they are nice.
Question: Q4: David is nice.
Think step by step.","Reasoning: Fact: David is green or yellow. Rules 1 & 2 confirm David is cold. However, the rule linking 'cold' to 'rough' is missing from the ruleset. Therefore, we cannot infer subsequent traits. Answer: False"
"Facts: David is green or yellow. David is not cold.
Rules: If someone is green then they are cold. | If someone is yellow then they are cold. | If someone is cold then they are rough. | If someone is not young then they are not rough. | If someone is young then they are cold. | If someone is young then they are nice.
Question: Q1: David is cold.
Think step by step.","Reasoning: Fact: David is not cold. Rules 1 & 2 state that if David is green or yellow, then David must be cold. The fact and the rules are in direct contradiction. In such cases, the status is False/Unknown. Answer: False"
"Facts: David is green or yellow
Rules: If someone is green then they are cold. | If someone is yellow then they are cold. | If someone is cold then they are rough. | If someone is not young then they are not rough. | If someone is young then they are cold. | If someone is young then they are nice.
Question: Q1: David is not cold.
Think step by step.","Reasoning: Fact: David is green or yellow. Rule 1 & 2: Colors (green, yellow) imply David is cold. Rule 3: Cold implies David is rough. Rule 4: Not young implies not rough (Contrapositive: Rough implies young). Rule 5: Young implies David is nice. Answer: False"
"Facts: David is green or yellow
Rules: If someone is green then they are cold. | If someone is yellow then they are cold. | If someone is cold then they are rough. | If someone is not young then they are not rough. | If someone is young then they are cold. | If someone is young then they are nice.
Question: Q2: David is not rough.
Think step by step.","Reasoning: Fact: David is green or yellow. Rule 1 & 2: Colors (green, yellow) imply David is cold. Rule 3: Cold implies David is rough. Rule 4: Not young implies not rough (Contrapositive: Rough implies young). Rule 5: Young implies David is nice. Answer: False"
"Facts: David is green or yellow
Rules: If someone is green then they are cold. | If someone is yellow then they are cold. | If someone is cold then they are rough. | If someone is not young then they are not rough. | If someone is young then they are cold. | If someone is young then they are nice.
Question: Q3: David is sad.
Think step by step.","Reasoning: Fact: David is green or yellow. Rule 1 & 2: Colors (green, yellow) imply David is cold. Rule 3: Cold implies David is rough. Rule 4: Not young implies not rough (Contrapositive: Rough implies young). Rule 5: Young implies David is nice. Answer: False"
"Facts: David is green or yellow
Rules: If someone is green then they are cold. | If someone is yellow then they are cold. | If someone is cold then they are rough. | If someone is not young then they are not rough. | If someone is young then they are cold. | If someone is young then they are nice.
Question: Q4: David is red.
Think step by step.","Reasoning: Fact: David is green or yellow. Rule 1 & 2: Colors (green, yellow) imply David is cold. Rule 3: Cold implies David is rough. Rule 4: Not young implies not rough (Contrapositive: Rough implies young). Rule 5: Young implies David is nice. Answer: False"
"Facts: David is green or yellow
Rules: If someone is green then they are cold. | If someone is yellow then they are cold. | If someone is not young then they are not rough. | If someone is young then they are cold. | If someone is young then they are nice.
Question: Q2: David is not rough.
Think step by step.","Reasoning: Fact: David is green or yellow. Rules 1 & 2 confirm David is cold. However, the rule linking 'cold' to 'rough' is missing from the ruleset. Therefore, we cannot infer subsequent traits. Answer: False"
"Facts: David is green or yellow. David is not cold.
Rules: If someone is green then they are cold. | If someone is yellow then they are cold. | If someone is cold then they are rough. | If someone is not young then they are not rough. | If someone is young then they are cold. | If someone is young then they are nice.
Question: Q1: David is not cold.
Think step by step.","Reasoning: Fact: David is not cold. Rules 1 & 2 state that if David is green or yellow, then David must be cold. The fact and the rules are in direct contradiction. In such cases, the status is False/Unknown. Answer: False"
"Facts: Anne is green or blue
Rules: If someone is green then they are cold. | If someone is blue then they are cold. | If someone is cold then they are rough. | If someone is not young then they are not rough. | If someone is young then they are cold. | If someone is young then they are nice.
Question: Q1: Anne is cold.
Think step by step.","Reasoning: Fact: Anne is green or blue. Rule 1 & 2: Colors (green, blue) imply Anne is cold. Rule 3: Cold implies Anne is rough. Rule 4: Not young implies not rough (Contrapositive: Rough implies young). Rule 5: Young implies Anne is nice. Answer: True"
"Facts: Anne is green or blue
Rules: If someone is green then they are cold. | If someone is blue then they are cold. | If someone is cold then they are rough. | If someone is not young then they are not rough. | If someone is young then they are cold. | If someone is young then they are nice.
Question: Q2: Anne is rough.
Think step by step.","Reasoning: Fact: Anne is green or blue. Rule 1 & 2: Colors (green, blue) imply Anne is cold. Rule 3: Cold implies Anne is rough. Rule 4: Not young implies not rough (Contrapositive: Rough implies young). Rule 5: Young implies Anne is nice. Answer: True"
"Facts: Anne is green or blue
Rules: If someone is green then they are cold. | If someone is blue then they are cold. | If someone is cold then they are rough. | If someone is not young then they are not rough. | If someone is young then they are cold. | If someone is young then they are nice.
Question: Q3: Anne is young.
Think step by step.","Reasoning: Fact: Anne is green or blue. Rule 1 & 2: Colors (green, blue) imply Anne is cold. Rule 3: Cold implies Anne is rough. Rule 4: Not young implies not rough (Contrapositive: Rough implies young). Rule 5: Young implies Anne is nice. Answer: True"
"Facts: Anne is green or blue
Rules: If someone is green then they are cold. | If someone is blue then they are cold. | If someone is cold then they are rough. | If someone is not young then they are not rough. | If someone is young then they are cold. | If someone is young then they are nice.
Question: Q4: Anne is nice.
Think step by step.","Reasoning: Fact: Anne is green or blue. Rule 1 & 2: Colors (green, blue) imply Anne is cold. Rule 3: Cold implies Anne is rough. Rule 4: Not young implies not rough (Contrapositive: Rough implies young). Rule 5: Young implies Anne is nice. Answer: True"
"Facts: Anne is green or blue
Rules: If someone is green then they are cold. | If someone is blue then they are cold. | If someone is not young then they are not rough. | If someone is young then they are cold. | If someone is young then they are nice.
Question: Q2: Anne is rough.
Think step by step.","Reasoning: Fact: Anne is green or blue. Rules 1 & 2 confirm Anne is cold. However, the rule linking 'cold' to 'rough' is missing from the ruleset. Therefore, we cannot infer subsequent traits. Answer: False"
"Facts: Anne is green or blue
Rules: If someone is green then they are cold. | If someone is blue then they are cold. | If someone is not young then they are not rough. | If someone is young then they are cold. | If someone is young then they are nice.
Question: Q3: Anne is young.
Think step by step.","Reasoning: Fact: Anne is green or blue. Rules 1 & 2 confirm Anne is cold. However, the rule linking 'cold' to 'rough' is missing from the ruleset. Therefore, we cannot infer subsequent traits. Answer: False"
"Facts: Anne is green or blue
Rules: If someone is green then they are cold. | If someone is blue then they are cold. | If someone is not young then they are not rough. | If someone is young then they are cold. | If someone is young then they are nice.
Question: Q4: Anne is nice.
Think step by step.","Reasoning: Fact: Anne is green or blue. Rules 1 & 2 confirm Anne is cold. However, the rule linking 'cold' to 'rough' is missing from the ruleset. Therefore, we cannot infer subsequent traits. Answer: False"
"Facts: Anne is green or blue. Anne is not cold.
Rules: If someone is green then they are cold. | If someone is blue then they are cold. | If someone is cold then they are rough. | If someone is not young then they are not rough. | If someone is young then they are cold. | If someone is young then they are nice.
Question: Q1: Anne is cold.
Think step by step.","Reasoning: Fact: Anne is not cold. Rules 1 & 2 state that if Anne is green or blue, then Anne must be cold. The fact and the rules are in direct contradiction. In such cases, the status is False/Unknown. Answer: False"
"Facts: Anne is green or blue
Rules: If someone is green then they are cold. | If someone is blue then they are cold. | If someone is cold then they are rough. | If someone is not young then they are not rough. | If someone is young then they are cold. | If someone is young then they are nice.
Question: Q1: Anne is not cold.
Think step by step.","Reasoning: Fact: Anne is green or blue. Rule 1 & 2: Colors (green, blue) imply Anne is cold. Rule 3: Cold implies Anne is rough. Rule 4: Not young implies not rough (Contrapositive: Rough implies young). Rule 5: Young implies Anne is nice. Answer: False"
"Facts: Anne is green or blue
Rules: If someone is green then they are cold. | If someone is blue then they are cold. | If someone is cold then they are rough. | If someone is not young then they are not rough. | If someone is young then they are cold. | If someone is young then they are nice.
Question: Q2: Anne is not rough.
Think step by step.","Reasoning: Fact: Anne is green or blue. Rule 1 & 2: Colors (green, blue) imply Anne is cold. Rule 3: Cold implies Anne is rough. Rule 4: Not young implies not rough (Contrapositive: Rough implies young). Rule 5: Young implies Anne is nice. Answer: False"
"Facts: Anne is green or blue
Rules: If someone is green then they are cold. | If someone is blue then they are cold. | If someone is cold then they are rough. | If someone is not young then they are not rough. | If someone is young then they are cold. | If someone is young then they are nice.
Question: Q3: Anne is mean.
Think step by step.","Reasoning: Fact: Anne is green or blue. Rule 1 & 2: Colors (green, blue) imply Anne is cold. Rule 3: Cold implies Anne is rough. Rule 4: Not young implies not rough (Contrapositive: Rough implies young). Rule 5: Young implies Anne is nice. Answer: False"
"Facts: Anne is green or blue
Rules: If someone is green then they are cold. | If someone is blue then they are cold. | If someone is cold then they are rough. | If someone is not young then they are not rough. | If someone is young then they are cold. | If someone is young then they are nice.
Question: Q4: Anne is yellow.
Think step by step.","Reasoning: Fact: Anne is green or blue. Rule 1 & 2: Colors (green, blue) imply Anne is cold. Rule 3: Cold implies Anne is rough. Rule 4: Not young implies not rough (Contrapositive: Rough implies young). Rule 5: Young implies Anne is nice. Answer: False"
"Facts: Anne is green or blue
Rules: If someone is green then they are cold. | If someone is blue then they are cold. | If someone is not young then they are not rough. | If someone is young then they are cold. | If someone is young then they are nice.
Question: Q2: Anne is not rough.
Think step by step.","Reasoning: Fact: Anne is green or blue. Rules 1 & 2 confirm Anne is cold. However, the rule linking 'cold' to 'rough' is missing from the ruleset. Therefore, we cannot infer subsequent traits. Answer: False"
"Facts: Anne is green or blue. Anne is not cold.
Rules: If someone is green then they are cold. | If someone is blue then they are cold. | If someone is cold then they are rough. | If someone is not young then they are not rough. | If someone is young then they are cold. | If someone is young then they are nice.
Question: Q1: Anne is not cold.
Think step by step.","Reasoning: Fact: Anne is not cold. Rules 1 & 2 state that if Anne is green or blue, then Anne must be cold. The fact and the rules are in direct contradiction. In such cases, the status is False/Unknown. Answer: False"
"Facts: Grace is blue or yellow
Rules: If someone is blue then they are cold. | If someone is yellow then they are cold. | If someone is cold then they are rough. | If someone is not young then they are not rough. | If someone is young then they are cold. | If someone is young then they are nice.
Question: Q1: Grace is cold.
Think step by step.","Reasoning: Fact: Grace is blue or yellow. Rule 1 & 2: Colors (blue, yellow) imply Grace is cold. Rule 3: Cold implies Grace is rough. Rule 4: Not young implies not rough (Contrapositive: Rough implies young). Rule 5: Young implies Grace is nice. Answer: True"
"Facts: Grace is blue or yellow
Rules: If someone is blue then they are cold. | If someone is yellow then they are cold. | If someone is cold then they are rough. | If someone is not young then they are not rough. | If someone is young then they are cold. | If someone is young then they are nice.
Question: Q2: Grace is rough.
Think step by step.","Reasoning: Fact: Grace is blue or yellow. Rule 1 & 2: Colors (blue, yellow) imply Grace is cold. Rule 3: Cold implies Grace is rough. Rule 4: Not young implies not rough (Contrapositive: Rough implies young). Rule 5: Young implies Grace is nice. Answer: True"
"Facts: Grace is blue or yellow
Rules: If someone is blue then they are cold. | If someone is yellow then they are cold. | If someone is cold then they are rough. | If someone is not young then they are not rough. | If someone is young then they are cold. | If someone is young then they are nice.
Question: Q3: Grace is young.
Think step by step.","Reasoning: Fact: Grace is blue or yellow. Rule 1 & 2: Colors (blue, yellow) imply Grace is cold. Rule 3: Cold implies Grace is rough. Rule 4: Not young implies not rough (Contrapositive: Rough implies young). Rule 5: Young implies Grace is nice. Answer: True"
"Facts: Grace is blue or yellow
Rules: If someone is blue then they are cold. | If someone is yellow then they are cold. | If someone is cold then they are rough. | If someone is not young then they are not rough. | If someone is young then they are cold. | If someone is young then they are nice.
Question: Q4: Grace is nice.
Think step by step.","Reasoning: Fact: Grace is blue or yellow. Rule 1 & 2: Colors (blue, yellow) imply Grace is cold. Rule 3: Cold implies Grace is rough. Rule 4: Not young implies not rough (Contrapositive: Rough implies young). Rule 5: Young implies Grace is nice. Answer: True"
"Facts: Grace is blue or yellow
Rules: If someone is blue then they are cold. | If someone is yellow then they are cold. | If someone is not young then they are not rough. | If someone is young then they are cold. | If someone is young then they are nice.
Question: Q2: Grace is rough.
Think step by step.","Reasoning: Fact: Grace is blue or yellow. Rules 1 & 2 confirm Grace is cold. However, the rule linking 'cold' to 'rough' is missing from the ruleset. Therefore, we cannot infer subsequent traits. Answer: False"
"Facts: Grace is blue or yellow
Rules: If someone is blue then they are cold. | If someone is yellow then they are cold. | If someone is not young then they are not rough. | If someone is young then they are cold. | If someone is young then they are nice.
Question: Q3: Grace is young.
Think step by step.","Reasoning: Fact: Grace is blue or yellow. Rules 1 & 2 confirm Grace is cold. However, the rule linking 'cold' to 'rough' is missing from the ruleset. Therefore, we cannot infer subsequent traits. Answer: False"
"Facts: Grace is blue or yellow
Rules: If someone is blue then they are cold. | If someone is yellow then they are cold. | If someone is not young then they are not rough. | If someone is young then they are cold. | If someone is young then they are nice.
Question: Q4: Grace is nice.
Think step by step.","Reasoning: Fact: Grace is blue or yellow. Rules 1 & 2 confirm Grace is cold. However, the rule linking 'cold' to 'rough' is missing from the ruleset. Therefore, we cannot infer subsequent traits. Answer: False"
"Facts: Grace is blue or yellow. Grace is not cold.
Rules: If someone is blue then they are cold. | If someone is yellow then they are cold. | If someone is cold then they are rough. | If someone is not young then they are not rough. | If someone is young then they are cold. | If someone is young then they are nice.
Question: Q1: Grace is cold.
Think step by step.","Reasoning: Fact: Grace is not cold. Rules 1 & 2 state that if Grace is blue or yellow, then Grace must be cold. The fact and the rules are in direct contradiction. In such cases, the status is False/Unknown. Answer: False"
"Facts: Grace is blue or yellow
Rules: If someone is blue then they are cold. | If someone is yellow then they are cold. | If someone is cold then they are rough. | If someone is not young then they are not rough. | If someone is young then they are cold. | If someone is young then they are nice.
Question: Q1: Grace is not cold.
Think step by step.","Reasoning: Fact: Grace is blue or yellow. Rule 1 & 2: Colors (blue, yellow) imply Grace is cold. Rule 3: Cold implies Grace is rough. Rule 4: Not young implies not rough (Contrapositive: Rough implies young). Rule 5: Young implies Grace is nice. Answer: False"
"Facts: Grace is blue or yellow
Rules: If someone is blue then they are cold. | If someone is yellow then they are cold. | If someone is cold then they are rough. | If someone is not young then they are not rough. | If someone is young then they are cold. | If someone is young then they are nice.
Question: Q2: Grace is not rough.
Think step by step.","Reasoning: Fact: Grace is blue or yellow. Rule 1 & 2: Colors (blue, yellow) imply Grace is cold. Rule 3: Cold implies Grace is rough. Rule 4: Not young implies not rough (Contrapositive: Rough implies young). Rule 5: Young implies Grace is nice. Answer: False"
"Facts: Grace is blue or yellow
Rules: If someone is blue then they are cold. | If someone is yellow then they are cold. | If someone is cold then they are rough. | If someone is not young then they are not rough. | If someone is young then they are cold. | If someone is young then they are nice.
Question: Q3: Grace is sad.
Think step by step.","Reasoning: Fact: Grace is blue or yellow. Rule 1 & 2: Colors (blue, yellow) imply Grace is cold. Rule 3: Cold implies Grace is rough. Rule 4: Not young implies not rough (Contrapositive: Rough implies young). Rule 5: Young implies Grace is nice. Answer: False"
"Facts: Grace is blue or yellow
Rules: If someone is blue then they are cold. | If someone is yellow then they are cold. | If someone is cold then they are rough. | If someone is not young then they are not rough. | If someone is young then they are cold. | If someone is young then they are nice.
Question: Q4: Grace is red.
Think step by step.","Reasoning: Fact: Grace is blue or yellow. Rule 1 & 2: Colors (blue, yellow) imply Grace is cold. Rule 3: Cold implies Grace is rough. Rule 4: Not young implies not rough (Contrapositive: Rough implies young). Rule 5: Young implies Grace is nice. Answer: False"
"Facts: Grace is blue or yellow
Rules: If someone is blue then they are cold. | If someone is yellow then they are cold. | If someone is not young then they are not rough. | If someone is young then they are cold. | If someone is young then they are nice.
Question: Q2: Grace is not rough.
Think step by step.","Reasoning: Fact: Grace is blue or yellow. Rules 1 & 2 confirm Grace is cold. However, the rule linking 'cold' to 'rough' is missing from the ruleset. Therefore, we cannot infer subsequent traits. Answer: False"
"Facts: Grace is blue or yellow. Grace is not cold.
Rules: If someone is blue then they are cold. | If someone is yellow then they are cold. | If someone is cold then they are rough. | If someone is not young then they are not rough. | If someone is young then they are cold. | If someone is young then they are nice.
Question: Q1: Grace is not cold.
Think step by step.","Reasoning: Fact: Grace is not cold. Rules 1 & 2 state that if Grace is blue or yellow, then Grace must be cold. The fact and the rules are in direct contradiction. In such cases, the status is False/Unknown. Answer: False"
"Facts: Grace is green or red
Rules: If someone is green then they are cold. | If someone is red then they are cold. | If someone is cold then they are rough. | If someone is not young then they are not rough. | If someone is young then they are cold. | If someone is young then they are nice.
Question: Q1: Grace is cold.
Think step by step.","Reasoning: Fact: Grace is green or red. Rule 1 & 2: Colors (green, red) imply Grace is cold. Rule 3: Cold implies Grace is rough. Rule 4: Not young implies not rough (Contrapositive: Rough implies young). Rule 5: Young implies Grace is nice. Answer: True"
"Facts: Grace is green or red
Rules: If someone is green then they are cold. | If someone is red then they are cold. | If someone is cold then they are rough. | If someone is not young then they are not rough. | If someone is young then they are cold. | If someone is young then they are nice.
Question: Q2: Grace is rough.
Think step by step.","Reasoning: Fact: Grace is green or red. Rule 1 & 2: Colors (green, red) imply Grace is cold. Rule 3: Cold implies Grace is rough. Rule 4: Not young implies not rough (Contrapositive: Rough implies young). Rule 5: Young implies Grace is nice. Answer: True"
"Facts: Grace is green or red
Rules: If someone is green then they are cold. | If someone is red then they are cold. | If someone is cold then they are rough. | If someone is not young then they are not rough. | If someone is young then they are cold. | If someone is young then they are nice.
Question: Q3: Grace is young.
Think step by step.","Reasoning: Fact: Grace is green or red. Rule 1 & 2: Colors (green, red) imply Grace is cold. Rule 3: Cold implies Grace is rough. Rule 4: Not young implies not rough (Contrapositive: Rough implies young). Rule 5: Young implies Grace is nice. Answer: True"
"Facts: Grace is green or red
Rules: If someone is green then they are cold. | If someone is red then they are cold. | If someone is cold then they are rough. | If someone is not young then they are not rough. | If someone is young then they are cold. | If someone is young then they are nice.
Question: Q4: Grace is nice.
Think step by step.","Reasoning: Fact: Grace is green or red. Rule 1 & 2: Colors (green, red) imply Grace is cold. Rule 3: Cold implies Grace is rough. Rule 4: Not young implies not rough (Contrapositive: Rough implies young). Rule 5: Young implies Grace is nice. Answer: True"
"Facts: Grace is green or red
Rules: If someone is green then they are cold. | If someone is red then they are cold. | If someone is not young then they are not rough. | If someone is young then they are cold. | If someone is young then they are nice.
Question: Q2: Grace is rough.
Think step by step.","Reasoning: Fact: Grace is green or red. Rules 1 & 2 confirm Grace is cold. However, the rule linking 'cold' to 'rough' is missing from the ruleset. Therefore, we cannot infer subsequent traits. Answer: False"
"Facts: Grace is green or red
Rules: If someone is green then they are cold. | If someone is red then they are cold. | If someone is not young then they are not rough. | If someone is young then they are cold. | If someone is young then they are nice.
Question: Q3: Grace is young.
Think step by step.","Reasoning: Fact: Grace is green or red. Rules 1 & 2 confirm Grace is cold. However, the rule linking 'cold' to 'rough' is missing from the ruleset. Therefore, we cannot infer subsequent traits. Answer: False"
"Facts: Grace is green or red
Rules: If someone is green then they are cold. | If someone is red then they are cold. | If someone is not young then they are not rough. | If someone is young then they are cold. | If someone is young then they are nice.
Question: Q4: Grace is nice.
Think step by step.","Reasoning: Fact: Grace is green or red. Rules 1 & 2 confirm Grace is cold. However, the rule linking 'cold' to 'rough' is missing from the ruleset. Therefore, we cannot infer subsequent traits. Answer: False"
"Facts: Grace is green or red. Grace is not cold.
Rules: If someone is green then they are cold. | If someone is red then they are cold. | If someone is cold then they are rough. | If someone is not young then they are not rough. | If someone is young then they are cold. | If someone is young then they are nice.
Question: Q1: Grace is cold.
Think step by step.","Reasoning: Fact: Grace is not cold. Rules 1 & 2 state that if Grace is green or red, then Grace must be cold. The fact and the rules are in direct contradiction. In such cases, the status is False/Unknown. Answer: False"
"Facts: Grace is green or red
Rules: If someone is green then they are cold. | If someone is red then they are cold. | If someone is cold then they are rough. | If someone is not young then they are not rough. | If someone is young then they are cold. | If someone is young then they are nice.
Question: Q1: Grace is not cold.
Think step by step.","Reasoning: Fact: Grace is green or red. Rule 1 & 2: Colors (green, red) imply Grace is cold. Rule 3: Cold implies Grace is rough. Rule 4: Not young implies not rough (Contrapositive: Rough implies young). Rule 5: Young implies Grace is nice. Answer: False"
"Facts: Grace is green or red
Rules: If someone is green then they are cold. | If someone is red then they are cold. | If someone is cold then they are rough. | If someone is not young then they are not rough. | If someone is young then they are cold. | If someone is young then they are nice.
Question: Q2: Grace is not rough.
Think step by step.","Reasoning: Fact: Grace is green or red. Rule 1 & 2: Colors (green, red) imply Grace is cold. Rule 3: Cold implies Grace is rough. Rule 4: Not young implies not rough (Contrapositive: Rough implies young). Rule 5: Young implies Grace is nice. Answer: False"
"Facts: Grace is green or red
Rules: If someone is green then they are cold. | If someone is red then they are cold. | If someone is cold then they are rough. | If someone is not young then they are not rough. | If someone is young then they are cold. | If someone is young then they are nice.
Question: Q3: Grace is tall.
Think step by step.","Reasoning: Fact: Grace is green or red. Rule 1 & 2: Colors (green, red) imply Grace is cold. Rule 3: Cold implies Grace is rough. Rule 4: Not young implies not rough (Contrapositive: Rough implies young). Rule 5: Young implies Grace is nice. Answer: False"
"Facts: Grace is green or red
Rules: If someone is green then they are cold. | If someone is red then they are cold. | If someone is cold then they are rough. | If someone is not young then they are not rough. | If someone is young then they are cold. | If someone is young then they are nice.
Question: Q4: Grace is yellow.
Think step by step.","Reasoning: Fact: Grace is green or red. Rule 1 & 2: Colors (green, red) imply Grace is cold. Rule 3: Cold implies Grace is rough. Rule 4: Not young implies not rough (Contrapositive: Rough implies young). Rule 5: Young implies Grace is nice. Answer: False"
"Facts: Grace is green or red
Rules: If someone is green then they are cold. | If someone is red then they are cold. | If someone is not young then they are not rough. | If someone is young then they are cold. | If someone is young then they are nice.
Question: Q2: Grace is not rough.
Think step by step.","Reasoning: Fact: Grace is green or red. Rules 1 & 2 confirm Grace is cold. However, the rule linking 'cold' to 'rough' is missing from the ruleset. Therefore, we cannot infer subsequent traits. Answer: False"
"Facts: Grace is green or red. Grace is not cold.
Rules: If someone is green then they are cold. | If someone is red then they are cold. | If someone is cold then they are rough. | If someone is not young then they are not rough. | If someone is young then they are cold. | If someone is young then they are nice.
Question: Q1: Grace is not cold.
Think step by step.","Reasoning: Fact: Grace is not cold. Rules 1 & 2 state that if Grace is green or red, then Grace must be cold. The fact and the rules are in direct contradiction. In such cases, the status is False/Unknown. Answer: False"
"Facts: David is yellow or green
Rules: If someone is yellow then they are cold. | If someone is green then they are cold. | If someone is cold then they are rough. | If someone is not young then they are not rough. | If someone is young then they are cold. | If someone is young then they are nice.
Question: Q1: David is cold.
Think step by step.","Reasoning: Fact: David is yellow or green. Rule 1 & 2: Colors (yellow, green) imply David is cold. Rule 3: Cold implies David is rough. Rule 4: Not young implies not rough (Contrapositive: Rough implies young). Rule 5: Young implies David is nice. Answer: True"
"Facts: David is yellow or green
Rules: If someone is yellow then they are cold. | If someone is green then they are cold. | If someone is cold then they are rough. | If someone is not young then they are not rough. | If someone is young then they are cold. | If someone is young then they are nice.
Question: Q2: David is rough.
Think step by step.","Reasoning: Fact: David is yellow or green. Rule 1 & 2: Colors (yellow, green) imply David is cold. Rule 3: Cold implies David is rough. Rule 4: Not young implies not rough (Contrapositive: Rough implies young). Rule 5: Young implies David is nice. Answer: True"
"Facts: David is yellow or green
Rules: If someone is yellow then they are cold. | If someone is green then they are cold. | If someone is cold then they are rough. | If someone is not young then they are not rough. | If someone is young then they are cold. | If someone is young then they are nice.
Question: Q3: David is young.
Think step by step.","Reasoning: Fact: David is yellow or green. Rule 1 & 2: Colors (yellow, green) imply David is cold. Rule 3: Cold implies David is rough. Rule 4: Not young implies not rough (Contrapositive: Rough implies young). Rule 5: Young implies David is nice. Answer: True"
"Facts: David is yellow or green
Rules: If someone is yellow then they are cold. | If someone is green then they are cold. | If someone is cold then they are rough. | If someone is not young then they are not rough. | If someone is young then they are cold. | If someone is young then they are nice.
Question: Q4: David is nice.
Think step by step.","Reasoning: Fact: David is yellow or green. Rule 1 & 2: Colors (yellow, green) imply David is cold. Rule 3: Cold implies David is rough. Rule 4: Not young implies not rough (Contrapositive: Rough implies young). Rule 5: Young implies David is nice. Answer: True"
"Facts: David is yellow or green
Rules: If someone is yellow then they are cold. | If someone is green then they are cold. | If someone is not young then they are not rough. | If someone is young then they are cold. | If someone is young then they are nice.
Question: Q2: David is rough.
Think step by step.","Reasoning: Fact: David is yellow or green. Rules 1 & 2 confirm David is cold. However, the rule linking 'cold' to 'rough' is missing from the ruleset. Therefore, we cannot infer subsequent traits. Answer: False"
"Facts: David is yellow or green
Rules: If someone is yellow then they are cold. | If someone is green then they are cold. | If someone is not young then they are not rough. | If someone is young then they are cold. | If someone is young then they are nice.
Question: Q3: David is young.
Think step by step.","Reasoning: Fact: David is yellow or green. Rules 1 & 2 confirm David is cold. However, the rule linking 'cold' to 'rough' is missing from the ruleset. Therefore, we cannot infer subsequent traits. Answer: False"
"Facts: David is yellow or green
Rules: If someone is yellow then they are cold. | If someone is green then they are cold. | If someone is not young then they are not rough. | If someone is young then they are cold. | If someone is young then they are nice.
Question: Q4: David is nice.
Think step by step.","Reasoning: Fact: David is yellow or green. Rules 1 & 2 confirm David is cold. However, the rule linking 'cold' to 'rough' is missing from the ruleset. Therefore, we cannot infer subsequent traits. Answer: False"
"Facts: David is yellow or green. David is not cold.
Rules: If someone is yellow then they are cold. | If someone is green then they are cold. | If someone is cold then they are rough. | If someone is not young then they are not rough. | If someone is young then they are cold. | If someone is young then they are nice.
Question: Q1: David is cold.
Think step by step.","Reasoning: Fact: David is not cold. Rules 1 & 2 state that if David is yellow or green, then David must be cold. The fact and the rules are in direct contradiction. In such cases, the status is False/Unknown. Answer: False"
"Facts: David is yellow or green
Rules: If someone is yellow then they are cold. | If someone is green then they are cold. | If someone is cold then they are rough. | If someone is not young then they are not rough. | If someone is young then they are cold. | If someone is young then they are nice.
Question: Q1: David is not cold.
Think step by step.","Reasoning: Fact: David is yellow or green. Rule 1 & 2: Colors (yellow, green) imply David is cold. Rule 3: Cold implies David is rough. Rule 4: Not young implies not rough (Contrapositive: Rough implies young). Rule 5: Young implies David is nice. Answer: False"
"Facts: David is yellow or green
Rules: If someone is yellow then they are cold. | If someone is green then they are cold. | If someone is cold then they are rough. | If someone is not young then they are not rough. | If someone is young then they are cold. | If someone is young then they are nice.
Question: Q2: David is not rough.
Think step by step.","Reasoning: Fact: David is yellow or green. Rule 1 & 2: Colors (yellow, green) imply David is cold. Rule 3: Cold implies David is rough. Rule 4: Not young implies not rough (Contrapositive: Rough implies young). Rule 5: Young implies David is nice. Answer: False"
"Facts: David is yellow or green
Rules: If someone is yellow then they are cold. | If someone is green then they are cold. | If someone is cold then they are rough. | If someone is not young then they are not rough. | If someone is young then they are cold. | If someone is young then they are nice.
Question: Q3: David is short.
Think step by step.","Reasoning: Fact: David is yellow or green. Rule 1 & 2: Colors (yellow, green) imply David is cold. Rule 3: Cold implies David is rough. Rule 4: Not young implies not rough (Contrapositive: Rough implies young). Rule 5: Young implies David is nice. Answer: False"
"Facts: David is yellow or green
Rules: If someone is yellow then they are cold. | If someone is green then they are cold. | If someone is cold then they are rough. | If someone is not young then they are not rough. | If someone is young then they are cold. | If someone is young then they are nice.
Question: Q4: David is blue.
Think step by step.","Reasoning: Fact: David is yellow or green. Rule 1 & 2: Colors (yellow, green) imply David is cold. Rule 3: Cold implies David is rough. Rule 4: Not young implies not rough (Contrapositive: Rough implies young). Rule 5: Young implies David is nice. Answer: False"
"Facts: David is yellow or green
Rules: If someone is yellow then they are cold. | If someone is green then they are cold. | If someone is not young then they are not rough. | If someone is young then they are cold. | If someone is young then they are nice.
Question: Q2: David is not rough.
Think step by step.","Reasoning: Fact: David is yellow or green. Rules 1 & 2 confirm David is cold. However, the rule linking 'cold' to 'rough' is missing from the ruleset. Therefore, we cannot infer subsequent traits. Answer: False"
"Facts: David is yellow or green. David is not cold.
Rules: If someone is yellow then they are cold. | If someone is green then they are cold. | If someone is cold then they are rough. | If someone is not young then they are not rough. | If someone is young then they are cold. | If someone is young then they are nice.
Question: Q1: David is not cold.
Think step by step.","Reasoning: Fact: David is not cold. Rules 1 & 2 state that if David is yellow or green, then David must be cold. The fact and the rules are in direct contradiction. In such cases, the status is False/Unknown. Answer: False"
"Facts: Emma is yellow or red
Rules: If someone is yellow then they are cold. | If someone is red then they are cold. | If someone is cold then they are rough. | If someone is not young then they are not rough. | If someone is young then they are cold. | If someone is young then they are nice.
Question: Q1: Emma is cold.
Think step by step.","Reasoning: Fact: Emma is yellow or red. Rule 1 & 2: Colors (yellow, red) imply Emma is cold. Rule 3: Cold implies Emma is rough. Rule 4: Not young implies not rough (Contrapositive: Rough implies young). Rule 5: Young implies Emma is nice. Answer: True"
"Facts: Emma is yellow or red
Rules: If someone is yellow then they are cold. | If someone is red then they are cold. | If someone is cold then they are rough. | If someone is not young then they are not rough. | If someone is young then they are cold. | If someone is young then they are nice.
Question: Q2: Emma is rough.
Think step by step.","Reasoning: Fact: Emma is yellow or red. Rule 1 & 2: Colors (yellow, red) imply Emma is cold. Rule 3: Cold implies Emma is rough. Rule 4: Not young implies not rough (Contrapositive: Rough implies young). Rule 5: Young implies Emma is nice. Answer: True"
"Facts: Emma is yellow or red
Rules: If someone is yellow then they are cold. | If someone is red then they are cold. | If someone is cold then they are rough. | If someone is not young then they are not rough. | If someone is young then they are cold. | If someone is young then they are nice.
Question: Q3: Emma is young.
Think step by step.","Reasoning: Fact: Emma is yellow or red. Rule 1 & 2: Colors (yellow, red) imply Emma is cold. Rule 3: Cold implies Emma is rough. Rule 4: Not young implies not rough (Contrapositive: Rough implies young). Rule 5: Young implies Emma is nice. Answer: True"
"Facts: Emma is yellow or red
Rules: If someone is yellow then they are cold. | If someone is red then they are cold. | If someone is cold then they are rough. | If someone is not young then they are not rough. | If someone is young then they are cold. | If someone is young then they are nice.
Question: Q4: Emma is nice.
Think step by step.","Reasoning: Fact: Emma is yellow or red. Rule 1 & 2: Colors (yellow, red) imply Emma is cold. Rule 3: Cold implies Emma is rough. Rule 4: Not young implies not rough (Contrapositive: Rough implies young). Rule 5: Young implies Emma is nice. Answer: True"
"Facts: Emma is yellow or red
Rules: If someone is yellow then they are cold. | If someone is red then they are cold. | If someone is not young then they are not rough. | If someone is young then they are cold. | If someone is young then they are nice.
Question: Q2: Emma is rough.
Think step by step.","Reasoning: Fact: Emma is yellow or red. Rules 1 & 2 confirm Emma is cold. However, the rule linking 'cold' to 'rough' is missing from the ruleset. Therefore, we cannot infer subsequent traits. Answer: False"
"Facts: Emma is yellow or red
Rules: If someone is yellow then they are cold. | If someone is red then they are cold. | If someone is not young then they are not rough. | If someone is young then they are cold. | If someone is young then they are nice.
Question: Q3: Emma is young.
Think step by step.","Reasoning: Fact: Emma is yellow or red. Rules 1 & 2 confirm Emma is cold. However, the rule linking 'cold' to 'rough' is missing from the ruleset. Therefore, we cannot infer subsequent traits. Answer: False"
"Facts: Emma is yellow or red
Rules: If someone is yellow then they are cold. | If someone is red then they are cold. | If someone is not young then they are not rough. | If someone is young then they are cold. | If someone is young then they are nice.
Question: Q4: Emma is nice.
Think step by step.","Reasoning: Fact: Emma is yellow or red. Rules 1 & 2 confirm Emma is cold. However, the rule linking 'cold' to 'rough' is missing from the ruleset. Therefore, we cannot infer subsequent traits. Answer: False"
"Facts: Emma is yellow or red. Emma is not cold.
Rules: If someone is yellow then they are cold. | If someone is red then they are cold. | If someone is cold then they are rough. | If someone is not young then they are not rough. | If someone is young then they are cold. | If someone is young then they are nice.
Question: Q1: Emma is cold.
Think step by step.","Reasoning: Fact: Emma is not cold. Rules 1 & 2 state that if Emma is yellow or red, then Emma must be cold. The fact and the rules are in direct contradiction. In such cases, the status is False/Unknown. Answer: False"
"Facts: Emma is yellow or red
Rules: If someone is yellow then they are cold. | If someone is red then they are cold. | If someone is cold then they are rough. | If someone is not young then they are not rough. | If someone is young then they are cold. | If someone is young then they are nice.
Question: Q1: Emma is not cold.
Think step by step.","Reasoning: Fact: Emma is yellow or red. Rule 1 & 2: Colors (yellow, red) imply Emma is cold. Rule 3: Cold implies Emma is rough. Rule 4: Not young implies not rough (Contrapositive: Rough implies young). Rule 5: Young implies Emma is nice. Answer: False"
"Facts: Emma is yellow or red
Rules: If someone is yellow then they are cold. | If someone is red then they are cold. | If someone is cold then they are rough. | If someone is not young then they are not rough. | If someone is young then they are cold. | If someone is young then they are nice.
Question: Q2: Emma is not rough.
Think step by step.","Reasoning: Fact: Emma is yellow or red. Rule 1 & 2: Colors (yellow, red) imply Emma is cold. Rule 3: Cold implies Emma is rough. Rule 4: Not young implies not rough (Contrapositive: Rough implies young). Rule 5: Young implies Emma is nice. Answer: False"
"Facts: Emma is yellow or red
Rules: If someone is yellow then they are cold. | If someone is red then they are cold. | If someone is cold then they are rough. | If someone is not young then they are not rough. | If someone is young then they are cold. | If someone is young then they are nice.
Question: Q3: Emma is kind.
Think step by step.","Reasoning: Fact: Emma is yellow or red. Rule 1 & 2: Colors (yellow, red) imply Emma is cold. Rule 3: Cold implies Emma is rough. Rule 4: Not young implies not rough (Contrapositive: Rough implies young). Rule 5: Young implies Emma is nice. Answer: False"
"Facts: Emma is yellow or red
Rules: If someone is yellow then they are cold. | If someone is red then they are cold. | If someone is cold then they are rough. | If someone is not young then they are not rough. | If someone is young then they are cold. | If someone is young then they are nice.
Question: Q4: Emma is blue.
Think step by step.","Reasoning: Fact: Emma is yellow or red. Rule 1 & 2: Colors (yellow, red) imply Emma is cold. Rule 3: Cold implies Emma is rough. Rule 4: Not young implies not rough (Contrapositive: Rough implies young). Rule 5: Young implies Emma is nice. Answer: False"
"Facts: Emma is yellow or red
Rules: If someone is yellow then they are cold. | If someone is red then they are cold. | If someone is not young then they are not rough. | If someone is young then they are cold. | If someone is young then they are nice.
Question: Q2: Emma is not rough.
Think step by step.","Reasoning: Fact: Emma is yellow or red. Rules 1 & 2 confirm Emma is cold. However, the rule linking 'cold' to 'rough' is missing from the ruleset. Therefore, we cannot infer subsequent traits. Answer: False"
"Facts: Emma is yellow or red. Emma is not cold.
Rules: If someone is yellow then they are cold. | If someone is red then they are cold. | If someone is cold then they are rough. | If someone is not young then they are not rough. | If someone is young then they are cold. | If someone is young then they are nice.
Question: Q1: Emma is not cold.
Think step by step.","Reasoning: Fact: Emma is not cold. Rules 1 & 2 state that if Emma is yellow or red, then Emma must be cold. The fact and the rules are in direct contradiction. In such cases, the status is False/Unknown. Answer: False"
"Facts: Anne is red or green
Rules: If someone is red then they are cold. | If someone is green then they are cold. | If someone is cold then they are rough. | If someone is not young then they are not rough. | If someone is young then they are cold. | If someone is young then they are nice.
Question: Q1: Anne is cold.
Think step by step.","Reasoning: Fact: Anne is red or green. Rule 1 & 2: Colors (red, green) imply Anne is cold. Rule 3: Cold implies Anne is rough. Rule 4: Not young implies not rough (Contrapositive: Rough implies young). Rule 5: Young implies Anne is nice. Answer: True"
"Facts: Anne is red or green
Rules: If someone is red then they are cold. | If someone is green then they are cold. | If someone is cold then they are rough. | If someone is not young then they are not rough. | If someone is young then they are cold. | If someone is young then they are nice.
Question: Q2: Anne is rough.
Think step by step.","Reasoning: Fact: Anne is red or green. Rule 1 & 2: Colors (red, green) imply Anne is cold. Rule 3: Cold implies Anne is rough. Rule 4: Not young implies not rough (Contrapositive: Rough implies young). Rule 5: Young implies Anne is nice. Answer: True"
"Facts: Anne is red or green
Rules: If someone is red then they are cold. | If someone is green then they are cold. | If someone is cold then they are rough. | If someone is not young then they are not rough. | If someone is young then they are cold. | If someone is young then they are nice.
Question: Q3: Anne is young.
Think step by step.","Reasoning: Fact: Anne is red or green. Rule 1 & 2: Colors (red, green) imply Anne is cold. Rule 3: Cold implies Anne is rough. Rule 4: Not young implies not rough (Contrapositive: Rough implies young). Rule 5: Young implies Anne is nice. Answer: True"
"Facts: Anne is red or green
Rules: If someone is red then they are cold. | If someone is green then they are cold. | If someone is cold then they are rough. | If someone is not young then they are not rough. | If someone is young then they are cold. | If someone is young then they are nice.
Question: Q4: Anne is nice.
Think step by step.","Reasoning: Fact: Anne is red or green. Rule 1 & 2: Colors (red, green) imply Anne is cold. Rule 3: Cold implies Anne is rough. Rule 4: Not young implies not rough (Contrapositive: Rough implies young). Rule 5: Young implies Anne is nice. Answer: True"
"Facts: Anne is red or green
Rules: If someone is red then they are cold. | If someone is green then they are cold. | If someone is not young then they are not rough. | If someone is young then they are cold. | If someone is young then they are nice.
Question: Q2: Anne is rough.
Think step by step.","Reasoning: Fact: Anne is red or green. Rules 1 & 2 confirm Anne is cold. However, the rule linking 'cold' to 'rough' is missing from the ruleset. Therefore, we cannot infer subsequent traits. Answer: False"
"Facts: Anne is red or green
Rules: If someone is red then they are cold. | If someone is green then they are cold. | If someone is not young then they are not rough. | If someone is young then they are cold. | If someone is young then they are nice.
Question: Q3: Anne is young.
Think step by step.","Reasoning: Fact: Anne is red or green. Rules 1 & 2 confirm Anne is cold. However, the rule linking 'cold' to 'rough' is missing from the ruleset. Therefore, we cannot infer subsequent traits. Answer: False"
"Facts: Anne is red or green
Rules: If someone is red then they are cold. | If someone is green then they are cold. | If someone is not young then they are not rough. | If someone is young then they are cold. | If someone is young then they are nice.
Question: Q4: Anne is nice.
Think step by step.","Reasoning: Fact: Anne is red or green. Rules 1 & 2 confirm Anne is cold. However, the rule linking 'cold' to 'rough' is missing from the ruleset. Therefore, we cannot infer subsequent traits. Answer: False"
"Facts: Anne is red or green. Anne is not cold.
Rules: If someone is red then they are cold. | If someone is green then they are cold. | If someone is cold then they are rough. | If someone is not young then they are not rough. | If someone is young then they are cold. | If someone is young then they are nice.
Question: Q1: Anne is cold.
Think step by step.","Reasoning: Fact: Anne is not cold. Rules 1 & 2 state that if Anne is red or green, then Anne must be cold. The fact and the rules are in direct contradiction. In such cases, the status is False/Unknown. Answer: False"
"Facts: Anne is red or green
Rules: If someone is red then they are cold. | If someone is green then they are cold. | If someone is cold then they are rough. | If someone is not young then they are not rough. | If someone is young then they are cold. | If someone is young then they are nice.
Question: Q1: Anne is not cold.
Think step by step.","Reasoning: Fact: Anne is red or green. Rule 1 & 2: Colors (red, green) imply Anne is cold. Rule 3: Cold implies Anne is rough. Rule 4: Not young implies not rough (Contrapositive: Rough implies young). Rule 5: Young implies Anne is nice. Answer: False"
"Facts: Anne is red or green
Rules: If someone is red then they are cold. | If someone is green then they are cold. | If someone is cold then they are rough. | If someone is not young then they are not rough. | If someone is young then they are cold. | If someone is young then they are nice.
Question: Q2: Anne is not rough.
Think step by step.","Reasoning: Fact: Anne is red or green. Rule 1 & 2: Colors (red, green) imply Anne is cold. Rule 3: Cold implies Anne is rough. Rule 4: Not young implies not rough (Contrapositive: Rough implies young). Rule 5: Young implies Anne is nice. Answer: False"
"Facts: Anne is red or green
Rules: If someone is red then they are cold. | If someone is green then they are cold. | If someone is cold then they are rough. | If someone is not young then they are not rough. | If someone is young then they are cold. | If someone is young then they are nice.
Question: Q3: Anne is happy.
Think step by step.","Reasoning: Fact: Anne is red or green. Rule 1 & 2: Colors (red, green) imply Anne is cold. Rule 3: Cold implies Anne is rough. Rule 4: Not young implies not rough (Contrapositive: Rough implies young). Rule 5: Young implies Anne is nice. Answer: False"
"Facts: Anne is red or green
Rules: If someone is red then they are cold. | If someone is green then they are cold. | If someone is cold then they are rough. | If someone is not young then they are not rough. | If someone is young then they are cold. | If someone is young then they are nice.
Question: Q4: Anne is yellow.
Think step by step.","Reasoning: Fact: Anne is red or green. Rule 1 & 2: Colors (red, green) imply Anne is cold. Rule 3: Cold implies Anne is rough. Rule 4: Not young implies not rough (Contrapositive: Rough implies young). Rule 5: Young implies Anne is nice. Answer: False"
"Facts: Anne is red or green
Rules: If someone is red then they are cold. | If someone is green then they are cold. | If someone is not young then they are not rough. | If someone is young then they are cold. | If someone is young then they are nice.
Question: Q2: Anne is not rough.
Think step by step.","Reasoning: Fact: Anne is red or green. Rules 1 & 2 confirm Anne is cold. However, the rule linking 'cold' to 'rough' is missing from the ruleset. Therefore, we cannot infer subsequent traits. Answer: False"
"Facts: Anne is red or green. Anne is not cold.
Rules: If someone is red then they are cold. | If someone is green then they are cold. | If someone is cold then they are rough. | If someone is not young then they are not rough. | If someone is young then they are cold. | If someone is young then they are nice.
Question: Q1: Anne is not cold.
Think step by step.","Reasoning: Fact: Anne is not cold. Rules 1 & 2 state that if Anne is red or green, then Anne must be cold. The fact and the rules are in direct contradiction. In such cases, the status is False/Unknown. Answer: False"
"Facts: Helen is blue or yellow
Rules: If someone is blue then they are cold. | If someone is yellow then they are cold. | If someone is cold then they are rough. | If someone is not young then they are not rough. | If someone is young then they are cold. | If someone is young then they are nice.
Question: Q1: Helen is cold.
Think step by step.","Reasoning: Fact: Helen is blue or yellow. Rule 1 & 2: Colors (blue, yellow) imply Helen is cold. Rule 3: Cold implies Helen is rough. Rule 4: Not young implies not rough (Contrapositive: Rough implies young). Rule 5: Young implies Helen is nice. Answer: True"
"Facts: Helen is blue or yellow
Rules: If someone is blue then they are cold. | If someone is yellow then they are cold. | If someone is cold then they are rough. | If someone is not young then they are not rough. | If someone is young then they are cold. | If someone is young then they are nice.
Question: Q2: Helen is rough.
Think step by step.","Reasoning: Fact: Helen is blue or yellow. Rule 1 & 2: Colors (blue, yellow) imply Helen is cold. Rule 3: Cold implies Helen is rough. Rule 4: Not young implies not rough (Contrapositive: Rough implies young). Rule 5: Young implies Helen is nice. Answer: True"
"Facts: Helen is blue or yellow
Rules: If someone is blue then they are cold. | If someone is yellow then they are cold. | If someone is cold then they are rough. | If someone is not young then they are not rough. | If someone is young then they are cold. | If someone is young then they are nice.
Question: Q3: Helen is young.
Think step by step.","Reasoning: Fact: Helen is blue or yellow. Rule 1 & 2: Colors (blue, yellow) imply Helen is cold. Rule 3: Cold implies Helen is rough. Rule 4: Not young implies not rough (Contrapositive: Rough implies young). Rule 5: Young implies Helen is nice. Answer: True"
"Facts: Helen is blue or yellow
Rules: If someone is blue then they are cold. | If someone is yellow then they are cold. | If someone is cold then they are rough. | If someone is not young then they are not rough. | If someone is young then they are cold. | If someone is young then they are nice.
Question: Q4: Helen is nice.
Think step by step.","Reasoning: Fact: Helen is blue or yellow. Rule 1 & 2: Colors (blue, yellow) imply Helen is cold. Rule 3: Cold implies Helen is rough. Rule 4: Not young implies not rough (Contrapositive: Rough implies young). Rule 5: Young implies Helen is nice. Answer: True"
"Facts: Helen is blue or yellow
Rules: If someone is blue then they are cold. | If someone is yellow then they are cold. | If someone is not young then they are not rough. | If someone is young then they are cold. | If someone is young then they are nice.
Question: Q2: Helen is rough.
Think step by step.","Reasoning: Fact: Helen is blue or yellow. Rules 1 & 2 confirm Helen is cold. However, the rule linking 'cold' to 'rough' is missing from the ruleset. Therefore, we cannot infer subsequent traits. Answer: False"
"Facts: Helen is blue or yellow
Rules: If someone is blue then they are cold. | If someone is yellow then they are cold. | If someone is not young then they are not rough. | If someone is young then they are cold. | If someone is young then they are nice.
Question: Q3: Helen is young.
Think step by step.","Reasoning: Fact: Helen is blue or yellow. Rules 1 & 2 confirm Helen is cold. However, the rule linking 'cold' to 'rough' is missing from the ruleset. Therefore, we cannot infer subsequent traits. Answer: False"
"Facts: Helen is blue or yellow
Rules: If someone is blue then they are cold. | If someone is yellow then they are cold. | If someone is not young then they are not rough. | If someone is young then they are cold. | If someone is young then they are nice.
Question: Q4: Helen is nice.
Think step by step.","Reasoning: Fact: Helen is blue or yellow. Rules 1 & 2 confirm Helen is cold. However, the rule linking 'cold' to 'rough' is missing from the ruleset. Therefore, we cannot infer subsequent traits. Answer: False"
"Facts: Helen is blue or yellow. Helen is not cold.
Rules: If someone is blue then they are cold. | If someone is yellow then they are cold. | If someone is cold then they are rough. | If someone is not young then they are not rough. | If someone is young then they are cold. | If someone is young then they are nice.
Question: Q1: Helen is cold.
Think step by step.","Reasoning: Fact: Helen is not cold. Rules 1 & 2 state that if Helen is blue or yellow, then Helen must be cold. The fact and the rules are in direct contradiction. In such cases, the status is False/Unknown. Answer: False"
"Facts: Helen is blue or yellow
Rules: If someone is blue then they are cold. | If someone is yellow then they are cold. | If someone is cold then they are rough. | If someone is not young then they are not rough. | If someone is young then they are cold. | If someone is young then they are nice.
Question: Q1: Helen is not cold.
Think step by step.","Reasoning: Fact: Helen is blue or yellow. Rule 1 & 2: Colors (blue, yellow) imply Helen is cold. Rule 3: Cold implies Helen is rough. Rule 4: Not young implies not rough (Contrapositive: Rough implies young). Rule 5: Young implies Helen is nice. Answer: False"
"Facts: Helen is blue or yellow
Rules: If someone is blue then they are cold. | If someone is yellow then they are cold. | If someone is cold then they are rough. | If someone is not young then they are not rough. | If someone is young then they are cold. | If someone is young then they are nice.
Question: Q2: Helen is not rough.
Think step by step.","Reasoning: Fact: Helen is blue or yellow. Rule 1 & 2: Colors (blue, yellow) imply Helen is cold. Rule 3: Cold implies Helen is rough. Rule 4: Not young implies not rough (Contrapositive: Rough implies young). Rule 5: Young implies Helen is nice. Answer: False"
"Facts: Helen is blue or yellow
Rules: If someone is blue then they are cold. | If someone is yellow then they are cold. | If someone is cold then they are rough. | If someone is not young then they are not rough. | If someone is young then they are cold. | If someone is young then they are nice.
Question: Q3: Helen is sad.
Think step by step.","Reasoning: Fact: Helen is blue or yellow. Rule 1 & 2: Colors (blue, yellow) imply Helen is cold. Rule 3: Cold implies Helen is rough. Rule 4: Not young implies not rough (Contrapositive: Rough implies young). Rule 5: Young implies Helen is nice. Answer: False"
"Facts: Helen is blue or yellow
Rules: If someone is blue then they are cold. | If someone is yellow then they are cold. | If someone is cold then they are rough. | If someone is not young then they are not rough. | If someone is young then they are cold. | If someone is young then they are nice.
Question: Q4: Helen is red.
Think step by step.","Reasoning: Fact: Helen is blue or yellow. Rule 1 & 2: Colors (blue, yellow) imply Helen is cold. Rule 3: Cold implies Helen is rough. Rule 4: Not young implies not rough (Contrapositive: Rough implies young). Rule 5: Young implies Helen is nice. Answer: False"
"Facts: Helen is blue or yellow
Rules: If someone is blue then they are cold. | If someone is yellow then they are cold. | If someone is not young then they are not rough. | If someone is young then they are cold. | If someone is young then they are nice.
Question: Q2: Helen is not rough.
Think step by step.","Reasoning: Fact: Helen is blue or yellow. Rules 1 & 2 confirm Helen is cold. However, the rule linking 'cold' to 'rough' is missing from the ruleset. Therefore, we cannot infer subsequent traits. Answer: False"
"Facts: Helen is blue or yellow. Helen is not cold.
Rules: If someone is blue then they are cold. | If someone is yellow then they are cold. | If someone is cold then they are rough. | If someone is not young then they are not rough. | If someone is young then they are cold. | If someone is young then they are nice.
Question: Q1: Helen is not cold.
Think step by step.","Reasoning: Fact: Helen is not cold. Rules 1 & 2 state that if Helen is blue or yellow, then Helen must be cold. The fact and the rules are in direct contradiction. In such cases, the status is False/Unknown. Answer: False"
"Facts: Helen is red or blue
Rules: If someone is red then they are cold. | If someone is blue then they are cold. | If someone is cold then they are rough. | If someone is not young then they are not rough. | If someone is young then they are cold. | If someone is young then they are nice.
Question: Q1: Helen is cold.
Think step by step.","Reasoning: Fact: Helen is red or blue. Rule 1 & 2: Colors (red, blue) imply Helen is cold. Rule 3: Cold implies Helen is rough. Rule 4: Not young implies not rough (Contrapositive: Rough implies young). Rule 5: Young implies Helen is nice. Answer: True"
"Facts: Helen is red or blue
Rules: If someone is red then they are cold. | If someone is blue then they are cold. | If someone is cold then they are rough. | If someone is not young then they are not rough. | If someone is young then they are cold. | If someone is young then they are nice.
Question: Q2: Helen is rough.
Think step by step.","Reasoning: Fact: Helen is red or blue. Rule 1 & 2: Colors (red, blue) imply Helen is cold. Rule 3: Cold implies Helen is rough. Rule 4: Not young implies not rough (Contrapositive: Rough implies young). Rule 5: Young implies Helen is nice. Answer: True"
"Facts: Helen is red or blue
Rules: If someone is red then they are cold. | If someone is blue then they are cold. | If someone is cold then they are rough. | If someone is not young then they are not rough. | If someone is young then they are cold. | If someone is young then they are nice.
Question: Q3: Helen is young.
Think step by step.","Reasoning: Fact: Helen is red or blue. Rule 1 & 2: Colors (red, blue) imply Helen is cold. Rule 3: Cold implies Helen is rough. Rule 4: Not young implies not rough (Contrapositive: Rough implies young). Rule 5: Young implies Helen is nice. Answer: True"
"Facts: Helen is red or blue
Rules: If someone is red then they are cold. | If someone is blue then they are cold. | If someone is cold then they are rough. | If someone is not young then they are not rough. | If someone is young then they are cold. | If someone is young then they are nice.
Question: Q4: Helen is nice.
Think step by step.","Reasoning: Fact: Helen is red or blue. Rule 1 & 2: Colors (red, blue) imply Helen is cold. Rule 3: Cold implies Helen is rough. Rule 4: Not young implies not rough (Contrapositive: Rough implies young). Rule 5: Young implies Helen is nice. Answer: True"
"Facts: Helen is red or blue
Rules: If someone is red then they are cold. | If someone is blue then they are cold. | If someone is not young then they are not rough. | If someone is young then they are cold. | If someone is young then they are nice.
Question: Q2: Helen is rough.
Think step by step.","Reasoning: Fact: Helen is red or blue. Rules 1 & 2 confirm Helen is cold. However, the rule linking 'cold' to 'rough' is missing from the ruleset. Therefore, we cannot infer subsequent traits. Answer: False"
"Facts: Helen is red or blue
Rules: If someone is red then they are cold. | If someone is blue then they are cold. | If someone is not young then they are not rough. | If someone is young then they are cold. | If someone is young then they are nice.
Question: Q3: Helen is young.
Think step by step.","Reasoning: Fact: Helen is red or blue. Rules 1 & 2 confirm Helen is cold. However, the rule linking 'cold' to 'rough' is missing from the ruleset. Therefore, we cannot infer subsequent traits. Answer: False"
"Facts: Helen is red or blue
Rules: If someone is red then they are cold. | If someone is blue then they are cold. | If someone is not young then they are not rough. | If someone is young then they are cold. | If someone is young then they are nice.
Question: Q4: Helen is nice.
Think step by step.","Reasoning: Fact: Helen is red or blue. Rules 1 & 2 confirm Helen is cold. However, the rule linking 'cold' to 'rough' is missing from the ruleset. Therefore, we cannot infer subsequent traits. Answer: False"
"Facts: Helen is red or blue. Helen is not cold.
Rules: If someone is red then they are cold. | If someone is blue then they are cold. | If someone is cold then they are rough. | If someone is not young then they are not rough. | If someone is young then they are cold. | If someone is young then they are nice.
Question: Q1: Helen is cold.
Think step by step.","Reasoning: Fact: Helen is not cold. Rules 1 & 2 state that if Helen is red or blue, then Helen must be cold. The fact and the rules are in direct contradiction. In such cases, the status is False/Unknown. Answer: False"
"Facts: Helen is red or blue
Rules: If someone is red then they are cold. | If someone is blue then they are cold. | If someone is cold then they are rough. | If someone is not young then they are not rough. | If someone is young then they are cold. | If someone is young then they are nice.
Question: Q1: Helen is not cold.
Think step by step.","Reasoning: Fact: Helen is red or blue. Rule 1 & 2: Colors (red, blue) imply Helen is cold. Rule 3: Cold implies Helen is rough. Rule 4: Not young implies not rough (Contrapositive: Rough implies young). Rule 5: Young implies Helen is nice. Answer: False"
"Facts: Helen is red or blue
Rules: If someone is red then they are cold. | If someone is blue then they are cold. | If someone is cold then they are rough. | If someone is not young then they are not rough. | If someone is young then they are cold. | If someone is young then they are nice.
Question: Q2: Helen is not rough.
Think step by step.","Reasoning: Fact: Helen is red or blue. Rule 1 & 2: Colors (red, blue) imply Helen is cold. Rule 3: Cold implies Helen is rough. Rule 4: Not young implies not rough (Contrapositive: Rough implies young). Rule 5: Young implies Helen is nice. Answer: False"
"Facts: Helen is red or blue
Rules: If someone is red then they are cold. | If someone is blue then they are cold. | If someone is cold then they are rough. | If someone is not young then they are not rough. | If someone is young then they are cold. | If someone is young then they are nice.
Question: Q3: Helen is kind.
Think step by step.","Reasoning: Fact: Helen is red or blue. Rule 1 & 2: Colors (red, blue) imply Helen is cold. Rule 3: Cold implies Helen is rough. Rule 4: Not young implies not rough (Contrapositive: Rough implies young). Rule 5: Young implies Helen is nice. Answer: False"
"Facts: Helen is red or blue
Rules: If someone is red then they are cold. | If someone is blue then they are cold. | If someone is cold then they are rough. | If someone is not young then they are not rough. | If someone is young then they are cold. | If someone is young then they are nice.
Question: Q4: Helen is yellow.
Think step by step.","Reasoning: Fact: Helen is red or blue. Rule 1 & 2: Colors (red, blue) imply Helen is cold. Rule 3: Cold implies Helen is rough. Rule 4: Not young implies not rough (Contrapositive: Rough implies young). Rule 5: Young implies Helen is nice. Answer: False"
"Facts: Helen is red or blue
Rules: If someone is red then they are cold. | If someone is blue then they are cold. | If someone is not young then they are not rough. | If someone is young then they are cold. | If someone is young then they are nice.
Question: Q2: Helen is not rough.
Think step by step.","Reasoning: Fact: Helen is red or blue. Rules 1 & 2 confirm Helen is cold. However, the rule linking 'cold' to 'rough' is missing from the ruleset. Therefore, we cannot infer subsequent traits. Answer: False"
"Facts: Helen is red or blue. Helen is not cold.
Rules: If someone is red then they are cold. | If someone is blue then they are cold. | If someone is cold then they are rough. | If someone is not young then they are not rough. | If someone is young then they are cold. | If someone is young then they are nice.
Question: Q1: Helen is not cold.
Think step by step.","Reasoning: Fact: Helen is not cold. Rules 1 & 2 state that if Helen is red or blue, then Helen must be cold. The fact and the rules are in direct contradiction. In such cases, the status is False/Unknown. Answer: False"
"Facts: David is green or red
Rules: If someone is green then they are cold. | If someone is red then they are cold. | If someone is cold then they are rough. | If someone is not young then they are not rough. | If someone is young then they are cold. | If someone is young then they are nice.
Question: Q1: David is cold.
Think step by step.","Reasoning: Fact: David is green or red. Rule 1 & 2: Colors (green, red) imply David is cold. Rule 3: Cold implies David is rough. Rule 4: Not young implies not rough (Contrapositive: Rough implies young). Rule 5: Young implies David is nice. Answer: True"
"Facts: David is green or red
Rules: If someone is green then they are cold. | If someone is red then they are cold. | If someone is cold then they are rough. | If someone is not young then they are not rough. | If someone is young then they are cold. | If someone is young then they are nice.
Question: Q2: David is rough.
Think step by step.","Reasoning: Fact: David is green or red. Rule 1 & 2: Colors (green, red) imply David is cold. Rule 3: Cold implies David is rough. Rule 4: Not young implies not rough (Contrapositive: Rough implies young). Rule 5: Young implies David is nice. Answer: True"
"Facts: David is green or red
Rules: If someone is green then they are cold. | If someone is red then they are cold. | If someone is cold then they are rough. | If someone is not young then they are not rough. | If someone is young then they are cold. | If someone is young then they are nice.
Question: Q3: David is young.
Think step by step.","Reasoning: Fact: David is green or red. Rule 1 & 2: Colors (green, red) imply David is cold. Rule 3: Cold implies David is rough. Rule 4: Not young implies not rough (Contrapositive: Rough implies young). Rule 5: Young implies David is nice. Answer: True"
"Facts: David is green or red
Rules: If someone is green then they are cold. | If someone is red then they are cold. | If someone is cold then they are rough. | If someone is not young then they are not rough. | If someone is young then they are cold. | If someone is young then they are nice.
Question: Q4: David is nice.
Think step by step.","Reasoning: Fact: David is green or red. Rule 1 & 2: Colors (green, red) imply David is cold. Rule 3: Cold implies David is rough. Rule 4: Not young implies not rough (Contrapositive: Rough implies young). Rule 5: Young implies David is nice. Answer: True"
"Facts: David is green or red
Rules: If someone is green then they are cold. | If someone is red then they are cold. | If someone is not young then they are not rough. | If someone is young then they are cold. | If someone is young then they are nice.
Question: Q2: David is rough.
Think step by step.","Reasoning: Fact: David is green or red. Rules 1 & 2 confirm David is cold. However, the rule linking 'cold' to 'rough' is missing from the ruleset. Therefore, we cannot infer subsequent traits. Answer: False"
"Facts: David is green or red
Rules: If someone is green then they are cold. | If someone is red then they are cold. | If someone is not young then they are not rough. | If someone is young then they are cold. | If someone is young then they are nice.
Question: Q3: David is young.
Think step by step.","Reasoning: Fact: David is green or red. Rules 1 & 2 confirm David is cold. However, the rule linking 'cold' to 'rough' is missing from the ruleset. Therefore, we cannot infer subsequent traits. Answer: False"
"Facts: David is green or red
Rules: If someone is green then they are cold. | If someone is red then they are cold. | If someone is not young then they are not rough. | If someone is young then they are cold. | If someone is young then they are nice.
Question: Q4: David is nice.
Think step by step.","Reasoning: Fact: David is green or red. Rules 1 & 2 confirm David is cold. However, the rule linking 'cold' to 'rough' is missing from the ruleset. Therefore, we cannot infer subsequent traits. Answer: False"
"Facts: David is green or red. David is not cold.
Rules: If someone is green then they are cold. | If someone is red then they are cold. | If someone is cold then they are rough. | If someone is not young then they are not rough. | If someone is young then they are cold. | If someone is young then they are nice.
Question: Q1: David is cold.
Think step by step.","Reasoning: Fact: David is not cold. Rules 1 & 2 state that if David is green or red, then David must be cold. The fact and the rules are in direct contradiction. In such cases, the status is False/Unknown. Answer: False"
"Facts: David is green or red
Rules: If someone is green then they are cold. | If someone is red then they are cold. | If someone is cold then they are rough. | If someone is not young then they are not rough. | If someone is young then they are cold. | If someone is young then they are nice.
Question: Q1: David is not cold.
Think step by step.","Reasoning: Fact: David is green or red. Rule 1 & 2: Colors (green, red) imply David is cold. Rule 3: Cold implies David is rough. Rule 4: Not young implies not rough (Contrapositive: Rough implies young). Rule 5: Young implies David is nice. Answer: False"
"Facts: David is green or red
Rules: If someone is green then they are cold. | If someone is red then they are cold. | If someone is cold then they are rough. | If someone is not young then they are not rough. | If someone is young then they are cold. | If someone is young then they are nice.
Question: Q2: David is not rough.
Think step by step.","Reasoning: Fact: David is green or red. Rule 1 & 2: Colors (green, red) imply David is cold. Rule 3: Cold implies David is rough. Rule 4: Not young implies not rough (Contrapositive: Rough implies young). Rule 5: Young implies David is nice. Answer: False"
"Facts: David is green or red
Rules: If someone is green then they are cold. | If someone is red then they are cold. | If someone is cold then they are rough. | If someone is not young then they are not rough. | If someone is young then they are cold. | If someone is young then they are nice.
Question: Q3: David is tall.
Think step by step.","Reasoning: Fact: David is green or red. Rule 1 & 2: Colors (green, red) imply David is cold. Rule 3: Cold implies David is rough. Rule 4: Not young implies not rough (Contrapositive: Rough implies young). Rule 5: Young implies David is nice. Answer: False"
"Facts: David is green or red
Rules: If someone is green then they are cold. | If someone is red then they are cold. | If someone is cold then they are rough. | If someone is not young then they are not rough. | If someone is young then they are cold. | If someone is young then they are nice.
Question: Q4: David is blue.
Think step by step.","Reasoning: Fact: David is green or red. Rule 1 & 2: Colors (green, red) imply David is cold. Rule 3: Cold implies David is rough. Rule 4: Not young implies not rough (Contrapositive: Rough implies young). Rule 5: Young implies David is nice. Answer: False"
"Facts: David is green or red
Rules: If someone is green then they are cold. | If someone is red then they are cold. | If someone is not young then they are not rough. | If someone is young then they are cold. | If someone is young then they are nice.
Question: Q2: David is not rough.
Think step by step.","Reasoning: Fact: David is green or red. Rules 1 & 2 confirm David is cold. However, the rule linking 'cold' to 'rough' is missing from the ruleset. Therefore, we cannot infer subsequent traits. Answer: False"
"Facts: David is green or red. David is not cold.
Rules: If someone is green then they are cold. | If someone is red then they are cold. | If someone is cold then they are rough. | If someone is not young then they are not rough. | If someone is young then they are cold. | If someone is young then they are nice.
Question: Q1: David is not cold.
Think step by step.","Reasoning: Fact: David is not cold. Rules 1 & 2 state that if David is green or red, then David must be cold. The fact and the rules are in direct contradiction. In such cases, the status is False/Unknown. Answer: False"
"Facts: Emma is blue or yellow
Rules: If someone is blue then they are cold. | If someone is yellow then they are cold. | If someone is cold then they are rough. | If someone is not young then they are not rough. | If someone is young then they are cold. | If someone is young then they are nice.
Question: Q1: Emma is cold.
Think step by step.","Reasoning: Fact: Emma is blue or yellow. Rule 1 & 2: Colors (blue, yellow) imply Emma is cold. Rule 3: Cold implies Emma is rough. Rule 4: Not young implies not rough (Contrapositive: Rough implies young). Rule 5: Young implies Emma is nice. Answer: True"
"Facts: Emma is blue or yellow
Rules: If someone is blue then they are cold. | If someone is yellow then they are cold. | If someone is cold then they are rough. | If someone is not young then they are not rough. | If someone is young then they are cold. | If someone is young then they are nice.
Question: Q2: Emma is rough.
Think step by step.","Reasoning: Fact: Emma is blue or yellow. Rule 1 & 2: Colors (blue, yellow) imply Emma is cold. Rule 3: Cold implies Emma is rough. Rule 4: Not young implies not rough (Contrapositive: Rough implies young). Rule 5: Young implies Emma is nice. Answer: True"
"Facts: Emma is blue or yellow
Rules: If someone is blue then they are cold. | If someone is yellow then they are cold. | If someone is cold then they are rough. | If someone is not young then they are not rough. | If someone is young then they are cold. | If someone is young then they are nice.
Question: Q3: Emma is young.
Think step by step.","Reasoning: Fact: Emma is blue or yellow. Rule 1 & 2: Colors (blue, yellow) imply Emma is cold. Rule 3: Cold implies Emma is rough. Rule 4: Not young implies not rough (Contrapositive: Rough implies young). Rule 5: Young implies Emma is nice. Answer: True"
"Facts: Emma is blue or yellow
Rules: If someone is blue then they are cold. | If someone is yellow then they are cold. | If someone is cold then they are rough. | If someone is not young then they are not rough. | If someone is young then they are cold. | If someone is young then they are nice.
Question: Q4: Emma is nice.
Think step by step.","Reasoning: Fact: Emma is blue or yellow. Rule 1 & 2: Colors (blue, yellow) imply Emma is cold. Rule 3: Cold implies Emma is rough. Rule 4: Not young implies not rough (Contrapositive: Rough implies young). Rule 5: Young implies Emma is nice. Answer: True"
"Facts: Emma is blue or yellow
Rules: If someone is blue then they are cold. | If someone is yellow then they are cold. | If someone is not young then they are not rough. | If someone is young then they are cold. | If someone is young then they are nice.
Question: Q2: Emma is rough.
Think step by step.","Reasoning: Fact: Emma is blue or yellow. Rules 1 & 2 confirm Emma is cold. However, the rule linking 'cold' to 'rough' is missing from the ruleset. Therefore, we cannot infer subsequent traits. Answer: False"
"Facts: Emma is blue or yellow
Rules: If someone is blue then they are cold. | If someone is yellow then they are cold. | If someone is not young then they are not rough. | If someone is young then they are cold. | If someone is young then they are nice.
Question: Q3: Emma is young.
Think step by step.","Reasoning: Fact: Emma is blue or yellow. Rules 1 & 2 confirm Emma is cold. However, the rule linking 'cold' to 'rough' is missing from the ruleset. Therefore, we cannot infer subsequent traits. Answer: False"
"Facts: Emma is blue or yellow
Rules: If someone is blue then they are cold. | If someone is yellow then they are cold. | If someone is not young then they are not rough. | If someone is young then they are cold. | If someone is young then they are nice.
Question: Q4: Emma is nice.
Think step by step.","Reasoning: Fact: Emma is blue or yellow. Rules 1 & 2 confirm Emma is cold. However, the rule linking 'cold' to 'rough' is missing from the ruleset. Therefore, we cannot infer subsequent traits. Answer: False"
"Facts: Emma is blue or yellow. Emma is not cold.
Rules: If someone is blue then they are cold. | If someone is yellow then they are cold. | If someone is cold then they are rough. | If someone is not young then they are not rough. | If someone is young then they are cold. | If someone is young then they are nice.
Question: Q1: Emma is cold.
Think step by step.","Reasoning: Fact: Emma is not cold. Rules 1 & 2 state that if Emma is blue or yellow, then Emma must be cold. The fact and the rules are in direct contradiction. In such cases, the status is False/Unknown. Answer: False"
"Facts: Emma is blue or yellow
Rules: If someone is blue then they are cold. | If someone is yellow then they are cold. | If someone is cold then they are rough. | If someone is not young then they are not rough. | If someone is young then they are cold. | If someone is young then they are nice.
Question: Q1: Emma is not cold.
Think step by step.","Reasoning: Fact: Emma is blue or yellow. Rule 1 & 2: Colors (blue, yellow) imply Emma is cold. Rule 3: Cold implies Emma is rough. Rule 4: Not young implies not rough (Contrapositive: Rough implies young). Rule 5: Young implies Emma is nice. Answer: False"
"Facts: Emma is blue or yellow
Rules: If someone is blue then they are cold. | If someone is yellow then they are cold. | If someone is cold then they are rough. | If someone is not young then they are not rough. | If someone is young then they are cold. | If someone is young then they are nice.
Question: Q2: Emma is not rough.
Think step by step.","Reasoning: Fact: Emma is blue or yellow. Rule 1 & 2: Colors (blue, yellow) imply Emma is cold. Rule 3: Cold implies Emma is rough. Rule 4: Not young implies not rough (Contrapositive: Rough implies young). Rule 5: Young implies Emma is nice. Answer: False"
"Facts: Emma is blue or yellow
Rules: If someone is blue then they are cold. | If someone is yellow then they are cold. | If someone is cold then they are rough. | If someone is not young then they are not rough. | If someone is young then they are cold. | If someone is young then they are nice.
Question: Q3: Emma is sad.
Think step by step.","Reasoning: Fact: Emma is blue or yellow. Rule 1 & 2: Colors (blue, yellow) imply Emma is cold. Rule 3: Cold implies Emma is rough. Rule 4: Not young implies not rough (Contrapositive: Rough implies young). Rule 5: Young implies Emma is nice. Answer: False"
"Facts: Emma is blue or yellow
Rules: If someone is blue then they are cold. | If someone is yellow then they are cold. | If someone is cold then they are rough. | If someone is not young then they are not rough. | If someone is young then they are cold. | If someone is young then they are nice.
Question: Q4: Emma is green.
Think step by step.","Reasoning: Fact: Emma is blue or yellow. Rule 1 & 2: Colors (blue, yellow) imply Emma is cold. Rule 3: Cold implies Emma is rough. Rule 4: Not young implies not rough (Contrapositive: Rough implies young). Rule 5: Young implies Emma is nice. Answer: False"
"Facts: Emma is blue or yellow
Rules: If someone is blue then they are cold. | If someone is yellow then they are cold. | If someone is not young then they are not rough. | If someone is young then they are cold. | If someone is young then they are nice.
Question: Q2: Emma is not rough.
Think step by step.","Reasoning: Fact: Emma is blue or yellow. Rules 1 & 2 confirm Emma is cold. However, the rule linking 'cold' to 'rough' is missing from the ruleset. Therefore, we cannot infer subsequent traits. Answer: False"
"Facts: Emma is blue or yellow. Emma is not cold.
Rules: If someone is blue then they are cold. | If someone is yellow then they are cold. | If someone is cold then they are rough. | If someone is not young then they are not rough. | If someone is young then they are cold. | If someone is young then they are nice.
Question: Q1: Emma is not cold.
Think step by step.","Reasoning: Fact: Emma is not cold. Rules 1 & 2 state that if Emma is blue or yellow, then Emma must be cold. The fact and the rules are in direct contradiction. In such cases, the status is False/Unknown. Answer: False"
"Facts: David is green or red
Rules: If someone is green then they are cold. | If someone is red then they are cold. | If someone is cold then they are rough. | If someone is not young then they are not rough. | If someone is young then they are cold. | If someone is young then they are nice.
Question: Q1: David is cold.
Think step by step.","Reasoning: Fact: David is green or red. Rule 1 & 2: Colors (green, red) imply David is cold. Rule 3: Cold implies David is rough. Rule 4: Not young implies not rough (Contrapositive: Rough implies young). Rule 5: Young implies David is nice. Answer: True"
"Facts: David is green or red
Rules: If someone is green then they are cold. | If someone is red then they are cold. | If someone is cold then they are rough. | If someone is not young then they are not rough. | If someone is young then they are cold. | If someone is young then they are nice.
Question: Q2: David is rough.
Think step by step.","Reasoning: Fact: David is green or red. Rule 1 & 2: Colors (green, red) imply David is cold. Rule 3: Cold implies David is rough. Rule 4: Not young implies not rough (Contrapositive: Rough implies young). Rule 5: Young implies David is nice. Answer: True"
"Facts: David is green or red
Rules: If someone is green then they are cold. | If someone is red then they are cold. | If someone is cold then they are rough. | If someone is not young then they are not rough. | If someone is young then they are cold. | If someone is young then they are nice.
Question: Q3: David is young.
Think step by step.","Reasoning: Fact: David is green or red. Rule 1 & 2: Colors (green, red) imply David is cold. Rule 3: Cold implies David is rough. Rule 4: Not young implies not rough (Contrapositive: Rough implies young). Rule 5: Young implies David is nice. Answer: True"
"Facts: David is green or red
Rules: If someone is green then they are cold. | If someone is red then they are cold. | If someone is cold then they are rough. | If someone is not young then they are not rough. | If someone is young then they are cold. | If someone is young then they are nice.
Question: Q4: David is nice.
Think step by step.","Reasoning: Fact: David is green or red. Rule 1 & 2: Colors (green, red) imply David is cold. Rule 3: Cold implies David is rough. Rule 4: Not young implies not rough (Contrapositive: Rough implies young). Rule 5: Young implies David is nice. Answer: True"
"Facts: David is green or red
Rules: If someone is green then they are cold. | If someone is red then they are cold. | If someone is not young then they are not rough. | If someone is young then they are cold. | If someone is young then they are nice.
Question: Q2: David is rough.
Think step by step.","Reasoning: Fact: David is green or red. Rules 1 & 2 confirm David is cold. However, the rule linking 'cold' to 'rough' is missing from the ruleset. Therefore, we cannot infer subsequent traits. Answer: False"
"Facts: David is green or red
Rules: If someone is green then they are cold. | If someone is red then they are cold. | If someone is not young then they are not rough. | If someone is young then they are cold. | If someone is young then they are nice.
Question: Q3: David is young.
Think step by step.","Reasoning: Fact: David is green or red. Rules 1 & 2 confirm David is cold. However, the rule linking 'cold' to 'rough' is missing from the ruleset. Therefore, we cannot infer subsequent traits. Answer: False"
"Facts: David is green or red
Rules: If someone is green then they are cold. | If someone is red then they are cold. | If someone is not young then they are not rough. | If someone is young then they are cold. | If someone is young then they are nice.
Question: Q4: David is nice.
Think step by step.","Reasoning: Fact: David is green or red. Rules 1 & 2 confirm David is cold. However, the rule linking 'cold' to 'rough' is missing from the ruleset. Therefore, we cannot infer subsequent traits. Answer: False"
"Facts: David is green or red. David is not cold.
Rules: If someone is green then they are cold. | If someone is red then they are cold. | If someone is cold then they are rough. | If someone is not young then they are not rough. | If someone is young then they are cold. | If someone is young then they are nice.
Question: Q1: David is cold.
Think step by step.","Reasoning: Fact: David is not cold. Rules 1 & 2 state that if David is green or red, then David must be cold. The fact and the rules are in direct contradiction. In such cases, the status is False/Unknown. Answer: False"
"Facts: David is green or red
Rules: If someone is green then they are cold. | If someone is red then they are cold. | If someone is cold then they are rough. | If someone is not young then they are not rough. | If someone is young then they are cold. | If someone is young then they are nice.
Question: Q1: David is not cold.
Think step by step.","Reasoning: Fact: David is green or red. Rule 1 & 2: Colors (green, red) imply David is cold. Rule 3: Cold implies David is rough. Rule 4: Not young implies not rough (Contrapositive: Rough implies young). Rule 5: Young implies David is nice. Answer: False"
"Facts: David is green or red
Rules: If someone is green then they are cold. | If someone is red then they are cold. | If someone is cold then they are rough. | If someone is not young then they are not rough. | If someone is young then they are cold. | If someone is young then they are nice.
Question: Q2: David is not rough.
Think step by step.","Reasoning: Fact: David is green or red. Rule 1 & 2: Colors (green, red) imply David is cold. Rule 3: Cold implies David is rough. Rule 4: Not young implies not rough (Contrapositive: Rough implies young). Rule 5: Young implies David is nice. Answer: False"
"Facts: David is green or red
Rules: If someone is green then they are cold. | If someone is red then they are cold. | If someone is cold then they are rough. | If someone is not young then they are not rough. | If someone is young then they are cold. | If someone is young then they are nice.
Question: Q3: David is sad.
Think step by step.","Reasoning: Fact: David is green or red. Rule 1 & 2: Colors (green, red) imply David is cold. Rule 3: Cold implies David is rough. Rule 4: Not young implies not rough (Contrapositive: Rough implies young). Rule 5: Young implies David is nice. Answer: False"
"Facts: David is green or red
Rules: If someone is green then they are cold. | If someone is red then they are cold. | If someone is cold then they are rough. | If someone is not young then they are not rough. | If someone is young then they are cold. | If someone is young then they are nice.
Question: Q4: David is yellow.
Think step by step.","Reasoning: Fact: David is green or red. Rule 1 & 2: Colors (green, red) imply David is cold. Rule 3: Cold implies David is rough. Rule 4: Not young implies not rough (Contrapositive: Rough implies young). Rule 5: Young implies David is nice. Answer: False"
"Facts: David is green or red
Rules: If someone is green then they are cold. | If someone is red then they are cold. | If someone is not young then they are not rough. | If someone is young then they are cold. | If someone is young then they are nice.
Question: Q2: David is not rough.
Think step by step.","Reasoning: Fact: David is green or red. Rules 1 & 2 confirm David is cold. However, the rule linking 'cold' to 'rough' is missing from the ruleset. Therefore, we cannot infer subsequent traits. Answer: False"
"Facts: David is green or red. David is not cold.
Rules: If someone is green then they are cold. | If someone is red then they are cold. | If someone is cold then they are rough. | If someone is not young then they are not rough. | If someone is young then they are cold. | If someone is young then they are nice.
Question: Q1: David is not cold.
Think step by step.","Reasoning: Fact: David is not cold. Rules 1 & 2 state that if David is green or red, then David must be cold. The fact and the rules are in direct contradiction. In such cases, the status is False/Unknown. Answer: False"
"Facts: David is red or green
Rules: If someone is red then they are cold. | If someone is green then they are cold. | If someone is cold then they are rough. | If someone is not young then they are not rough. | If someone is young then they are cold. | If someone is young then they are nice.
Question: Q1: David is cold.
Think step by step.","Reasoning: Fact: David is red or green. Rule 1 & 2: Colors (red, green) imply David is cold. Rule 3: Cold implies David is rough. Rule 4: Not young implies not rough (Contrapositive: Rough implies young). Rule 5: Young implies David is nice. Answer: True"
"Facts: David is red or green
Rules: If someone is red then they are cold. | If someone is green then they are cold. | If someone is cold then they are rough. | If someone is not young then they are not rough. | If someone is young then they are cold. | If someone is young then they are nice.
Question: Q2: David is rough.
Think step by step.","Reasoning: Fact: David is red or green. Rule 1 & 2: Colors (red, green) imply David is cold. Rule 3: Cold implies David is rough. Rule 4: Not young implies not rough (Contrapositive: Rough implies young). Rule 5: Young implies David is nice. Answer: True"
"Facts: David is red or green
Rules: If someone is red then they are cold. | If someone is green then they are cold. | If someone is cold then they are rough. | If someone is not young then they are not rough. | If someone is young then they are cold. | If someone is young then they are nice.
Question: Q3: David is young.
Think step by step.","Reasoning: Fact: David is red or green. Rule 1 & 2: Colors (red, green) imply David is cold. Rule 3: Cold implies David is rough. Rule 4: Not young implies not rough (Contrapositive: Rough implies young). Rule 5: Young implies David is nice. Answer: True"
"Facts: David is red or green
Rules: If someone is red then they are cold. | If someone is green then they are cold. | If someone is cold then they are rough. | If someone is not young then they are not rough. | If someone is young then they are cold. | If someone is young then they are nice.
Question: Q4: David is nice.
Think step by step.","Reasoning: Fact: David is red or green. Rule 1 & 2: Colors (red, green) imply David is cold. Rule 3: Cold implies David is rough. Rule 4: Not young implies not rough (Contrapositive: Rough implies young). Rule 5: Young implies David is nice. Answer: True"
"Facts: David is red or green
Rules: If someone is red then they are cold. | If someone is green then they are cold. | If someone is not young then they are not rough. | If someone is young then they are cold. | If someone is young then they are nice.
Question: Q2: David is rough.
Think step by step.","Reasoning: Fact: David is red or green. Rules 1 & 2 confirm David is cold. However, the rule linking 'cold' to 'rough' is missing from the ruleset. Therefore, we cannot infer subsequent traits. Answer: False"
"Facts: David is red or green
Rules: If someone is red then they are cold. | If someone is green then they are cold. | If someone is not young then they are not rough. | If someone is young then they are cold. | If someone is young then they are nice.
Question: Q3: David is young.
Think step by step.","Reasoning: Fact: David is red or green. Rules 1 & 2 confirm David is cold. However, the rule linking 'cold' to 'rough' is missing from the ruleset. Therefore, we cannot infer subsequent traits. Answer: False"
"Facts: David is red or green
Rules: If someone is red then they are cold. | If someone is green then they are cold. | If someone is not young then they are not rough. | If someone is young then they are cold. | If someone is young then they are nice.
Question: Q4: David is nice.
Think step by step.","Reasoning: Fact: David is red or green. Rules 1 & 2 confirm David is cold. However, the rule linking 'cold' to 'rough' is missing from the ruleset. Therefore, we cannot infer subsequent traits. Answer: False"
"Facts: David is red or green. David is not cold.
Rules: If someone is red then they are cold. | If someone is green then they are cold. | If someone is cold then they are rough. | If someone is not young then they are not rough. | If someone is young then they are cold. | If someone is young then they are nice.
Question: Q1: David is cold.
Think step by step.","Reasoning: Fact: David is not cold. Rules 1 & 2 state that if David is red or green, then David must be cold. The fact and the rules are in direct contradiction. In such cases, the status is False/Unknown. Answer: False"
"Facts: David is red or green
Rules: If someone is red then they are cold. | If someone is green then they are cold. | If someone is cold then they are rough. | If someone is not young then they are not rough. | If someone is young then they are cold. | If someone is young then they are nice.
Question: Q1: David is not cold.
Think step by step.","Reasoning: Fact: David is red or green. Rule 1 & 2: Colors (red, green) imply David is cold. Rule 3: Cold implies David is rough. Rule 4: Not young implies not rough (Contrapositive: Rough implies young). Rule 5: Young implies David is nice. Answer: False"
"Facts: David is red or green
Rules: If someone is red then they are cold. | If someone is green then they are cold. | If someone is cold then they are rough. | If someone is not young then they are not rough. | If someone is young then they are cold. | If someone is young then they are nice.
Question: Q2: David is not rough.
Think step by step.","Reasoning: Fact: David is red or green. Rule 1 & 2: Colors (red, green) imply David is cold. Rule 3: Cold implies David is rough. Rule 4: Not young implies not rough (Contrapositive: Rough implies young). Rule 5: Young implies David is nice. Answer: False"
"Facts: David is red or green
Rules: If someone is red then they are cold. | If someone is green then they are cold. | If someone is cold then they are rough. | If someone is not young then they are not rough. | If someone is young then they are cold. | If someone is young then they are nice.
Question: Q3: David is short.
Think step by step.","Reasoning: Fact: David is red or green. Rule 1 & 2: Colors (red, green) imply David is cold. Rule 3: Cold implies David is rough. Rule 4: Not young implies not rough (Contrapositive: Rough implies young). Rule 5: Young implies David is nice. Answer: False"
"Facts: David is red or green
Rules: If someone is red then they are cold. | If someone is green then they are cold. | If someone is cold then they are rough. | If someone is not young then they are not rough. | If someone is young then they are cold. | If someone is young then they are nice.
Question: Q4: David is blue.
Think step by step.","Reasoning: Fact: David is red or green. Rule 1 & 2: Colors (red, green) imply David is cold. Rule 3: Cold implies David is rough. Rule 4: Not young implies not rough (Contrapositive: Rough implies young). Rule 5: Young implies David is nice. Answer: False"
"Facts: David is red or green
Rules: If someone is red then they are cold. | If someone is green then they are cold. | If someone is not young then they are not rough. | If someone is young then they are cold. | If someone is young then they are nice.
Question: Q2: David is not rough.
Think step by step.","Reasoning: Fact: David is red or green. Rules 1 & 2 confirm David is cold. However, the rule linking 'cold' to 'rough' is missing from the ruleset. Therefore, we cannot infer subsequent traits. Answer: False"
"Facts: David is red or green. David is not cold.
Rules: If someone is red then they are cold. | If someone is green then they are cold. | If someone is cold then they are rough. | If someone is not young then they are not rough. | If someone is young then they are cold. | If someone is young then they are nice.
Question: Q1: David is not cold.
Think step by step.","Reasoning: Fact: David is not cold. Rules 1 & 2 state that if David is red or green, then David must be cold. The fact and the rules are in direct contradiction. In such cases, the status is False/Unknown. Answer: False"
"Facts: Claire is yellow or green
Rules: If someone is yellow then they are cold. | If someone is green then they are cold. | If someone is cold then they are rough. | If someone is not young then they are not rough. | If someone is young then they are cold. | If someone is young then they are nice.
Question: Q1: Claire is cold.
Think step by step.","Reasoning: Fact: Claire is yellow or green. Rule 1 & 2: Colors (yellow, green) imply Claire is cold. Rule 3: Cold implies Claire is rough. Rule 4: Not young implies not rough (Contrapositive: Rough implies young). Rule 5: Young implies Claire is nice. Answer: True"
"Facts: Claire is yellow or green
Rules: If someone is yellow then they are cold. | If someone is green then they are cold. | If someone is cold then they are rough. | If someone is not young then they are not rough. | If someone is young then they are cold. | If someone is young then they are nice.
Question: Q2: Claire is rough.
Think step by step.","Reasoning: Fact: Claire is yellow or green. Rule 1 & 2: Colors (yellow, green) imply Claire is cold. Rule 3: Cold implies Claire is rough. Rule 4: Not young implies not rough (Contrapositive: Rough implies young). Rule 5: Young implies Claire is nice. Answer: True"
"Facts: Claire is yellow or green
Rules: If someone is yellow then they are cold. | If someone is green then they are cold. | If someone is cold then they are rough. | If someone is not young then they are not rough. | If someone is young then they are cold. | If someone is young then they are nice.
Question: Q3: Claire is young.
Think step by step.","Reasoning: Fact: Claire is yellow or green. Rule 1 & 2: Colors (yellow, green) imply Claire is cold. Rule 3: Cold implies Claire is rough. Rule 4: Not young implies not rough (Contrapositive: Rough implies young). Rule 5: Young implies Claire is nice. Answer: True"
"Facts: Claire is yellow or green
Rules: If someone is yellow then they are cold. | If someone is green then they are cold. | If someone is cold then they are rough. | If someone is not young then they are not rough. | If someone is young then they are cold. | If someone is young then they are nice.
Question: Q4: Claire is nice.
Think step by step.","Reasoning: Fact: Claire is yellow or green. Rule 1 & 2: Colors (yellow, green) imply Claire is cold. Rule 3: Cold implies Claire is rough. Rule 4: Not young implies not rough (Contrapositive: Rough implies young). Rule 5: Young implies Claire is nice. Answer: True"
"Facts: Claire is yellow or green
Rules: If someone is yellow then they are cold. | If someone is green then they are cold. | If someone is not young then they are not rough. | If someone is young then they are cold. | If someone is young then they are nice.
Question: Q2: Claire is rough.
Think step by step.","Reasoning: Fact: Claire is yellow or green. Rules 1 & 2 confirm Claire is cold. However, the rule linking 'cold' to 'rough' is missing from the ruleset. Therefore, we cannot infer subsequent traits. Answer: False"
"Facts: Claire is yellow or green
Rules: If someone is yellow then they are cold. | If someone is green then they are cold. | If someone is not young then they are not rough. | If someone is young then they are cold. | If someone is young then they are nice.
Question: Q3: Claire is young.
Think step by step.","Reasoning: Fact: Claire is yellow or green. Rules 1 & 2 confirm Claire is cold. However, the rule linking 'cold' to 'rough' is missing from the ruleset. Therefore, we cannot infer subsequent traits. Answer: False"
"Facts: Claire is yellow or green
Rules: If someone is yellow then they are cold. | If someone is green then they are cold. | If someone is not young then they are not rough. | If someone is young then they are cold. | If someone is young then they are nice.
Question: Q4: Claire is nice.
Think step by step.","Reasoning: Fact: Claire is yellow or green. Rules 1 & 2 confirm Claire is cold. However, the rule linking 'cold' to 'rough' is missing from the ruleset. Therefore, we cannot infer subsequent traits. Answer: False"
"Facts: Claire is yellow or green. Claire is not cold.
Rules: If someone is yellow then they are cold. | If someone is green then they are cold. | If someone is cold then they are rough. | If someone is not young then they are not rough. | If someone is young then they are cold. | If someone is young then they are nice.
Question: Q1: Claire is cold.
Think step by step.","Reasoning: Fact: Claire is not cold. Rules 1 & 2 state that if Claire is yellow or green, then Claire must be cold. The fact and the rules are in direct contradiction. In such cases, the status is False/Unknown. Answer: False"
"Facts: Claire is yellow or green
Rules: If someone is yellow then they are cold. | If someone is green then they are cold. | If someone is cold then they are rough. | If someone is not young then they are not rough. | If someone is young then they are cold. | If someone is young then they are nice.
Question: Q1: Claire is not cold.
Think step by step.","Reasoning: Fact: Claire is yellow or green. Rule 1 & 2: Colors (yellow, green) imply Claire is cold. Rule 3: Cold implies Claire is rough. Rule 4: Not young implies not rough (Contrapositive: Rough implies young). Rule 5: Young implies Claire is nice. Answer: False"
"Facts: Claire is yellow or green
Rules: If someone is yellow then they are cold. | If someone is green then they are cold. | If someone is cold then they are rough. | If someone is not young then they are not rough. | If someone is young then they are cold. | If someone is young then they are nice.
Question: Q2: Claire is not rough.
Think step by step.","Reasoning: Fact: Claire is yellow or green. Rule 1 & 2: Colors (yellow, green) imply Claire is cold. Rule 3: Cold implies Claire is rough. Rule 4: Not young implies not rough (Contrapositive: Rough implies young). Rule 5: Young implies Claire is nice. Answer: False"
"Facts: Claire is yellow or green
Rules: If someone is yellow then they are cold. | If someone is green then they are cold. | If someone is cold then they are rough. | If someone is not young then they are not rough. | If someone is young then they are cold. | If someone is young then they are nice.
Question: Q3: Claire is short.
Think step by step.","Reasoning: Fact: Claire is yellow or green. Rule 1 & 2: Colors (yellow, green) imply Claire is cold. Rule 3: Cold implies Claire is rough. Rule 4: Not young implies not rough (Contrapositive: Rough implies young). Rule 5: Young implies Claire is nice. Answer: False"
"Facts: Claire is yellow or green
Rules: If someone is yellow then they are cold. | If someone is green then they are cold. | If someone is cold then they are rough. | If someone is not young then they are not rough. | If someone is young then they are cold. | If someone is young then they are nice.
Question: Q4: Claire is blue.
Think step by step.","Reasoning: Fact: Claire is yellow or green. Rule 1 & 2: Colors (yellow, green) imply Claire is cold. Rule 3: Cold implies Claire is rough. Rule 4: Not young implies not rough (Contrapositive: Rough implies young). Rule 5: Young implies Claire is nice. Answer: False"
"Facts: Claire is yellow or green
Rules: If someone is yellow then they are cold. | If someone is green then they are cold. | If someone is not young then they are not rough. | If someone is young then they are cold. | If someone is young then they are nice.
Question: Q2: Claire is not rough.
Think step by step.","Reasoning: Fact: Claire is yellow or green. Rules 1 & 2 confirm Claire is cold. However, the rule linking 'cold' to 'rough' is missing from the ruleset. Therefore, we cannot infer subsequent traits. Answer: False"
"Facts: Claire is yellow or green. Claire is not cold.
Rules: If someone is yellow then they are cold. | If someone is green then they are cold. | If someone is cold then they are rough. | If someone is not young then they are not rough. | If someone is young then they are cold. | If someone is young then they are nice.
Question: Q1: Claire is not cold.
Think step by step.","Reasoning: Fact: Claire is not cold. Rules 1 & 2 state that if Claire is yellow or green, then Claire must be cold. The fact and the rules are in direct contradiction. In such cases, the status is False/Unknown. Answer: False"
"Facts: Emma is yellow or red
Rules: If someone is yellow then they are cold. | If someone is red then they are cold. | If someone is cold then they are rough. | If someone is not young then they are not rough. | If someone is young then they are cold. | If someone is young then they are nice.
Question: Q1: Emma is cold.
Think step by step.","Reasoning: Fact: Emma is yellow or red. Rule 1 & 2: Colors (yellow, red) imply Emma is cold. Rule 3: Cold implies Emma is rough. Rule 4: Not young implies not rough (Contrapositive: Rough implies young). Rule 5: Young implies Emma is nice. Answer: True"
"Facts: Emma is yellow or red
Rules: If someone is yellow then they are cold. | If someone is red then they are cold. | If someone is cold then they are rough. | If someone is not young then they are not rough. | If someone is young then they are cold. | If someone is young then they are nice.
Question: Q2: Emma is rough.
Think step by step.","Reasoning: Fact: Emma is yellow or red. Rule 1 & 2: Colors (yellow, red) imply Emma is cold. Rule 3: Cold implies Emma is rough. Rule 4: Not young implies not rough (Contrapositive: Rough implies young). Rule 5: Young implies Emma is nice. Answer: True"
"Facts: Emma is yellow or red
Rules: If someone is yellow then they are cold. | If someone is red then they are cold. | If someone is cold then they are rough. | If someone is not young then they are not rough. | If someone is young then they are cold. | If someone is young then they are nice.
Question: Q3: Emma is young.
Think step by step.","Reasoning: Fact: Emma is yellow or red. Rule 1 & 2: Colors (yellow, red) imply Emma is cold. Rule 3: Cold implies Emma is rough. Rule 4: Not young implies not rough (Contrapositive: Rough implies young). Rule 5: Young implies Emma is nice. Answer: True"
"Facts: Emma is yellow or red
Rules: If someone is yellow then they are cold. | If someone is red then they are cold. | If someone is cold then they are rough. | If someone is not young then they are not rough. | If someone is young then they are cold. | If someone is young then they are nice.
Question: Q4: Emma is nice.
Think step by step.","Reasoning: Fact: Emma is yellow or red. Rule 1 & 2: Colors (yellow, red) imply Emma is cold. Rule 3: Cold implies Emma is rough. Rule 4: Not young implies not rough (Contrapositive: Rough implies young). Rule 5: Young implies Emma is nice. Answer: True"
"Facts: Emma is yellow or red
Rules: If someone is yellow then they are cold. | If someone is red then they are cold. | If someone is not young then they are not rough. | If someone is young then they are cold. | If someone is young then they are nice.
Question: Q2: Emma is rough.
Think step by step.","Reasoning: Fact: Emma is yellow or red. Rules 1 & 2 confirm Emma is cold. However, the rule linking 'cold' to 'rough' is missing from the ruleset. Therefore, we cannot infer subsequent traits. Answer: False"
"Facts: Emma is yellow or red
Rules: If someone is yellow then they are cold. | If someone is red then they are cold. | If someone is not young then they are not rough. | If someone is young then they are cold. | If someone is young then they are nice.
Question: Q3: Emma is young.
Think step by step.","Reasoning: Fact: Emma is yellow or red. Rules 1 & 2 confirm Emma is cold. However, the rule linking 'cold' to 'rough' is missing from the ruleset. Therefore, we cannot infer subsequent traits. Answer: False"
"Facts: Emma is yellow or red
Rules: If someone is yellow then they are cold. | If someone is red then they are cold. | If someone is not young then they are not rough. | If someone is young then they are cold. | If someone is young then they are nice.
Question: Q4: Emma is nice.
Think step by step.","Reasoning: Fact: Emma is yellow or red. Rules 1 & 2 confirm Emma is cold. However, the rule linking 'cold' to 'rough' is missing from the ruleset. Therefore, we cannot infer subsequent traits. Answer: False"
"Facts: Emma is yellow or red. Emma is not cold.
Rules: If someone is yellow then they are cold. | If someone is red then they are cold. | If someone is cold then they are rough. | If someone is not young then they are not rough. | If someone is young then they are cold. | If someone is young then they are nice.
Question: Q1: Emma is cold.
Think step by step.","Reasoning: Fact: Emma is not cold. Rules 1 & 2 state that if Emma is yellow or red, then Emma must be cold. The fact and the rules are in direct contradiction. In such cases, the status is False/Unknown. Answer: False"
"Facts: Emma is yellow or red
Rules: If someone is yellow then they are cold. | If someone is red then they are cold. | If someone is cold then they are rough. | If someone is not young then they are not rough. | If someone is young then they are cold. | If someone is young then they are nice.
Question: Q1: Emma is not cold.
Think step by step.","Reasoning: Fact: Emma is yellow or red. Rule 1 & 2: Colors (yellow, red) imply Emma is cold. Rule 3: Cold implies Emma is rough. Rule 4: Not young implies not rough (Contrapositive: Rough implies young). Rule 5: Young implies Emma is nice. Answer: False"
"Facts: Emma is yellow or red
Rules: If someone is yellow then they are cold. | If someone is red then they are cold. | If someone is cold then they are rough. | If someone is not young then they are not rough. | If someone is young then they are cold. | If someone is young then they are nice.
Question: Q2: Emma is not rough.
Think step by step.","Reasoning: Fact: Emma is yellow or red. Rule 1 & 2: Colors (yellow, red) imply Emma is cold. Rule 3: Cold implies Emma is rough. Rule 4: Not young implies not rough (Contrapositive: Rough implies young). Rule 5: Young implies Emma is nice. Answer: False"
"Facts: Emma is yellow or red
Rules: If someone is yellow then they are cold. | If someone is red then they are cold. | If someone is cold then they are rough. | If someone is not young then they are not rough. | If someone is young then they are cold. | If someone is young then they are nice.
Question: Q3: Emma is happy.
Think step by step.","Reasoning: Fact: Emma is yellow or red. Rule 1 & 2: Colors (yellow, red) imply Emma is cold. Rule 3: Cold implies Emma is rough. Rule 4: Not young implies not rough (Contrapositive: Rough implies young). Rule 5: Young implies Emma is nice. Answer: False"
"Facts: Emma is yellow or red
Rules: If someone is yellow then they are cold. | If someone is red then they are cold. | If someone is cold then they are rough. | If someone is not young then they are not rough. | If someone is young then they are cold. | If someone is young then they are nice.
Question: Q4: Emma is blue.
Think step by step.","Reasoning: Fact: Emma is yellow or red. Rule 1 & 2: Colors (yellow, red) imply Emma is cold. Rule 3: Cold implies Emma is rough. Rule 4: Not young implies not rough (Contrapositive: Rough implies young). Rule 5: Young implies Emma is nice. Answer: False"
"Facts: Emma is yellow or red
Rules: If someone is yellow then they are cold. | If someone is red then they are cold. | If someone is not young then they are not rough. | If someone is young then they are cold. | If someone is young then they are nice.
Question: Q2: Emma is not rough.
Think step by step.","Reasoning: Fact: Emma is yellow or red. Rules 1 & 2 confirm Emma is cold. However, the rule linking 'cold' to 'rough' is missing from the ruleset. Therefore, we cannot infer subsequent traits. Answer: False"
"Facts: Emma is yellow or red. Emma is not cold.
Rules: If someone is yellow then they are cold. | If someone is red then they are cold. | If someone is cold then they are rough. | If someone is not young then they are not rough. | If someone is young then they are cold. | If someone is young then they are nice.
Question: Q1: Emma is not cold.
Think step by step.","Reasoning: Fact: Emma is not cold. Rules 1 & 2 state that if Emma is yellow or red, then Emma must be cold. The fact and the rules are in direct contradiction. In such cases, the status is False/Unknown. Answer: False"
"Facts: Claire is green or yellow
Rules: If someone is green then they are cold. | If someone is yellow then they are cold. | If someone is cold then they are rough. | If someone is not young then they are not rough. | If someone is young then they are cold. | If someone is young then they are nice.
Question: Q1: Claire is cold.
Think step by step.","Reasoning: Fact: Claire is green or yellow. Rule 1 & 2: Colors (green, yellow) imply Claire is cold. Rule 3: Cold implies Claire is rough. Rule 4: Not young implies not rough (Contrapositive: Rough implies young). Rule 5: Young implies Claire is nice. Answer: True"
"Facts: Claire is green or yellow
Rules: If someone is green then they are cold. | If someone is yellow then they are cold. | If someone is cold then they are rough. | If someone is not young then they are not rough. | If someone is young then they are cold. | If someone is young then they are nice.
Question: Q2: Claire is rough.
Think step by step.","Reasoning: Fact: Claire is green or yellow. Rule 1 & 2: Colors (green, yellow) imply Claire is cold. Rule 3: Cold implies Claire is rough. Rule 4: Not young implies not rough (Contrapositive: Rough implies young). Rule 5: Young implies Claire is nice. Answer: True"
"Facts: Claire is green or yellow
Rules: If someone is green then they are cold. | If someone is yellow then they are cold. | If someone is cold then they are rough. | If someone is not young then they are not rough. | If someone is young then they are cold. | If someone is young then they are nice.
Question: Q3: Claire is young.
Think step by step.","Reasoning: Fact: Claire is green or yellow. Rule 1 & 2: Colors (green, yellow) imply Claire is cold. Rule 3: Cold implies Claire is rough. Rule 4: Not young implies not rough (Contrapositive: Rough implies young). Rule 5: Young implies Claire is nice. Answer: True"
"Facts: Claire is green or yellow
Rules: If someone is green then they are cold. | If someone is yellow then they are cold. | If someone is cold then they are rough. | If someone is not young then they are not rough. | If someone is young then they are cold. | If someone is young then they are nice.
Question: Q4: Claire is nice.
Think step by step.","Reasoning: Fact: Claire is green or yellow. Rule 1 & 2: Colors (green, yellow) imply Claire is cold. Rule 3: Cold implies Claire is rough. Rule 4: Not young implies not rough (Contrapositive: Rough implies young). Rule 5: Young implies Claire is nice. Answer: True"
"Facts: Claire is green or yellow
Rules: If someone is green then they are cold. | If someone is yellow then they are cold. | If someone is not young then they are not rough. | If someone is young then they are cold. | If someone is young then they are nice.
Question: Q2: Claire is rough.
Think step by step.","Reasoning: Fact: Claire is green or yellow. Rules 1 & 2 confirm Claire is cold. However, the rule linking 'cold' to 'rough' is missing from the ruleset. Therefore, we cannot infer subsequent traits. Answer: False"
"Facts: Claire is green or yellow
Rules: If someone is green then they are cold. | If someone is yellow then they are cold. | If someone is not young then they are not rough. | If someone is young then they are cold. | If someone is young then they are nice.
Question: Q3: Claire is young.
Think step by step.","Reasoning: Fact: Claire is green or yellow. Rules 1 & 2 confirm Claire is cold. However, the rule linking 'cold' to 'rough' is missing from the ruleset. Therefore, we cannot infer subsequent traits. Answer: False"
"Facts: Claire is green or yellow
Rules: If someone is green then they are cold. | If someone is yellow then they are cold. | If someone is not young then they are not rough. | If someone is young then they are cold. | If someone is young then they are nice.
Question: Q4: Claire is nice.
Think step by step.","Reasoning: Fact: Claire is green or yellow. Rules 1 & 2 confirm Claire is cold. However, the rule linking 'cold' to 'rough' is missing from the ruleset. Therefore, we cannot infer subsequent traits. Answer: False"
"Facts: Claire is green or yellow. Claire is not cold.
Rules: If someone is green then they are cold. | If someone is yellow then they are cold. | If someone is cold then they are rough. | If someone is not young then they are not rough. | If someone is young then they are cold. | If someone is young then they are nice.
Question: Q1: Claire is cold.
Think step by step.","Reasoning: Fact: Claire is not cold. Rules 1 & 2 state that if Claire is green or yellow, then Claire must be cold. The fact and the rules are in direct contradiction. In such cases, the status is False/Unknown. Answer: False"
"Facts: Claire is green or yellow
Rules: If someone is green then they are cold. | If someone is yellow then they are cold. | If someone is cold then they are rough. | If someone is not young then they are not rough. | If someone is young then they are cold. | If someone is young then they are nice.
Question: Q1: Claire is not cold.
Think step by step.","Reasoning: Fact: Claire is green or yellow. Rule 1 & 2: Colors (green, yellow) imply Claire is cold. Rule 3: Cold implies Claire is rough. Rule 4: Not young implies not rough (Contrapositive: Rough implies young). Rule 5: Young implies Claire is nice. Answer: False"
"Facts: Claire is green or yellow
Rules: If someone is green then they are cold. | If someone is yellow then they are cold. | If someone is cold then they are rough. | If someone is not young then they are not rough. | If someone is young then they are cold. | If someone is young then they are nice.
Question: Q2: Claire is not rough.
Think step by step.","Reasoning: Fact: Claire is green or yellow. Rule 1 & 2: Colors (green, yellow) imply Claire is cold. Rule 3: Cold implies Claire is rough. Rule 4: Not young implies not rough (Contrapositive: Rough implies young). Rule 5: Young implies Claire is nice. Answer: False"
"Facts: Claire is green or yellow
Rules: If someone is green then they are cold. | If someone is yellow then they are cold. | If someone is cold then they are rough. | If someone is not young then they are not rough. | If someone is young then they are cold. | If someone is young then they are nice.
Question: Q3: Claire is mean.
Think step by step.","Reasoning: Fact: Claire is green or yellow. Rule 1 & 2: Colors (green, yellow) imply Claire is cold. Rule 3: Cold implies Claire is rough. Rule 4: Not young implies not rough (Contrapositive: Rough implies young). Rule 5: Young implies Claire is nice. Answer: False"
"Facts: Claire is green or yellow
Rules: If someone is green then they are cold. | If someone is yellow then they are cold. | If someone is cold then they are rough. | If someone is not young then they are not rough. | If someone is young then they are cold. | If someone is young then they are nice.
Question: Q4: Claire is red.
Think step by step.","Reasoning: Fact: Claire is green or yellow. Rule 1 & 2: Colors (green, yellow) imply Claire is cold. Rule 3: Cold implies Claire is rough. Rule 4: Not young implies not rough (Contrapositive: Rough implies young). Rule 5: Young implies Claire is nice. Answer: False"
"Facts: Claire is green or yellow
Rules: If someone is green then they are cold. | If someone is yellow then they are cold. | If someone is not young then they are not rough. | If someone is young then they are cold. | If someone is young then they are nice.
Question: Q2: Claire is not rough.
Think step by step.","Reasoning: Fact: Claire is green or yellow. Rules 1 & 2 confirm Claire is cold. However, the rule linking 'cold' to 'rough' is missing from the ruleset. Therefore, we cannot infer subsequent traits. Answer: False"
"Facts: Claire is green or yellow. Claire is not cold.
Rules: If someone is green then they are cold. | If someone is yellow then they are cold. | If someone is cold then they are rough. | If someone is not young then they are not rough. | If someone is young then they are cold. | If someone is young then they are nice.
Question: Q1: Claire is not cold.
Think step by step.","Reasoning: Fact: Claire is not cold. Rules 1 & 2 state that if Claire is green or yellow, then Claire must be cold. The fact and the rules are in direct contradiction. In such cases, the status is False/Unknown. Answer: False"
