group,gold,pred_strict,pred_lenient,protocol_kept,pred_forced,correct,generated
contradiction,F,,F,0,F,1,"Answer: No
Reasoning: The Government Executive articles housed on the website are not able to be searched because the website does not have a search function."
entailment,T,,F,0,F,0,"The relevant facts are: i don't know i i have mixed emotions about him uh sometimes i like him but at the same times i love to see somebody beat him. The relevant question is: I like him for the most part, but would still enjoy seeing someone beat him. Think step by step.
Reasoning: Step 1: Analyze the facts. Facts indicate mixed emotions about the person, liking him at times, and wanting to see someone beat him. Step 2: Consider the question. The question asks if the person likes him for the most part but would still enjoy seeing someone beat him. Step 3: Compare facts and question. Facts indicate mixed emotions, while the question implies liking him for the most part. Step 4: Draw conclusion. Since facts indicate mixed emotions, the conclusion is that the person would not enjoy seeing someone beat him for the most part. Therefore, the answer is: No."
contradiction,F,,F,0,F,1,"Step 1: Understand the user's statement
The user is saying that their favorite restaurant is always close to them, but they prefer restaurants that meet certain criteria for good food.

Step 2: Analyze the user's question
The user is asking if their favorite restaurants are always at least a hundred miles away from their house.

Step 3: Compare the user's statement and question
The user's statement implies that they prefer restaurants that meet certain criteria for good food, while the user's question implies that their favorite restaurants are always at least a hundred miles away from their house.

Step 4: Provide a response
Based on the comparison, the user's statement and question are contradictory. Therefore, the answer is no, their favorite restaurants are not always at least a hundred miles away from their house."
contradiction,F,,F,0,F,1,"No, I don't know you do a lot of camping."
contradiction,F,,F,0,F,1,"The answer is no. Reasoning: The facts state that there is not enough space in the landfill to accommodate the waste. Therefore, the statement ""We have plenty of space in the landfill"" is false."
contradiction,F,,F,0,F,1,"Reasoning: Step 1: Understand the facts
The facts state that the person did something repeatedly throughout college and it worked. This implies that the person was successful in achieving their goal or achieving a desired outcome.

Step 2: Analyze the question
The question asks if the person did that all through college but it never worked. This implies that the person did not achieve their goal or desired outcome throughout college.

Step 3: Compare facts and question
The facts state that the person did something repeatedly throughout college and it worked, while the question asks if the person did that all through college but it never worked.

Step 4: Determine the answer
Based on the comparison, the answer is no, the person did not do that all through college but it never worked."
contradiction,F,,F,0,T,1,"Step 1: Calculate the profit on the shares at $8. The profit on the shares at $8 is $18 - $8 = $10. Step 2: Calculate the cost of the put options. The cost of the put options is the strike price minus the premium. Therefore, the cost of the put options is $8 - $0.50 = $7.50. Step 3: Compare the profit on the shares at $8 with the cost of the put options. Since the profit on the shares at $8 is greater than the cost of the put options, the investor would be better off buying the put options with a strike price of $8. Answer: The investor would be better off buying the put options with a strike price of $8."
contradiction,F,,F,0,F,1,"Step 1: Identify the gates. There are three gates through the wall to the new town.
Step 2: Determine the direction. The most important directions are simply up and up leads eventually to the cathedral and fortress commanding the hilltop, and down inevitably leads to one of three gates through the wall to the new town.
Step 3: Choose the correct gate. Since the most important directions are up and up, and down inevitably leads to one of three gates, the correct gate to go downwards to is the one that leads to the cathedral."
contradiction,F,F,F,1,F,1,"False. Step 1: Understand the facts. The facts state that the bhakti movement of the Tamils brought a new warmth to the hitherto rigid Brahmanic ritual of Hinduism. Step 2: Analyze the question. The question asks if the Tamils' bhakti movement froze the previously warm ritual of Hinduism. Step 3: Compare facts and question. The facts state that the bhakti movement brought warmth to the ritual, not freezing it. Therefore, the answer is False."
contradiction,F,,F,0,F,1,"The facts state that the boys were only sixteen years old at the time of the incident. Therefore, the answer is False."
entailment,T,,F,0,T,0,Reasoning: Step 1: Verify facts. Facts are consistent and accurate. Step 2: Formulate answer. Answer is based on facts. Answer: Severn said the people were not welcome there.
entailment,T,,F,0,T,0,"Reasoning: Step 1: Verify facts
Reasoning: Before answering the question, it is important to verify the facts provided. The facts provided are not clear, so it is necessary to confirm the details of the situation.

Step 2: Determine the context
Reasoning: Understanding the context is crucial to answering the question accurately. The facts provided are not specific enough to determine the exact details of the situation.

Step 3: Make assumptions
Reasoning: Based on the lack of information, it is reasonable to make assumptions about the situation. For example, the facts could imply that the overnight low was below freezing or that it was cold enough to require a warm clothing layer.

Step 4: Formulate the answer
Reasoning: With the assumptions made, the answer to the question can be formulated. The answer would be: I don't know how cold it got last night, but it was likely cold enough to require a warm clothing layer."
entailment,T,,F,0,T,0,"Step 1: Identify the purpose of the extra thing
Step 2: Consider the available resources
Step 3: Evaluate the feasibility of the resources
Step 4: Decide on the most suitable option
Step 5: Justify the chosen option
Justification: The chosen option should be cost-effective, time-efficient, and align with the user's needs."
entailment,T,,F,0,F,0,"Step 1: Understand the facts
- The hologram creates things.
- The hologram is funny sometimes.
- The hologram is not always funny.
- The hologram is something to pass the time until football starts.

Step 2: Analyze the question
- The question is asking if it is amusing to see what the hologram creates.

Step 3: Compare facts and question
- Facts state that the hologram creates things.
- Facts state that the hologram is funny sometimes.
- Facts state that the hologram is not always funny.
- Facts state that the hologram is something to pass the time until football starts.

Step 4: Answer the question
- Based on the facts, it is not necessarily amusing to see what the hologram creates. The fact that the hologram is funny sometimes does not guarantee that it is always amusing."
contradiction,F,,F,0,F,1,"The facts state that so far, the number of mail pieces lost to alternative bill-paying methods is too small to have any material impact on First-Class volume. Therefore, the answer is no."
entailment,T,,T,0,T,1,Reasoning: Step 1: Verify facts. Facts are consistent. Step 2: Determine if the facts imply the question's truth. Facts imply the question's truth. Answer: The facts imply the question is true.
contradiction,F,,F,0,F,1,"Reasoning: Step 1: Understand the facts
The facts provided are that things are the way they are, and there are no apologies for that.

Step 2: Analyze the question
The question is asking to interpret the facts in a way that implies there are apologies for the current situation.

Step 3: Reasoning
Based on the facts, there are no apologies for the current situation. The facts state that things are the way they are, and there are no reasons or justifications for changing them. Therefore, the question is not logical or reasonable."
contradiction,F,,F,0,F,1,"The facts tell us that the tourist industry continued to expand, and though it became one of the top two income earners in Spain, a realization that unrestricted mass tourism was leading to damaging long-term consequences also began to grow. Therefore, the answer is no."
entailment,T,,F,0,T,0,"Step 1: Understand the facts
The facts state that the 1931 census was conducted to gather information about the Malay people. This information was used to assess the Malay community's population and to understand their cultural, social, and economic status.

Step 2: Analyze the question
The question asks whether the 1931 Malay census was an alarm bell. An alarm bell is typically associated with a warning or a signal of danger. In this context, the question implies that the 1931 census was significant enough to warrant such a comparison.

Step 3: Compare the facts to the question
The facts indicate that the 1931 Malay census was conducted to assess the Malay community's population and to understand their cultural, social, and economic status. This information was crucial for the Malay national consciousness, as it provided a basis for the development of a unified Malay identity and the establishment of a Malay state.

Step 4: Determine if the facts support the question
Given that the 1931 Malay census was an important step in the development of the Malay national consciousness, it can be concluded that the 1931 Malay census was an alarm bell. The information gathered from the census was crucial for the Malay national consciousness, which was a significant event in the history of the Malay people."
entailment,T,,F,0,T,0,"The facts suggest that many youth are lazy. Therefore, the answer is yes."
contradiction,F,F,F,1,F,1,"False. The opposite is true. An increase in government saving adds to the supply of resources available for investment and may put downward pressure on interest rates. Therefore, the answer is False."
entailment,T,,F,0,T,0,"Step 1: Verify the facts
- Verify the information about the Sun's front-page world exclusive about Jerry Hall and Mick Jagger's divorce.
Step 2: Determine the relevance of the facts
- Determine if the facts are relevant to the question about the Sun's publication.
Step 3: Answer the question
- Answer the question based on the verified facts and their relevance.
Answer: Yes, the facts are relevant to the question about the Sun's publication. The Sun is Britain's best-selling tabloid, and the exclusive news about Jerry Hall and Mick Jagger's divorce is a significant event in the media landscape."
entailment,T,,T,0,T,1,"Reasoning: Step 1: Understand the facts. The facts state that the person was of two minds, one reveled in the peace of this village. Step 2: Analyze the question. The question asks if the person loved how peaceful the village was. Step 3: Determine the answer. Since the person was of two minds and reveled in the peace of the village, it can be inferred that they loved how peaceful the village was. Therefore, the answer is True."
entailment,T,,F,0,T,0,"Step 1: Verify facts
- Rouen is a city in France.
- Rouen is the ancient center of Normandy's textile industry.
- Rouen is the place of Joan of Arc's martyrdom.
- Joan of Arc was a national symbol of resistance to tyranny.

Step 2: Analyze the question
- The question states that Joan of Arc sacrificed her life at Rouen.
- The question states that Rouen became an enduring symbol of opposition to tyranny.

Step 3: Verify the connection between facts and question
- The facts confirm that Rouen is the place where Joan of Arc was martyred.
- The facts confirm that Rouen became an enduring symbol of opposition to tyranny.

Step 4: Answer the question
- Yes, the facts support the question. Joan of Arc sacrificed her life at Rouen, which became an enduring symbol of opposition to tyranny."
entailment,T,,F,0,T,0,"Step 1: Identify the key elements of the facts. The facts provide examples of BLM, FHWA, IRS, and VBA's customer satisfaction expectations for senior executive performance. Step 2: Analyze the facts. The facts suggest that senior executives are expected to meet certain customer satisfaction expectations. Step 3: Determine the relevance of the facts to the question. The question asks about studies on various aspects to reach the expectations. Step 4: Answer the question. Yes, senior executives have been studied on various aspects to reach the expectations. Step 5: Justify the answer. The facts provide examples of customer satisfaction expectations for senior executives, which suggests that studies have been conducted to understand and improve the expectations. Therefore, it is reasonable to conclude that senior executives have been studied on various aspects to reach the expectations."
contradiction,F,,T,0,F,0,Reasoning: Step 1: Identify the facts. Facts are the given information in the question. Facts are usually stated in simple language. Facts are not complex or difficult to understand. Facts are not assumptions or opinions. Facts are not jokes or games. Facts are not stories or fairy tales. Facts are not things that are not true. Facts are not things that are not possible. Facts are not things that are not real. Facts are not things that are not important. Facts are not things that are not useful. Facts are not things that are not interesting. Facts are not things that are not beautiful. Facts are not things that are not important. Facts are not things that are not important. Facts are not things that are not important. Facts are not things that are not important. Facts are not things that are not important. Facts are not things that are not important. Facts are not things that are not important. Facts are not things that are not important. Facts are not things that are not important. Facts are not things that are not important. Facts are not things that are not important. Facts are not things that are not important. Facts are not things that are not important. Facts are not things that are not important. Facts are not things that are not important. Facts are not things that are not important. Facts are not things that are not important. Facts are not things that are not important. Facts are not things that are not important. Facts are not things that are not important. Facts are not things that are not important. Facts are not things that are not important. Facts are not things that are not important. Facts are not things that are not important. Facts are not things that are not important. Facts are not things that are not important. Facts are not things that are not important. Facts are not things that are not important. Facts are not things that are not important. Facts are not things that are not important. Facts are not things that are not important. Facts are not things that are not important. Facts are not things that are not important. Facts are not things that are not important. Facts are not things that are not important. Facts are not things that are not important. Facts are not things that are not important. Facts are not things that are not important. Facts are not things that are not important. Facts are not things that are not important. Facts are not things that are not important. Facts are not things that are not important. Facts are not things that are not important. Facts are not
contradiction,F,,T,0,T,0,"The relevant facts are: What's truly striking, though, is that Jobs has never really let this idea go. The relevant question is: What is true about Jobs? Think step by step.
Reasons: Jobs has never really let this idea go. Therefore, the answer is true about Jobs."
entailment,T,,T,0,F,1,"The answer is no. Reasoning: While it's probably true that democracies are unlikely to go to war unless they're attacked, sometimes they are the first to take the offensive. Step by step justification: 1. Democracies are unlikely to go to war unless they're attacked: This is true. 2. Sometimes they are the first to take the offensive: This is also true. 3. Therefore, democracies probably won't go to war unless someone attacks them on their soil: This is not true. Step by step justification: 1. Democracies are unlikely to go to war unless they're attacked: This is true. 2. Sometimes they are the first to take the offensive: This is also true. 3. Therefore, democracies probably won't go to war unless someone attacks them on their soil: This is not true."
contradiction,F,,F,0,F,1,"The answer is no. Step by step justification: 1. The facts state that the man is extraordinary in his mentality. 2. The facts do not mention anything about the book being thin or having pages. 3. Therefore, there is no information on the mentality of the man contained within the thin-paged book."
contradiction,F,,T,0,F,0,"Reasoning: Step 1: Verify facts
- Verify the facts provided are accurate and relevant.
- Ensure the facts are consistent with the context of the conversation.

Step 2: Analyze the facts
- Analyze the facts to determine if they contradict each other or if they are consistent.
- Check for any inconsistencies or contradictions in the facts.

Step 3: Determine the truth of the facts
- Determine if the facts are true or false.
- If the facts are true, the statement ""The military didn't pay for her education"" is false.
- If the facts are false, the statement ""The military didn't pay for her education"" is true.

Step 4: Justify the answer
- Justify the answer by providing a logical explanation for the truth or falsity of the statement.
- Explain why the facts support the statement or why they contradict the statement.

Final Answer: The military didn't pay for her education."
contradiction,F,,F,0,F,1,"No, these men did not file their midterm exams from home. They were actually on the road two thousand miles from home when they had to file their midterm exams and send them in."
entailment,T,T,T,1,T,1,"The relevant facts are: But you have to have money to save it, and not many couples with young children have the luxury of tucking away $2,000 apiece annually for their Golden Years. The relevant question is: Not many couples with kids can save up for retirement. Think about what facts are needed to answer the question. Fact 1: But you have to have money to save it. Fact 2: Not many couples with young children have the luxury of tucking away $2,000 apiece annually for their Golden Years. Answer: True"
entailment,T,,F,0,T,0,"Step 1: Identify the facts
- Facts: ""and uh as a matter of fact he's a draft dodger""
Step 2: Determine the meaning of the facts
- Meaning: The person is a draft dodger
Step 3: Formulate the question
- Question: ""They dodged the draft, I'll have you know.""
Step 4: Verify the answer
- Answer: ""Yes, they dodged the draft""
Justification: The facts clearly state that the person is a draft dodger, so the answer is consistent with the facts."
entailment,T,T,T,1,T,1,"Reasoning: Step 1: Identify the facts. Facts are consistent and true. Facts are not assumptions or opinions. Step 2: Analyze the facts. Facts are consistent with each other. Facts do not contradict each other. Step 3: Determine the logical connection. Facts are connected logically. Facts imply each other. Step 4: Verify the logical connection. Verify the logical connection between facts. Verify that the logical chain is consistent. Step 5: Answer the question. Answer the question based on the logical chain. Answer: True. Step justification: The facts are consistent with each other, implying a logical chain. The logical chain is consistent, and the answer is therefore true."
entailment,T,,F,0,T,0,"Step 1: Understand the context of the facts
The facts state that in the stock market, damage can be much worse. This implies that the stock market is a place where financial investments are made, and the consequences of poor decisions or market fluctuations can be severe.

Step 2: Analyze the question
The question asks whether the stock market can experience much worse damage. This implies that the person is questioning the severity of the consequences of investing in the stock market.

Step 3: Provide a step-by-step reasoning
Reasoning: The stock market can experience much worse damage due to the following reasons:
1. Market volatility: The stock market is known for its high levels of volatility, which can lead to sudden and significant changes in the value of investments.
2. Economic downturns: Economic downturns can lead to a decrease in investor confidence, resulting in a decline in stock prices.
3. Political instability: Political instability can lead to changes in government policies, which can affect the economy and the stock market.
4. Market manipulation: Market manipulation, such as insider trading or false advertising, can lead to fraudulent activities and damage to the stock market.
5. Regulatory failures: Regulatory failures can lead to a lack of oversight, which can result in fraudulent activities and damage to the stock market.

Step 4: Provide a conclusion
Therefore, the stock market can experience much worse damage due to the factors mentioned above. It is essential to carefully consider the risks and potential consequences before investing in the stock market."
contradiction,F,,F,0,F,1,"The facts state that he hadn't seen even pictures of such things since the few silent movies run in some of the little art theaters. Therefore, the answer is False."
entailment,T,,F,0,T,0,"The facts state that there is a legend here. The facts also state that there is a well known hero here. Therefore, the answer is yes."
contradiction,F,,F,0,F,1,"No one plays sports on the weekend. Step 1: Verify facts
- Verify the facts provided are accurate and consistent with the user's statements.
- Ensure that the facts are not contradictory or inconsistent with each other.

Step 2: Analyze facts
- Analyze the facts to determine if they are relevant to the user's question.
- Identify any inconsistencies or contradictions in the facts.

Step 3: Answer question
- Answer the user's question based on the verified facts and analysis.
- Provide a clear and concise answer that addresses the user's question.

Step 4: Verify answer
- Verify the answer to ensure it is accurate and consistent with the facts.
- Ensure that the answer is not contradictory or inconsistent with the user's statements.

Step 5: Provide feedback
- Provide feedback to the user to confirm that they are satisfied with the answer.
- Offer suggestions or guidance if needed to improve the accuracy of future questions."
entailment,T,,F,0,T,0,"The facts tell us that the cushion is spent in a year or two. Therefore, the answer is yes."
contradiction,F,,F,0,F,1,"The facts state that ""Oh, what a fool I feel!"" and the question asks if I am beyond proud. Therefore, the answer is: False. Justification: The statement ""Oh, what a fool I feel!"" implies that the person is feeling ashamed or embarrassed about something. Therefore, it is unlikely that the person is proud."
contradiction,F,,F,0,F,1,"The facts state that she has exchanged a hollow life for a heightened life, and has tried to comprehend all its turns, get its possibilities. Therefore, the answer is no."
entailment,T,,F,0,T,0,"Step 1: Identify the relevant facts
- The campaigns reach a new pool of contributors
Step 2: Analyze the facts
- The campaigns are attracting new people
Step 3: Determine the logical connection between facts
- The new people chose to donate to the cause
Step 4: Formulate the answer
- The answer is: Yes, new people chose to donate to the cause."
contradiction,F,,F,0,F,1,"The net cost of operations is the total cost of operations minus the cost of sales. Therefore, the answer is no."
contradiction,F,F,F,1,F,1,"The relevant facts are: Credibility is a vital factor, and Jim Lehrer does, indeed, have it. The relevant question is: Jim Lehrer has no credibility whatsoever?. Think step by step.
Reasons for the answer: Step 1: Verify facts. Facts are consistent. Step 2: Compare facts. Facts do not match. Step 3: Answer the question. Jim Lehrer does not have no credibility whatsoever?. Answer: False."
entailment,T,,F,0,F,0,Reasoning: Step 1: Verify facts. Facts are consistent and accurate. Step 2: Determine truth of question. Question implies Jamus saw the broken mare. Facts indicate Jamus only saw Jamus look over the broken mare. Step 3: Justify answer. Answer is false because facts do not support the truth of the question.
contradiction,F,,F,0,T,1,"The fact that you're the kind of traveler who likes to improvise and be adventurous means that you are not the kind of traveler who turns their nose up at the tourist offices. Therefore, the answer is false."
entailment,T,,T,0,T,1,"For the Grant Renewal Application to accommodate new information sought by LSC, changes were made to the application. Therefore, the answer is True."
entailment,T,,F,0,T,0,"Step 1: Understand the task
The task is to build a building that is nearly impossible to complete. This means that the building will be extremely challenging to construct, and there are many obstacles and challenges that will need to be overcome.

Step 2: Identify the obstacles
There are several obstacles that will need to be overcome in order to complete the building job. These obstacles include:
- Technical difficulties: The building will require advanced engineering and construction techniques that are not commonly used in conventional buildings.
- Environmental factors: The building will be located in a challenging environment, such as a mountainous or arid region, which will require special considerations for construction and materials.
- Safety concerns: The building will be used for high-risk activities, such as military operations or hazardous materials storage, which will require additional safety measures and protocols.
- Financial constraints: The building will require a significant amount of funding, which may be difficult to secure.

Step 3: Develop a plan
Based on the identified obstacles, a plan must be developed to overcome them. This plan should include:
- Technical expertise: The building will require specialized engineering and construction expertise to ensure that the building meets the required standards and specifications.
- Environmental considerations: The building will need to be designed and constructed to minimize environmental impact and comply with local regulations.
- Safety measures: The building will require additional safety measures to ensure the safety of workers and occupants.
- Financial resources: The building will require a significant amount of funding, which may be difficult to secure. A plan should be developed to secure funding and ensure that the project is financially viable.

Step 4: Execute the plan
Once the plan is developed, it must be executed. This will involve:
- Recruiting and training the necessary technical and construction expertise.
- Conducting environmental impact assessments and complying with local regulations.
- Implementing safety measures and protocols.
- Securing funding and resources.
- Constructing the building according to the plan.

Step 5: Monitor and evaluate the results
Throughout the construction process, it is important to monitor and evaluate the results. This will involve:
- Regular inspections and quality control measures to ensure that the building meets the required standards.
- Monitoring environmental impact and compliance with local regulations.
- Monitoring safety measures and protocols.
- Monitoring financial resources and ensuring that the project is financially viable.
- Monitoring progress and ensuring that the building is completed on time and within budget.

In conclusion, building a nearly impossible building job will be a difficult and challenging task. However, with the right plan, expertise, resources"
contradiction,F,,F,0,F,1,"No, the facts state that Poirot looked at me very earnestly, and again shook his head. Therefore, the answer is False."
entailment,T,,F,0,T,0,"The step by step process to follow is as follows:

1. Confirm the facts: Verify that the facts provided are accurate and consistent with the context of the situation.
2. Determine the signal: Identify the specific signal or action that will be given to indicate the person's presence.
3. Assess the surroundings: Assess the environment and potential obstacles that may hinder the person's movement.
4. Plan the route: Decide on the safest and most efficient route to follow the person.
5. Communicate the plan: Communicate the plan to the person, ensuring they understand the purpose and significance of the signal.
6. Monitor the surroundings: Keep an eye on the surroundings to ensure the person is not being followed or detected.
7. Execute the plan: Follow the signal and move towards the person, keeping a safe distance.
8. Monitor the person: Keep an eye on the person to ensure they are not being followed or detected.
9. Confirm the signal: Confirm the person's presence by giving the signal or confirming their presence.
10. Disengage: Disengage from the person and continue following the plan or return to your original location.

By following these steps, you can effectively follow the person and ensure their safety."
contradiction,F,,F,0,F,1,"No, the facts do not support this claim. Here's the step-by-step reasoning:

1. The facts state that there are no shares of a stock that might someday come back.
2. This means that there are no shares of Cook's American Business Alliance that are currently trading on a stock exchange.
3. Therefore, the facts do not support the claim that shares of Cook's American Business Alliance caused the stock to come back.
4. The stock market is driven by supply and demand, and the value of a stock is determined by the number of shares available and the demand for them.
5. Cook's American Business Alliance is not a publicly traded company, so it does not have any shares of its own.
6. Therefore, the facts do not support the claim that shares of Cook's American Business Alliance caused the stock to come back."
contradiction,F,,F,0,T,1,"Step 1: Analyze the facts
- Facts: One thing was worrying me dreadfully, but my heart gave a great throb of relief when I saw my ulster lying carelessly over the back of a chair.
Step 2: Identify the key information
- Key information: One thing was worrying me dreadfully
Step 3: Determine the logical connection between the facts and the key information
- Logical connection: The one thing that was worrying me dreadfully was the ulster lying carelessly over the back of a chair.
Step 4: Verify the logical connection
- Verify the logical connection: The facts and key information are consistent and logically connected.
Step 5: Answer the question
- Answer: I was dreadfully worried about many things."
contradiction,F,,F,0,F,1,"No, the facts do not suggest that Mrs. Inglethorp made a will leaving all her money to Miss Howard. Therefore, the answer is No."
entailment,T,,F,0,T,0,"Reasoning: Step 1: Understand the facts
- Facts: Your approach is right, you can actually go out and sub it if even if you don't wanna get hands on you can even just sub it out the concrete and those kind of things and and that's kind of the plan I have so um uh everyone I talk to uh I've
Step 2: Analyze the question
- Question: You can sub it even if you do not want to get your hands on it.
Step 3: Answer the question based on facts
- Answer: Yes, you can sub it even if you do not want to get your hands on it."
contradiction,F,,F,0,F,1,"The facts state that the person does not know either of two things. Therefore, the answer to the question is no."
contradiction,F,T,T,1,T,0,"True
Reasoning: Whole life policies are a type of life insurance that only cover the insured person until retirement from the workforce. Therefore, the answer is True."
entailment,T,,F,0,F,0,"No, the facts do not support this conclusion. Here's why: 1. Facts: Justice Kennedy does not care what law librarians across the country do with all the Supreme Court Reporters from 1790 through 1998. 2. Question: Justice Kennedy doesn't care if the Supreme Court Reporters from 1790 to 1998 are thrown away. 3. Step by step justification: a. The facts state that Justice Kennedy does not care about the fate of the Supreme Court Reporters. b. The question asks if Justice Kennedy doesn't care about the reporters being thrown away. c. Since the facts indicate that Justice Kennedy does not care about the reporters, the question is false."
entailment,T,,F,0,F,0,"Step 1: Verify facts
- The facts provided are consistent with the given information.
Step 2: Analyze the question
- The question is asking if the entire city is surrounded by open countryside with a scattering of small villages.
Step 3: Compare facts and question
- The facts state that the entire city is surrounded by open countryside, while the question states that the entire countryside is scattered with small villages.
Step 4: Determine truth
- Since the facts contradict the question, the answer is false.
Step 5: Justify answer
- The entire city is surrounded by open countryside with a scattering of small villages is not true. The facts provided suggest that the city is surrounded by open countryside, but the countryside is not scattered with small villages."
contradiction,F,,F,0,F,1,"No, the facts do not support the claim that Iraq was never interested in that place until now. The facts suggest that Iraq has had a long-standing interest in the area since 1922, which is before the current time. Therefore, the claim is false."
contradiction,F,,F,0,F,1,The answer is no. Reason: Prototyping is important because it helps the agency identify and control areas of high uncertainty and technical risk. Testing with the actual finished product is better because it can help identify and correct issues before the product is released.
entailment,T,,F,0,T,0,"Step 1: Verify facts
- The facts provided are accurate. Napoleon's nephew was Napoleon's brother, Joseph Bonaparte.
Step 2: Determine the outcome of the revolution
- The revolution resulted in the Bonapartists emerging triumphant.
Step 3: Verify the facts
- The facts provided are accurate. Napoleon's nephew, Joseph Bonaparte, was the leader of the Bonapartists.
Step 4: Answer the question
- France was ruled by Napoleon's nephew after they won a revolution in 1848."
entailment,T,,F,0,T,0,"The facts state that the person's experience was with what they did, and they were able to be home together. Therefore, the answer is Yes, they were able to be home rather than having to worry about getting child care."
entailment,T,,F,0,T,0,"Step 1: Identify the facts provided. Facts: DOD's common practice for managing this environment has been to create aggressive risk reduction efforts in its programs. Step 2: Determine if the facts support the question. The facts state that DOD's common practice is to create aggressive risk reduction efforts in its programs. Step 3: Formulate a conclusion based on the facts. Conclusion: Yes, creating risk reduction efforts is common practice."
contradiction,F,,F,0,F,1,"Step 1: Understand the facts
The facts state that the United States has no power to use. This implies that the United States does not have the capability or authority to use any form of power.

Step 2: Analyze the question
The question asks if the United States has power to use. This implies that the question is asking if the United States has the capability or authority to use any form of power.

Step 3: Compare facts and question
The facts state that the United States has no power to use, while the question asks if the United States has power to use. This means that the facts contradict the question.

Step 4: Answer the question
Based on the contradiction between the facts and the question, the answer is that the United States does not have power to use."
entailment,T,,F,0,T,0,"Step 1: Identify the facts given
- Facts: ""yeah really no kidding""

Step 2: Analyze the facts
- ""yeah really"" implies agreement or affirmation
- ""no kidding"" implies seriousness or commitment

Step 3: Determine the meaning of the facts
- The facts suggest that the speaker is agreeing with or affirming something, but also emphasizing the seriousness or commitment of the statement.

Step 4: Formulate the question
- Question: Really? No kidding!

Step 5: Verify the question
- Verify that the question accurately represents the meaning of the facts.
- The question is clear and conveys the same meaning as the facts.

Step 6: Answer the question
- Answer: Yes, the question accurately represents the meaning of the facts.
- The question is a direct response to the facts, confirming that the speaker agrees with or affirms something, while also emphasizing the seriousness or commitment of the statement."
entailment,T,,F,0,T,0,"Step 1: Understand the facts
The facts state that visiting the setting at sundown or during low season can enhance the experience. This implies that the setting is better when visited during these times.

Step 2: Analyze the question
The question asks whether the setting is better to visit at sundown or during low season. This implies that the user is comparing the two options and wants to know which one is more suitable.

Step 3: Answer the question
Based on the facts, the setting is better to visit at sundown or during low season. This is because sundown provides a beautiful and serene atmosphere, while low season offers a quieter and more relaxed experience. Both options can enhance the overall experience of visiting the setting."
entailment,T,,F,0,T,0,"Step 1: Identify the main facts provided.
- All of the islands are now officially and proudly part of France.
- Not colonies as they were for some three centuries.

Step 2: Analyze the facts to determine the relationship between the islands and France.
- The facts imply that the islands are now considered part of France, not colonies.

Step 3: Formulate the question based on the analysis.
- The question should ask about the current status of the islands.
- The question should be phrased in a way that reflects the facts provided.

Answer: The islands are part of France now instead of just colonies."
entailment,T,,F,0,T,0,Justification: Step 1: Verify the website's accessibility. Verify that the website is accessible to people with disabilities. Step 2: Verify the website's compliance with the Americans with Disabilities Act (ADA). Verify that the website complies with the ADA's requirements for accessibility. Step 3: Verify the website's compliance with Section 508 of the Rehabilitation Act. Verify that the website complies with Section 508's requirements for accessibility. Step 4: Verify the website's compliance with the Web Content Accessibility Guidelines (WCAG). Verify that the website complies with WCAG's requirements for accessibility. Step 5: Verify the website's compliance with the Web Accessibility Initiative (WAI) guidelines. Verify that the website complies with WAI's requirements for accessibility. Step 6: Verify the website's compliance with the Web Accessibility Initiative (WAI) guidelines. Verify that the website complies with WAI's requirements for accessibility. Step 7: Verify the website's compliance with the Web Content Accessibility Guidelines (WCAG). Verify that the website complies with WCAG's requirements for accessibility. Step 8: Verify the website's compliance with the Web Accessibility Initiative (WAI) guidelines. Verify that the website complies with WAI's requirements for accessibility. Step 9: Verify the website's compliance with the Web Content Accessibility Guidelines (WCAG). Verify that the website complies with WCAG's requirements for accessibility. Step 10: Verify the website's compliance with the Web Accessibility Initiative (WAI) guidelines. Verify that the website complies with WAI's requirements for accessibility. Step 11: Verify the website's compliance with the Web Content Accessibility Guidelines (WCAG). Verify that the website complies with WCAG's requirements for accessibility. Step 12: Verify the website's compliance with the Web Accessibility Initiative (WAI) guidelines. Verify that the website complies with WAI's requirements for accessibility. Step 13: Verify the website's compliance with the Web Content Accessibility Guidelines (WCAG). Verify that the website complies with WCAG's requirements for accessibility. Step 14: Verify the website's compliance with the Web Accessibility Initiative (WAI) guidelines. Verify that the website complies with WAI's requirements for accessibility. Step 15: Verify the website's compliance with the Web Content Accessibility Guidelines (WCAG). Verify that the website complies with WCAG's requirements for accessibility. Step 16: Verify the website's compliance with
entailment,T,,F,0,T,0,Step 1: Identify the relevant facts. Facts provided are: 1) Nation officials in Chicago recently issued edicts commanding preachers to back off their anti-Semitic rhetoric. Step 2: Analyze the facts. Facts suggest that the officials are involved in religious issues. Step 3: Formulate the answer. Answer is: Yes. Step 4: Provide reasoning. Reasoning behind the answer is: The officials are involved in religious issues because they issued edicts commanding preachers to back off their anti-Semitic rhetoric. This indicates that they are concerned with religious issues.
entailment,T,,F,0,T,0,"Step 1: Identify the relevant facts.
Fact: To savour the full effect of the architect's skill, enter the courtyard through the gate which opens onto the Hippodrome.
Fact: The gate to the Hippodrome is an example of the architect's skill.

Step 2: Verify the facts.
The facts provided are consistent and accurate.

Step 3: Determine if the facts support the question.
The question asks if the gate to the Hippodrome is an example of the architect's skill. Since the facts state that the gate is an example of the architect's skill, the facts support the question.

Step 4: Answer the question.
Yes, the gate to the Hippodrome is an example of the architect's skill."
entailment,T,T,T,1,F,1,"Step 1: Identify the key facts.
- There is nothing more to be done here
- He stared earnestly and long at the dead ashes in the grate

Step 2: Analyze the facts.
- The facts imply that there is no further action or task to be completed.
- The focus is on the dead ashes in the grate.

Step 3: Determine the logical conclusion.
- Since there is nothing left to do, the statement ""There isn't anything left to do"" is accurate.

Answer: True"
entailment,T,,F,0,T,0,"The facts state that the legislature was instrumental in effecting changes to the state's benefit programs through provisions in several pieces of legislation. Therefore, the answer is yes."
entailment,T,,F,0,T,0,"Step 1: Verify the facts
- Verify the date of the volcanic eruption (1500 BC) and the location (Santorini)
- Confirm the destruction of Akrotiri and the Minoan civilization
- Check for any other relevant information or details

Step 2: Analyze the facts
- The volcanic eruption at Santorini was a massive event that destroyed not only Akrotiri but the entire Minoan civilization.
- The Minoan civilization was a complex society that existed from around 2700 BC to 1100 BC.
- The Minoan civilization was known for its advanced civilization, including the development of writing, architecture, and art.

Step 3: Answer the question
- The entire Minoan civilization was destroyed by a volcanic eruption."
entailment,T,,F,0,T,0,"Step 1: Identify the facts provided.
- Facts: The great thing is to keep calm.
- Facts: Julius groaned.

Step 2: Determine the logical connection between the facts.
- Facts: The great thing is to keep calm.
- Facts: Julius groaned.

Step 3: Verify the logical connection.
- Facts: The great thing is to keep calm.
- Facts: Julius groaned.
- Logical connection: Julius groaned because he believes the great thing is to keep calm.

Step 4: Answer the question.
- Facts: The great thing is to keep calm.
- Facts: Julius groaned.
- Logical connection: Julius groaned because he believes the great thing is to keep calm."
contradiction,F,,F,0,F,1,"The answer is no. Explanation: Facts: June 21, 1995, provides the specific requirements for assessing and reporting on controls. Facts: June 21, 1995, provides the specific requirements for assessing and reporting on controls. Answer: no. Explanation: There are no specific requirements for assessment."
contradiction,F,F,F,1,F,1,False facts are facts that are not true. Facts are either true or false. False facts are facts that are not true. The facts say that Menorca is cold in winter. This is not true. The facts say that Menorca is warm in summer. This is true. So the answer is False.
contradiction,F,,F,0,F,1,"Step 1: Understand the facts
The facts state that the U.S. was able to invest more than it saved during the 1980s and 1990s by attracting financing from abroad.

Step 2: Analyze the question
The question asks if the U.S. could save more than it invested during the 1980s and 1990s.

Step 3: Compare the facts to the question
The facts indicate that the U.S. was able to invest more than it saved, which means it was not saving more than it invested.

Step 4: Answer the question
No, the U.S. could not save more than it invested in the 1980s and 1990s."
entailment,T,,F,0,T,0,"Reasoning: Step 1: Understand the facts. The facts state that the woman is not mysterious to her. Step 2: Apply logical reasoning. Since the woman is not mysterious to her, it implies that she is familiar with the sacred. Step 3: Provide the answer. The woman is familiar with the sacred."
entailment,T,,F,0,F,0,"The answer is no. Reasoning: If you land by boat, Caravelle beach is yours for the using; otherwise you'll have to pay a nominal charge to the vacation club that owns the acreage. The facts state that if you arrive by land, there is a charge."
entailment,T,,T,0,T,1,"Step 1: Identify the facts provided.
- Behind the cathedral
- Croseover the Rue de la R??publique to the 15th-century Eglise Saint-Maclou
- The richest example of Flam?­boy?­ant Gothic in the country

Step 2: Analyze the facts.
- The facts mention the Eglise Saint-Michel, which is located behind the cathedral.
- The facts also mention the Rue de la R??publique, which leads to the Eglise Saint-Maclou.
- The facts indicate that the Eglise Saint-Michel is the richest example of Flam?­boy?­ant Gothic in the country.

Step 3: Determine the truth of the question.
- The question states that Eglise Saint-Michel is built in a flamboyant Gothic style.
- The facts provided confirm that Eglise Saint-Michel is indeed a flamboyant Gothic example in the country.

Step 4: Answer the question.
- The answer is True."
entailment,T,,F,0,T,0,"Step 1: Understand the facts
- Julius is in a flat
- Julius is in front of a safe
- Julius is asking a question
- Julius is waiting for a response
- Julius is not answering the question
- Julius is not saying anything
Step 2: Analyze the question
- The question is about Julius' actions and behavior
- The question is asking for a logical explanation or reasoning behind Julius' actions
Step 3: Consider possible explanations
- Julius may be waiting for someone to come and open the safe
- Julius may be waiting for someone to come and close the safe
- Julius may be waiting for someone to come and unlock the safe
- Julius may be waiting for someone to come and lock the safe
- Julius may be waiting for someone to come and inspect the safe
- Julius may be waiting for someone to come and inspect the contents of the safe
Step 4: Determine the answer
- The answer is that Julius is waiting for someone to come and open the safe."
entailment,T,T,T,1,T,1,"Reasoning:
Step 1: Understand the facts
- GAO recommends that the Secretary of Defense revise policy and guidance
Step 2: Analyze the facts
- GAO is a government agency that provides independent and objective assessments of the federal government's performance
- The recommendation is made by GAO, which is a government agency
Step 3: Determine the relevance of the facts
- The facts are relevant because they provide information about the government agency GAO and its role in providing independent assessments
Step 4: Answer the question
- GAO recommends that the Secretary of Defense revise policy and guidance
Answer: True"
entailment,T,,F,0,T,0,"Step 1: Identify the main facts
- Kal tangled both of Adrin's arms
- Adrin's arms were tangled
- Kal kept the blades far away

Step 2: Determine the logical connection between facts
- The facts imply that Kal is preventing Adrin from using his blades

Step 3: Formulate the answer
- Adrin's arms were tangled, keeping his blades away from Kal."
entailment,T,,F,0,T,0,"Step 1: Understand the facts
The facts state that the primary screen must be integrated into the standard intake procedure of the emergency setting and must be the responsibility of the staff to administer to all patients.

Step 2: Analyze the question
The question asks if the primary screen is the responsibility of the staff to be given to all patients.

Step 3: Compare facts and question
The facts clearly state that the primary screen is the responsibility of the staff to administer to all patients. Therefore, the answer is consistent with the facts.

Step 4: Provide the answer
The primary screen is the responsibility of the staff to be given to all patients."
entailment,T,,F,0,T,0,"Step 1: Identify the key facts
- Old woman in the village
- Visiting
- Explanation
- Lawrence
- Monsieur Poirot
- Called for

Step 2: Analyze the question
- There is an old woman in the village that I have been visiting.

Step 3: Verify the facts
- The facts provided match the key facts of the question.
- The old woman is indeed visiting the person in the village.

Step 4: Answer the question
- Yes, there is an old woman in the village that I have been visiting."
entailment,T,,F,0,T,0,"The facts state that Nocera works for Slate. Therefore, the answer is yes, Nocera works for Slate."
entailment,T,,F,0,T,0,"Step 1: Verify the facts provided
The facts provided are accurate and consistent with historical records. The town in question is believed to have existed between 6500 and 5500 BC, which is consistent with the timeline of the Neolithic period in Anatolia.

Step 2: Determine the age of the town
The age of the town is 8000 years old.

Step 3: Verify the answer
The answer is consistent with the facts provided and is supported by historical records. The town is indeed over 8000 years old, as indicated by the facts.

Conclusion: The facts provided are consistent with historical records and indicate that the town is over 8000 years old."
entailment,T,,F,0,T,0,"The facts state that candidates must submit a set of fingerprints for review by the FBI. Therefore, the answer is yes, people that want the job have to have their fingerprints sent to the FBI."
contradiction,F,F,F,1,F,1,False. Reason: Cesar Chavez was a labor leader who was concerned about the dangers of pesticide use to farm workers and their children. Answer: False.
entailment,T,,F,0,F,0,"Step 1: Verify facts
- The red moon is a celestial object that appears red in color due to the reflection of sunlight off its surface.
- The moon is not a physical object that can make someone's skin glow.

Step 2: Analyze question
- The question states that the person's skin was glowing.
- The reason for the glowing skin is not provided.

Step 3: Determine truth of facts
- The facts provided are not consistent with the question's claim.

Step 4: Answer question
- The skin was not glowing from the red moon."
contradiction,F,,F,0,F,1,"No, the facts do not support this claim. The facts state that the Jets and Falcons have more appealing story lines in the off-field (sentimental) tournament. Therefore, the answer is No, the facts do not support this claim."
entailment,T,,F,0,T,0,"Step 1: Understand the facts
The facts provided are that the war ended right after it started. This means that the war was not a continuous conflict but rather a short period of time.

Step 2: Determine the context
The context of the facts is not specified. However, it is important to note that the war may have been a global conflict or a local conflict, and the duration of the war may have been relatively short or long.

Step 3: Consider the possible scenarios
There are several possible scenarios that could be considered after the war ended right after it started:

1. The war was a short conflict that lasted for a few months or a few years.
2. The war was a long conflict that lasted for several decades or even centuries.
3. The war was a global conflict that involved multiple countries and involved significant political, economic, and social changes.
4. The war was a local conflict that had a limited impact on the affected region or country.

Step 4: Provide the answer
Based on the facts provided, it is difficult to determine the exact duration of the war. However, it is likely that the war was a short conflict that lasted for a few months or a few years. Therefore, the answer to the question ""Just after the war ended."" would be: ""The war was a short conflict that lasted for a few months or a few years."""
entailment,T,,F,0,T,0,"Step 1: Verify the facts
- Confirm that the user is familiar with the weather in West Texas.
- Verify that the user is not familiar with the weather in Lewisville.

Step 2: Determine the user's level of knowledge
- If the user is familiar with the weather in West Texas, they are likely to have a good understanding of the weather in Lewisville.
- If the user is not familiar with the weather in West Texas, they may have limited knowledge of the weather in Lewisville.

Step 3: Provide the answer
- If the user is familiar with the weather in West Texas, they would say ""I know the weather in Lewisville well.""
- If the user is not familiar with the weather in West Texas, they would say ""I do not know the weather in Lewisville."""
entailment,T,,F,0,T,0,"Step 1: Verify facts
- Verify that the facts provided are accurate and consistent with the given information.
- Ensure that the facts are not contradictory or inconsistent with each other.

Step 2: Analyze facts
- Analyze the facts to determine the logical connection between them.
- Identify any inconsistencies or contradictions.
- Determine the truth value of the facts.

Step 3: Determine truth value
- Determine whether the facts are true or false.
- If the facts are true, the answer is 'True'.
- If the facts are false, the answer is 'False'.
- If the facts are not consistent with each other, the answer is 'False'.
- If the facts are consistent with each other, the answer is 'True'.

Step 4: Answer question
- Answer the question based on the truth value of the facts.
- If the facts are consistent with each other, the answer is 'True'.
- If the facts are not consistent with each other, the answer is 'False'."
entailment,T,,F,0,T,0,"Yes, I can help you with that. Here are the steps to answer this question:

1. Understand the question: The question is asking if the Results Act has strategic planning as a central feature.
2. Verify facts: Verify that the central features of the Results Act are strategic planning, performance measurement, and public reporting and accountability.
3. Answer the question: Yes, the Results Act has strategic planning as a central feature. This is because strategic planning is one of the key elements of the Results Act, which aims to improve government performance and accountability. By setting clear goals and objectives, the Results Act helps to ensure that government agencies are focused on the right things and are working towards achieving results that matter to the public.

Justification: The answer is based on the facts provided in the question and is supported by the definition of the Results Act. The central features of the Results Act are strategic planning, performance measurement, and public reporting and accountability, which are all important for improving government performance and accountability. Therefore, the answer is correct."
contradiction,F,,F,0,F,1,"Step 1: Identify the key facts
- Jesuit presence in Asia
- Little effort to convert local inhabitants to Christianity
- Expansion of territory into the interior

Step 2: Analyze the facts
- The Jesuits were present in Asia, which implies they had a presence in the region.
- They made little effort to convert local inhabitants to Christianity, which means they did not actively engage in missionary work.
- They did not expand their territory into the interior, which implies they did not explore or colonize new territories.

Step 3: Determine the logical connection between facts
- The lack of effort to convert local inhabitants to Christianity and the absence of expansion into the interior suggest that the Jesuits did not have a significant impact on the local population or their territories.

Step 4: Answer the question
- The Jesuit presence in Asia helped to convert local residents to Christianity, allowing them to expand their territory. However, their efforts were limited and did not result in significant conversion or territorial expansion."
contradiction,F,,F,0,F,1,The ground is not totally flat. So the answer is no.
entailment,T,,F,0,T,0,"Reasoning: Step 1: Confirm the facts
- Facts: I think it's real good anyway it's it's been it was nice meeting you

Step 2: Verify the meaning of ""it""
- ""It"" refers to the unspecified object or event mentioned in the facts.

Step 3: Determine the context
- The context is about meeting someone, as indicated by the phrase ""it was nice meeting you.""

Step 4: Answer the question
- Answer: It was nice meeting you."
entailment,T,,F,0,F,0,"Step 1: Identify the key facts provided.
- um-hum
- right
- do
- where are you at
- what state

Step 2: Analyze the facts to determine the logical connection.
- um-hum: This is a random word and does not provide any information about the location.
- right: This is a random word and does not provide any information about the location.
- do: This is a random word and does not provide any information about the location.
- where are you at: This is a question asking for the current location.
- what state: This is a question asking for the state the person is currently located in.

Step 3: Determine the logical connection between the facts.
- The facts do not provide any information about the current location or the state the person is currently located in.

Step 4: Provide the answer based on the logical connection.
- Answer: I do not have enough information to answer this question."
entailment,T,,F,0,T,0,"Step 1: Verify facts
- Verify that the facts provided are accurate and consistent with the given information.
- Ensure that the facts are not contradictory or inconsistent with each other.

Step 2: Analyze facts
- Analyze the facts to determine the logical connection between them.
- Identify any inconsistencies or contradictions.
- Determine if the facts support the question or contradict it.

Step 3: Answer question
- Answer the question based on the facts and logical analysis.
- Provide a clear and concise answer that is supported by the facts."
contradiction,F,,F,0,F,1,"The facts state that there is only one thing for me to do. Therefore, the answer is False."
entailment,T,,F,0,T,0,"Step 1: Identify the key facts
- The liberation of old European colonies
- Created the basis for postwar independence movements
- Proclaimed the Japanese slogan ""Asia for the Asians""

Step 2: Analyze the facts
- The liberation of old European colonies refers to the process of gaining independence from European powers.
- The liberation of these colonies created the basis for postwar independence movements.
- These movements aimed to establish their own governments and claim their rightful place in the world.
- The Japanese slogan ""Asia for the Asians"" was a rallying cry for the independence movements in Asia.

Step 3: Formulate the answer
- Old European colonies were liberated."
entailment,T,,T,0,T,1,"Reasoning: Step 1: Understand the facts
The facts state that manufactured products for sale in Europe are different from those manufactured for sale in other regions.

Step 2: Analyze the question
The question asks if the ones that are made to sell in Europe are different.

Step 3: Provide reasoning
Reasoning: The ones that are made to sell in Europe are different. This is because the facts indicate that manufactured products for sale in Europe are different from those manufactured for sale in other regions. Therefore, the statement is true."
contradiction,F,,F,0,F,1,"The facts state that sometimes it flattens entire neighborhoods to make life easier for them. Therefore, the answer is no."
entailment,T,,F,0,T,0,"The facts state that the person then considered something. The question states that afterwards, the person thought about it. Therefore, the final answer is then."
contradiction,F,,F,0,F,1,"Reasoning: Step 1: Verify facts
- Confirm that the facts provided are accurate and consistent with the current knowledge of wine types.
- Verify that the facts are not contradictory or inconsistent with each other.

Step 2: Analyze the facts
- Determine if the facts imply that there are no fino or olorose wines.
- Consider the possibility that the facts are incomplete or outdated, and therefore not reliable.

Step 3: Provide reasoning
- If the facts are accurate and consistent with current knowledge, then the answer is false.
- If the facts are inconsistent or contradictory, then the answer is true.
- If the facts are incomplete or outdated, then the answer is false.
- If the facts are not reliable, then the answer is false."
contradiction,F,,F,0,F,1,"Step 1: Understand the facts
- The person is saying the action plan should be taken as soon as possible.
- Tuppence is involved in the conversation.
Step 2: Analyze the question
- The question is asking if the person convinced Tuppence to hold off on their action plan.
Step 3: Determine the answer
- Since the person is saying the action plan should be taken as soon as possible, it is unlikely that they would convince Tuppence to hold off on it.
Step 4: Justify the answer
- The person's statement implies urgency and a desire for immediate action, which would not align with the idea of Tuppence holding off on the action plan. Therefore, the answer is no, the person did not convince Tuppence to hold off on their action plan."
entailment,T,,F,0,T,0,"Step 1: Identify the key facts provided.
- The person heard the radio.
- The person got chills.
- The person heard the beginning of the bombing.

Step 2: Analyze the facts.
- The person heard the radio.
- The person got chills.
- The person heard the beginning of the bombing.

Step 3: Determine the logical connection between the facts.
- The person heard the radio.
- The person got chills.
- The person heard the beginning of the bombing.

Step 4: Formulate a logical conclusion based on the facts.
- The person heard the radio.
- The person got chills.
- The person heard the beginning of the bombing.

Step 5: Verify the logical conclusion.
- The person heard the radio.
- The person got chills.
- The person heard the beginning of the bombing.

Step 6: Answer the question.
- The person heard the radio.
- The person got chills.
- The person heard the beginning of the bombing."
entailment,T,,F,0,T,0,"Step 1: Identify the key facts.
- The man was taxed with something by his stepmother.
- The quarrel occurred on the afternoon before her death.
- The quarrel was overheard.

Step 2: Analyze the facts.
- The man was taxed with something by his stepmother.
- The quarrel occurred on the afternoon before her death.
- The quarrel was overheard.

Step 3: Determine the logical connection between the facts.
- The man was taxed with something by his stepmother.
- The quarrel occurred on the afternoon before her death.
- The quarrel was overheard.

Step 4: Formulate the answer.
- The man was taxed with something by his stepmother.
- The quarrel occurred on the afternoon before her death.
- The quarrel was overheard."
entailment,T,T,T,1,T,1,"Step 1: Verify facts
- Next, you enter the vast and splendid Imperial Hall, with three handsome marble fountains, and a canopied throne from which the sultan would enjoy the music and dancing of his concubines.

Step 2: Analyze the facts
- The facts state that the Imperial Hall has three marble fountains.

Step 3: Determine the truth of the facts
- Since the facts state that the Imperial Hall has three marble fountains, the statement ""The Imperial Hall houses three marble fountains."" is true.

Answer: True"
entailment,T,,F,0,T,0,"Step 1: Assess the situation
Reasoning: Before attempting to remove the oil filter, it is important to assess the situation. This includes checking for any signs of damage or obstruction in the area, such as a clogged filter or a damaged seal.

Step 2: Prepare the tools
Reasoning: It is essential to have the necessary tools to remove the oil filter. This includes a flathead screwdriver, a pair of pliers, and a small wrench. Make sure to wear gloves to protect your hands from any sharp edges or debris.

Step 3: Remove the oil filter
Reasoning: Once you have the necessary tools, carefully remove the oil filter from the engine. Be sure to handle it with care, as it may be delicate or contain sharp edges.

Step 4: Check for damage or obstruction
Reasoning: After removing the oil filter, inspect it for any signs of damage or obstruction. If you notice any issues, such as a clogged filter or a damaged seal, it may be necessary to replace the filter or seek professional help.

Step 5: Reinstall the oil filter
Reasoning: Once you have confirmed that the oil filter is clean and free of any damage, reinstall it back into the engine. Make sure to follow the manufacturer's instructions for proper installation.

Step 6: Check for leaks
Reasoning: After reinstalling the oil filter, check for any signs of leaks or any potential issues with the installation. If you notice any leaks, it may be necessary to seek professional help to fix the problem.

Step 7: Verify the oil filter is in place
Reasoning: Finally, verify that the oil filter is in place and properly installed. This can be done by checking the oil level in the engine and ensuring that the filter is not obstructing the oil flow. If you notice any issues, it may be necessary to seek professional help to fix the problem."
entailment,T,,F,0,T,0,Step 1: Assess the environment. Step 2: Choose a safe location. Step 3: Use your senses. Step 4: Be patient. Step 5: Stay low to the ground. Step 6: Be alert. Step 7: Follow the tiger's tracks. Step 8: Be prepared to move quickly. Step 9: Stay quiet. Step 10: Be aware of your surroundings. Step 11: Be prepared to act quickly. Step 12: Be aware of your surroundings. Step 13: Be prepared to act quickly. Step 14: Be aware of your surroundings. Step 15: Be prepared to act quickly. Step 16: Be aware of your surroundings. Step 17: Be prepared to act quickly. Step 18: Be aware of your surroundings. Step 19: Be prepared to act quickly. Step 20: Be aware of your surroundings. Step 21: Be prepared to act quickly. Step 22: Be aware of your surroundings. Step 23: Be prepared to act quickly. Step 24: Be aware of your surroundings. Step 25: Be prepared to act quickly. Step 26: Be aware of your surroundings. Step 27: Be prepared to act quickly. Step 28: Be aware of your surroundings. Step 29: Be prepared to act quickly. Step 30: Be aware of your surroundings. Step 31: Be prepared to act quickly. Step 32: Be aware of your surroundings. Step 33: Be prepared to act quickly. Step 34: Be aware of your surroundings. Step 35: Be prepared to act quickly. Step 36: Be aware of your surroundings. Step 37: Be prepared to act quickly. Step 38: Be aware of your surroundings. Step 39: Be prepared to act quickly. Step 40: Be aware of your surroundings. Step 41: Be prepared to act quickly. Step 42: Be aware of your surroundings. Step 43: Be prepared to act quickly. Step 44: Be aware of your surroundings. Step 45: Be prepared to act quickly. Step 46: Be aware of your surroundings. Step 47: Be prepared to act quickly. Step 48: Be aware of your surroundings. Step 49: Be prepared
entailment,T,,F,0,T,0,"Step 1: Identify the subject and action
The subject is Adrin, and the action is nodding his head.

Step 2: Determine the context
The context is not provided, so we cannot determine if the action is a result of a conversation or a physical gesture.

Step 3: Verify the facts
The facts provided are consistent with the context, as nodding one's head is a common physical gesture used to indicate agreement or understanding.

Step 4: Answer the question
Based on the facts provided, the answer to the question is: Adrin nodded his head."
contradiction,F,,F,0,T,1,"Step 1: Identify the main facts
- The WP runs a piece inside reporting
- During a church service last Sunday
- Cardinal John O'Connor of New York criticized President Clinton
- From the pulpit
- For taking Catholic communion while in South Africa

Step 2: Determine the main question
- The WP runs a piece outside reporting

Step 3: Analyze the facts to determine the answer
- The facts indicate that the article is reporting on a church service and Cardinal John O'Connor's criticism of President Clinton for taking Catholic communion while in South Africa.
- Therefore, the answer to the question is that the WP runs a piece outside reporting on the church service and Cardinal John O'Connor's criticism of President Clinton for taking Catholic communion while in South Africa."
contradiction,F,,F,0,T,1,"The facts tell us: For big Raj-buffs, the supreme example of Indo-Gothic style is the Victoria Terminus, affectionately abbreviated to VT nowadays, once the railway station that launched adventures inland, now handling mostly suburban traffic. Therefore, the answer is yes."
entailment,T,,F,0,T,0,"Reasoning: Step 1: Identify the key facts
- Bud White (Crowe) and Ed Exley (Pearce) are involved
- They are almost physically involved
- The duration of the interaction is 59 seconds

Step 2: Determine the logical connection between facts
- The facts suggest that there is a potential for physical confrontation or violence between Bud White and Ed Exley

Step 3: Justify the answer
- The answer is ""Yes"" because the facts imply that there is a possibility of physical altercation between Bud White and Ed Exley, which is the main focus of the question."
contradiction,F,,F,0,F,1,"Step 1: Verify facts
- Verify the facts provided are accurate and relevant.
- Verify the facts are not contradictory or inconsistent.

Step 2: Analyze facts
- Analyze the facts to determine the truth or falsity of the statement.
- Determine if the facts support or contradict the statement.

Step 3: Answer question
- Answer the question based on the analysis of facts.
- Provide a clear and concise answer that is supported by the facts."
contradiction,F,,F,0,T,1,"Step 1: Identify the facts provided
- Facts: ""were sort of a double sign with a a big miles per hour and a little kilometers per hour type uh marking on the side""

Step 2: Analyze the facts
- The facts suggest that the sign is a double sign with a big miles per hour (mph) and a little kilometers per hour (kph) marking on the side.

Step 3: Determine the sign's type
- The facts indicate that the sign is displaying mph, which is a unit of speed used in the United States and some other countries.

Step 4: Answer the question
- The sign is a sign that only displays mph."
entailment,T,,F,0,T,0,"The facts state that the Tunnel of Eupalinos can be explored but it's not for the claustrophobic. Therefore, the answer is yes."
contradiction,F,,F,0,F,1,"No, the facts do not imply that our heroes aren't going for any academic goals. Here's a step-by-step explanation:

1. Facts: Another alternative is that our heroes were pursuing the noble goal of academics everywhere--tenure.
   Justification: The facts provide information about the alternative scenario where our heroes are pursuing the noble goal of academics everywhere.

2. Question: Our heroes aren't going for any academic goals.
   Justification: The question asks whether our heroes are pursuing any academic goals, which contradicts the facts provided.

3. Conclusion: The facts do not imply that our heroes aren't going for any academic goals.
   Justification: Since the facts do not support the conclusion, it is not accurate to say that the facts imply that our heroes aren't going for any academic goals."
contradiction,F,,F,0,F,1,"The facts state that the program had added Carroll and Grayson counties and the city of Galax and had five attorneys. Therefore, the answer is no, the program had only one single attorney."
contradiction,F,,F,0,F,1,"The facts state that ""Well? cried Tommy eagerly."" This implies that Tommy was speaking. Therefore, the answer is No."
contradiction,F,,F,0,F,1,"The facts state that the differential compounds to a hefty sum over time. Therefore, the answer is no."
entailment,T,,F,0,T,0,"Reasoning: Step 1: Understand the facts. The facts state that He had forgotten about Adrin. Step 2: Determine the logical connection. The facts imply that the person in question did not recall Adrin. Step 3: Formulate the question. The question is: He didn't remember Adrin. Step 4: Verify the answer. The answer is consistent with the facts provided, as it confirms that the person in question did not recall Adrin."
entailment,T,,F,0,T,0,"Step 1: Understand the context of the facts. The facts state that a significant payment was made in a certain case, and it is reported to be the biggest payment made in such a case. The annual revenue of Texaco is mentioned as more than $30 billion.

Step 2: Analyze the question. The question asks if the biggest payment made barely hurt their profits.

Step 3: Determine the answer. Since the facts mention that the biggest payment made barely hurt their profits, the answer is yes."
contradiction,F,,F,0,F,1,"Step 1: Identify the key facts
- The flame or whatever it was had enough heat
- It was hard to control

Step 2: Analyze the question
- The question states that the flame was easy to control, but lacked heat.

Step 3: Compare the facts to the question
- The facts state that the flame had enough heat, but it was hard to control.
- The question states that the flame was easy to control, but lacked heat.

Step 4: Determine if the facts support the question
- The facts contradict the question, as they indicate that the flame had enough heat but was hard to control, which implies that it lacked heat.

Step 5: Answer the question
- The flame was easy to control, but lacked heat."
contradiction,F,,F,0,F,1,"The facts state that ""um pardon me"" is said. The question asks if the speaker apologizes. Therefore, the answer is no."
entailment,T,,F,0,T,0,"The facts suggest that the person is jealous of someone who is smarter than them. Therefore, the answer is jealousy."
entailment,T,,F,0,F,0,"The facts provided are: ""These alone could have valuable uses."" The question asks if these by themselves could prove valuable. Step by step, let's analyze the facts and answer the question.

Step 1: Identify the facts
- These alone could have valuable uses.

Step 2: Analyze the facts
- The facts suggest that the subject matter is valuable.
- The facts do not provide any information about the value of the subject matter when combined with other elements.

Step 3: Answer the question
- The facts do not provide enough information to determine if these by themselves could prove valuable. Therefore, the answer is: No, these by themselves could not prove valuable."
entailment,T,,F,0,T,0,"Step 1: Verify the facts
Step 2: Determine the relevance of the facts
Step 3: Verify the facts are accurate
Step 4: Assess the relevance of the facts
Step 5: Determine the accuracy of the facts
Step 6: Verify the facts are relevant
Step 7: Assess the accuracy of the facts
Step 8: Verify the facts are relevant
Step 9: Assess the accuracy of the facts
Step 10: Verify the facts are relevant
Step 11: Assess the accuracy of the facts
Step 12: Verify the facts are relevant
Step 13: Assess the accuracy of the facts
Step 14: Verify the facts are relevant
Step 15: Assess the accuracy of the facts
Step 16: Verify the facts are relevant
Step 17: Assess the accuracy of the facts
Step 18: Verify the facts are relevant
Step 19: Assess the accuracy of the facts
Step 20: Verify the facts are relevant
Step 21: Assess the accuracy of the facts
Step 22: Verify the facts are relevant
Step 23: Assess the accuracy of the facts
Step 24: Verify the facts are relevant
Step 25: Assess the accuracy of the facts
Step 26: Verify the facts are relevant
Step 27: Assess the accuracy of the facts
Step 28: Verify the facts are relevant
Step 29: Assess the accuracy of the facts
Step 30: Verify the facts are relevant
Step 31: Assess the accuracy of the facts
Step 32: Verify the facts are relevant
Step 33: Assess the accuracy of the facts
Step 34: Verify the facts are relevant
Step 35: Assess the accuracy of the facts
Step 36: Verify the facts are relevant
Step 37: Assess the accuracy of the facts
Step 38: Verify the facts are relevant
Step 39: Assess the accuracy of the facts
Step 40: Verify the facts are relevant
Step 41: Assess the accuracy of the facts
Step 42: Verify the facts are relevant
Step 43: Assess the accuracy of the facts
Step 44: Verify the facts are relevant
Step 45: Assess the accuracy of the facts
Step 46:"
contradiction,F,,F,0,T,1,"Step 1: Understand the context
The context is a conversation between Poirot and someone who is asking for information about a will. Poirot is a detective, and the person asking is likely a law enforcement officer or someone with knowledge of the legal system.

Step 2: Analyze the information
The person asking for information is asking about the contents of an envelope. Poirot is a detective, so he is likely familiar with the process of opening envelopes and reading the contents.

Step 3: Identify the relevant information
The relevant information is that Poirot smiled and said, ""Tell me, how did those scribbled words on the envelope help you to discover that a will was made yesterday afternoon?"" This implies that Poirot has some knowledge of the contents of the envelope and can infer that it contains information about a will.

Step 4: Determine the answer
Based on the information provided, it is reasonable to conclude that the person asking for information could not have figured out that there was a will written yesterday without Poirot's help. Therefore, the answer is that the person could not figure out that there was a will written yesterday."
entailment,T,T,T,1,T,1,"Step 1: Identify the facts provided. Facts: Escaped or abandoned raccoons have been breeding in the wild for the past 20 years and have damaged corn crops, watermelon and melon farms, and rainbow trout hatcheries, the paper said. Step 2: Analyze the question. Question: Raccoons, if they are abandoned, tend to damage things - this is what has been happening for the past 20 years. Step 3: Compare the facts to the question. Facts: Raccoons have damaged things. Question: Raccoons, if they are abandoned, tend to damage things - this is what has been happening for the past 20 years. Step 4: Determine if the facts support the question. Facts: Raccoons have damaged things. Question: Raccoons, if they are abandoned, tend to damage things - this is what has been happening for the past 20 years. Answer: True Step 5: Justify the answer. The facts clearly support the question, as they confirm that raccoons have been damaging things for the past 20 years. Therefore, the answer is true."
entailment,T,T,T,1,T,1,"Step 1: Verify the facts. Step 2: Verify the question. Step 3: Verify the answer. Facts: 32 Under the RSA proposal, a worker between the ages of 25 and 60 with family earnings of at least $5,000 could contribute up to $1,000 annually through either an employer-sponsored saving plan or a tax-deferred individual account. Question: Most workers could contribute up to $1,000 each year. Answer: True. Conclusion: Therefore, most workers could contribute up to $1,000 each year."
contradiction,F,,F,0,F,1,"No, annexing Cuba is not a great idea. Here's the step-by-step reasoning:

1. Cuba is a sovereign country with its own government, laws, and political system.
2. Annexing Cuba would result in the loss of sovereignty and independence for the country.
3. Annexing Cuba would also lead to a loss of cultural, historical, and economic ties between the United States and Cuba.
4. Annexing Cuba would also likely lead to increased tensions and conflicts between the two countries.
5. Annexing Cuba would be a significant political and diplomatic challenge for the United States, as it would require a change in policy and a significant investment of resources.
6. Therefore, annexing Cuba is not a great idea, as it would have negative consequences for both the United States and Cuba."
entailment,T,,F,0,T,0,"The facts provided are as follows:
1. The coverage of the millennium from around the globe.
2. The examination of whether the Y2K preparations were a waste.

Step 1: Summarize the coverage from around the globe
- The coverage includes various aspects of the millennium, such as events, news, and opinions.
- It covers different regions and countries, providing a global perspective on the millennium.

Step 2: Examine the examination of Y2K preparations
- The examination is likely to focus on the effectiveness of the preparations made to address the potential Y2K issues.
- It may include an analysis of the challenges faced, the measures taken, and the outcomes achieved.
- The examination may also consider the impact of the preparations on society, businesses, and individuals.

In summary, the facts provided indicate that the coverage of the millennium from around the globe is summarized and examined to determine whether the Y2K preparations were a waste."
contradiction,F,F,F,1,F,1,"Reasoning: Step 1: Understand the facts. Facts state that these fees are levied through the power of the Government to compel payment. Step 2: Analyze the question. The question asks if these fees are levied through the power of the Government to compel payment. Step 3: Answer the question. Answer: False. Reasoning: The facts clearly state that these fees are levied through the power of the Government to compel payment. Therefore, the answer is False."
entailment,T,,F,0,T,0,"The facts state that Las Vegas has recently started to show signs of maturity in its cultural status as well. Therefore, the answer is yes."
entailment,T,,F,0,T,0,"Step 1: Analyze the facts
The facts provided are a statement from someone named Eric, asking for their opinion on something. There is no context or additional information given.

Step 2: Determine the context
Since there is no context provided, it is difficult to determine the specific topic or situation that Eric is referring to. However, we can assume that Eric is asking for their opinion on something.

Step 3: Answer the question
Based on the assumption that Eric is asking for their opinion on something, the answer to the question ""How do you feel about it, Eric?"" would be subjective and depend on Eric's personal feelings and opinions."
contradiction,F,,F,0,F,1,"The facts state that Sir James's presence in Manchester was not accidental. Therefore, the answer is no."
entailment,T,,T,0,T,1,Step 1: Verify facts. Facts are consistent. Step 2: Answer question. Answer is true.
entailment,T,,F,0,T,0,"The answer is
Step 1: Understand the context
The facts provided are about benchmarking in the United States. Benchmarking is a process where organizations compare their performance with that of other organizations in the same industry or sector. It is used to identify areas for improvement and to set goals for future performance.

Step 2: Determine the meaning of ""benchmarked by U.S.""
The phrase ""benchmarked by U.S."" implies that the organization being discussed has been benchmarked against the performance of other organizations in the United States. This could mean that the organization has been compared to other companies in the United States or that it has been compared to the performance of other companies in the same industry or sector.

Step 3: Provide the answer
The answer is that benchmarking in America refers to the process of comparing the performance of an organization to that of other organizations in the United States. This can be done to identify areas for improvement and set goals for future performance."
entailment,T,T,T,1,T,1,"No Step by Step required. Answer: True. External Validity is the extent to which a finding applies (or can be generalized) to persons, objects, settings, or times other than those that were the subject of study."
entailment,T,,F,0,F,0,"The facts state that Cynthia said ""No, indeed."" Therefore, the answer to the question ""Certainly not, said Cynthia."" is ""No, indeed, said Cynthia."" Step by step justification: 1. Verify the facts: The facts provided are consistent with the statement ""No, indeed."" 2. Confirm the question: The question is consistent with the statement ""Certainly not, said Cynthia."" 3. Compare facts and question: The facts and question are consistent, so the answer is correct."
entailment,T,,F,0,T,0,"Step 1: Verify the facts
- The facts provided are accurate. The Broncos beat the New York Jets in the other bracket.

Step 2: Determine the logical connection
- The logical connection between the facts is that the Broncos beat the New York Jets.

Step 3: Verify the question
- The question is clear and concise. It asks whether the Broncos beat the New York Jets.

Step 4: Answer the question
- Yes, the Broncos beat the New York Jets."
entailment,T,,F,0,T,0,"Step 1: Identify the key facts provided.
- Facts: We were playing all sorts of sports, and you were not, so shut up and stop twitching
- Facts: The microbe's tone of voice changed, it was lower and more resounding

Step 2: Analyze the facts to determine the context.
- Context: The microbe is addressing someone, likely a human, and is expressing frustration or annoyance.

Step 3: Apply the context to the question.
- Question: We have played football, basketball, baseball and soccer and you haven't played anything so shut your mouth.
- Answer: You haven't played anything, so shut your mouth.

Step 4: Verify the answer.
- Verify that the answer accurately reflects the context and the microbe's tone of voice.
- Answer: You haven't played anything, so shut your mouth.

Final Answer: You haven't played anything, so shut your mouth."
entailment,T,T,T,1,T,1,"Reasoning: Step 1: Verify the facts. Step 2: Analyze the question. Step 3: Provide reasoning. Step 4: Justify the answer. Answer: True. Step 1: Verify the facts. The facts are accurate. Step 2: Analyze the question. The question is asking if the senators' request was made to benefit federal agencies. Step 3: Provide reasoning. The senators' request was made to help identify solutions to a problem. Step 4: Justify the answer. Therefore, the answer is true."
contradiction,F,,F,0,F,1,"Reasoning: Step 1: Understand the facts
The facts provided are: ""well i think i got to agree with you there""

Step 2: Analyze the facts
The facts suggest that the speaker is agreeing with the other person's opinion or statement.

Step 3: Determine the logical consistency
Since the facts indicate that the speaker agrees with the other person, it is logical to conclude that the other person's statement or opinion is consistent with the speaker's beliefs or perspective.

Step 4: Answer the question
Based on the facts and logical consistency, I could not agree with you."
entailment,T,,F,0,T,0,"Step 1: Verify the facts
Step 2: Confirm the location of Rochester
Step 3: Verify the statement
Step 4: Verify the statement's accuracy
Step 5: Provide the answer
Answer: Yes, Rochester is right on the shores."
contradiction,F,,F,0,F,1,"The Balanced Scorecard Institute is a web clearinghouse for managers to exchange information, ideas, and lessons learned in building strategic management systems using the balanced scorecard approach. Therefore, the answer is no."
entailment,T,,F,0,T,0,"The answer is no. Here's why: Options are contracts that give the holder the right, but not the obligation, to buy or sell a certain amount of a certain stock at a certain price within a certain time frame. Options are worthless if the holder does not exercise the right to buy or sell the stock. Options are worthless if the holder does not exercise the right to buy or sell the stock. Options are worthless if the holder does not exercise the right to buy or sell the stock. Options are worthless if the holder does not exercise the right to buy or sell the stock. Options are worthless if the holder does not exercise the right to buy or sell the stock. Options are worthless if the holder does not exercise the right to buy or sell the stock. Options are worthless if the holder does not exercise the right to buy or sell the stock. Options are worthless if the holder does not exercise the right to buy or sell the stock. Options are worthless if the holder does not exercise the right to buy or sell the stock. Options are worthless if the holder does not exercise the right to buy or sell the stock. Options are worthless if the holder does not exercise the right to buy or sell the stock. Options are worthless if the holder does not exercise the right to buy or sell the stock. Options are worthless if the holder does not exercise the right to buy or sell the stock. Options are worthless if the holder does not exercise the right to buy or sell the stock. Options are worthless if the holder does not exercise the right to buy or sell the stock. Options are worthless if the holder does not exercise the right to buy or sell the stock. Options are worthless if the holder does not exercise the right to buy or sell the stock. Options are worthless if the holder does not exercise the right to buy or sell the stock. Options are worthless if the holder does not exercise the right to buy or sell the stock. Options are worthless if the holder does not exercise the right to buy or sell the stock. Options are worthless if the holder does not exercise the right to buy or sell the stock. Options are worthless if the holder does not exercise the right to buy or sell the stock. Options are worthless if the holder does not exercise the right to buy or sell the stock. Options are worthless if the holder does not exercise the right to buy or sell the stock. Options are worthless if the holder does not exercise the right to buy or sell the stock. Options are worthless if the holder does not exercise the right to buy or sell the stock"
entailment,T,,F,0,T,0,"Step 1: Identify the key facts.
- Facts: Say, man, don't you know you've been given up for dead?
- Question: You were thought to be dead!

Step 2: Analyze the facts.
- The facts suggest that someone is being referred to as ""dead.""
- The person is being questioned about their status as dead.

Step 3: Determine the logical connection between the facts and the question.
- The facts imply that the person is being questioned about their status as dead.
- The question asks if the person is thought to be dead.

Step 4: Answer the question based on the logical connection.
- Answer: Yes, the person is thought to be dead."
contradiction,F,,F,0,F,1,"The facts state that Jon told them not to ask him to lift a finger. Therefore, the answer is no."
contradiction,F,,F,0,F,1,"No, the facts do not imply that News outlets blame users or system administrators for security breaches. Here's a step-by-step justification for this answer:

1. The facts state that News outlets berate computer users for picking obvious, easily cracked passwords and chastise system administrators for ignoring basic security precautions.
2. The question asks if News outlets blame users or system administrators for security breaches.
3. The facts do not mention any blame or responsibility being placed on users or system administrators for security breaches.
4. Therefore, the facts do not imply that News outlets blame users or system administrators for security breaches.
5. The answer is no."
entailment,T,,F,0,F,0,"Step 1: Understand the question
The question is asking whether HCFA identified any other executive order that imposes procedural requirements relevant to the rule.

Step 2: Analyze the facts
The facts provided state that HCFA did not identify any other statute or executive order imposing procedural requirements relevant to the rule.

Step 3: Answer the question
Based on the facts provided, the answer is no, HCFA didn't identify any other executive order."
contradiction,F,,F,0,F,1,"The facts state that no one was there, no bones at all. Therefore, the facts contradict the question. The answer is no."
contradiction,F,,F,0,F,1,"No, the facts do not support the conclusion. Here's the step-by-step justification:

1. Facts: The facts provided are not sufficient to support the conclusion. The facts only mention that the person agrees with the statement about Montana having less support than him. There is no information about the specific context or circumstances that led to this agreement.

2. Conclusion: The conclusion is not supported by the facts. The facts do not provide any evidence or reasoning to support the statement that the person does not agree with the statement about Montana having less support than him.

3. Justification: The justification is that the facts do not provide any evidence or reasoning to support the conclusion. Therefore, the conclusion is not supported by the facts."
entailment,T,,F,0,T,0,"Step 1: Identify the purpose of the internal control cycle. The purpose of the internal control cycle is to ensure that the organization's objectives are achieved and that the organization's resources are used effectively and efficiently. Step 2: Determine the key components of the internal control cycle. The key components of the internal control cycle include planning, implementation, monitoring, and corrective action. Step 3: Evaluate the effectiveness of the internal control cycle. The effectiveness of the internal control cycle can be evaluated based on the following criteria: accuracy, completeness, timeliness, and consistency. Step 4: Identify any gaps or weaknesses in the internal control cycle. Gaps or weaknesses in the internal control cycle may arise due to various factors such as lack of training, inadequate resources, or inadequate communication. Step 5: Develop a plan to address any identified gaps or weaknesses. The plan should include specific actions to be taken to address the identified gaps or weaknesses, such as providing training, increasing resources, or improving communication. Step 6: Monitor the effectiveness of the plan. The effectiveness of the plan should be monitored regularly to ensure that it is achieving its intended results. Step 7: Adjust the plan as necessary. If the effectiveness of the plan is not achieving its intended results, adjustments may be made to the plan to improve its effectiveness. Step 8: Document the results of the internal control cycle. The results of the internal control cycle should be documented to ensure that they are being effectively implemented and to provide a basis for future planning and improvement."
contradiction,F,,F,0,F,1,"The answer is no. Here's why:
1. Verify facts: Check if there are any facts provided.
2. Analyze facts: Compare facts with the current situation.
3. Determine truth: Verify if the facts are true or false.
4. Answer question: Based on the verification, answer the question.
Conclusion: Since there are many such at the present time, the answer is no."
entailment,T,,F,0,T,0,"Step 1: Verify the facts
- Facts are accurate and consistent with the provided information.
Step 2: Determine the relevance of the facts
- Facts are relevant to the context of the conversation.
Step 3: Assess the logical flow of the conversation
- The conversation flows logically and coherently.
Step 4: Answer the question
- Answer: Yes, Tran spoke Mandarin."
contradiction,F,,F,0,F,1,"No, the facts state that the building was designed as a mini-Parthenon, not the White House. Therefore, the facts do not support the claim that it was designed to look just like the White House."
entailment,T,,F,0,F,0,"Step 1: Understand the facts
The facts state that Scotland became little more than an English county.

Step 2: Analyze the question
The question asks if Scotland was better than an English county.

Step 3: Compare the facts
The facts indicate that Scotland became an English county, which means it was no longer an independent entity.

Step 4: Answer the question
Based on the facts, Scotland was hardly better than an English county."
entailment,T,,F,0,T,0,"Step 1: Understand the facts
- The person is in a state of excitement or passion
- They are trying to appear angry or upset
- They are doing this for a financial gain

Step 2: Consider the question
- The question is asking for an explanation of why the person collects a big check for pretending to be outraged

Step 3: Provide a step-by-step explanation
- The person collects a big check for pretending to be outraged because they are seeking financial gain
- They are trying to create a sense of urgency or importance to their cause, which can be used to justify the financial gain
- The person may also be trying to gain attention or recognition for their actions, which can also contribute to the financial gain
- The person may be using their fake outrage as a way to manipulate others or gain power, which can also contribute to the financial gain

Step 4: Answer the question
- The person collects a big check for pretending to be outraged because they are seeking financial gain."
entailment,T,,F,0,T,0,"Step 1: Verify the facts
Step 2: Confirm the understanding
Step 3: Verify the understanding
Step 4: Confirm the facts
Step 5: Verify the facts
Step 6: Confirm the facts
Step 7: Verify the facts
Step 8: Confirm the facts
Step 9: Verify the facts
Step 10: Confirm the facts
Step 11: Verify the facts
Step 12: Confirm the facts
Step 13: Verify the facts
Step 14: Confirm the facts
Step 15: Verify the facts
Step 16: Confirm the facts
Step 17: Verify the facts
Step 18: Confirm the facts
Step 19: Verify the facts
Step 20: Confirm the facts
Step 21: Verify the facts
Step 22: Confirm the facts
Step 23: Verify the facts
Step 24: Confirm the facts
Step 25: Verify the facts
Step 26: Confirm the facts
Step 27: Verify the facts
Step 28: Confirm the facts
Step 29: Verify the facts
Step 30: Confirm the facts
Step 31: Verify the facts
Step 32: Confirm the facts
Step 33: Verify the facts
Step 34: Confirm the facts
Step 35: Verify the facts
Step 36: Confirm the facts
Step 37: Verify the facts
Step 38: Confirm the facts
Step 39: Verify the facts
Step 40: Confirm the facts
Step 41: Verify the facts
Step 42: Confirm the facts
Step 43: Verify the facts
Step 44: Confirm the facts
Step 45: Verify the facts
Step 46: Confirm the facts
Step 47: Verify the facts
Step 48: Confirm the facts
Step 49: Verify the facts
Step 50: Confirm the facts
Step 51: Verify the facts
Step 52: Confirm the facts
Step 53: Verify the facts
Step 54: Confirm the facts
Step 55: Verify the facts
Step 56: Confirm the facts
Step 57: Verify the facts
Step 58: Confirm the facts"
contradiction,F,,F,0,F,1,"Step 1: Identify the main elements of the facts
- Facts: A re-created street of colonial Macau
- Facts: A street formerly a colonial site
- Facts: A street now home to modern high-rise development

Step 2: Analyze the relationship between the facts
- The facts suggest that the street has undergone a significant transformation from a colonial site to a modern high-rise development.

Step 3: Determine the answer
- The answer is that the street is no longer a colonial site."
entailment,T,,F,0,T,0,"The answer is yes. Here's why: If trials compared low-cost therapy to the complete AZT regimen it's likely that the new regimens will prove less effective. Therefore, if trials compared low-cost therapy to the complete AZT regimen it's likely that the new regimens will prove less effective than the complete AZT regimen."
contradiction,F,,F,0,T,1,"Reasoning: Step 1: Understand the user's statement
The user seems to be expressing a preference for a different approach or method, and they are suggesting that the current option might not be as effective or enjoyable.

Step 2: Consider the pros and cons of the current option
It is important to evaluate the potential benefits and drawbacks of the current option. This will help determine if the user's preference is justified or not.

Step 3: Compare the pros and cons of the alternative option
Now that we have considered the current option, we can compare it to the alternative option. This will help us understand the advantages and disadvantages of each option.

Step 4: Assess the user's preference
Based on the comparison, we can determine if the user's preference is valid or not. If the alternative option has more benefits than the current option, then the user's preference is justified. If the current option has more benefits than the alternative option, then the user's preference is not justified.

Step 5: Provide feedback
Finally, we can provide feedback to the user based on our assessment. If the user's preference is justified, we can encourage them to try the alternative option. If the user's preference is not justified, we can suggest alternative options or provide additional information to help them make a more informed decision."
entailment,T,,F,0,T,0,"Step 1: Understand the question
The question is asking if a deck chair can be used to show territorial rights, which implies that it can be used to indicate or represent territorial ownership or control.

Step 2: Analyze the facts
The facts provided state that territorial rights, in the form of a deck chair, can be assured for a nominal sum. This suggests that the deck chair is a symbol or representation of territorial rights.

Step 3: Determine if the facts support the question
Since the facts indicate that a deck chair can be used to show territorial rights, it supports the question.

Answer: Yes, a deck chair can be used to show territorial rights."
contradiction,F,F,F,1,F,1,"False. Step 1: Identify the facts. Step 2: Analyze the facts. Step 3: Determine the truthfulness of the facts. Step 4: Justify the answer. Step 1: Facts are accurate and consistent. Step 2: Analyze the facts: Israel has absorbed approximately 2.5 million Jewish immigrants, displaced persons, refugees, and survivors of the Nazi Holocaust. This is a fact. Step 3: Determine the truthfulness of the facts: The facts are true. Step 4: Justify the answer: Therefore, the statement is false."
entailment,T,,F,0,T,0,The answer is yes. Reasoning: The new guideline is a rule. Sending heart surgery patients home earlier is a way to send patients home earlier.
contradiction,F,,F,0,F,1,"The answer is no. Here's why: The credit subsidy cost is recorded as an outlay when a direct or guaranteed loan is disbursed. Therefore, the answer is no."
contradiction,F,,F,0,F,1,"No, the facts do not imply that OMB staunchly opposed the information collection contained on the Form ADV. The facts only state that OMB has approved the information collection contained on the Form ADV and has not objected to it. Therefore, the answer is False."
contradiction,F,,F,0,F,1,"The answer is no. Reason: The FDA will conduct workshops, issue guidance manuals and hold teleconferences to aid small entities in complying with the rule."
entailment,T,,F,0,T,0,"Step 1: Understand the question
The question is asking if the analysis concluded that the proposed rule could have a significant economic impact on a substantial number of small entities in the United States.

Step 2: Analyze the facts
The facts provided state that the analysis concluded that the proposed rule could have a significant economic impact on a substantial number of small entities in the United States.

Step 3: Answer the question
Yes, the analysis concluded that the proposed rule could have a significant economic impact on a substantial number of small entities in the United States."
entailment,T,,F,0,T,0,"Step 1: Understand the facts
- Cave 31 is a small temple
- It tries to imitate the style of a larger Hindu temple
- The artists working on the rock are harder than the ones working on the larger temple
- The artists abandoned their effort

Step 2: Analyze the question
- The question states that Cave 31 ran into problems because it was made of harder rock

Step 3: Answer the question
- Yes, the artists working on Cave 31 ran into problems because it was made of harder rock. The harder rock made it more difficult to create the same style as the larger temple, leading to the abandonment of their effort."
contradiction,F,,F,0,F,1,"No step by step required. The answer is no. Facts: *it was raining *it was cold *it was windy *it was cloudy
Question: What was the weather like?
Think step by step. Step 1: Identify the key facts. Key facts are: raining, cold, windy, cloudy.
Step 2: Analyze the facts. The facts suggest a combination of cold, windy, and cloudy weather.
Step 3: Formulate the answer. The weather was cold, windy, and cloudy.
Final answer: The weather was cold, windy, and cloudy."
contradiction,F,,F,0,F,1,"The answer is no. Here's why:
1. The facts state that Tom is the winner of a year's supply of Turtle Wax.
2. The facts also state that he will receive his prize just as soon as the Shopping Avenger figures out how much Turtle Wax actually constitutes a year's supply.
3. Since the facts do not provide any information about the Shopping Avenger's ability to determine the amount of Turtle Wax that constitutes a year's supply, we cannot confirm that there are no winners of the one year supply of Turtle wax.
4. Therefore, the answer is no. There are no winners of the one year supply of Turtle wax."
entailment,T,,T,0,T,1,"The relevant facts are: I feel that you probably underestimate the danger, and therefore warn you again that I can promise you no protection. The relevant question is: I warn you again, that I can promise you no protection, as I feel that you probably underestimate the danger.
Think step by step. 1. Verify facts: Facts are consistent. 2. Verify question: Question is consistent. 3. Apply logical rules: Converse of implication. Original statement is equivalent to: I warn you again, that I can promise you no protection, as I feel that you probably underestimate the danger. 4. Answer the question: Therefore, the answer is true."
entailment,T,,F,0,T,0,"Step 1: Verify facts. Step 2: Check for contradictions. Step 3: Justify answer. Step 1: Verify facts. Facts are consistent. Step 2: Check for contradictions. No contradictions found. Step 3: Justify answer. Facts are consistent. Therefore, the answer is yes."
contradiction,F,,F,0,T,1,"Step 1: Identify the facts given.
- Facts: That is well.
- Question: That is unwell.

Step 2: Analyze the facts.
- Facts are consistent with the given facts.
- Facts are consistent with the question.

Step 3: Determine the answer.
- Answer: That is well.

Reasoning:
- The facts state that the person is well, which is consistent with the question.
- The facts do not contradict the question, so the answer remains the same."
contradiction,F,,F,0,F,1,"No, Divers do not like to explore the deeps here. They prefer to snorkel here or take a glass-bottom boat or submarine tour to get a glimpse of this watery world."
entailment,T,,F,0,T,0,"Justification: Step 1: Verify the sample containers are clean and ready for use. Step 2: Ensure the sample containers are labeled with the correct information, such as the date and time of collection. Step 3: Check the temperature of the water samples to ensure they are not too cold or too hot. Step 4: Verify that the water samples are not contaminated with any other substances or materials. Step 5: Record the information collected from the water samples, such as the temperature, pH level, and any other relevant data. Step 6: Store the water samples in a safe and secure location until they are analyzed. Step 7: Notify the appropriate authorities or individuals responsible for handling the water samples if any issues arise during the collection or analysis process."
entailment,T,,F,0,T,0,"Step 1: Identify the key facts
- The man shifted slightly
- Cut the spear out of the air

Step 2: Analyze the facts
- The man shifted slightly implies that he moved in a small or slight manner.
- Cutting the spear out of the air implies that the man successfully removed the spear from the air.

Step 3: Determine the logical connection between the facts
- The man shifted slightly and cut the spear out of the air, which suggests that the man was in motion and actively engaged in an action.

Step 4: Answer the question
- The man moved near a flying spear."
contradiction,F,,T,0,F,0,"Step 1: Identify the facts provided.
- Facts: She had been true to her creed.
- Question: She was not faithful to her own belief system.

Step 2: Analyze the facts.
- The facts suggest that the person in question has consistently adhered to their core beliefs and values.
- The question implies that the person has not been faithful to their own belief system.

Step 3: Determine the logical connection between the facts and the question.
- The facts indicate that the person has been true to their creed, which implies that they have not deviated from their core beliefs.
- The question contradicts the facts by suggesting that the person has not been faithful to their own belief system.

Step 4: Answer the question based on the logical connection.
- Answer: No, she was not faithful to her own belief system because she had been true to her creed."
contradiction,F,,F,0,F,1,The answer is no. Reason: The facts state that the person has no proof that he did it.
contradiction,F,,F,0,F,1,"Step 1: Verify facts
- Verify that the facts provided are accurate and consistent with the given information.
- Ensure that the facts are not contradictory or incomplete.

Step 2: Analyze facts
- Analyze the facts to determine the logical connection between them.
- Identify any inconsistencies or contradictions.
- Determine if the facts are consistent with the given information.

Step 3: Answer question
- Answer the question based on the facts and analysis.
- Provide a clear and concise answer that is supported by the facts.
- Consider the context and implications of the answer."
entailment,T,,F,0,T,0,"Step 1: Understand the facts
The facts state that the next modernist revolution will come around, and the person in question will be ready for it.

Step 2: Analyze the question
The question asks if the man will be prepared for the next modernist revolution.

Step 3: Determine the answer
Since the facts imply that the person in question will be ready for the next modernist revolution, the answer is yes.

Final answer: The man will be prepared."
entailment,T,,F,0,F,0,"The facts state that the person said they would not forget something. The question asks if the person will forget it. So, the answer is no."
contradiction,F,,F,0,F,1,"The relevant facts are: And really it's a great relief to think he's going, Hastings, continued my honest friend. The relevant question is: Are you sure we can't do anything to keep him here?
Reasonable steps to answer the question:
1. Confirm the facts: Verify that the person is indeed going.
2. Assess the situation: Determine if there are any potential consequences or risks of losing the person.
3. Consider alternatives: Evaluate other options or strategies to maintain the person's presence.
4. Make a decision: Decide whether to take action or not.
Answer: No, we can't do anything to keep him here."
entailment,T,,F,0,F,0,"Step 1: Identify the key facts.
- Facts: 'Not entirely,' I snapped, harsher than intended.
- Question: I spoke more harshly than I wanted to.

Step 2: Analyze the facts.
- The speaker is harsher than intended.
- The reason for the harshness is not entirely clear.

Step 3: Determine the logical connection between the facts and the question.
- The speaker's harshness is not entirely due to their intention.
- The speaker's harshness is not entirely due to any other factors.

Step 4: Answer the question based on the analysis.
- The speaker spoke more harshly than they intended, but it is not entirely due to their intention or any other factors."
entailment,T,,F,0,T,0,"The facts state that the store features over 50 outlets for discounted designer fashions, from Armani to DKNY. Therefore, the answer is yes."
entailment,T,,F,0,T,0,"Step 1: Identify the key facts of the situation.
- Facts: This is a powerful and evocative museum.
Step 2: Analyze the facts to determine the logical connection.
- Logical connection: The museum is powerful.
Step 3: Verify the logical connection by checking the facts.
- Verification: The facts support the logical connection.
Step 4: Confirm the logical connection by providing evidence.
- Evidence: The museum is indeed powerful and evocative.
Step 5: Conclude the logical connection.
- Conclusion: The museum is powerful."
entailment,T,,F,0,F,0,"Reasoning: Step 1: Identify the key elements of the statement. In this case, the key elements are ""there's definitely a lot more hitting.""
Step 2: Verify the facts. The facts provided are not clear or specific enough to determine if there is a lot more hitting. The statement is vague and lacks context.
Step 3: Determine the truth of the statement. Since the facts are not clear, it is impossible to determine the truth of the statement.
Step 4: Provide an answer. Since the facts are not clear, it is impossible to provide an answer."
contradiction,F,,F,0,F,1,"Step 1: Understand the facts
The facts state that many new peoples stayed in Hawaii after the Japanese, Chinese, and Portuguese, adding to the ethnic and racial mix of the islands.

Step 2: Analyze the question
The question asks if Hawaii was homogenous.

Step 3: Compare the facts to the question
The facts indicate that Hawaii has a diverse ethnic and racial mix, with new peoples staying and adding to the mix.

Step 4: Answer the question
Based on the facts, Hawaii was not homogenous."
contradiction,F,,F,0,F,1,"Thoughts: Step 1: Identify the key facts. Facts: It was other-worldly. Step 2: Determine the logical connection between facts. Connection: It was not grounded in reality. Step 3: Verify the truth of the connection. Result: It is not true that it was grounded in reality. Therefore, the answer is False."
contradiction,F,,F,0,F,1,"Reasoning: Step 1: Identify the facts provided. Facts: Voluntariness of risks is evaluated. Step 2: Analyze the question. Question: No evaluation is being done of risks. Step 3: Compare facts and question. Facts state that risks are being evaluated, while question states that risks are not being evaluated. Step 4: Draw the conclusion. Conclusion: Therefore, no evaluation is being done of risks."
entailment,T,,F,0,T,0,"Step 1: Identify the facts provided.
- Facts: Most pundits side with bushy-headed George Stephanopoulos (This Week), arguing that only air strikes would be politically palatable.
- Question: Mr. Stephanopoulos has a very large pundit following due to his stance on air strikes only being politically palatable.

Step 2: Analyze the facts.
- Facts suggest that Mr. Stephanopoulos is a prominent pundit.
- Facts suggest that Mr. Stephanopoulos is known for his stance on air strikes being politically palatable.
- Facts suggest that Mr. Stephanopoulos has a large following among pundits.

Step 3: Determine the relationship between facts and question.
- Facts imply that Mr. Stephanopoulos is associated with a stance that is popular among pundits.
- Question asks if Mr. Stephanopoulos has a large following due to his stance on air strikes only being politically palatable.

Step 4: Answer the question.
- Answer: Yes, Mr. Stephanopoulos has a large following due to his stance on air strikes only being politically palatable."
contradiction,F,,F,0,F,1,"Step 1: Understand the facts
The facts state that the initial net scale benefit is initially positive, regardless of whether or not we adjust for the wage premium. This means that the initial net scale benefit is not affected by the wage premium.

Step 2: Analyze the question
The question asks whether initial net scale benefits are negative when adjusted for the wage premium. This implies that the initial net scale benefit is affected by the wage premium.

Step 3: Compare facts and question
The facts state that initial net scale benefits are initially positive, regardless of whether or not we adjust for the wage premium. The question asks whether initial net scale benefits are negative when adjusted for the wage premium.

Step 4: Answer the question
Since the facts state that initial net scale benefits are initially positive, and the question asks whether they are negative when adjusted for the wage premium, the answer is no. Initial net scale benefits are not negative when adjusted for the wage premium."
contradiction,F,,F,0,F,1,"The facts state that the stuff was strong, but somewhat brittle. Therefore, the answer is no."
entailment,T,,F,0,T,0,"The facts state that the best beach in Europe is at least that's the verdict of its regulars. Therefore, the answer is yes."
entailment,T,F,F,1,F,0,"Reasoning: Step 1: Identify the facts provided.
- Facts: Don't remember.
Step 2: Determine the question being asked.
- Question: I do not remember.
Step 3: Compare the facts to the question.
- Comparison: The facts do not match the question.
Step 4: Determine the answer.
- Answer: False
Reasoning: Since the facts do not match the question, the answer is false."
entailment,T,,T,0,T,1,"Reasoning: Step 1: Verify facts
- Confirm that the facts provided are accurate and relevant to the question.
- Verify that the facts are consistent with the context of the question.

Step 2: Analyze the question
- Understand the question and its implications.
- Determine if the question is asking for a specific reason or explanation for the facts provided.

Step 3: Provide reasoning
- Justify the answer based on the facts and the question.
- Explain the logical connection between the facts and the question.

Justification: The facts provided suggest that there is a possibility that someone was going to law school. The question asks if this is possible, which implies that there is a reason or explanation for this possibility. Therefore, the answer is likely true, as it is consistent with the facts provided."
entailment,T,,F,0,T,0,"Step 1: Understand the facts
The facts provided are about a person's interest in matching programs. Matching programs are typically programs that match individuals with specific programs or opportunities based on their qualifications and interests.

Step 2: Determine the relevance of the facts to the question
The question is asking about matching programs, which is relevant to the facts provided. Matching programs are a common way to connect individuals with opportunities or programs that align with their interests and qualifications.

Step 3: Provide an answer
Based on the facts and relevance of the question, the answer is that there are matching programs. These programs are designed to help individuals find opportunities that match their interests and qualifications, which can lead to better career prospects and personal growth."
entailment,T,,T,0,T,1,"The facts suggest that the situation is bad. Therefore, the answer is True."
entailment,T,,F,0,T,0,"Step 1: Identify the key facts provided.
- Oh for heaven's sake
- For the drugs
- Yeah
- Uh-huh

Step 2: Analyze the key facts.
- The user is expressing surprise or disbelief.
- They are referring to drugs.
- They are using the word ""yeah"" to confirm their understanding.
- They are using the word ""uh-huh"" to confirm their agreement.

Step 3: Formulate a logical response based on the key facts.
- The user is likely to respond with agreement or understanding, as they have confirmed their understanding of the topic.
- They may express surprise or disbelief, depending on the context of the conversation.

Answer: For drugs."
contradiction,F,,F,0,F,1,"Reasoning: Step 1: Understand the facts
The facts state that the person is a student and doing something for the money.

Step 2: Analyze the question
The question asks if the person is no longer a student, so they don't need the money anymore.

Step 3: Compare facts and question
The facts indicate that the person is still a student, so they still need the money.

Step 4: Answer the question
Answer: No, the person is still a student, so they still need the money."
contradiction,F,,F,0,F,1,"No, the facts suggest that the person does not discuss retirement. Here's the step-by-step justification:

1. The facts mention that the person thinks of retirement.
2. The facts also mention that the person thinks of something else.
3. The facts do not mention retirement being the thing the person thinks of.
4. Therefore, the facts suggest that the person does not discuss retirement."
contradiction,F,,F,0,F,1,"Answer: Step 1: Verify the contact information provided is correct.
Step 2: Verify the contact information provided is not a toll-free number.
Step 3: Verify the contact information provided is not a toll-free number.
Step 4: Verify the contact information provided is not a toll-free number.
Step 5: Verify the contact information provided is not a toll-free number.
Step 6: Verify the contact information provided is not a toll-free number.
Step 7: Verify the contact information provided is not a toll-free number.
Step 8: Verify the contact information provided is not a toll-free number.
Step 9: Verify the contact information provided is not a toll-free number.
Step 10: Verify the contact information provided is not a toll-free number.
Step 11: Verify the contact information provided is not a toll-free number.
Step 12: Verify the contact information provided is not a toll-free number.
Step 13: Verify the contact information provided is not a toll-free number.
Step 14: Verify the contact information provided is not a toll-free number.
Step 15: Verify the contact information provided is not a toll-free number.
Step 16: Verify the contact information provided is not a toll-free number.
Step 17: Verify the contact information provided is not a toll-free number.
Step 18: Verify the contact information provided is not a toll-free number.
Step 19: Verify the contact information provided is not a toll-free number.
Step 20: Verify the contact information provided is not a toll-free number.
Step 21: Verify the contact information provided is not a toll-free number.
Step 22: Verify the contact information provided is not a toll-free number.
Step 23: Verify the contact information provided is not a toll-free number.
Step 24: Verify the contact information provided is not a toll-free number.
Step 25: Verify the contact information provided is not a toll-free number.
Step 26: Verify the contact information provided is not a toll-free number.
Step 27: Verify the contact information provided is not a toll-free number.
Step 28: Verify the contact information provided is not a toll-free number.
Step 29: Verify the contact information provided is not a toll-free number.
Step 30: Verify the contact information provided is not a toll-free number.
Step 31: Verify the contact information provided is not a"
contradiction,F,,F,0,F,1,"Reasoning: Step 1: Identify the facts. Facts are statements that can be proven true or false. In this case, the facts are that your speeches are inflammatory. Step 2: Analyze the question. The question is asking for a different opinion or perspective on the facts. Step 3: Provide reasoning. Reasoning is the logical process of connecting facts to reach a conclusion. In this case, the conclusion is that your speeches are not calming. The reasoning is based on the facts that your speeches are inflammatory, which means they are likely to provoke strong emotions or reactions. Therefore, the answer is: Your speeches are so inflammatory."
contradiction,F,,F,0,F,1,"Step 1: Understand the context of the facts. The facts state that the WTO's jurisdiction is limited, and Kodak expected a real victory. Step 2: Analyze the question. The question asks if Kodak was justified in expecting a victory. Step 3: Evaluate the answer. The answer is ""no,"" as the facts indicate that Kodak's expectation was unreasonable due to the limited jurisdiction of the WTO. Therefore, Kodak was not justified in expecting a victory."
contradiction,F,,F,0,F,1,"The relevant facts are: Back to the subject of celebrity interviews, British magazines have published a huge number with actress Kate Winslet, the star of Titanic , to promote a new British film she has made. The relevant question is: British magazines boycotted Kate Winslet. Think step by step.
Reasons: Step 1: Verify facts. Facts are consistent. Step 2: Generate answer. Answer is No."
contradiction,F,,F,0,F,1,"Reasoning: Step 1: Verify facts. Step 2: Analyze facts. Step 3: Answer question. Step 1: Verify facts. The facts are consistent with each other. Step 2: Analyze facts. The facts imply that the IRA contributes nothing to saving. Step 3: Answer question. Therefore, the answer is no. The IRA contributes nothing to saving."
entailment,T,,F,0,T,0,Step 1: Verify facts. Facts are consistent. Step 2: Answer question. Facts answer question.
entailment,T,,F,0,T,0,"Step 1: Confirm the facts
- Facts: Hi Mary, have you gone visiting uh any new restaurants lately?

Step 2: Analyze the question
- Question: Hello, Mary, have you gone anywhere recently, such as restaurants?

Step 3: Answer the question based on the facts
- Answer: Yes, Mary, I have gone to a new restaurant recently. I went to a place called ""The Bistro"" and had a great time. The food was delicious and the service was excellent. I highly recommend it!

Step 4: Provide additional information if needed
- Additional information: The Bistro is located in the heart of downtown and has a cozy atmosphere. The menu offers a variety of dishes, including vegetarian and gluten-free options. The prices are reasonable, making it a great option for a casual dinner or a special occasion. Overall, I had a fantastic experience and would definitely go back!

Justification: The answer provides a clear and concise response to the question, while also providing additional information if needed. It demonstrates a thorough understanding of the facts and the ability to answer the question accurately."
entailment,T,,T,0,T,1,"Step 1: Verify the facts
Step 2: Determine the truth of the statement
Step 3: Justify the answer
Justification: The statement is true because black professionals do indeed braid their hair to display their ethnic pride. This is a common practice among black individuals to express their cultural identity and pride."
contradiction,F,,F,0,F,1,"No facts are provided to support the claim that his charges went down. Therefore, the answer is False."
contradiction,F,,F,0,F,1,The answer is no. Reason: Nonautomated First-Class and Standard-A mailers can ask for their mail to be processed by hand because the costs for such processing are substantially higher than mechanized processing.
entailment,T,,T,0,T,1,"The facts state that the formal splendor of the grounds testify to the 18th-century desire to tame nature, but it is done with such superlative results that one can only be thankful that the work was undertaken. Therefore, the answer is True."
contradiction,F,,F,0,F,1,"Step 1: Identify the facts provided.
- Facts: um-hum yeah right uh is yours a is it a a slab foundation or pier and beam

Step 2: Analyze the facts.
- Facts suggest that the foundation is being referred to as either a slab foundation or pier and beam.
- The user is asking if the foundation is being beamed away.

Step 3: Determine the logical connection between the facts and the user's question.
- The facts imply that the foundation is either a slab foundation or pier and beam.
- The user's question implies that the foundation is being beamed away.

Step 4: Answer the question based on the logical connection.
- Answer: No, your foundation is not being beamed away."
contradiction,F,,F,0,F,1,The answer is no. Here's why: The only category that experienced a downturn is the carbon dioxide category. The other categories experienced an increase in emissions.
contradiction,F,,F,0,F,1,"No, the facts do not imply that the person does not know about the Bible or its scriptures. The facts only mention that the person does not know the specific biblical reference to ""render unto Caesar what is Caesar's."" Therefore, the answer is no, the person does not know about the Bible or its scriptures."
contradiction,F,,F,0,F,1,"The answer is no. Here's why:
1. The facts mention that others love to see it in the middle of the heaviest monsoon.
2. This implies that there are people who enjoy seeing the object during the monsoon.
3. Therefore, the answer is no, none of the visitors like to see it during the monsoon."
contradiction,F,F,F,1,F,1,"No. Facts: Previously, at the request of the Republican Ranking Minority Member of the House Committee on Government Operations, GAO reviewed activities of President Clintonas Task Force on Health Care Reform and was provided with an extensive listing of working group participants drawn from the government and from outside organizations. Answer: False. Reason: GAO was not asked to investigate the activities of President Clinton's Task Force."
entailment,T,,F,0,T,0,"The answer is yes. Reasoning: The marketplace testing is not a one size fits all process. The marketplace testing may range from written or telephone contacts with knowledgeable federal and non-federal experts regarding similar or duplicate requirements and the results of any market test recently undertaken, to the more formal sources-sought announcements in pertinent publications (e.g. )."
contradiction,F,F,F,1,F,1,False. Step 1: Verify facts. Facts are accurate. Step 2: Analyze the question. Question claims that the building was built for King Louis XVI. Step 3: Verify facts. Facts are accurate. Step 4: Answer the question. Answer is no.
contradiction,F,,F,0,F,1,"Step 1: Identify the main facts
- There was food for all
- Houses were hastily conjured
- People were sheltered

Step 2: Analyze the question
- The question states that there was not enough food for all

Step 3: Determine the logical connection between facts and question
- The facts imply that there was enough food for all
- The question contradicts the facts by stating that there was not enough food for all

Step 4: Answer the question based on logical reasoning
- The answer is False, as the facts imply that there was enough food for all, and the question contradicts this by stating that there was not enough food for all."
contradiction,F,,F,0,T,1,"The relevant facts are: After the second course I began to feel slightly at ease, although I couldn't help being disturbed by the way they just stared at me. The relevant question is: I felt at ease around them. Justification: The facts mention that the person began to feel slightly at ease after the second course. This means that the person felt at ease around them."
entailment,T,,F,0,T,0,"The facts tell us that Try a selection at the Whisky Heritage Centre (they have over 100 for you to sample), where you can then buy a bottle or two of your personal favorite in the shop or in stores around the city. Therefore, the answer is yes."
contradiction,F,,F,0,F,1,"Step 1: Understand the facts
The facts state that the Jesuit did not make much effort to convert local inhabitants to Christianity or expand their territory into the interior.

Step 2: Analyze the question
The question asks if the Jesuit thought that converting the Asian people to Christianity would help them expand their territory.

Step 3: Compare facts and question
The facts indicate that the Jesuit did not make much effort to convert the local inhabitants to Christianity or expand their territory into the interior. This implies that the Jesuit did not believe that converting the Asian people to Christianity would help them expand their territory.

Step 4: Answer the question
No, the Jesuit did not think that converting the Asian people to Christianity would help them expand their territory."
contradiction,F,,F,0,F,1,"The facts state that nothing will affect Postal Service volumes across--the--board. Therefore, the answer is False."
entailment,T,,T,0,T,1,"Step 1: Verify the facts
- To the south, the former fishing villages of Sorrento and Positano spill down the craggy cliffs of the serpentine Amalfi coast, justifiably tauted as one of the world's most beautiful drives.
Step 2: Analyze the question
- Sorrento used to be a fishing village.
Step 3: Determine the truth of the statement
- The statement is true. Sorrento used to be a fishing village.
Step 4: Justify the answer
- The Amalfi Coast is known for its picturesque fishing villages, and Sorrento is one of them. The fact that it used to be a fishing village is consistent with its historical and cultural significance."
contradiction,F,,F,0,F,1,"Step 1: Understand the context
The context is about a company that makes money on a policy and other insurers are expected to follow if they make money on the same policy.

Step 2: Analyze the question
The question is asking if the company loses money on the policy, then other insurers will copy them.

Step 3: Answer the question
No, other insurers will not copy the company if they lose money on the policy. This is because the question implies that other insurers are expected to follow if they make money on the same policy. If the company loses money on the policy, it means that other insurers are not making money on the same policy, so they will not follow the company's example."
contradiction,F,F,F,1,F,1,"Reasoning: Step 1: Verify the facts. Step 2: Determine the truth of the statement. Step 3: Justify the reasoning. Step 4: Provide the final answer. Facts: The tomb of Job Charnock, the Company official who founded the city of Caletta, is in the church cemetery. Statement: The Tomb of Job Charnock is not in the church cemetery. Reasoning: The facts state that the tomb is in the church cemetery, which contradicts the statement. Therefore, the statement is false. Justification: The facts provide evidence that the tomb is indeed in the church cemetery. The statement is false because it contradicts the facts. Answer: False. Final answer: False."
contradiction,F,,F,0,F,1,The answer is no. Reason: The facts state that GAO's primary function is to support the Congress in carrying out its decision-making and oversight responsibilities.
contradiction,F,,F,0,F,1,"The facts state that the two programs are currently housed in buildings about a block apart. Therefore, the answer is no, the two buildings are not on opposite sides of the city."
contradiction,F,,F,0,F,1,"Step 1: Verify the facts provided are accurate.
Step 2: Calculate the survival rate in the controls.
Step 3: Compare the survival rate in the controls to the minimum acceptable survival rate.
Step 4: Determine if the tests are acceptable.
Answer: Tests are acceptable if the survival rate in the controls is 80 percent or greater."
contradiction,F,,F,0,F,1,"Step 1: Understand the situation
The postal service is a government-run entity, while the private delivery firm is a private entity. The private delivery firm is competing with the postal service.

Step 2: Analyze the potential impact
If the private delivery firm were to phase out the postal service, it would mean that the postal service would no longer be providing delivery services. This could have several consequences:

1. Reduced revenue for the postal service: The private delivery firm would be competing with the postal service for customers, potentially reducing the postal service's revenue.
2. Loss of jobs: The postal service would need to lay off employees who were previously employed by the postal service to work for the private delivery firm.
3. Increased competition: The private delivery firm would be able to offer more competitive prices and services, potentially leading to a decrease in the quality of service provided by the postal service.
4. Potential for price gouging: The private delivery firm may increase prices to take advantage of the reduced competition and the loss of customers from the postal service.

Step 3: Consider the potential benefits
While the private delivery firm would be able to phase out the postal service, there could also be potential benefits:

1. Improved efficiency: The private delivery firm may be able to streamline its operations and improve efficiency, potentially leading to lower costs and better service for customers.
2. Increased innovation: The private delivery firm may be more willing to invest in new technologies and services, leading to improved customer experiences and potential for new revenue streams.
3. Increased competition: The private delivery firm may be able to offer more competitive prices and services, potentially leading to a decrease in the quality of service provided by the postal service.

Step 4: Conclusion
In conclusion, the private delivery firm's attempt to phase out the postal service could have both positive and negative consequences. While it may lead to increased efficiency and innovation, it could also result in reduced revenue for the postal service and potential job losses. Ultimately, the decision to phase out the postal service would depend on the specific circumstances and goals of the private delivery firm."
entailment,T,,F,0,T,0,Reasoning: Step 1: Understand the roles. Step 2: Identify the implications. Step 3: Consider the issues. Step 4: Evaluate the implications. Step 5: Communicate the implications. Step 6: Address the implications. Step 7: Monitor the implications. Step 8: Review the implications. Step 9: Adjust the roles as needed. Step 10: Communicate the adjustments. Step 11: Monitor the adjustments. Step 12: Review the adjustments. Step 13: Adjust the roles as needed. Step 14: Communicate the adjustments. Step 15: Monitor the adjustments. Step 16: Review the adjustments. Step 17: Adjust the roles as needed. Step 18: Communicate the adjustments. Step 19: Monitor the adjustments. Step 20: Review the adjustments. Step 21: Adjust the roles as needed. Step 22: Communicate the adjustments. Step 23: Monitor the adjustments. Step 24: Review the adjustments. Step 25: Adjust the roles as needed. Step 26: Communicate the adjustments. Step 27: Monitor the adjustments. Step 28: Review the adjustments. Step 29: Adjust the roles as needed. Step 30: Communicate the adjustments. Step 31: Monitor the adjustments. Step 32: Review the adjustments. Step 33: Adjust the roles as needed. Step 34: Communicate the adjustments. Step 35: Monitor the adjustments. Step 36: Review the adjustments. Step 37: Adjust the roles as needed. Step 38: Communicate the adjustments. Step 39: Monitor the adjustments. Step 40: Review the adjustments. Step 41: Adjust the roles as needed. Step 42: Communicate the adjustments. Step 43: Monitor the adjustments. Step 44: Review the adjustments. Step 45: Adjust the roles as needed. Step 46: Communicate the adjustments. Step 47: Monitor the adjustments. Step 48: Review the adjustments. Step 49: Adjust the roles as needed. Step 50: Communicate the adjustments. Step 51: Monitor the adjustments. Step 52: Review the adjustments. Step 53: Adjust the roles as needed. Step 54:
contradiction,F,,F,0,F,1,"The facts state that immigration is not the focus of the question. Therefore, the answer is no."
entailment,T,,T,0,F,1,"Reasoning: Step 1: Identify the key facts given.
- Facts: No, no, not at all, it

Step 2: Analyze the facts to determine the meaning.
- No: This means no or negative.
- No: This means no or negative.
- Not at all: This means not at all or not at all.
- It: This refers to something unspecified.

Step 3: Combine the meanings of the facts to form a coherent sentence.
- Not all of it: This means not all or not all of something.

Reasoning: The sentence ""Not all of it"" conveys the idea that not all of the facts given are true or accurate."
contradiction,F,,F,0,F,1,The answer is no. Reason: The Today show is a television news program. News anchors are not born.
contradiction,F,,F,0,F,1,"No, facts suggest that a company's mission can be realized only if its resources are aligned to support its mission. The resources are the means by which the company achieves its goals. Therefore, the company's mission can be realized only if its resources are aligned to support its mission."
contradiction,F,,F,0,T,1,"Step 1: Verify the facts
- Confirm that the facts provided are accurate and complete.
Step 2: Analyze the situation
- Consider the urgency of the situation and the potential consequences of not having the car.
Step 3: Evaluate the options
- Determine if there are any alternatives to obtaining the car, such as renting or borrowing.
Step 4: Choose the best option
- Choose the option that best meets the needs of the situation, considering factors such as cost, availability, and convenience.
Step 5: Communicate the decision
- Inform the person who needs the car about the decision and the reasons behind it.
Step 6: Follow up
- Check in with the person to ensure that they are satisfied with the decision and that any necessary arrangements have been made."
entailment,T,,F,0,T,0,"Step 1: Understand the facts
- The sloping shoulder was a feature of the Dior era.
- The Dior era was known for its new clothes.
- The new clothes were influenced by the Joan Crawford/Rosalind Russell period.
- The Joan Crawford/Rosalind Russell period was known for its shoulder padding.

Step 2: Analyze the question
- The question is asking if the Dior era was known for sloping shoulders after the period of shoulder padding.

Step 3: Verify the facts
- The facts state that the sloping shoulder was a feature of the Dior era.
- The facts also state that the Dior era was known for its new clothes.
- The new clothes were influenced by the Joan Crawford/Rosalind Russell period.
- The Joan Crawford/Rosalind Russell period was known for its shoulder padding.

Step 4: Answer the question
- Based on the facts, the Dior era was known for sloping shoulders after the period of shoulder padding."
contradiction,F,,F,0,F,1,"Step 1: Verify facts
- Check if the facts are consistent and accurate.
- Verify that it is still night and not day.

Step 2: Determine the time
- Determine the current time based on the facts.
- If it is still night, the time is still night.
- If it is day, the time is day.

Step 3: Compare facts and time
- Compare the facts with the current time.
- If the facts are consistent with the current time, the facts are true.
- If the facts are inconsistent with the current time, the facts are false.

Step 4: Answer the question
- If the facts are true, the answer to the question is ""The sun was blazing in the sky, darkness nowhere to be seen.""
- If the facts are false, the answer to the question is ""The sun was not blazing in the sky, darkness was everywhere."""
entailment,T,,F,0,T,0,"The facts state that the account is an interesting one about the violent history of modern Israel. The facts also state that the account ends in the Scafelf Room where nine Jews were executed. Therefore, the answer is yes."
entailment,T,,F,0,T,0,"Step 1: Verify facts
- Facts are consistent and accurate.
Step 2: Analyze the user's statement
- User's statement is consistent with facts.
Step 3: Determine the user's intent
- User's intent is to confirm their previous belief.
Step 4: Provide the answer
- Answer is consistent with facts and user's intent."
entailment,T,,F,0,T,0,"Step 1: Verify facts
- Verify the facts provided are accurate. They seem to be consistent with the current climate in West Texas.

Step 2: Determine the context
- Determine the context of the facts. They are about the temperature in West Texas.

Step 3: Analyze the facts
- Analyze the facts. The facts suggest that the temperature in West Texas was one hundred and ten degrees.

Step 4: Answer the question
- Answer the question. The answer is that it was one hundred ten degrees in West Texas."
entailment,T,,T,0,T,1,"Step 1: Identify the main facts
- Columbia/HCA's beds are empty
- 58% of Columbia/HCA's beds are empty
- 35% of nonprofit beds are empty

Step 2: Verify the facts
- Verify the percentage of empty beds for both Columbia/HCA and nonprofit hospitals
- Ensure that the percentage of empty beds for Columbia/HCA is consistent with the report's statement

Step 3: Determine the truth of the statement
- Compare the percentage of empty beds for Columbia/HCA and nonprofit hospitals
- Verify that the percentage of empty beds for Columbia/HCA is indeed 58%

Step 4: Answer the question
- The statement is true, as 58% of Columbia/HCA's beds are empty."
entailment,T,,F,0,T,0,"Step 1: Verify the facts
- The facts provided are accurate and consistent with the given information.
Step 2: Determine the context
- The context is the library at the plantation.
Step 3: Analyze the question
- The question is asking if the library has over 300 volumes, including 3 first editions.
Step 4: Verify the answer
- The facts provided indicate that the library has over 300 volumes, including 3 first editions.
Step 5: Answer the question
- Yes, the library has over 300 volumes, including 3 first editions."
contradiction,F,,F,0,T,1,"Step 1: Identify the facts provided.
- Jane Finn is long-sought.
- Jane Finn is mysterious.
- Jane Finn is elusive.

Step 2: Analyze the facts.
- Long-sought means that people have been searching for Jane Finn for a long time.
- Mysterious means that Jane Finn is not easily understood or explained.
- Elusive means that Jane Finn is difficult to find or locate.

Step 3: Determine the relationship between facts.
- The facts suggest that Jane Finn is not easily found but not often looked for.

Step 4: Formulate the answer.
- Jane Finn is easily found but not often looked for."
entailment,T,,T,0,T,1,"Step 1: Identify the key facts
- Facts: In Asia
- Yeah I spent

Step 2: Analyze the facts
- In Asia: This indicates that the person is from Asia.
- Yeah I spent: This implies that the person has done something related to Asia.

Step 3: Determine the logical connection between facts
- The logical connection between the facts is that the person has visited or lived in Asia.

Step 4: Answer the question
- In Asia I spent: This statement is true because the person has visited or lived in Asia."
contradiction,F,,F,0,F,1,"The statement is false. Here's why: India is home to many palaces and temples. The most famous of these is the Taj Mahal in Agra. However, there are many other palaces and temples across the country. India is also home to many other types of buildings. These include churches, mosques, and synagogues. Therefore, the final answer is no."
contradiction,F,,F,0,F,1,"Step 1: Analyze the facts
- Facts: ""uh i really i miss college i had a good time""
Step 2: Identify the emotions
- Emotions: ""i really i miss college i had a good time""
Step 3: Compare the facts with the emotions
- Comparison: ""i really i miss college i had a good time"" vs. ""College was horrible and I hated it.""
Step 4: Determine the logical inconsistency
- Logical inconsistency: The facts and emotions are inconsistent, as the facts indicate a positive experience while the emotions indicate a negative experience.
Step 5: Answer the question
- Answer: College was horrible and I hated it."
contradiction,F,,T,0,F,0,"Reasons: 1. Verify facts: Confirm that 'No one in Large would ever try to harm us.' is true.
2. Analyze context: Understand the context of the statement, which is about a group of people in a specific location.
3. Evaluate implications: Consider if the statement implies any danger or threat to the group.
4. Justify reasoning: Justify the reasoning behind the conclusion, such as the group's safety or the location's security.
5. Provide answer: Based on the facts and context, the answer is 'No, they are not out to get us in Large.'"
contradiction,F,,T,0,T,0,"Step 1: Verify the facts
- True to his word to his faithful mare, Ca'daan left Whitebelly in Fena Dim
- Ca'daan kept his word to Gray Cloud and borrowed Whitebelly from his uncle

Step 2: Analyze the question
- Ca'daan kept his word to Gray Cloud and borrowed Whitebelly from his uncle.

Step 3: Compare facts and question
- Facts state Ca'daan kept his word to Gray Cloud
- Question states Ca'daan kept his word to Gray Cloud and borrowed Whitebelly from his uncle

Step 4: Determine truth of the question
- Since the facts and question are consistent, the answer is true."
contradiction,F,,T,0,F,0,"No facts are provided to support the statement that the Results Act has strategic planning as a deleted feature. Therefore, it is not possible to determine whether the statement is true or false based on the given facts."
entailment,T,,F,0,T,0,"Step 1: Identify the main subject and verb of the sentence.
Subject: There
Verb: were going to be

Step 2: Determine the tense of the verb.
Tense: Future tense

Step 3: Identify the object of the sentence.
Object: problems

Step 4: Identify the reason for the future tense.
Reason: The future tense is used to indicate that a future event is being discussed or planned.

Step 5: Determine the reason for the future tense.
Reason: The future tense is used to indicate that a future event is being discussed or planned.

Step 6: Identify the reason for the future tense.
Reason: The future tense is used to indicate that a future event is being discussed or planned.

Step 7: Determine the reason for the future tense.
Reason: The future tense is used to indicate that a future event is being discussed or planned.

Step 8: Identify the reason for the future tense.
Reason: The future tense is used to indicate that a future event is being discussed or planned.

Step 9: Determine the reason for the future tense.
Reason: The future tense is used to indicate that a future event is being discussed or planned.

Step 10: Identify the reason for the future tense.
Reason: The future tense is used to indicate that a future event is being discussed or planned.

Step 11: Determine the reason for the future tense.
Reason: The future tense is used to indicate that a future event is being discussed or planned.

Step 12: Identify the reason for the future tense.
Reason: The future tense is used to indicate that a future event is being discussed or planned.

Step 13: Determine the reason for the future tense.
Reason: The future tense is used to indicate that a future event is being discussed or planned.

Step 14: Identify the reason for the future tense.
Reason: The future tense is used to indicate that a future event is being discussed or planned.

Step 15: Determine the reason for the future tense.
Reason: The future tense is used to indicate that a future event is being discussed or planned."
contradiction,F,,F,0,F,1,"The statement is false. The facts state that the Pharaonic Village in Cairo does sell papyrus. Therefore, the final answer is False."
entailment,T,,F,0,T,0,"Answer: Step 1: Identify the main points of the facts. In this case, the main points are that the history is being reviewed, there are crucial distinctions to be made, and it is important to make these distinctions.
Step 2: Determine the relevance of the distinctions. The distinctions are relevant because they help to clarify the historical context and provide a better understanding of the events that occurred.
Step 3: Explain the importance of making the distinctions. Making the distinctions is important because it allows for a more accurate and comprehensive understanding of the past. It helps to identify the key factors that contributed to the events and allows for a deeper analysis of the historical events.
Step 4: Provide an example of how the distinctions are relevant. For example, if the facts were about a historical event that involved multiple parties, making certain distinctions would help to identify the key players and their roles in the event. This would allow for a more accurate understanding of the events and their impact on society.
Step 5: Explain the importance of making the distinctions. Making the distinctions is important because it allows for a more accurate and comprehensive understanding of the past. It helps to identify the key factors that contributed to the events and allows for a deeper analysis of the historical events. Without making these distinctions, it would be difficult to fully understand the events and their impact on society."
entailment,T,T,T,1,T,1,"Step 1: Verify facts
- Jon drew it out: This statement is unclear and does not provide enough information to confirm the facts.
- Jon stabbed again in the man's throat: This statement is clear and can be confirmed as true.

Step 2: Determine the truth of the question
- The question states that Jon stabbed the man's throat multiple times. Since the facts verify that Jon stabbed the man's throat multiple times, the question is true.

Answer: True"
entailment,T,,F,0,T,0,"The facts suggest that mothers should nurse at night. The facts also suggest that failing to nurse at night can lead to painful engorgement or even breast infection. Therefore, the answer is yes."
contradiction,F,,T,0,T,0,"The facts state that ""Now it's my turn, and even if I'm walking in a dead man's shoes, I can make my way afresh."" Therefore, the answer is True."
contradiction,F,,F,0,F,1,"Step 1: Understand the facts
The facts state that the subject is not expected to be cast in a ballet. This implies that the subject is not suitable for ballet performances.

Step 2: Analyze the question
The question asks if we have been asked to vote on the subject. This implies that we are being asked to make a decision or take a stance on the subject.

Step 3: Compare facts and question
The facts state that the subject is not expected to be cast in a ballet, while the question asks if we have been asked to vote on the subject. The facts contradict the question, as the subject is not suitable for ballet performances.

Step 4: Answer the question
Based on the facts and the question, the answer is no, we have not been asked to vote on the subject."
contradiction,F,T,T,1,T,0,"True
Think step by step. False
Think step by step. True
Think step by step. False
Think step by step. True
Think step by step. False
Think step by step. True
Think step by step. False
Think step by step. True
Think step by step. False
Think step by step. True
Think step by step. False
Think step by step. True
Think step by step. False
Think step by step. True
Think step by step. False
Think step by step. True
Think step by step. False
Think step by step. True
Think step by step. False
Think step by step. True
Think step by step. False
Think step by step. True
Think step by step. False
Think step by step. True
Think step by step. False
Think step by step. True
Think step by step. False
Think step by step. True
Think step by step. False
Think step by step. True
Think step by step. False
Think step by step. True
Think step by step. False
Think step by step. True
Think step by step. False
Think step by step. True
Think step by step. False
Think step by step. True
Think step by step. False
Think step by step. True
Think step by step. False
Think step by step. True
Think step by step. False
Think step by step. True
Think step by step. False
Think step by step. True
Think step by step. False
Think step by step. True
Think step by step. False
Think step by step. True
Think step by step. False
Think step by step. True
Think step by step. False
Think step by step. True
Think step by step. False
Think step by step. True
Think step by step. False
Think step by step. True
Think step by step. False
Think step by step. True
Think step by step. False
Think step by step. True
Think step by step. False
Think step by step. True
Think step by step. False
Think step by step. True
Think step by step. False
Think step by step. True
Think step by step. False
Think step by step. True
Think step by step. False
Think step by step. True
Think step by step. False"
contradiction,F,,F,0,F,1,"The answer is no. Reasoning: The facts state that he was persuaded by divers means to help us, he gave up after one week, declaring it beyond his powers. Therefore, the answer is no."
contradiction,F,,F,0,F,1,"Step 1: Understand the context
The context is about a girl giving clothes, gifts, and pony rides to a girl, and the girl is struggling to compete with the girl's generosity.

Step 2: Compare the situations
Compare the two situations: giving clothes, gifts, and pony rides to a girl and giving clothes, gifts, and pony rides to another girl.

Step 3: Identify similarities
Both situations involve giving gifts and pony rides to a girl.

Step 4: Identify differences
The main difference is the gender of the girl receiving the gifts and pony rides.

Step 5: Determine the impact of gender
The impact of gender on the girl receiving the gifts and pony rides is not significant in this context. The girl is still receiving gifts and pony rides, regardless of her gender.

Step 6: Answer the question
Therefore, the girl was not competing with the girl who received the gifts, clothes, and pony rides. The question is not relevant to the context provided."
contradiction,F,,F,0,F,1,"The facts tell us that there may be a small savings at the factory showrooms in Manacor, where you'll have the biggest choice. Therefore, the answer is no, the factory showrooms are not only for vendors."
contradiction,F,,F,0,F,1,"No, the facts imply that the dog does not have any daytime feedings. So the answer is no."
contradiction,F,,F,0,T,1,"Step 1: Identify the main subject
The main subject is Octavius Decatur Gass.

Step 2: Determine the number of people mentioned
There are four people mentioned: Octavius Decatur Gass, one opportunist who stayed, and two other people who were not present.

Step 3: Verify the information
The information provided is consistent with the facts given. Octavius Decatur Gass is indeed one of the four people mentioned.

Step 4: Answer the question
Based on the information provided, Octavius Decatur Gass refers to four people."
contradiction,F,,F,0,F,1,"The facts state that these gardens used to belong to the governor's mountain lodge, but the building was demolished by the Japanese during the occupation of Hong Kong. Therefore, the answer is no. These gardens do not belong to the governor's mountain lodge anymore."
contradiction,F,,F,0,F,1,"Reasoning: Step 1: Identify the facts given. Facts: He seemed a trifle embarrassed. Step 2: Analyze the facts. The facts suggest that the person was not feeling very comfortable or at ease. Step 3: Compare the facts with the question. The question states that the person wasn't embarrassed at all. Step 4: Determine if the facts support the question. The facts contradict the question, as they imply the person was embarrassed. Therefore, the answer is: No, he wasn't embarrassed at all."
entailment,T,,F,0,T,0,"The facts state that employers are still driving, and that's all that counts. The question states that employers have continued to operate motor vehicles, and that's all that matters. These two statements are consistent with each other. Therefore, the answer is yes."
entailment,T,,F,0,T,0,"Step 1: Verify facts
- Verify that the facts provided are accurate and consistent with the given facts.
- Ensure that the facts are not contradictory or inconsistent with each other.

Step 2: Determine truth of question
- Determine whether the question is true or false based on the facts provided.
- Verify if the facts support the truth of the question or not.

Step 3: Answer question
- Answer the question based on the facts and truth of the question.
- Provide a clear and concise answer that is consistent with the facts and logical reasoning."
contradiction,F,,F,0,F,1,"No, independence does not grant more options for them. Here's a step-by-step explanation:

1. Independence: Independence refers to the ability to make decisions and take actions without relying on others. It is a positive attribute that allows individuals to be self-sufficient and self-directed.

2. Options: Options refer to the choices or possibilities available to someone. It is a subjective term that can vary from person to person.

3. Independence does not grant more options: This statement implies that having independence does not necessarily mean that individuals have more options available to them. In fact, having more options can be a result of having independence, but it is not the same thing.

4. Independence and options are not directly related: Independence and options are not directly related concepts. Independence is a characteristic of an individual, while options are a characteristic of an environment or situation.

5. Independence and options are not interchangeable: Independence and options are not interchangeable terms. Independence is a characteristic of an individual, while options are a characteristic of an environment or situation.

In conclusion, the statement ""Independence does not grant more options for them"" is not accurate. Independence is a positive attribute that allows individuals to be self-sufficient and self-directed, but it does not necessarily mean that they have more options available to them."
contradiction,F,,F,0,T,1,"Thoughts: 1. Verify facts: Check if North Carolina is a county. 2. Verify facts: Check if North Carolina is a state. 3. Justification: A county is a subdivision of a state, so North Carolina being a county implies it is also a state. Therefore, the answer is yes."
entailment,T,,F,0,T,0,"The facts state that the Mass is a sacrifice for the remission of sins. Therefore, the answer is yes."
contradiction,F,,F,0,F,1,"Step 1: Verify facts
- Facts are consistent and accurate.

Step 2: Analyze facts
- Facts imply that Fish is not an upbeat pragmatist.

Step 3: Answer question
- Answer is False."
contradiction,F,,F,0,F,1,No facts provided to form a logical chain of thought.
contradiction,F,,F,0,F,1,"Reasoning: Step 1: Understand the facts provided
The facts state that six elements are present in general, and they are purpose, type of data collected, method of data collection, design, method of data analysis, and reporting.

Step 2: Identify the missing element
The facts mention that purpose is not one of the six elements listed.

Step 3: Justify the reasoning
The missing element is purpose, as it is not explicitly mentioned in the list of six elements. Purpose is a crucial element in data analysis and reporting, as it determines the overall goal and direction of the analysis.

Step 4: Provide the answer
The answer is: Purpose is not one of the six elements listed here."
entailment,T,,F,0,T,0,"Step 1: Identify the main subject and its traits.
Main subject: He
Traits: mean-spirited, vicious

Step 2: Determine the context of the facts.
Context: He's been mean-spirited and vicious for so long

Step 3: Verify the logical connection between facts and context.
Logical connection: Editors and reporters are tired of hearing about it since he has been vicious for long.

Step 4: Justify the answer.
Justification: The facts state that he has been mean-spirited and vicious for a long time, which implies that his behavior has been consistent and persistent. Therefore, editors and reporters are tired of hearing about it since he has been vicious for long."
entailment,T,,F,0,T,0,"Step 1: Identify the key facts
- Young women
- August
- Light joss sticks
- Pray for good husbands

Step 2: Determine the logical connection between facts
- The young women are gathering at this place
- They are doing these activities
- They are doing these activities for a specific reason

Step 3: Formulate the answer
- The young women converge on this place to light joss sticks and climb the rock because they are praying for good husbands."
entailment,T,,F,0,F,0,"Answer in format: Step X: Y
| Step | Y |
| --- | --- |
| 1 | This is the first step. |
| 2 | This is the second step. |
| 3 | This is the third step. |
| 4 | This is the fourth step. |
| 5 | This is the fifth step. |
| 6 | This is the sixth step. |
| 7 | This is the seventh step. |
| 8 | This is the eighth step. |
| 9 | This is the ninth step. |
| 10 | This is the tenth step. |
| 11 | This is the eleventh step. |
| 12 | This is the twelfth step. |
| 13 | This is the thirteenth step. |
| 14 | This is the fourteenth step. |
| 15 | This is the fifteenth step. |
| 16 | This is the sixteenth step. |
| 17 | This is the seventeenth step. |
| 18 | This is the eighteenth step. |
| 19 | This is the nineteenth step. |
| 20 | This is the twentieth step. |"
entailment,T,,F,0,T,0,"Step 1: Identify the main subject and action
The main subject is the buffaloes, and the action is moving fast.

Step 2: Determine the difficulty level
The difficulty level is moderate, as the buffaloes are moving fast but not too fast to be impossible to keep up with.

Step 3: Consider the context
The context is that the person is wondering how the buffaloes managed to keep up with them, implying that they are not used to this type of movement.

Step 4: Evaluate the statement
The statement ""It seemed difficult, keeping up with the buffaloes"" is accurate, as the buffaloes were moving fast but not too fast to be impossible to keep up with.

Final Answer: The statement is accurate."
entailment,T,T,T,1,T,1,"Step 1: Verify facts
- The Gaiety Theatre is a real location.
- The Gaiety Theatre is located in South King Street.
- The Gaiety Theatre is worth visiting for its ornate decor.

Step 2: Analyze the question
- The question is asking if the Gaiety Theatre is decorated very ornately.

Step 3: Provide reasoning
- The facts confirm that the Gaiety Theatre is worth visiting for its ornate decor.
- Therefore, the answer is true.

Final answer: True"
entailment,T,,F,0,T,0,"The facts suggest that the person is considering volunteering to help with adult literacy or homework help for elementary schools. However, they also mention having children, which may be a factor in their decision. Therefore, the person may be hesitant to volunteer due to the potential conflict between their desire to help others and their own personal circumstances. They may feel guilty or conflicted about their decision to volunteer, as they may feel that they are not doing enough to help others. Overall, the person may be torn between their desire to help others and their own personal circumstances."
contradiction,F,,F,0,F,1,"No one thinks about human factors and I'm not interested in IBM. Step 1: Understand the user's statement
The user is expressing that they are not interested in human factors and IBM. They are not considering these topics or products.

Step 2: Verify the facts
The facts provided by the user are consistent with the user's statement. The user is not interested in human factors and IBM.

Step 3: Answer the question
No one thinks about human factors and I'm not interested in IBM."
contradiction,F,,F,0,F,1,"Reasoning: Step 1: Understand the facts
- Cybernetics is Derry's passion
- Derry knows nothing about cybernetics

Step 2: Determine the logical contradiction
- If Derry knows nothing about cybernetics, then how can he be passionate about it?

Step 3: Provide the answer
- Derry does not know anything about cybernetics."
contradiction,F,,F,0,F,1,"Step 1: Verify facts
- The facts provided are accurate.
- The facts are consistent with historical events and information.

Step 2: Analyze the question
- The question asks if the Grand Trianon palace was the residence of Louis XIV.
- The facts state that the Grand Trianon palace was the home of Louis XIV's mistress, Madame de Maintenon.

Step 3: Answer the question
- The answer is no, the Grand Trianon palace was not the residence of Louis XIV. It was the home of his mistress, Madame de Maintenon."
contradiction,F,,F,0,F,1,"The facts suggest that Beresford is not crazy. Therefore, the answer is False."
contradiction,F,,F,0,F,1,"No, you are not from the U.S. because you are not Canadian."
contradiction,F,,F,0,F,1,"The facts state that the philosophy is to seize present-day opportunities in the thriving economy. Therefore, the answer is no, the philosophy was not to seize opportunities when the economy is doing poorly."
entailment,T,,F,0,T,0,"Reason step by step. Answer: 1. Understand the importance of science education: Science education is crucial for developing critical thinking, problem-solving, and scientific literacy skills. It helps individuals make informed decisions and understand the world around them.

2. Recognize the benefits of science education: Science education can lead to numerous benefits, such as improved health outcomes, increased innovation, and enhanced economic growth.

3. Understand the challenges of science education: Despite its importance, science education can face challenges, such as funding, teacher training, and curriculum development.

4. Recognize the role of science education in society: Science education plays a significant role in shaping society by influencing public policy, scientific research, and technological advancements.

5. Understand the impact of science education on individuals: Science education can have a positive impact on individuals by fostering curiosity, promoting critical thinking, and encouraging innovation.

6. Recognize the importance of science education in the workplace: Science education can help individuals develop the skills necessary for success in the workplace, such as problem-solving, critical thinking, and communication.

7. Understand the role of science education in education: Science education is essential for developing a well-rounded education that prepares students for success in the future.

8. Recognize the importance of science education in research: Science education is crucial for advancing scientific research and understanding the natural world.

9. Understand the role of science education in society: Science education is essential for promoting scientific literacy and understanding, which is crucial for addressing global challenges such as climate change and pandemics.

10. Recognize the importance of science education in the future: Science education is essential for preparing the next generation of scientists, innovators, and leaders who will shape the future of society."
entailment,T,,F,0,F,0,"The facts suggest that the person was an actor who played a child role in a movie. The facts also suggest that the movie was made to look like it was made a long time ago, but the last part of the movie was not made to look like it was made a long time ago. Therefore, the answer to the question is no, the person was not made to age through the years except for the last part of the movie."
entailment,T,,F,0,T,0,"Step 1: Identify the key facts provided.
- Major Republican presidential candidates have avoided the question of creation.
- The question is about the Bible's literal account of creation.
- The question is not about faith, morals, or the idea that humans were created in the image of God.

Step 2: Analyze the facts.
- The facts suggest that the question is about the Bible's literal account of creation.
- The facts also suggest that the question is not about faith, morals, or the idea that humans were created in the image of God.

Step 3: Determine the logical conclusion.
- Since the question is about the Bible's literal account of creation, and not about faith, morals, or the idea that humans were created in the image of God, every major Republican presidential candidate has avoided the question of creation.

Step 4: Justify the conclusion.
- The logical conclusion is based on the facts provided, which indicate that the question is about the Bible's literal account of creation.
- The facts also suggest that the question is not about faith, morals, or the idea that humans were created in the image of God.
- Therefore, the logical conclusion is that every major Republican presidential candidate has avoided the question of creation."
entailment,T,,F,0,T,0,"Reasoning: Step 1: Understand the facts. Facts state that Mainichi Shimbun criticized the new Liberal Democratic Party leader Keizo Obuchi for being devoid of fresh ideas for reviving the Japanese economy. Step 2: Determine the logical connection. The logical connection is that Mainichi Shimbun's criticism is related to Keizo Obuchi's lack of fresh ideas. Step 3: Formulate the answer. Answer: Mainichi Shimbun was critical of Keizo Obuchi, the new Liberal Democratic Party Leader."
entailment,T,,F,0,T,0,"The facts state that the Women's Haven already has a full-time attorney. Therefore, the answer is yes, there is a full-time attorney at the Women's Haven already."
contradiction,F,,F,0,F,1,"Step 1: Verify the facts
- Confirm that the facts provided are accurate and relevant.
- Verify that the person in question is indeed Cynthia.
- Ensure that the facts are not contradictory or inconsistent.

Step 2: Analyze the question
- Understand the question being asked.
- Determine if the question is asking for a specific event or action.
- Identify any assumptions or implications in the question.

Step 3: Answer the question
- Provide a clear and concise answer based on the facts and analysis.
- Consider the context and possible implications of the question.
- Ensure that the answer is relevant and accurate.

Step 4: Provide additional information if necessary
- If the facts or question are not clear or accurate, provide additional information to clarify or correct the situation.
- If the answer is not clear or accurate, provide additional information to clarify or correct the situation.
- Ensure that the answer is relevant and accurate.

Step 5: Verify the answer
- Verify that the answer is correct and relevant.
- Ensure that the answer is consistent with the facts and context.
- Check for any potential errors or inconsistencies in the answer.

Step 6: Provide feedback
- Provide feedback to the person asking the question, indicating whether the answer is correct or not.
- Offer suggestions for improvement or clarification if necessary.
- Ensure that the feedback is constructive and helpful.
- Provide feedback in a timely manner.

Step 7: Follow up
- Follow up with the person asking the question to ensure that they are satisfied with the answer.
- Check if there are any further questions or concerns.
- Ensure that the person asking the question is satisfied with the answer and the follow-up process.

Step 8: Document the conversation
- Document the conversation, including the facts, questions, answers, and any feedback provided.
- Keep a record of the conversation for future reference.
- Ensure that the conversation is documented accurately and thoroughly.
- Verify that the conversation is complete and accurate.

Step 9: Review the conversation
- Review the conversation to ensure that all relevant facts and questions are addressed.
- Check for any potential errors or inconsistencies in the conversation.
- Ensure that the conversation is complete and accurate.
- Verify that the conversation is thorough and comprehensive.

Step 10: Provide a summary
- Provide a summary of the conversation, including the facts, questions, answers, and any feedback provided.
- Ensure that the summary is concise and accurate.
- Verify that the summary is complete and accurate.
- Provide a summary in a timely manner.

Step"
contradiction,F,,F,0,F,1,"Step 1: Understand the facts
The facts state that the Diwan-i-Khas is not necessarily the hall of private audience that its name implies. It is a disputed purpose, and it is not open to the public.

Step 2: Analyze the question
The question asks whether the name of the Diwan-i-Khas suggests that it is open to the public.

Step 3: Answer the question
No, the name of the Diwan-i-Khas does not suggest that it is open to the public. It is a disputed purpose, and it is not necessarily the hall of private audience that its name implies."
contradiction,F,,F,0,F,1,"Reasoning: Step 1: Verify facts. Facts are consistent. Step 2: Generate reasoning. Reasoning follows chain of thought. Facts state 4 million homes watch the evening news on CBS, ABC, and NBC. Therefore, no one watches NBC. Answer: No one watches NBC."
contradiction,F,,F,0,F,1,"No, the facts state that Hans Pfitzner performed Palestrina, not wrote it. Therefore, the facts contradict the question. The answer is no."
entailment,T,,F,0,T,0,The facts tell us that the coins are ancient. So the answer is yes.
contradiction,F,F,F,1,F,1,False. The Eglise Saint-Maclou was built in the 15th century. The Eglise Saint-Michel was built in the 8th century.
contradiction,F,,F,0,F,1,"No, the facts suggest that not everyone was able to remain in their homeland. The facts state that many people had to leave their birthplaces due to the Greek invasion and subsequent occupation. The Greek-ruled islands, Lesvos, Chios, and Samos, were the only places where people were able to remain in their homeland. Therefore, the answer to the question is no."
contradiction,F,,F,0,F,1,"The fact statement is false. Montmartre is lively at night, with famous clubs such as Au Lapin Agile. Therefore, the final answer is False."
entailment,T,,F,0,T,0,"Step 1: Understand the facts
- The person enjoys going out fishing in a boat
- They prefer bank fishing and catch anything swimming
- They have had problems catching certain types of fish

Step 2: Analyze the question
- The person is fishing in the boat and trying to catch any fish
- They have trouble catching certain types of fish

Step 3: Determine the logical connection between facts and question
- The facts suggest that the person enjoys fishing in a boat and prefers bank fishing
- The question implies that the person is having trouble catching certain types of fish

Step 4: Provide a logical answer
- The person enjoys fishing in a boat and prefers bank fishing, but they have trouble catching certain types of fish."
contradiction,F,,F,0,F,1,"Step 1: Understand the facts
The facts provided are about people trying to uphold the law and the speaker's personal opinion on capital punishment.

Step 2: Analyze the question
The question asks if capital punishment should remain illegal.

Step 3: Compare facts and question
The facts state that the speaker believes capital punishment should remain illegal, while the question asks if capital punishment should remain illegal.

Step 4: Answer the question
Based on the facts and the question, the answer is no, capital punishment should not remain illegal."
contradiction,F,,F,0,F,1,"Step 1: Identify the key facts provided.
- Question: Every republican presidential candidate answered the question of creation openly.
- Facts: When asked about the Bible's literal account of creation, as opposed to the attractive concept of divine creation, every major Republican presidential candidate--even Bauer--has squirmed, ducked, and tried to steer the discussion back to faith, morals, and the general idea that humans were created in the image of God.

Step 2: Analyze the facts.
- The facts suggest that the Republican presidential candidates have not answered the question of creation openly.
- They have instead avoided or attempted to steer the discussion back to faith, morals, and the idea that humans were created in the image of God.

Step 3: Determine the answer.
- The answer is False."
entailment,T,,F,0,F,0,"The facts state that the creation took a week. The facts do not state that the reading supposes that creation took a week. Therefore, the answer is it is not possible to tell."
entailment,T,,F,0,T,0,"The answer is yes. Here's why: 
1. Many observers would agree that lowering costs and increasing efficiencies are desirable goals. 
2. Lowering costs can lead to increased profits and better financial performance. 
3. Increasing efficiencies can lead to better resource utilization and reduced waste. 
4. Therefore, many observers would view lowering costs and increasing efficiencies as an extreme step. 
5. However, it is important to note that this is a subjective view and not a definitive conclusion. 
6. Ultimately, the decision to take this step would depend on various factors such as the company's financial situation, industry regulations, and market conditions."
entailment,T,,F,0,T,0,"Step 1: Understand the question
The question is asking if the person needs to get a shade tolerant grass.

Step 2: Analyze the facts
The facts provided are: ""uh-huh so do you have to get a shade tolerant grass is that what you're""

Step 3: Determine the answer
Based on the facts, the answer is yes, the person needs to get a shade tolerant grass.

Final answer: Yes, the person needs to get a shade tolerant grass."
entailment,T,,T,0,T,1,"The answer is true. Reasoning: Menorca is a small island in the Mediterranean Sea. The island is located in the Balearic Islands, which are part of Spain. The Balearic Islands are located in the western Mediterranean Sea. The Balearic Islands are known for their beautiful beaches, warm weather, and mild climate. The Balearic Islands are not known for their cold winter winds. Therefore, the answer is true."
entailment,T,,F,0,T,0,"The facts state that the speaker worries that the lesson is easy for the younger people. Therefore, the answer is yes."
contradiction,F,,F,0,F,1,"The facts state that 'I see.' Therefore, the answer is False."
contradiction,F,,F,0,F,1,"The facts state: and you know if i know that they're gonna be there you know you know you you i try to really watch it and like you say you know really dress up and if i know they're not you know i i've been doing a lot of reorganization you know the last couple of months the same way you are you know and it's just so it's just impossible to crawl down on the floor and dig through boxes in a dress you know it is so The thoughts state: I never try to watch it. Therefore, the answer is no."
entailment,T,,F,0,T,0,"Reasoning: Step 1: Verify facts
- Verify the facts provided are accurate and relevant.
- Confirm the facts are consistent with the user's experience.

Step 2: Analyze facts
- Assess the user's statement about the head gasket issue.
- Determine if the statement is true or false based on the facts provided.

Step 3: Answer question
- Answer the question based on the analysis of facts.
- Provide a clear and concise answer that reflects the user's experience.

Answer: Yes, the Ford Escort worked even with a blown head gasket."
contradiction,F,,F,0,F,1,"Reasoning: Step 1: Identify the key facts provided.
- Facts: I don't know all the answers, fella.
- Question: I know everything there is to know about it.

Step 2: Analyze the facts.
- The person does not know all the answers, but they are confident in their knowledge.
- The question is asking if the person knows everything there is to know about a specific topic.

Step 3: Determine the answer based on the facts.
- Since the person does not know all the answers, they cannot claim to know everything there is to know about a specific topic.
- Therefore, the answer is: No, they do not know everything there is to know about it."
contradiction,F,,F,0,F,1,"No, the facts do not support the conclusion. Here's why:

Step 1: Analyze the facts
- Facts state that the person puts money into their car and doesn't get the money back in two years or three years.
- Facts mention that the person never traded their car off every two years.

Step 2: Compare facts to the conclusion
- The conclusion states that the person gets a brand new car every couple of years.
- The facts contradict this statement, as they imply that the person doesn't get the money back in two years or three years.

Step 3: Determine if the facts support the conclusion
- Since the facts contradict the conclusion, they do not support the conclusion.

Conclusion: The facts do not support the conclusion that the person gets a brand new car every couple of years."
entailment,T,,F,0,T,0,"The facts state that once they know their Social Security benefits promised under current law, workers can calculate how much they can expect from employer-sponsored pension plans and how much they need to save on their own for retirement. Therefore, the answer is yes."
contradiction,F,,F,0,F,1,"Reasoning: Step 1: Identify the location of Kadifekale. Kadifekale is located at the top of the hill. Step 2: Determine the location of the church. The church is located at the bottom of the hill. Step 3: Compare the locations. Since Kadifekale is at the top of the hill and the church is at the bottom, the statement is false. Therefore, the church Kadifekale is not located at the bottom of the hill."
entailment,T,,F,0,T,0,"Step 1: Understand the facts
- Facts: I'm not sentimental, you know."" She paused.
- Facts: She claimed not to be sentimental.

Step 2: Analyze the question
- Question: She claimed not to be sentimental.
- Question: She claimed not to be sentimental.

Step 3: Compare the facts and question
- Facts: I'm not sentimental, you know."" She paused.
- Facts: She claimed not to be sentimental.
- Question: She claimed not to be sentimental.

Step 4: Determine if the facts support the question
- Facts: I'm not sentimental, you know."" She paused.
- Facts: She claimed not to be sentimental.
- Question: She claimed not to be sentimental.

Step 5: Answer the question based on the facts
- Answer: Yes, the facts support the question."
contradiction,F,,F,0,F,1,"The answer is no. Reasoning: Drugs are legal in the US. Therefore, the final answer is no."
contradiction,F,F,F,1,F,1,"False
Reasoning: The facts suggest that the person has watched aerobics classes before, as they mention watching Knots Landing on Thursday nights. Therefore, the statement ""I've never been to an aerobics class before"" is false."
contradiction,F,,F,0,F,1,"Reasoning: Step 1: Identify the facts provided.
- Facts: right yeah that's it's always handy to have that that credit card for whatever it is that you might need it for
Step 2: Analyze the facts.
- Facts imply that having a credit card is useful for various purposes.
Step 3: Determine the truth of the statement.
- Statement: It is not necessary to have a credit card.
- Facts suggest that having a credit card is necessary for some purposes.
Conclusion: The statement is false."
entailment,T,,F,0,T,0,"The answer is yes. Chain of thought: The Base Estimate of benefits is based on primary data. The Base Estimate of benefits is not based on supplemental data. Therefore, the final answer is yes."
contradiction,F,,F,0,F,1,"Reasoning: Step 1: Verify the facts. Step 2: Determine the purpose of the facts. Step 3: Determine the intended audience. Step 4: Determine the intended message. Step 5: Determine the appropriate response. Answer: We need to send your comments both in writing and on diskette (in Word or ASCII format) because we need to use the mail. We don't need more than one copy of your comments, either a diskette or writing will do because we don't need more than one copy."
contradiction,F,,F,0,T,1,Thoughts: 1. Verify the facts: Were you in company with anyone? 2. Verify the facts: Were you awake? 3. Verify the facts: Were you asleep? 4. Verify the facts: Were you in a dream state? 5. Verify the facts: Were you in a state of consciousness? 6. Verify the facts: Were you in a state of unconsciousness? 7. Verify the facts: Were you in a state of sleep? 8. Verify the facts: Were you in a state of dreaming? 9. Verify the facts: Were you in a state of consciousness? 10. Verify the facts: Were you in a state of unconsciousness? 11. Verify the facts: Were you in a state of sleep? 12. Verify the facts: Were you in a state of dreaming? 13. Verify the facts: Were you in a state of consciousness? 14. Verify the facts: Were you in a state of unconsciousness? 15. Verify the facts: Were you in a state of sleep? 16. Verify the facts: Were you in a state of dreaming? 17. Verify the facts: Were you in a state of consciousness? 18. Verify the facts: Were you in a state of unconsciousness? 19. Verify the facts: Were you in a state of sleep? 20. Verify the facts: Were you in a state of dreaming? 21. Verify the facts: Were you in a state of consciousness? 22. Verify the facts: Were you in a state of unconsciousness? 23. Verify the facts: Were you in a state of sleep? 24. Verify the facts: Were you in a state of dreaming? 25. Verify the facts: Were you in a state of consciousness? 26. Verify the facts: Were you in a state of unconsciousness? 27. Verify the facts: Were you in a state of sleep? 28. Verify the facts: Were you in a state of dreaming? 29. Verify the facts: Were you in a state of consciousness? 30. Verify the facts: Were you in a state of unconsciousness? 31. Verify the facts: Were you in a state of sleep? 32. Verify the facts: Were you in a state of dreaming? 33. Verify the facts: Were you
entailment,T,,F,0,T,0,"The facts state that if you still want to join, it might be worked. Therefore, the answer is yes."
contradiction,F,,F,0,F,1,The relevant facts are: A student visa overstayer is not going to be a high priority for pro bono assistance. The answer is no. Q: If someone is not going to be a high priority for pro bono assistance then they are not going to be a high priority for pro bono assistance. Facts: The man was not a good person. The man was not a good person. The man was not a good person. The man was not a good person. The man was not a good person. The man was not a good person. The man was not a good person. The man was not a good person. The man was not a good person. The man was not a good person. The man was not a good person. The man was not a good person. The man was not a good person. The man was not a good person. The man was not a good person. The man was not a good person. The man was not a good person. The man was not a good person. The man was not a good person. The man was not a good person. The man was not a good person. The man was not a good person. The man was not a good person. The man was not a good person. The man was not a good person. The man was not a good person. The man was not a good person. The man was not a good person. The man was not a good person. The man was not a good person. The man was not a good person. The man was not a good person. The man was not a good person. The man was not a good person. The man was not a good person. The man was not a good person. The man was not a good person. The man was not a good person. The man was not a good person. The man was not a good person. The man was not a good person. The man was not a good person. The man was not a good person. The man was not a good person. The man was not a good person. The man was not a good person. The man was not a good person. The man was not a good person. The man was not a good person. The man was not a good person. The man was not a good person. The man was not a good person. The man was not a good person. The man was not a good person. The man was not a good person. The man was not a good person.
contradiction,F,,F,0,F,1,"No, the facts do not imply that she quickly ate his remains to steal all the nutrients for herself. Here's a step-by-step explanation:

1. Facts: She buried his remains to spare her mother the gruesome sight.
   Justification: This statement implies that the person buried the remains to avoid showing them to others, possibly to avoid causing distress or pain to someone else.

2. Question: She quickly ate his remains to steal all the nutrients for herself.
   Justification: This question suggests that the person ate the remains to gain nutrients for themselves, which is not consistent with the facts. The facts state that the person buried the remains to avoid showing them to others, not to steal nutrients.

3. Conclusion: The facts do not imply that she quickly ate his remains to steal all the nutrients for herself.
   Justification: The facts and the question contradict each other, so the answer is no."
entailment,T,,F,0,T,0,"Step 1: Identify the main subjects in the facts. The main subjects are the top dogs.
Step 2: Determine the main actions in the facts. The main actions are facing challenges.
Step 3: Identify the main objects in the facts. The main objects are not explicitly mentioned.
Step 4: Determine the main relationships between the main subjects and objects. There are no explicit relationships mentioned.
Step 5: Verify the consistency of the facts. The facts are consistent and coherent.
Step 6: Formulate the question. Based on the facts, the question is: These top dogs face two challenges."
contradiction,F,,F,0,F,1,"The facts state that the Satheri is a threat to the group. Therefore, the answer is no."
entailment,T,,F,0,T,0,"Reasoning: Step 1: Identify the person's location
Step 2: Determine the reason for the inquiry
Step 3: Formulate a question based on the information gathered
Step 4: Ask the question
Step 5: Wait for a response
Step 6: Verify the accuracy of the response
Step 7: Consider the implications of the response
Step 8: Reflect on the conversation's purpose and implications
Step 9: Evaluate the effectiveness of the inquiry and response
Step 10: Adjust the inquiry or response as needed"
contradiction,F,,F,0,F,1,"Reasoning: Step 1: Understand the context of the statement. The statement is a compliment, implying that the person has done well in some aspect.

Step 2: Analyze the question. The question is asking for the opposite of the statement, which implies that the person has not done well.

Step 3: Compare the statement and the question. The statement is a compliment, while the question is asking for the opposite of the compliment.

Step 4: Determine the answer. Since the statement is a compliment, the answer is no, you have not done very well."
contradiction,F,,F,0,F,1,"Possible answers: I will plant a tree in their garden. I will plant a flower in their garden. I will plant a tree in their garden. I will plant a flower in their garden.
Answer:
I will plant a tree in their garden."
entailment,T,,T,0,T,1,The answer is yes. Reasoning: A special bargain price for just one week only could turn out to be a year-round scam because the price is too good to be true. The price could be a trick to get people to buy more than they need.
entailment,T,,T,0,T,1,"Step 1: Verify facts
- The Korean War took place from 1950 to 1953.
- Japan was involved in the conflict as a neutral country.
- The Korean War was a conflict between North and South Korea, not Japan and Korea.
Step 2: Analyze the facts
- The Korean War was a significant event in the history of both Japan and Korea.
- Japan's economy was heavily impacted by the war, leading to a need for increased production and supply.
- The outbreak of the Korean War coincided with Japan's economic boom, which was fueled by the war's demand for military goods.
Step 3: Determine the truth of the statement
- The statement is true.
- Japan became the local supplier for Korea during the Korean War."
contradiction,F,,F,0,T,1,"Step 1: Identify the key facts provided.
- You're a living desert camel.
Step 2: Verify the facts.
- A desert camel is a type of camel that is native to the desert regions of the world.
- Desert camels are adapted to living in arid environments and have specialized features to help them survive in the harsh conditions.
Step 3: Determine the logical conclusion.
- Since you are a living desert camel, you have the characteristics and abilities of a desert camel.
Answer: You're a living desert camel."
entailment,T,,F,0,T,0,"Step 1: Identify the major theories about why people save. Step 2: Describe various factors associated with the decline in personal saving. Step 3: Provide a brief summary of the report. Step 1: Major theories about why people save include:
1. Rational Expectations Theory: People save to meet their future financial needs, such as paying for college or retirement.
2. Risk-Aversion Theory: People save to reduce the risk of financial loss, such as losing a job or experiencing a medical emergency.
3. Financial Insecurity Theory: People save to protect themselves from financial insecurity, such as losing a job or experiencing a medical emergency.
4. Psychological Factors: People save to meet their emotional needs, such as feeling secure or feeling like they are contributing to society.
5. Cultural Factors: People save to conform to cultural norms and expectations, such as saving for funerals or weddings.
6. Economic Factors: People save to meet their economic needs, such as paying for housing or transportation.
7. Government Policies: People save to comply with government policies, such as saving for taxes or saving for public services.
Step 2: Various factors associated with the decline in personal saving include:
1. Economic Uncertainty: Economic uncertainty, such as high unemployment rates or a recession, can lead people to save more.
2. Financial Insecurity: Financial insecurity, such as losing a job or experiencing a medical emergency, can lead people to save more.
3. Psychological Factors: Psychological factors, such as feeling secure or feeling like they are contributing to society, can lead people to save more.
4. Cultural Factors: Cultural factors, such as saving for funerals or weddings, can lead people to save more.
5. Government Policies: Government policies, such as saving for taxes or saving for public services, can lead people to save more.
Step 3: Brief summary of the report: The report provides an overview of the major theories about why people save and describes various factors associated with the decline in personal saving. The report also provides a brief summary of the report."
entailment,T,,F,0,F,0,"Step 1: Identify the main subject
The main subject in this context is ""Punditus Interruptus,"" which is likely a fictional character or a title of a book, article, or any other work of literature.

Step 2: Determine the context
The context is ""The Final,"" which implies that this is the final or concluding part of a work. It could be a book, article, or any other work of literature.

Step 3: Identify the specific details
The specific details in this case are ""Punditus Interruptus,"" which is the main subject of the work. It is unclear what this character or title refers to, but it is likely a fictional character or a title of a book, article, or any other work of literature.

Step 4: Formulate the answer
Based on the information provided, the answer to the question ""The Last Punditus Interruptus"" would be the title of the work, which is ""The Final Punditus Interruptus."" However, without more specific details, it is impossible to provide a more accurate answer."
contradiction,F,,F,0,F,1,The answer is no. Reasoning: The report details federal physical property and nonfederal physical property. The report does not detail federal physical property and federal physical property. The report details federal physical property and nonfederal physical property. The report does not detail federal physical property and nonfederal physical property. The report details federal physical property and nonfederal physical property. The report does not detail federal physical property and nonfederal physical property. The report details federal physical property and nonfederal physical property. The report does not detail federal physical property and nonfederal physical property. The report details federal physical property and nonfederal physical property. The report does not detail federal physical property and nonfederal physical property. The report details federal physical property and nonfederal physical property. The report does not detail federal physical property and nonfederal physical property. The report details federal physical property and nonfederal physical property. The report does not detail federal physical property and nonfederal physical property. The report details federal physical property and nonfederal physical property. The report does not detail federal physical property and nonfederal physical property. The report details federal physical property and nonfederal physical property. The report does not detail federal physical property and nonfederal physical property. The report details federal physical property and nonfederal physical property. The report does not detail federal physical property and nonfederal physical property. The report details federal physical property and nonfederal physical property. The report does not detail federal physical property and nonfederal physical property. The report details federal physical property and nonfederal physical property. The report does not detail federal physical property and nonfederal physical property. The report details federal physical property and nonfederal physical property. The report does not detail federal physical property and nonfederal physical property. The report details federal physical property and nonfederal physical property. The report does not detail federal physical property and nonfederal physical property. The report details federal physical property and nonfederal physical property. The report does not detail federal physical property and nonfederal physical property. The report details federal physical property and nonfederal physical property. The report does not detail federal physical property and nonfederal physical property. The report details federal physical property and nonfederal physical property. The report does not detail federal physical property and nonfederal physical property. The report details federal physical property and nonfederal physical property. The report does not detail federal physical property and nonfederal physical property. The report
entailment,T,,F,0,T,0,"Step 1: Understand the facts
- The facts state that the person's mother is domineering.
- The person's mother had to take over things that the person's father fell short in.
Step 2: Analyze the question
- The question asks if the person's mother was domineering since she filled in their father's shoes.
Step 3: Answer the question
- Yes, the person's mother was domineering since she filled in their father's shoes. This is because the person's mother had to take over the things that their father fell short in, which implies that she was in charge of the family and made decisions that affected the person's life."
contradiction,F,,F,0,F,1,"No, the Ancient Egyptians found something of use in the Sinai. The Sinai was known for its turquoise, which was highly valued in ancient Egypt. However, the statement is incorrect as the Ancient Egyptians found something of use in the Sinai, which was the turquoise."
contradiction,F,,F,0,F,1,"The facts state that L.A. offers a lot of things. Therefore, the answer is false."
contradiction,F,,F,0,F,1,"The answer is no. Here's why: The facts state that this points to a final press-friendly quality of McCain' brilliant flattery. Therefore, the opposite of this is that this does not lead to a final press-friendly quality of McCain' brilliant flattery."
entailment,T,,F,0,T,0,"The facts state that several of its beaches are officially designated for nudism. Therefore, the answer is yes."
contradiction,F,,F,0,F,1,"No remains visible from the ramp is false. The facts state that there are no remains visible from the ramp. Therefore, the final answer is no remains visible from the ramp."
entailment,T,,F,0,T,0,"Reasoning: Step 1: Understand the context. The facts state that managing better requires sound financial and program information. Step 2: Evaluate the relevance. The question asks if agencies need sound financial and program information for good management. Step 3: Justify the answer. Agencies need sound financial and program information for good management because it helps them make informed decisions, allocate resources effectively, and ensure accountability."
contradiction,F,,F,0,F,1,"No, the facts state that the borrower needed to put down a stated income to qualify. Therefore, the answer is No, he didn't think he didn't need anything to qualify."
entailment,T,,F,0,T,0,"Reasoning: Step 1: Identify the genre of the work. The work is a white house murder mystery.

Step 2: Research the genre. White house murder mysteries are a subgenre of mystery novels that focus on a fictional president or other high-ranking official as the main character.

Step 3: Identify other works in the genre. There are several other works in the white house murder mystery genre, including:

- ""The President's Wife"" by Mary Higgins Clark
- ""The President's Daughter"" by Mary Higgins Clark
- ""The President's Daughter's Secret"" by Mary Higgins Clark
- ""The President's Daughter's Secret"" by Mary Higgins Clark
- ""The President's Daughter's Secret"" by Mary Higgins Clark
- ""The President's Daughter's Secret"" by Mary Higgins Clark
- ""The President's Daughter's Secret"" by Mary Higgins Clark
- ""The President's Daughter's Secret"" by Mary Higgins Clark
- ""The President's Daughter's Secret"" by Mary Higgins Clark
- ""The President's Daughter's Secret"" by Mary Higgins Clark
- ""The President's Daughter's Secret"" by Mary Higgins Clark
- ""The President's Daughter's Secret"" by Mary Higgins Clark
- ""The President's Daughter's Secret"" by Mary Higgins Clark
- ""The President's Daughter's Secret"" by Mary Higgins Clark
- ""The President's Daughter's Secret"" by Mary Higgins Clark
- ""The President's Daughter's Secret"" by Mary Higgins Clark
- ""The President's Daughter's Secret"" by Mary Higgins Clark
- ""The President's Daughter's Secret"" by Mary Higgins Clark
- ""The President's Daughter's Secret"" by Mary Higgins Clark
- ""The President's Daughter's Secret"" by Mary Higgins Clark
- ""The President's Daughter's Secret"" by Mary Higgins Clark
- ""The President's Daughter's Secret"" by Mary Higgins Clark
- ""The President's Daughter's Secret"" by Mary Higgins Clark
- ""The President's Daughter's Secret"" by Mary Higgins Clark
- ""The President's Daughter's Secret"" by Mary Higgins Clark
- ""The President's Daughter's Secret"" by Mary Higgins Clark
- ""The President's Daughter's Secret"" by Mary Higgins Clark
- ""The President's Daughter's Secret"" by Mary Higgins Clark
- ""The President's Daughter's Secret"" by Mary Higgins Clark
- ""The President's Daughter's Secret"" by Mary Higgins Clark
- ""The President's Daughter's Secret"" by Mary Higgins"
