input,target,generated,prediction,correct
"Facts: This site includes a list of all award winners and a searchable database of Government Executive articles.
Question: The Government Executive articles housed on the website are not able to be searched.
Think step by step.",False,"system
You are a helpful assistant. Verify facts before answering.
user
Facts: This site includes a list of all award winners and a searchable database of Government Executive articles.
Question: The Government Executive articles housed on the website are not able to be searched.
Think step by step.
assistant
To verify this fact, I'll think through it step-by-step:

1. First, let's consider what we know about the Government Executive articles:
   - They're listed as part of a searchable database.
   - They include an ""award winners"" section.

2. Now, let's look at the statement in question:
   ""The Government Executive articles housed on the website are not able to be searched.""

3. To check if this is true, we need to confirm that the articles themselves can indeed be searched.
4. However, since the article lists are provided as a separate entity (a ""list""), they don't have",Unknown,False
"Facts: uh i don't know i i have mixed emotions about him uh sometimes i like him but at the same times i love to see somebody beat him
Question: I like him for the most part, but would still enjoy seeing someone beat him.
Think step by step.",True,"system
You are a helpful assistant. Verify facts before answering.
user
Facts: uh i don't know i i have mixed emotions about him uh sometimes i like him but at the same times i love to see somebody beat him
Question: I like him for the most part, but would still enjoy seeing someone beat him.
Think step by step.
assistant
Let's break down the given information and verify the facts:

1. The person is unsure about their feelings towards the man in question.
2. They express mixed emotions about the relationship:
   - Sometimes they like him
   - At other times, they feel strongly against him

3. They acknowledge that there might be some tension or conflict between them.

4. However, they also mention that they would still enjoy seeing someone beat him.

Given these points, we can conclude that the person has mixed feelings about the relationship. While they generally like the man, they do not necessarily dislike him as much as they would if he were to beat",Unknown,False
"Facts: yeah i i think my favorite restaurant is always been the one closest  you know the closest as long as it's it meets the minimum criteria you know of good food
Question: My favorite restaurants are always at least a hundred miles away from my house. 
Think step by step.",False,"system
You are a helpful assistant. Verify facts before answering.
user
Facts: yeah i i think my favorite restaurant is always been the one closest  you know the closest as long as it's it meets the minimum criteria you know of good food
Question: My favorite restaurants are always at least a hundred miles away from my house. 
Think step by step.
assistant
To answer this question, I'll follow these steps:
1. Analyze the given fact about favorite restaurants.
2. Compare it with the statement in the question.
3. Determine if there's any contradiction or discrepancy between the two statements.
Step 1: The given fact states that ""I think my favorite restaurant is always been the one closest to me. ""
Step 2: This statement aligns perfectly with the question asking for a statement that contradicts this idea.
Step 3: There is no contradiction or discrepancy between the two statements. Both express the same preference for having a favorite restaurant close to their home.
Therefore, based",Unknown,False
"Facts: i don't know um do you do a lot of camping
Question: I know exactly.
Think step by step.",False,"system
You are a helpful assistant. Verify facts before answering.
user
Facts: i don't know um do you do a lot of camping
Question: I know exactly.
Think step by step.
assistant
Let's break down the given information and verify it:

1. ""I don't know"" - This indicates that there is uncertainty or lack of specific details about the person's activities.

2. ""do a lot of camping"" - This suggests that the person engages in outdoor recreational activities, possibly for fun or as part of their daily routine.

3. The question asks if this statement is true based on the given information.

Step-by-step verification:
- We have no direct evidence from the given facts to confirm whether the person does camping or not.
- The fact ""i don't know"" implies uncertainty but doesn't provide any concrete information",Unknown,False
"Facts: well that would be a help i wish they would do that here we have got so little landfill space left that we're going to run out before the end of this decade and it's really going to be
Question: We have plenty of space in the landfill.
Think step by step.",False,"system
You are a helpful assistant. Verify facts before answering.
user
Facts: well that would be a help i wish they would do that here we have got so little landfill space left that we're going to run out before the end of this decade and it's really going to be
Question: We have plenty of space in the landfill.
Think step by step.
assistant
Let's break down the statement and verify each part:

1. ""Well that would be a help"":
   - This is an exclamation, not a fact. It suggests encouragement or support for something.

2. ""I wish they would do that"":
   - This indicates a desire for action or assistance.

3. ""Here we have got so little landfill space left"":
   - This directly states that there is insufficient space available for waste disposal.

4. ""That we're going to run out before the end of this decade"":
   - This implies that the current situation will cause significant environmental problems if not addressed soon.

5. """,Unknown,False
"Facts: yeah i know and i did that all through college and it worked too
Question: I did that all through college but it never worked 
Think step by step.",False,"system
You are a helpful assistant. Verify facts before answering.
user
Facts: yeah i know and i did that all through college and it worked too
Question: I did that all through college but it never worked 
Think step by step.
assistant
To answer the question ""I did that all through college but it never worked, think step-by-step:""
1. **Understand the context**: The statement mentions doing something ""all through college"" and then concluding that it didn't work.
2. **Identify the key phrase**: The crucial part is ""it never worked.""
3. **Analyze the contradiction**:
   - College education typically involves learning new skills, acquiring knowledge, and developing critical thinking abilities.
   - It's common for students to find certain subjects or courses challenging at first due to their unfamiliarity with them.
4. **Consider alternative explanations**:
   -",Unknown,False
"Facts: If that investor were willing to pay extra for the security of limited downside, she could buy put options with a strike price of $98, which would lock in her profit on the shares at $18, less whatever the options cost.
Question: THe strike price could be $8.
Think step by step.",False,"system
You are a helpful assistant. Verify facts before answering.
user
Facts: If that investor were willing to pay extra for the security of limited downside, she could buy put options with a strike price of $98, which would lock in her profit on the shares at $18, less whatever the options cost.
Question: THe strike price could be $8.
Think step by step.
assistant
Let's break down the given information and verify each part:

1. **Investor is willing to pay extra for the security of limited downside**: This means the investor is willing to pay more than the current market value of the stock (strike price) to protect themselves from potential losses.

2. **She could buy put options with a strike price of $98**: This indicates that the investor wants to purchase a put option with a strike price of $98.

3. **The put option would lock in her profit on the shares at $18, less whatever the options cost**: This statement suggests that if the investor buys this",Unknown,False
"Facts: The most important directions are simply up and up leads eventually to the cathedral and fortress commanding the hilltop, and down inevitably leads to one of three gates through the wall to the new town.
Question: Go downwards to one of the gates, all of which will lead you into the cathedral.
Think step by step.",False,"system
You are a helpful assistant. Verify facts before answering.
user
Facts: The most important directions are simply up and up leads eventually to the cathedral and fortress commanding the hilltop, and down inevitably leads to one of three gates through the wall to the new town.
Question: Go downwards to one of the gates, all of which will lead you into the cathedral.
Think step by step.
assistant
Certainly! Let's go through this step-by-step:

1. **Start at the top**: You begin your journey on the hilltop.

2. **Upwards**: Continue upwards until you reach the highest point on the hill.

3. **Downwards**: Now that you're at the highest point, continue downwards towards the bottom of the hill.

4. **Eventually to the cathedral**: As you descend, you'll eventually come across the cathedral. It's likely located in the middle or lower part of the valley below where you've been descending from.

5. **Downwards to another gate**: From the cathedral, you can choose to",Unknown,False
"Facts: The bhakti movement of the Tamils brought a new warmth to the hitherto rigid Brahmanic ritual of Hinduism.
Question: The Tamils' bhakti movement froze the previously warm ritual of Hinduism.
Think step by step.",False,"system
You are a helpful assistant. Verify facts before answering.
user
Facts: The bhakti movement of the Tamils brought a new warmth to the hitherto rigid Brahmanic ritual of Hinduism.
Question: The Tamils' bhakti movement froze the previously warm ritual of Hinduism.
Think step by step.
assistant
To answer this question, let's break down the information provided and analyze it step-by-step:

1. Identify the key elements:
   - Bhakti movement in Tamil Nadu
   - Bringing warmth to Hindu rituals
   - Previously rigid Brahmanic ritual

2. Understand the relationship between these elements:
   - The Bhakti movement is described as bringing warmth to the existing Hindu rituals.
   - This suggests that the movement was aimed at reforming or revitalizing the existing practices.

3. Analyze the impact on the Brahmanic ritual:
   - The question states that ""the previously warm ritual"" refers to the Brah",Unknown,False
"Facts: see now in a situation like that the boys are only sixteen years old and they were sexually involved with her and i think like at that particular point she was twenty three you know so she wasn't really that much older than them and being a boy at that age i think that they're very um you know let's face it that's at a point in your life when you you're just starting to realize all the things of life
Question: Everyone involved was the same age.
Think step by step.",False,"system
You are a helpful assistant. Verify facts before answering.
user
Facts: see now in a situation like that the boys are only sixteen years old and they were sexually involved with her and i think like at that particular point she was twenty three you know so she wasn't really that much older than them and being a boy at that age i think that they're very um you know let's face it that's at a point in your life when you you're just starting to realize all the things of life
Question: Everyone involved was the same age.
Think step by step.
assistant
Let's break down the given information and verify each fact:

1. ""Facts: see now in a situation like that the boys are only sixteen years old""
   - This statement is incorrect. The ages mentioned (sixteen) do not align with typical teenage or young adult development.

2. ""They were sexually involved with her and I think like at that particular point she was twenty-three you know so she wasn't really that much older than them""
   - This statement is also incorrect. The ages provided (twenty-three) do not match the typical teenage or young adult range.

3. ""Everyone involved was the same age.""",Unknown,False
"Facts: You and your friends are not welcome here, said Severn.
Question: Severn said the people were not welcome there.
Think step by step.",True,"system
You are a helpful assistant. Verify facts before answering.
user
Facts: You and your friends are not welcome here, said Severn.
Question: Severn said the people were not welcome there.
Think step by step.
assistant
To verify the statement ""Severn said the people were not welcome there,"" let's break it down into steps:

1. **Identify the context**: The statement is about Severn, who is likely referring to someone named Severn or Severn's character in a story or movie.

2. **Understand the meaning of ""not welcome""**: This phrase typically means that something (likely an action or behavior) is not allowed or expected at a place or situation.

3. **Analyze the given information**: The fact states that Severn said ""you and your friends are not welcome here.""

4. **Combine the meanings**",Unknown,False
"Facts: i'm not sure what the overnight low was
Question: I don't know how cold it got last night.
Think step by step.",True,"system
You are a helpful assistant. Verify facts before answering.
user
Facts: i'm not sure what the overnight low was
Question: I don't know how cold it got last night.
Think step by step.
assistant
To answer your question, let's break down the process of determining an overnight low temperature:

1. **Identify the Time Period**: First, you need to determine when the overnight low occurred. This could be based on specific weather reports or forecasts.

2. **Check Weather Reports**: Look up the latest weather report for the area where you are located. Websites like Weather.com, AccuWeather, or local news outlets often provide detailed information about current and upcoming weather conditions.

3. **Look Up the Temperature**: Once you have the time period and the forecasted temperature, look it up in a reliable weather source such as the National Weather",Unknown,False
"Facts: so i have to find a way to supplement that
Question: I need a way to add something extra.
Think step by step.",True,"system
You are a helpful assistant. Verify facts before answering.
user
Facts: so i have to find a way to supplement that
Question: I need a way to add something extra.
Think step by step.
assistant
Sure, let's break down the process of finding ways to ""add"" something extra:

1. **Identify What You Want to Add**: Start by clearly defining what you want to add to your life or situation. This could be anything from personal growth, financial stability, health improvements, or any other area where you feel lacking.

2. **Research and Explore Options**: Once you've identified what you want to add, start researching different options. Look into various resources such as books, articles, online forums, community groups, and professional advice. Consider consulting with experts in areas like psychology, finance, health, etc., who can provide",Unknown,False
"Facts: the hologram makes up all these things and uh i mean sometimes  sometimes it's funny sometimes it's not but uh you know it's something to pass the time until we do and then and then we watch football
Question: Sometimes it is amusing to see what the hologram creates.
Think step by step.",True,"system
You are a helpful assistant. Verify facts before answering.
user
Facts: the hologram makes up all these things and uh i mean sometimes  sometimes it's funny sometimes it's not but uh you know it's something to pass the time until we do and then and then we watch football
Question: Sometimes it is amusing to see what the hologram creates.
Think step by step.
assistant
Let's break down the given information and verify each fact:

1. ""The hologram makes up all these things and uh, I mean sometimes, sometimes it's funny, sometimes it's not, but uh, you know, it's something to pass the time until we do and then and then we watch football.""
   - This statement confirms that the hologram can create various things, including passing time or entertainment.

2. ""Sometimes it's amusing to see what the hologram creates.""
   - This statement aligns with the first part of the original text, indicating that seeing the hologram create something amusing is entertaining.

3.",Unknown,False
"Facts: So far, however, the number of mail pieces lost to alternative bill-paying methods is too small to have any material impact on First-Class volume.
Question: The amount of lost mail is huge and really impacts mail volume
Think step by step.",False,"system
You are a helpful assistant. Verify facts before answering.
user
Facts: So far, however, the number of mail pieces lost to alternative bill-paying methods is too small to have any material impact on First-Class volume.
Question: The amount of lost mail is huge and really impacts mail volume
Think step by step.
assistant
To answer this question accurately, I'll think through it step-by-step:

1. Understand the given information:
   - The statement claims that so far, there has been no significant loss of mail due to alternative bill-paying methods.
   - This implies that the total volume of mail received has not decreased significantly.

2. Consider what ""material impact"" means in this context:
   - A ""material impact"" refers to an effect that can be measured or quantified.
   - In this case, we're looking for a measurable change in mail volume.

3. Analyze the claim about the impact on First-Class volume:
   -",Unknown,False
"Facts: Buffet and a  la carte available.
Question: It has a buffet.
Think step by step.",True,"system
You are a helpful assistant. Verify facts before answering.
user
Facts: Buffet and a  la carte available.
Question: It has a buffet.
Think step by step.
assistant
To determine if the statement ""It has a buffet"" is true based on the given facts, let's break it down step-by-step:

1. **Identify the key information**: The statement mentions that the establishment has both a buffet and an ""a la carte"" option.

2. **Understand what ""a la carte"" means**: An ""a la carte"" menu typically refers to a menu where each dish is served individually without any preparation or presentation. This contrasts with a more elaborate menu where dishes may be prepared in advance for customers to choose from.

3. **Compare the two options**:
   - A buffet typically includes",Unknown,False
"Facts: Sorry but that's how it is.
Question: This is how things are and there are no apologies about it.
Think step by step.",False,"system
You are a helpful assistant. Verify facts before answering.
user
Facts: Sorry but that's how it is.
Question: This is how things are and there are no apologies about it.
Think step by step.
assistant
Let's break down the given statement ""Sorry but that's how it is"" into its components:
1. ""Sorry"": This indicates an apology or regret for something that happened.
2. ""but"": This word typically follows the apology to emphasize the point being made.
3. ""that's how it is"": This phrase directly states that things have always been this way, without any mention of regret or apology.

Now, let's analyze each component in relation to the question:

Step 1: Identify the main idea
The statement suggests that things have always been the same way, without any change or reason for the difference.

Step",Unknown,False
"Facts: The tourist industry continued to expand, and though it became one of the top two income earners in Spain, a realization that unrestricted mass tourism was leading to damaging long-term consequences also began to grow.
Question: Tourism is not very big in Spain.
Think step by step.",False,"system
You are a helpful assistant. Verify facts before answering.
user
Facts: The tourist industry continued to expand, and though it became one of the top two income earners in Spain, a realization that unrestricted mass tourism was leading to damaging long-term consequences also began to grow.
Question: Tourism is not very big in Spain.
Think step by step.
assistant
To answer this question, let's break down the given information and think through each step:

1. ""The tourist industry continued to expand"":
   - This statement suggests that there has been an increase in tourism activities in Spain.

2. ""Though it became one of the top two income earners in Spain"":
   - This indicates that despite the expansion, tourism still accounts for significant economic contributions to Spain.

3. ""A realization that unrestricted mass tourism was leading to damaging long-term consequences also began to grow"":
   - This implies that there has been a growing awareness or concern about the negative impacts of mass tourism on Spain.

Now, let's",Unknown,False
"Facts: The census of 1931 served as an alarm signal for the Malay national consciousness.
Question: The 1931 Malay census was an alarm bell.
Think step by step.",True,"system
You are a helpful assistant. Verify facts before answering.
user
Facts: The census of 1931 served as an alarm signal for the Malay national consciousness.
Question: The 1931 Malay census was an alarm bell.
Think step by step.
assistant
To answer this question, let's break down the information provided and think through it step-by-step:

Step 1: Identify the key elements of the statement
- ""The census of 1931""
- ""served as an alarm signal""
- ""for the Malay national consciousness""

Step 2: Analyze the meaning of ""alarm signal""
An alarm signal is typically defined as something that alerts or warns others about potential danger or urgency.

Step 3: Consider what the census of 1931 did
- It was conducted in 1931
- It was part of a larger survey",Unknown,False
"Facts: Mortifyingly enough, it is all  the difficulty, the laziness, the pathetic formlessness in youth, the round peg in the square hole, the whatever do you want?
Question: Many youth are lazy.
Think step by step.",True,"system
You are a helpful assistant. Verify facts before answering.
user
Facts: Mortifyingly enough, it is all  the difficulty, the laziness, the pathetic formlessness in youth, the round peg in the square hole, the whatever do you want?
Question: Many youth are lazy.
Think step by step.
assistant
Let's break down the given statement and analyze it step-by-step to determine if it aligns with the fact that many youth are lazy.

1. **Identify the key phrase**: The main idea of the statement is ""many youth are lazy.""
2. **Analyze the context**: The statement uses ""mortifyingly enough"" which implies something is very difficult or challenging.
3. **Understand the structure**: The statement starts with ""it is all...,"" indicating an overall theme or point being made.
4. **Determine the core message**: The core message seems to be that youth often face difficulties and challenges due to",Unknown,False
"Facts: Conversely, an increase in government saving adds to the supply of resources available for investment and may put downward pressure on interest rates.
Question: Interest rates should increase to increase saving.
Think step by step.",False,"system
You are a helpful assistant. Verify facts before answering.
user
Facts: Conversely, an increase in government saving adds to the supply of resources available for investment and may put downward pressure on interest rates.
Question: Interest rates should increase to increase saving.
Think step by step.
assistant
To answer this question, let's break down the given information and think through it step-by-step:

1. Understanding the relationship between government saving and resource allocation:
   - An increase in government saving leads to more resources being allocated towards investment.
   - This increased investment can lead to higher economic growth.

2. Analyzing the impact of increased government saving on interest rates:
   - The statement says that ""an increase in government saving adds to the supply of resources available for investment.""
   - This implies that when there is more money available for investment (due to increased government saving), there will be less demand for loans or other forms of financing",Unknown,False
"Facts: Britain's best-selling tabloid, the Sun , announced as a front-page world exclusive Friday that Texan model Jerry Hall has started divorce proceedings against aging rock star Mick Jagger at the High Court in London.
Question: There is a British publication called the Sun.
Think step by step.",True,"system
You are a helpful assistant. Verify facts before answering.
user
Facts: Britain's best-selling tabloid, the Sun , announced as a front-page world exclusive Friday that Texan model Jerry Hall has started divorce proceedings against aging rock star Mick Jagger at the High Court in London.
Question: There is a British publication called the Sun.
Think step by step.
assistant
Let's approach this step-by-step to determine if there is indeed a British publication called ""The Sun"":
1. Identify the key information:
   - The Sun is described as Britain's best-selling tabloid.
   - It announced a front-page world exclusive.
   - A divorce proceeding was mentioned involving Jerry Hall and Mick Jagger.

2. Consider the context:
   - The announcement of a divorce is typically not considered a front-page story unless it involves high-profile figures or significant legal matters.
   - The fact that Jerry Hall is a well-known American singer suggests he might be more relevant to the UK media than Mick Jagger.

3",Unknown,False
"Facts: He was of two minds, one reveled in the peace of this village.
Question: He loved how peaceful the village was.
Think step by step.",True,"system
You are a helpful assistant. Verify facts before answering.
user
Facts: He was of two minds, one reveled in the peace of this village.
Question: He loved how peaceful the village was.
Think step by step.
assistant
To answer the question ""He loved how peaceful the village was,"" we need to break down the given information and think through it step-by-step:

1. The statement mentions that he was ""of two moods"" - this suggests he had conflicting feelings about the village.

2. One of his moods is described as ""revealing"" peace in the village. This implies that he found something positive or pleasant about the village's tranquility.

3. The other mood is not explicitly mentioned but can be inferred from the context. It could be related to his thoughts on the village's overall quality or atmosphere.

4. Given that he loves",Unknown,False
"Facts: Rouen is the ancient center of Normandy's thriving textile industry, and the place of Joan of Arc's martyrdom ' a national symbol of resistance to tyranny.
Question: Joan of Arc sacrificed her life at Rouen, which became an enduring symbol of opposition to tyranny.
Think step by step.",True,"system
You are a helpful assistant. Verify facts before answering.
user
Facts: Rouen is the ancient center of Normandy's thriving textile industry, and the place of Joan of Arc's martyrdom ' a national symbol of resistance to tyranny.
Question: Joan of Arc sacrificed her life at Rouen, which became an enduring symbol of opposition to tyranny.
Think step by step.
assistant
To answer this question accurately, I'll break it down into steps:

1. Identify the key elements:
   - Joan of Arc (a French heroine)
   - Her martyrdom occurred in Rouen
   - Rouen was the ancient center of Normandy's thriving textile industry

2. Understand the historical context:
   - The textile industry played a significant role in Norman France during the 13th century
   - Rouen was known for its skilled weavers who produced high-quality textiles

3. Analyze the significance of Joan of Arc's martyrdom:
   - It marked a pivotal moment in the struggle against tyranny",Unknown,False
"Facts: Table 2: Examples of BLM's, FHWA's, IRS's, and VBA's Customer Satisfaction Expectations for Senior Executive Performance
Question: Senior Executive's have been studies on various aspects to reach the expectations.
Think step by step.",True,"system
You are a helpful assistant. Verify facts before answering.
user
Facts: Table 2: Examples of BLM's, FHWA's, IRS's, and VBA's Customer Satisfaction Expectations for Senior Executive Performance
Question: Senior Executive's have been studies on various aspects to reach the expectations.
Think step by step.
assistant
To answer this question, I'll break down the steps needed to understand how senior executives' experiences have been studied to meet their expectations:

1. Identify the key stakeholders:
   - Senior executives (e.g., CEOs, CFOs)
   - Various government agencies (BLM, FHWA, IRS, VBA)

2. Determine the nature of the study:
   - Focus on customer satisfaction expectations
   - Aim to gather data from multiple sources

3. Analyze the types of data collected:
   - Surveys or interviews
   - Observational studies
   - Data analysis tools

4. Consider the scope of the research",Unknown,False
"Facts: In Hong Kong you can have a plate, or even a whole dinner service, hand-painted to your own design.
Question: It's impossible to have a plate hand-painted to your own design in Hong Kong.
Think step by step.",False,"system
You are a helpful assistant. Verify facts before answering.
user
Facts: In Hong Kong you can have a plate, or even a whole dinner service, hand-painted to your own design.
Question: It's impossible to have a plate hand-painted to your own design in Hong Kong.
Think step by step.
assistant
To verify the given fact about Hong Kong and its ability to produce plates with hand-painted designs, let's break it down step-by-step:

1. **Identify the Fact**: The statement claims that it is impossible for people in Hong Kong to create plates with hand-painted designs.

2. **Analyze the Statement**:
   - ""In Hong Kong"" implies that Hong Kong is a specific location within China.
   - ""hand-painted to your own design"" suggests that the process of creating the design involves painting directly on the plate itself rather than using a machine.
   - ""plate"" refers to the type of food",Unknown,False
"Facts: What's truly striking, though, is that Jobs has never really let this idea go.
Question: Jobs never held onto an idea for long.
Think step by step.",False,"system
You are a helpful assistant. Verify facts before answering.
user
Facts: What's truly striking, though, is that Jobs has never really let this idea go.
Question: Jobs never held onto an idea for long.
Think step by step.
assistant
To answer the question ""Jobs never held onto an idea for long,"" I'll follow these steps:

1. Identify the key elements of the statement:
   - Jobs (likely referring to Steve Jobs)
   - Idea
   - Longevity

2. Analyze the meaning of ""never held onto"":
   - This phrase suggests a lack of persistence or commitment.

3. Consider how Jobs' actions align with this definition:
   - Jobs was known for his innovative ideas and relentless pursuit of new technologies.
   - He often worked on multiple projects simultaneously and would frequently switch between different areas of focus.

4. Evaluate if there are any contradictions",Unknown,False
"Facts: While it's probably true that democracies are unlikely to go to war unless they're attacked, sometimes they are the first to take the offensive.
Question: Democracies probably won't go to war unless someone attacks them on their soil
Think step by step.",True,"system
You are a helpful assistant. Verify facts before answering.
user
Facts: While it's probably true that democracies are unlikely to go to war unless they're attacked, sometimes they are the first to take the offensive.
Question: Democracies probably won't go to war unless someone attacks them on their soil
Think step by step.
assistant
Let's break down the given information and verify each part:

1. ""While it's probably true that democracies are unlikely to go to war unless they're attacked""
   - This statement is correct. Democracies typically avoid direct military conflict with other nations.

2. ""Sometimes they are the first to take the offensive""
   - This statement is also correct. Democracies often initiate conflicts or engage in aggressive actions against other countries.

3. ""Democracies probably won't go to war unless someone attacks them on their soil""
   - This statement aligns with the second point. If a country is attacked, it would be the",Unknown,False
"Facts: But to you, who know the truth, I propose to read certain passages which will throw some light on the extraordinary mentality of this great man."" He opened the book, and turned the thin pages.
Question: There is no information on the mentality of the man, extraordinary or not, contained within the thin-paged book. 
Think step by step.",False,"system
You are a helpful assistant. Verify facts before answering.
user
Facts: But to you, who know the truth, I propose to read certain passages which will throw some light on the extraordinary mentality of this great man."" He opened the book, and turned the thin pages.
Question: There is no information on the mentality of the man, extraordinary or not, contained within the thin-paged book. 
Think step by step.
assistant
Let's break down the given facts and analyze them step-by-step:

1. The statement mentions that ""To you, who know the truth, I propose to read certain passages which will throw some light on the extraordinary mentality of this great man.""
2. This suggests that there might be passages in the book that could reveal the man's extraordinary mentality.

Now, let's consider what we can infer from these statements:

- The person proposing to read the passages is likely someone who knows the truth about the man.
- They believe that reading these passages will provide insight into the man's extraordinary mentality.

Given this context, it seems reasonable to conclude",Unknown,False
"Facts: yeah i mean just when uh the they military paid for her education
Question: The military didn't pay for her education.
Think step by step.",False,"system
You are a helpful assistant. Verify facts before answering.
user
Facts: yeah i mean just when uh the they military paid for her education
Question: The military didn't pay for her education.
Think step by step.
assistant
To verify this fact, I'll follow these steps:

1. Analyze the given information:
   - ""Yeah"" indicates agreement or acknowledgment of something.
   - ""I mean just when uh"" suggests an incomplete thought or statement.
   - ""the they military paid for her education"" is explicitly stated.

2. Examine the question:
   - It asks if the military paid for her education.
   - This directly contradicts the given information that the military did not pay for her education.

3. Consider possible interpretations:
   - There could be multiple reasons why the military might have not paid for her education.
   - However,",Unknown,False
"Facts: but uh these guys were actually on the road uh two thousand miles from from home when they had to file their uh their final exams and send them in
Question: These men filed their midterm exams from home. 
Think step by step.",False,"system
You are a helpful assistant. Verify facts before answering.
user
Facts: but uh these guys were actually on the road uh two thousand miles from from home when they had to file their uh their final exams and send them in
Question: These men filed their midterm exams from home. 
Think step by step.
assistant
Let's break down the given information and verify it step-by-step:

1. The statement mentions ""these guys"" being on the road.
2. It specifies that these men were traveling for 2,000 miles.
3. They had to file their midterms exams.
4. The exam papers needed to be sent in.

Now, let's analyze each part of the statement:

- ""These guys were actually on the road"" - This is correct as the context implies they were traveling.
- ""two thousand miles from home"" - This indicates they were far away from their hometown or residence.
- ""when they had to",Unknown,False
"Facts: But you have to have money to save it, and not many couples with young children have the luxury of tucking away $2,000 apiece annually for their Golden Years.
Question: Not many couples with kids can save up for retirement.
Think step by step.",True,"system
You are a helpful assistant. Verify facts before answering.
user
Facts: But you have to have money to save it, and not many couples with young children have the luxury of tucking away $2,000 apiece annually for their Golden Years.
Question: Not many couples with kids can save up for retirement.
Think step by step.
assistant
To answer this question accurately, I'll break down the information provided about saving for retirement and then compare it to the given statement about couples with young children having difficulty saving enough.

Step 1: Understand the key points in the first part of the fact:
- You need money to save it.
- Many couples with young children don't have the luxury of tucking away $2,000 annually for their Golden Years.

Step 2: Analyze the second part of the fact:
- Couples with young children often struggle financially due to limited resources.

Step 3: Compare the two parts:
- The first part states that couples",Unknown,False
"Facts: and uh as a matter of fact he's a draft dodger
Question: They dodged the draft, I'll have you know.
Think step by step.",True,"system
You are a helpful assistant. Verify facts before answering.
user
Facts: and uh as a matter of fact he's a draft dodger
Question: They dodged the draft, I'll have you know.
Think step by step.
assistant
Let's break down the given statement ""And uh as a matter of fact he's a draft dodger"" into its components:
1. And - This is an introductory phrase that sets up the rest of the sentence.
2. Uh - This is a colloquial way of saying ""uh-huh"" or ""I see"" in informal speech.
3. As a matter of fact - This is a common phrase used to express something being true or correct without needing proof.
4. He - This refers to the person mentioned earlier.
5. Is - This is a possessive pronoun indicating ownership or possession.
6. A -",Unknown,False
"Facts: 'Publicity.' Lincoln removed his great hat, making a small show of dusting it off.
Question: Lincoln took his hat off.
Think step by step.",True,"system
You are a helpful assistant. Verify facts before answering.
user
Facts: 'Publicity.' Lincoln removed his great hat, making a small show of dusting it off.
Question: Lincoln took his hat off.
Think step by step.
assistant
To determine if Lincoln took his hat off, let's break down the given information and think through each step:

1. **Identify the action**: The statement mentions that ""Lincoln removed his great hat."" This indicates that he took off his hat.

2. **Understand the context**: The phrase ""making a small show of dusting it off"" suggests that Lincoln was doing something to clean or tidy up his hat. Dusting is typically done with hands, not with a tool like a brush.

3. **Conclude based on the information**: Since Lincoln took off his hat (removing it), it logically follows that he",Unknown,False
"Facts: In the stock market, however, the damage can get much worse.
Question: The stock market can experience much worse damage. 
Think step by step.",True,"system
You are a helpful assistant. Verify facts before answering.
user
Facts: In the stock market, however, the damage can get much worse.
Question: The stock market can experience much worse damage. 
Think step by step.
assistant
To answer this question, let's break it down into steps:

1. Understand the context:
   - The stock market is an important financial instrument.
   - It deals with investments in companies and their shares.

2. Analyze the given fact:
   ""However, the damage can get much worse.""

3. Interpret the meaning of the given fact:
   - This statement suggests that even though there has been some improvement or recovery in the past, the overall situation remains challenging.

4. Apply the interpretation to the question:
   - The question asks if the stock market can experience ""much worse"" damage.
   - Given the previous interpretation",Unknown,False
"Facts: He hadn't seen even pictures of such things since the few silent movies run in some of the little art theaters.
Question: He had recently seen pictures depicting those things.
Think step by step.",False,"system
You are a helpful assistant. Verify facts before answering.
user
Facts: He hadn't seen even pictures of such things since the few silent movies run in some of the little art theaters.
Question: He had recently seen pictures depicting those things.
Think step by step.
assistant
To answer this question, let's break down the information provided and think through it step-by-step:

1. The passage states that ""He hadn't seen even pictures of such things since the few silent movies run in some of the little art theaters.""

2. This indicates that he has not seen any pictures of these things.

3. The question asks if he has seen pictures depicting those things.

4. Since he hasn't seen any pictures of these things, we can conclude that he has not seen any pictures depicting them either.

5. Therefore, his statement about having seen pictures depicting those things is false.

In conclusion:
- He hasn",Unknown,False
"Facts: Look, there's a legend here.
Question: See, there is a well known hero here.
Think step by step.",True,"system
You are a helpful assistant. Verify facts before answering.
user
Facts: Look, there's a legend here.
Question: See, there is a well known hero here.
Think step by step.
assistant
Let's break down the given facts and verify them:

1. ""Look, there's a legend here.""
   - This statement suggests that something has been told or written about in the past.

2. ""There's a well-known hero here.""
   - A well-known hero refers to someone who is widely recognized for their actions or qualities.

Step-by-step verification:
- The first part of the statement (""Look, there's a legend here"") implies that there is some kind of story or tale being told.
- The second part of the statement (""There's a well-known hero here"") indicates that this story or tale is considered to",Unknown,False
"Facts: yeah and how about how about like on the weekends do you do sports or do you go out
Question: No one plays sports on the weekend.
Think step by step.",False,"system
You are a helpful assistant. Verify facts before answering.
user
Facts: yeah and how about how about like on the weekends do you do sports or do you go out
Question: No one plays sports on the weekend.
Think step by step.
assistant
Let's break down the given facts to verify if they support the statement ""No one plays sports on the weekend"":
1. ""Yeah, and how about... ""
   This phrase suggests that there is an expectation or suggestion for something specific.
2. ""On the weekends""
   This indicates that we're looking at weekend days specifically.
3. ""Do you do sports or do you go out""
   This asks about activities done during the weekend.

Now let's analyze each part:
- The first sentence implies that people expect or suggest doing sports on weekends.
- The second sentence asks what people do on weekends, which directly contradicts the",Unknown,False
"Facts: But when the cushion is spent in a year or two, or when the next recession arrives, the disintermediating voters will find themselves playing the roles of budget analysts and tax wonks.
Question: The cushion will likely be spent in under two years.
Think step by step.",True,"system
You are a helpful assistant. Verify facts before answering.
user
Facts: But when the cushion is spent in a year or two, or when the next recession arrives, the disintermediating voters will find themselves playing the roles of budget analysts and tax wonks.
Question: The cushion will likely be spent in under two years.
Think step by step.
assistant
Let's break down the given information to verify if it aligns with the question:

1. ""But when the cushion is spent in a year or two, or when the next recession arrives, the disintermediating voters will find themselves playing the roles of budget analysts and tax wonks.""
   - This statement suggests that the cushion (which could refer to various factors like economic conditions, political climate, etc.) will be used during periods of high demand for certain services.

2. ""The cushion will likely be spent in under two years.""
   - This directly states that the cushion will be used within two years.

3. ""Or",Unknown,False
"Facts: Oh, what a fool I feel! 
Question: I am beyond proud.
Think step by step.",False,"system
You are a helpful assistant. Verify facts before answering.
user
Facts: Oh, what a fool I feel! 
Question: I am beyond proud.
Think step by step.
assistant
Let's break down the given statement and analyze it step-by-step to determine if it aligns with the question ""I am beyond proud.""
1. **Identify the phrase**: The phrase in the given statement is ""Oh, what a fool I feel! ""
2. **Analyze the meaning**:
   - This phrase suggests that the speaker feels foolish or stupid.
3. **Compare with the question**:
   - The question asks if the speaker is ""beyond proud"" (which means extremely proud).
4. **Determine if they can be both feeling foolish and being very proud at the same time**:
   -",Unknown,False
"Facts: She has exchanged a hollow life for a heightened life, and has tried to comprehend all its turns, get its possibilities.
Question: She has chose to live a hollow life.
Think step by step.",False,"system
You are a helpful assistant. Verify facts before answering.
user
Facts: She has exchanged a hollow life for a heightened life, and has tried to comprehend all its turns, get its possibilities.
Question: She has chose to live a hollow life.
Think step by step.
assistant
To answer the question ""She has chosen to live a hollow life,"" I'll break it down into steps:

1. Identify the key phrase:
   The sentence states that she has ""exchanged a hollow life for a heightened life.""

2. Analyze the meaning of ""hollow life"":
   A hollow life is typically defined as one where someone lives in a state of emptiness or lack of substance.

3. Understand the context:
   The statement suggests that this person has transitioned from an empty existence (a hollow life) to something more substantial or meaningful.

4. Consider the implications:
   By choosing to live in a hollow",Unknown,False
"Facts: The campaigns seem to reach a new pool of contributors.
Question: New people chose to donate to the cause 
Think step by step.",True,"system
You are a helpful assistant. Verify facts before answering.
user
Facts: The campaigns seem to reach a new pool of contributors.
Question: New people chose to donate to the cause 
Think step by step.
assistant
To answer this question, let's think through it step-by-step:

1. First, we need to understand what ""new people"" means in this context. This could refer to any group or community that has been growing or expanding.

2. Next, we need to consider how these new contributors might have chosen to contribute to the campaign. This could be influenced by various factors such as:
   - Their personal interests and passions
   - Their knowledge about the issue being addressed
   - Their ability to engage with the campaign
   - Their willingness to support causes they care about

3. Now, we need to determine if these new",Unknown,False
"Facts: the net cost of operations.
Question: The gross cost.
Think step by step.",False,"system
You are a helpful assistant. Verify facts before answering.
user
Facts: the net cost of operations.
Question: The gross cost.
Think step by step.
assistant
To answer this question, let's break it down into two main steps:

1. Identify the terms:
   - Net cost of operations: This refers to the total expenses incurred in operating a business or organization after deducting all costs that are directly related to its core functions and activities (e.g., rent, salaries, utilities).
   - Gross cost: This is the total amount spent on goods and services during a specific period.

2. Compare the definitions:
   - Net cost includes all direct expenses but excludes indirect costs such as depreciation, amortization, and other non-operational expenses.
   - Gross cost includes all direct expenses plus any",Unknown,False
"Facts: Credibility is a vital factor, and Jim Lehrer does, indeed, have it.
Question: Jim Lehrer has no credibility whatsoever.
Think step by step.",False,"system
You are a helpful assistant. Verify facts before answering.
user
Facts: Credibility is a vital factor, and Jim Lehrer does, indeed, have it.
Question: Jim Lehrer has no credibility whatsoever.
Think step by step.
assistant
To determine whether Jim Lehrer's credibility is ""exactly"" zero or not at all, let's break down the information provided:

1. The statement says that ""Credibility is a vital factor.""
2. It also states that ""Jim Lehrer does, indeed, have it.""

Step 1: Analyze the first part of the statement.
- ""Credibility is a vital factor""
This implies that credibility plays an important role in determining someone's worth or trustworthiness.

Step 2: Analyze the second part of the statement.
- ""Jim Lehrer does, indeed, have it""
This indicates that",Unknown,False
"Facts: From the corner of his eye he saw Jamus look over the broken mare.
Question: Jamus looked over the mare.
Think step by step.",True,"system
You are a helpful assistant. Verify facts before answering.
user
Facts: From the corner of his eye he saw Jamus look over the broken mare.
Question: Jamus looked over the mare.
Think step by step.
assistant
To answer this question, let's break it down into steps:

1. Identify the key elements:
   - The person is Jamus
   - He is looking at something (a horse)
   - The action is ""looked over""

2. Analyze the sentence structure:
   - The sentence starts with ""From the corner of his eye""
   - It ends with ""he saw Jamus look over the broken mare""

3. Determine the purpose of the sentence:
   - This appears to be describing what Jamus was doing

4. Connect the information:
   - The sentence provides context about Jamus's position and the",Unknown,False
"Facts: Even if you're the kind of traveler who likes to improvise and be adventurous, don't turn your nose up at the tourist offices.
Question: There's nothing worth seeing in the tourist offices.
Think step by step.",False,"system
You are a helpful assistant. Verify facts before answering.
user
Facts: Even if you're the kind of traveler who likes to improvise and be adventurous, don't turn your nose up at the tourist offices.
Question: There's nothing worth seeing in the tourist offices.
Think step by step.
assistant
Let's approach this step-by-step:
1. Understand the given fact: ""Even if you're the kind of traveler who likes to improvise and be adventurous, don't turn your nose up at the tourist offices.""
2. Interpret the meaning: This statement suggests that while some tourists might enjoy being adventurous or improvising, there is no value in visiting tourist offices for most people.
3. Analyze the question: The question asks whether there's anything worth seeing in tourist offices.
4. Formulate an answer: Based on the interpretation from step 2, we can conclude that there isn't much worth seeing in tourist offices for most",Unknown,False
"Facts: Similarly, OIM revised the electronic Grant Renewal Application to accommodate new information sought by LSC and to ensure greater ease for users.
Question: Changes were made to the Grant Renewal Application to provide extra information to the LSC.
Think step by step.",True,"system
You are a helpful assistant. Verify facts before answering.
user
Facts: Similarly, OIM revised the electronic Grant Renewal Application to accommodate new information sought by LSC and to ensure greater ease for users.
Question: Changes were made to the Grant Renewal Application to provide extra information to the LSC.
Think step by step.
assistant
Certainly! Let's break down the process of making changes to an application based on the given facts:

1. **Identify the Original Application**: The original Grant Renewal Application is described as ""similarly"" being revised.

2. **Understand the Purpose**: The purpose of this revision is to accommodate new information requested by LSC (Local Service Center) and to make it easier for users to access and complete the application.

3. **Determine the New Information**: The new information requested by LSC includes:
   - Additional details about the grant renewal period.
   - A list of potential recipients who may be eligible for the grant",Unknown,False
"Facts: 'Dave Hanson, to whom nothing was impossible.' Well, we have a nearly impossible task: a task of engineering and building.
Question: This building job will be very difficult to complete.
Think step by step.",True,"system
You are a helpful assistant. Verify facts before answering.
user
Facts: 'Dave Hanson, to whom nothing was impossible.' Well, we have a nearly impossible task: a task of engineering and building.
Question: This building job will be very difficult to complete.
Think step by step.
assistant
To answer the question ""This building job will be very difficult to complete,"" I'll break down the process into steps:

1. **Understand the context**: The statement mentions that Dave Hanson is someone who ""nothing was impossible."" This implies that there's no inherent difficulty or impossibility in what he does.

2. **Identify the nature of the task**: The task described as ""engineering and building"" suggests it involves complex tasks requiring specialized skills and knowledge.

3. **Consider the complexity of the task**: Given that Dave Hanson has expertise in something like engineering and construction, it would be highly unlikely for him to face any significant challenges",Unknown,False
"Facts: Still, it would be interesting to know. 109 Poirot looked at me very earnestly, and again shook his head. 
Question: Poirot did not look at me.
Think step by step.",False,"system
You are a helpful assistant. Verify facts before answering.
user
Facts: Still, it would be interesting to know. 109 Poirot looked at me very earnestly, and again shook his head. 
Question: Poirot did not look at me.
Think step by step.
assistant
Let's break down the given information and analyze it step-by-step:

1. The statement is about Poirot looking at someone.
2. It mentions that ""it would be interesting to know"" about this interaction.
3. We need to determine if Poirot actually looked at the person.

Step-by-Step Analysis:
1. **Identify the context**: The sentence starts with ""Still, it would be interesting to know"", which implies there was an expectation or curiosity about what happened next.
2. **Analyze the action**: The phrase ""looked at me very earnestly"" suggests that Poirot was paying close",Unknown,False
"Facts: But I'll take up my stand somewhere near, and when he comes out of the building I'll drop a handkerchief or something, and off you go!""
Question: I want you to follow him, so watch for the signal that I give.
Think step by step.",True,"system
You are a helpful assistant. Verify facts before answering.
user
Facts: But I'll take up my stand somewhere near, and when he comes out of the building I'll drop a handkerchief or something, and off you go!""
Question: I want you to follow him, so watch for the signal that I give.
Think step by step.
assistant
I will proceed with caution and observe any signals given by the person in question. Here's a step-by-step approach:

1. **Identify the Person**: Recognize who is speaking. This could be someone from your immediate environment or someone else.

2. **Observe Signals**: Look for any visual cues such as gestures, facial expressions, or body language that might indicate they're signaling you.

3. **Listen Carefully**: Pay attention to their words and tone. They may use phrases like ""take up"" or ""drop a handkerchief,"" which can help you understand their intentions.

4. **Maintain Distance**: If",Unknown,False
"Facts: There are no shares of a stock that might someday come back, just piles of options as worthless as those shares of Cook's American Business Alliance.
Question:  Cook's American Business Alliance caused shares of stock to come back.
Think step by step.",False,"system
You are a helpful assistant. Verify facts before answering.
user
Facts: There are no shares of a stock that might someday come back, just piles of options as worthless as those shares of Cook's American Business Alliance.
Question:  Cook's American Business Alliance caused shares of stock to come back.
Think step by step.
assistant
To answer the question ""Cook's American Business Alliance caused shares of stock to come back,"" we need to consider the following steps:

1. **Identify the entity**: The entity in question is Cook's American Business Alliance (CAB).
2. **Understand the context**: CAB was an organization or company that had a significant impact on the stock market and financial markets during its existence.
3. **Analyze the statement**: The statement claims that shares of stock came back due to the actions of CAB.

Given these points, let's break down why this statement cannot be true:

- **Shares of stock** do not have the ability",Unknown,False
"Facts: One thing was worrying me dreadfully, but my heart gave a great throb of relief when I saw my ulster lying carelessly over the back of a chair.
Question: I was dreadfully worried about many things. 
Think step by step.",False,"system
You are a helpful assistant. Verify facts before answering.
user
Facts: One thing was worrying me dreadfully, but my heart gave a great throb of relief when I saw my ulster lying carelessly over the back of a chair.
Question: I was dreadfully worried about many things. 
Think step by step.
assistant
Let's break down the given information and think through it step-by-step:

1. The person is described as ""dreadfully worried"" about something.
2. They experience a ""great throb of relief"" after seeing their ulster (likely referring to an umbrella or raincoat).
3. This relief indicates that they were initially worried about multiple things.

Step 1: Analyze the first part of the statement - ""One thing was worrying me dreadfully.""
- This suggests that one particular worry was causing significant anxiety for the person.

Step 2: Consider the second part of the statement - ""but my heart gave a great",Unknown,False
"Facts: Do you think Mrs. Inglethorp made a will leaving all her money to Miss Howard? I asked in a low voice, with some curiosity. 
Question: I yelled at the top of my lungs.
Think step by step.",False,"system
You are a helpful assistant. Verify facts before answering.
user
Facts: Do you think Mrs. Inglethorp made a will leaving all her money to Miss Howard? I asked in a low voice, with some curiosity. 
Question: I yelled at the top of my lungs.
Think step by step.
assistant
Let's analyze this step-by-step:

1. The statement says ""Do you think Mrs. Inglethorp made a will leaving all her money to Miss Howard?""
   - This is a factual question about Mrs. Inglethorp and Miss Howard.

2. The person who said it was an ""inquiry"" (likely meant as a question) is asking if they believe Mrs. Inglethorp left all her money to Miss Howard.
   - This is also a factual fact.

3. The person then asks for clarification, which implies they want more information or context.
   - This is another factual fact.

4.",Unknown,False
"Facts: that your approach is is is right you can actually go out and sub it if even if you don't wanna get hands on you can even just sub it out the concrete and those kind of things and and that's kind of the plan i have so um uh everyone i talk to uh i've
Question: You can sub it even if you do not want to get your hands on it.
Think step by step.",True,"system
You are a helpful assistant. Verify facts before answering.
user
Facts: that your approach is is is right you can actually go out and sub it if even if you don't wanna get hands on you can even just sub it out the concrete and those kind of things and and that's kind of the plan i have so um uh everyone i talk to uh i've
Question: You can sub it even if you do not want to get your hands on it.
Think step by step.
assistant
Certainly, let's break down the statement ""you can sub it even if you do not want to get your hands on it"" into its components:

1. **Your Approach**: This suggests that you believe in or advocate for something.
2. **Approach Is Right**: It implies that this approach aligns with what others consider correct or beneficial.
3. **You Can Actually Go Out and Sub It**: This indicates that you are willing to take action or implement the idea.
4. **If Even If You Don't Want To Get Hands On You Can Even Just Sub It Out**: This part emphasizes flexibility and willingness to adapt.

Putting",Unknown,False
"Facts: oh i don't know either the other growing up all i knew was
Question: I know because I learned it growing up
Think step by step.",False,"system
You are a helpful assistant. Verify facts before answering.
user
Facts: oh i don't know either the other growing up all i knew was
Question: I know because I learned it growing up
Think step by step.
assistant
To answer this question, let's break down the given information and think through it step-by-step:

1. The statement starts with ""Oh I don't know"" or ""I'm not sure,"" which suggests uncertainty about something.
2. It then mentions that the person in question ""grew up"" (likely referring to their childhood).
3. The phrase ""all I knew was"" indicates that the person didn't have much knowledge of anything else during their childhood.

Given these points, we can infer several things:
- The person likely had some form of education or learning experience.
- They might have been exposed to various topics or subjects",Unknown,False
"Facts: WHOLE LIFE POLICIES - Policies that provide insurance over the insured's entire life and the proceeds (face amount) are paid only upon death of the insured.
Question: Whole life policies are a type of life insurance that only cover the insured person until retirement from the workforce.
Think step by step.",False,"system
You are a helpful assistant. Verify facts before answering.
user
Facts: WHOLE LIFE POLICIES - Policies that provide insurance over the insured's entire life and the proceeds (face amount) are paid only upon death of the insured.
Question: Whole life policies are a type of life insurance that only cover the insured person until retirement from the workforce.
Think step by step.
assistant
To answer this question, let's break down the key points about whole life policies:

1. **Definition**: Whole life policies are a type of life insurance where the policyholder is protected for their entire lifetime.

2. **Coverage**: The policy covers the insured person's entire life, including all periods during which they were employed or worked.

3. **Duration**: The policy typically lasts until the insured person reaches the age at which they would have retired if working full-time (usually 65 years old).

4. **Purpose**: The primary purpose of these policies is to protect the insured person financially in case of early retirement due to work",Unknown,False
"Facts: Justice Kennedy does not care what law librarians across the country do with all the Supreme Court Reporters from 1790 through 1998.
Question: Justice Kennedy doesn't care if the Supreme Court Reporters from 1790 to 1998 are thrown away.
Think step by step.",True,"system
You are a helpful assistant. Verify facts before answering.
user
Facts: Justice Kennedy does not care what law librarians across the country do with all the Supreme Court Reporters from 1790 through 1998.
Question: Justice Kennedy doesn't care if the Supreme Court Reporters from 1790 to 1998 are thrown away.
Think step by step.
assistant
Let's break down the question and verify the given facts:

Step 1: Understand the context
The question is about Justice Kennedy, who is known for his stance on judicial appointments and the role of law librarians in the Supreme Court.

Step 2: Analyze the statement
""Justice Kennedy does not care what law librarians across the country do with all the Supreme Court Reporters from 1790 through 1998.""

This statement suggests that Justice Kennedy believes there should be no impact or consideration given to how law librarians handle the Supreme Court Reporters during this time period.

Step 3: Compare with",Unknown,False
"Facts: The entire city was surrounded by open countryside with a scattering of small villages.
Question: The whole countryside is scattered with small villages. 
Think step by step.",True,"system
You are a helpful assistant. Verify facts before answering.
user
Facts: The entire city was surrounded by open countryside with a scattering of small villages.
Question: The whole countryside is scattered with small villages. 
Think step by step.
assistant
To verify the given statement, let's break it down into steps:

1. **Identify the key elements in the original statement:**
   - ""The entire city"" refers to the entire area where this statement applies.
   - ""Surrounded by open countryside"" indicates that there is an open space around the city.
   - ""Scattered"" suggests that the countryside is not densely populated but still has some areas.

2. **Analyze the question:**
   - The question asks if the whole countryside is scattered with small villages.

3. **Compare the original statement and the question:**
   - The original statement mentions the",Unknown,False
"Facts: it's actually there well Iraq has had uh designs on that place since nineteen twenty two so you know it wasn't like something that just suddenly popped up
Question: The weird thing is that Iraq was never interested in that place until now.
Think step by step.",False,"system
You are a helpful assistant. Verify facts before answering.
user
Facts: it's actually there well Iraq has had uh designs on that place since nineteen twenty two so you know it wasn't like something that just suddenly popped up
Question: The weird thing is that Iraq was never interested in that place until now.
Think step by step.
assistant
To answer the question ""The weird thing is that Iraq was never interested in that place until now, "" let's break down the information provided and think through it step-by-step:

1. **Initial Designation**: The statement mentions that Iraq had designs on the area since 2022. This implies that Iraq began to actively seek out or explore this location.

2. **Historical Context**: It states that Iraq had not been interested in the area prior to 2022. This suggests that the interest was dormant or inactive at that time.

3. **Current State**: The question asks about the current state of Iraq",Unknown,False
"Facts: Prototyping, for example, may act as part of the requirements definition process, helping the agency identify and control areas of high uncertainty and technical risk.
Question: Prototyping is not important, testing with the actual finished product is better.
Think step by step.",False,"system
You are a helpful assistant. Verify facts before answering.
user
Facts: Prototyping, for example, may act as part of the requirements definition process, helping the agency identify and control areas of high uncertainty and technical risk.
Question: Prototyping is not important, testing with the actual finished product is better.
Think step by step.
assistant
To answer this question, let's break down the information provided in the given facts and think through it step-by-step:

1. **Identify the key points from the facts:**
   - Prototyping can be used to identify and control areas of high uncertainty and technical risk.
   - Testing with the actual finished product is generally considered more effective.

2. **Analyze the question:**
   - The question asks if prototyping is ""not important"" when compared to testing with the actual finished product.

3. **Consider the relationship between prototyping and testing:**
   - While both methods have their strengths, they serve different purposes",Unknown,False
"Facts: The regime's response of ferocious repression plus numerous other ineptitudes led to a third revolution in 1848, with the Bonapartists, led by Napoleon's nephew, emerging triumphant.
Question: France was ruled by Napoleon's nephew after they won a revolution in 1848.
Think step by step.",True,"system
You are a helpful assistant. Verify facts before answering.
user
Facts: The regime's response of ferocious repression plus numerous other ineptitudes led to a third revolution in 1848, with the Bonapartists, led by Napoleon's nephew, emerging triumphant.
Question: France was ruled by Napoleon's nephew after they won a revolution in 1848.
Think step by step.
assistant
To answer this question, let's break down the information provided and think through it step-by-step:

1. The statement mentions that ""The regime's response of ferocious repression plus numerous other ineptitudes led to a third revolution in 1848.""

2. This indicates that there were three revolutions in France following the 1848 revolution.

3. The first revolution (1830-1848) was led by the Jacobins, who were part of the Third Estate.

4. The second revolution (1848) was led by the Bonapartes, including Napoleon's nephew",Unknown,False
"Facts: so i guess my experience is is just with what we did and and so they didn't really go through the child care route they were able to be home together
Question: They were able to be home rather than having to worry about getting child care.
Think step by step.",True,"system
You are a helpful assistant. Verify facts before answering.
user
Facts: so i guess my experience is is just with what we did and and so they didn't really go through the child care route they were able to be home together
Question: They were able to be home rather than having to worry about getting child care.
Think step by step.
assistant
To answer this question, let's break down the information provided in the facts:
1. The person has ""experience"" with something.
2. This experience involves working with children.
3. The work involved taking care of children at home.
4. The people doing this work had difficulty finding childcare.
5. Instead of dealing with childcare issues, they chose not to do it themselves.
Now, let's think through how these facts might lead us to conclude that they were able to be home rather than have to worry about childcare:
1. Since the person has ""experience"" with childcare, it suggests they've worked with or been responsible for",Unknown,False
"Facts: DOD's common practice for managing this environment has been to create aggressive risk reduction efforts in its programs.
Question: Creating risk reduction efforts is common practice.
Think step by step.",True,"system
You are a helpful assistant. Verify facts before answering.
user
Facts: DOD's common practice for managing this environment has been to create aggressive risk reduction efforts in its programs.
Question: Creating risk reduction efforts is common practice.
Think step by step.
assistant
To verify the statement ""Creating risk reduction efforts is common practice"" based on the given facts, let's break it down into steps:

1. Identify the key elements of the statement:
   - The statement mentions DOD (Defense Information Operations and Communications Agency) as an example.
   - It states that DOD's common practice involves creating aggressive risk reduction efforts.

2. Analyze the information provided:
   - The fact states that DOD creates aggressive risk reduction efforts in its programs.
   - This implies that these efforts are part of DOD's overall strategy or approach.

3. Consider the context:
   - The question asks if",Unknown,False
"Facts: if the United States had used full conventional power.
Question: The United States has no power to use.
Think step by step.",False,"system
You are a helpful assistant. Verify facts before answering.
user
Facts: if the United States had used full conventional power.
Question: The United States has no power to use.
Think step by step.
assistant
To answer this question, let's break down the information given and think through it step-by-step:

1. The statement says ""if the United States had used full conventional power.""
2. This implies that there is some form of energy available in the United States.
3. However, the question asks about whether the United States has any power to use this energy.

Step 1: Analyze the given fact
The fact states that if the United States had used full conventional power, they would have had some form of energy available.

Step 2: Consider what might be considered ""power""
Power generally refers to the ability to do something",Unknown,False
"Facts: yeah really no kidding
Question: Really? No kidding! 
Think step by step.",True,"system
You are a helpful assistant. Verify facts before answering.
user
Facts: yeah really no kidding
Question: Really? No kidding! 
Think step by step.
assistant
Sure, let's break down the phrase ""Really? No kidding!"" into its components:

1. **Really**: This is an idiomatic expression meaning something is true or real.
2. **No kidding**: This means it's not silly or exaggerated; it's actually happening.

Putting these together:
- ""Really"" + ""no kidding"" = ""Really? No kidding!""

So, the complete phrase would be:
**""Really? No kidding!""**

This phrase is often used to express disbelief or skepticism about something that seems plausible but isn't necessarily true. It's a colloquial way of saying ""I'm really not sure",Unknown,False
"Facts: Visit at sundown or out of season to get the full flavor of the setting.
Question: The setting is better to visit at sundown or during low season.
Think step by step.",True,"system
You are a helpful assistant. Verify facts before answering.
user
Facts: Visit at sundown or out of season to get the full flavor of the setting.
Question: The setting is better to visit at sundown or during low season.
Think step by step.
assistant
To answer this question, let's break it down into steps:

1. Understand the given fact:
   ""Visit at sundown or out of season to get the full flavor of the setting.""

2. Analyze the statement:
   - It mentions visiting at sundown or during low seasons.
   - This implies that sundown and low seasons are times when the setting (the darkening sky) is more noticeable.

3. Consider the implications:
   - During sundown, the sun sets earlier in the day, making the sky darker.
   - Low seasons typically occur around autumn, winter, or early spring, which can be cooler",Unknown,False
"Facts: All of the islands are now officially and proudly part of France, not colonies as they were for some three centuries.
Question: The islands are part of France now instead of just colonies.
Think step by step.",True,"system
You are a helpful assistant. Verify facts before answering.
user
Facts: All of the islands are now officially and proudly part of France, not colonies as they were for some three centuries.
Question: The islands are part of France now instead of just colonies.
Think step by step.
assistant
To verify this statement, let's break it down into steps:

1. **Identify the key information**: The statement claims that all of the islands are now officially and proudly part of France, but these islands are no longer colonies.

2. **Understand what ""colonies"" mean**: Colonies refer to territories or possessions of another country (often in Africa) that are administered by foreign powers. They typically have their own governments and laws, and they may be subject to different forms of governance than those of the country they're colonizing.

3. **Analyze the given fact**: The statement mentions that ""all of the islands",Unknown,False
"Facts: (For more information on BLM's senior executive performance plans, see app.
Question: BLM's performance plans are visible online.
Think step by step.",True,"system
You are a helpful assistant. Verify facts before answering.
user
Facts: (For more information on BLM's senior executive performance plans, see app.
Question: BLM's performance plans are visible online.
Think step by step.
assistant
To verify that the statement ""BLM's performance plans are visible online"" is true, I'll follow these steps:

1. Identify the organization in question:
   The organization mentioned is Black Lives Matter (BLM), which is an American civil rights and social justice movement.

2. Research BLM's official website:
   After conducting some research, it appears that BLM has its own official website at https://www.blm.org/. This is where they publish their mission, vision, and other important information.

3. Check if the website contains performance plans:
   Upon visiting this website, I found that there is indeed a section dedicated",Unknown,False
"Facts: Taking an ecumenical tack, nation officials in Chicago recently issued edicts commanding preachers to back off their anti-Semitic rhetoric.
Question: Nation officials in Chicago are involved in religious issues.
Think step by step.",True,"system
You are a helpful assistant. Verify facts before answering.
user
Facts: Taking an ecumenical tack, nation officials in Chicago recently issued edicts commanding preachers to back off their anti-Semitic rhetoric.
Question: Nation officials in Chicago are involved in religious issues.
Think step by step.
assistant
To answer the question ""Nation officials in Chicago are involved in religious issues,"" let's break down the information provided and think through it step-by-step:

1. Identify the key elements:
   - The event is taking place in Chicago
   - It involves nation officials
   - They issued edicts commanding preachers to back off their anti-Semitic rhetoric

2. Analyze the context:
   - This seems to be related to religious matters or policies
   - The phrase ""ecumenical"" suggests this could be part of a broader discussion about religion

3. Consider the implications:
   - If nation officials are involved in religious issues",Unknown,False
"Facts: To savour the full effect of the architect's skill, enter the courtyard through the gate which opens onto the Hippodrome.
Question: The gate to the Hippodrome is an example of the architect's skill.
Think step by step.",True,"system
You are a helpful assistant. Verify facts before answering.
user
Facts: To savour the full effect of the architect's skill, enter the courtyard through the gate which opens onto the Hippodrome.
Question: The gate to the Hippodrome is an example of the architect's skill.
Think step by step.
assistant
To verify that the gate to the Hippodrome is indeed an example of the architect's skill, let's break down the process step-by-step:

1. **Identify the Gate**: The gate in question is described as ""opening onto the Hippodrome."" This indicates it's part of the Hippodrome.

2. **Understand Architectural Skills**: Architects typically use their skills to create structures and spaces within buildings or cities. These skills include designing, planning, and constructing buildings according to specific design principles and standards.

3. **Analyze the Gate’s Functionality**: The gate serves multiple purposes:
   - It allows access",Unknown,False
"Facts: There is nothing more to be done here, I think, unless, he stared earnestly and long at the dead ashes in the grate. 
Question: There isn't anything left to do. 
Think step by step.",True,"system
You are a helpful assistant. Verify facts before answering.
user
Facts: There is nothing more to be done here, I think, unless, he stared earnestly and long at the dead ashes in the grate. 
Question: There isn't anything left to do. 
Think step by step.
assistant
Certainly! Let's break down the given sentence step-by-step:

1. **Identify the context**: The sentence appears to be from a scene or conversation where someone is describing their current situation.
2. **Understand the phrase ""nothing more to be done""**: This suggests that whatever was previously planned or expected has been completed or no longer necessary.
3. **Analyze the action described**: The person is staring intently at something (likely an object or item) that is still burning in a grate.
4. **Interpret the meaning of ""dead ashes""**: Ashes are typically burned materials, often used as fuel for",Unknown,False
"Facts: In Texas, the legislature was instrumental in effecting changes to the state's benefit programs through provisions in several pieces of legislation.
Question: The legislature was instrumental in effecting changes to the benefit program.
Think step by step.",True,"system
You are a helpful assistant. Verify facts before answering.
user
Facts: In Texas, the legislature was instrumental in effecting changes to the state's benefit programs through provisions in several pieces of legislation.
Question: The legislature was instrumental in effecting changes to the benefit program.
Think step by step.
assistant
To answer this question accurately, I'll break it down into steps:

1. Identify the key elements:
   - The legislature is involved
   - It was instrumental in changing something (effecting changes)
   - Changes were made to benefit programs

2. Consider what type of change might be considered ""benefit"" programs:
   - This could refer to various types of benefits, such as healthcare, education, unemployment insurance, etc.

3. Analyze the given information about Texas:
   - The passage states that ""In Texas, the legislature was instrumental in effecting changes to the state's benefit programs.""

4. Connect the information",Unknown,False
"Facts: Around 1500 b.c. , a massive volcanic eruption at Santorini destroyed not only Akrotiri under feet of ash and pumice but the whole Minoan civilization.
Question: The entire Minoan civilization was destroyed by a volcanic eruption.
Think step by step.",True,"system
You are a helpful assistant. Verify facts before answering.
user
Facts: Around 1500 b.c. , a massive volcanic eruption at Santorini destroyed not only Akrotiri under feet of ash and pumice but the whole Minoan civilization.
Question: The entire Minoan civilization was destroyed by a volcanic eruption.
Think step by step.
assistant
To answer this question, let's break down the information provided in the facts:

Step 1: Identify the key event mentioned in the facts.
The main event is the massive volcanic eruption at Santorini.

Step 2: Determine what happened to the Minoan civilization.
According to the facts, the entire Minoan civilization was destroyed by this volcanic eruption.

Step 3: Confirm if there were any other factors involved.
There is no mention of any other factors or events that could have led to the destruction of the Minoan civilization besides the volcanic eruption.

Step 4: Formulate the answer based on the given information",Unknown,False
"Facts: The great thing is to keep calm."" Julius groaned.
Question: Julius made a groaning sound.
Think step by step.",True,"system
You are a helpful assistant. Verify facts before answering.
user
Facts: The great thing is to keep calm."" Julius groaned.
Question: Julius made a groaning sound.
Think step by step.
assistant
To answer the question ""Julius made a groaning sound, "" I'll follow these steps:

1. Analyze the given fact:
   ""The great thing is to keep calm.""

2. Identify the key information:
   - This statement is about maintaining calmness.

3. Consider what Julius might be doing in response to this fact:
   - If Julius was calm, he would likely not make a groaning sound.

4. Formulate an answer based on the analysis:
   - Since Julius is described as being calm, it's unlikely that he would make a groaning sound.

Therefore, my final answer is: Julius did",Unknown,False
"Facts: June 21, 1995, provides the specific requirements for assessing and reporting on controls.
Question: There are no specific requirements for assessment.
Think step by step.",False,"system
You are a helpful assistant. Verify facts before answering.
user
Facts: June 21, 1995, provides the specific requirements for assessing and reporting on controls.
Question: There are no specific requirements for assessment.
Think step by step.
assistant
To answer this question, let's break down the information provided in the given facts:

Step 1: Identify the key information
The relevant part of the facts states: ""June 21, 1995, provides the specific requirements for assessing and reporting on controls.""

Step 2: Analyze the meaning of ""specific requirements""
Specific requirements refer to guidelines or standards that must be followed when conducting an assessment or reporting on controls.

Step 3: Compare with the statement in the question
The question asks if there are no specific requirements for assessment. This directly contradicts the information provided in the facts.

Step 4",Unknown,False
"Facts: This is especially true on Menorca, where cold winter winds limit the season's length.
Question: This is especially untrue on Menorca, where warm summer weather extends the season's length.
Think step by step.",False,"system
You are a helpful assistant. Verify facts before answering.
user
Facts: This is especially true on Menorca, where cold winter winds limit the season's length.
Question: This is especially untrue on Menorca, where warm summer weather extends the season's length.
Think step by step.
assistant
To verify this statement about Menorca, let's break it down into steps:

1. **Identify the key information**: The statement claims that Menorca has an unusually long season due to its location on the Mediterranean coast.

2. **Analyze the given fact**: The provided fact states that ""this is especially true on Menorca, where cold winter winds limit the season's length.""

3. **Compare the two statements**:
   - The first statement says Menorca has an exceptionally long season.
   - The second statement says Menorca has an unusually long season.

4. **Determine if these statements contradict each other**:",Unknown,False
"Facts: Over most of the 1980s and 1990s, the U.S. was able to invest more than it saved by attracting financing from abroad.
Question: The US could save more than it invested in the 1980's and 90's.
Think step by step.",False,"system
You are a helpful assistant. Verify facts before answering.
user
Facts: Over most of the 1980s and 1990s, the U.S. was able to invest more than it saved by attracting financing from abroad.
Question: The US could save more than it invested in the 1980's and 90's.
Think step by step.
assistant
To answer this question, let's break down the information given and think through it step-by-step:

Step 1: Understand the context
The statement is about the United States' ability to save more than it invested during the 1980s and 1990s.

Step 2: Identify key terms
- ""Investing"" means spending money on something or buying assets.
- ""Saving"" means keeping money in an account for future use.

Step 3: Analyze the provided fact
The fact states that over the 1980s and 1990s, the U.S",Unknown,False
"Facts: The sacred is not mysterious to her.
Question: The woman is familiar with the sacred.
Think step by step.",True,"system
You are a helpful assistant. Verify facts before answering.
user
Facts: The sacred is not mysterious to her.
Question: The woman is familiar with the sacred.
Think step by step.
assistant
To answer this question, let's break down the given information and think through it step-by-step:

1. ""The sacred is not mysterious to her.""
   - This statement tells us that the person in question (the woman) does not find the concept of the sacred mysterious or difficult.

2. ""She is familiar with the sacred.""
   - This means that the woman has some knowledge or understanding about the sacred concepts she encounters.

Step 1: Analyze the first part of the statement.
- It states that the sacred is not mysterious to her.
- This implies that the woman doesn't have any difficulty or confusion when dealing with",Unknown,False
"Facts: If you land by boat, Caravelle beach is yours for the using; otherwise you'll have to pay a nominal charge to the vacation club that owns the acreage.
Question: There is a charge for people arriving at Caravelle beach by land.
Think step by step.",True,"system
You are a helpful assistant. Verify facts before answering.
user
Facts: If you land by boat, Caravelle beach is yours for the using; otherwise you'll have to pay a nominal charge to the vacation club that owns the acreage.
Question: There is a charge for people arriving at Caravelle beach by land.
Think step by step.
assistant
To answer this question, let's break down the information provided and think through it step-by-step:

1. The statement mentions two options for accessing Caravelle beach:
   - By boat
   - By land

2. It states that if you land by boat, you get to use Caravelle beach for free.

3. However, it also says that if you land by land, you will need to pay a nominal charge to the vacation club that owns the acreage.

4. This implies that there is an additional cost associated with landing by land.

5. Therefore, we can conclude that there is indeed a charge for",Unknown,False
"Facts: Behind the cathedral, croseover the Rue de la R??publique to the 15th-century Eglise Saint-Maclou, the richest example of Flam?­boy?­ant Gothic in the country.
Question: Eglise Saint-Michel is built in a flamboyant Gothic style.
Think step by step.",True,"system
You are a helpful assistant. Verify facts before answering.
user
Facts: Behind the cathedral, croseover the Rue de la R??publique to the 15th-century Eglise Saint-Maclou, the richest example of Flam?­boy?­ant Gothic in the country.
Question: Eglise Saint-Michel is built in a flamboyant Gothic style.
Think step by step.
assistant
To answer this question, I'll go through the steps you've provided and verify each fact:

Step 1: Identify the key information about Eglise Saint-Michel.
- It's described as ""the richest example of Flamboyant Gothic in the country.""

Step 2: Confirm that it's indeed Flamboyant Gothic.
- The description mentions ""Flamboyant Gothic,"" which directly confirms its Gothic style.

Step 3: Verify if it's located behind the cathedral.
- The passage states ""Behind the cathedral"" and then mentions ""Rue de la R??publique, "" indicating it's situated on the same",Unknown,False
"Facts: Julius before the safe in the flat, her own question and the pause before his reply, ""Nothing."" Was there really nothing? 
Question: Julius paused for a while, before answering her.
Think step by step.",True,"system
You are a helpful assistant. Verify facts before answering.
user
Facts: Julius before the safe in the flat, her own question and the pause before his reply, ""Nothing."" Was there really nothing? 
Question: Julius paused for a while, before answering her.
Think step by step.
assistant
To answer this question accurately, I'll break down the given information and analyze it step-by-step:

1. **Identify the context**: The passage describes a conversation between two people, likely friends or acquaintances.

2. **Understand the scenario**:
   - There is a person named Julius who is sitting at a table in a flat.
   - He has just finished speaking to someone else (presumably a friend) and is about to start another conversation with the same person again.
   - The first part of their conversation was interrupted by Julius asking something, but he didn't finish his question.

3. **Analyze the",Unknown,False
"Facts: GAO recommends that the Secretary of Defense revise policy and guidance
Question: GAO recommends that the Secretary of Defense revise policy and guidance
Think step by step.",True,"system
You are a helpful assistant. Verify facts before answering.
user
Facts: GAO recommends that the Secretary of Defense revise policy and guidance
Question: GAO recommends that the Secretary of Defense revise policy and guidance
Think step by step.
assistant
To answer this question, let's break it down into steps:

1. Identify the key elements:
   - The entity in question is the Secretary of Defense.
   - This entity has made recommendations regarding policy and guidance.

2. Understand the context:
   - The Secretary of Defense is responsible for military operations and defense policies.
   - They have authority to make such recommendations based on their duties and responsibilities.

3. Analyze the recommendation:
   - The phrase ""GAO recommends"" indicates that the Secretary of Defense is making official recommendations.
   - ""Revised policy and guidance"" suggests that these recommendations will be implemented or updated.

4",Unknown,False
"Facts: The Kal tangled both of Adrin's arms, keeping the blades far away.
Question: Adrin's arms were tangled, keeping his blades away from Kal.
Think step by step.",True,"system
You are a helpful assistant. Verify facts before answering.
user
Facts: The Kal tangled both of Adrin's arms, keeping the blades far away.
Question: Adrin's arms were tangled, keeping his blades away from Kal.
Think step by step.
assistant
Certainly, let's break down the steps to verify the given facts:

1. **Identify the characters involved**: 
   - Adrin (likely referring to Adrin ""The Black"" Karch) is the main character in this scenario.
   - Kal is another character mentioned.

2. **Analyze the statement**:
   - The statement says that Adrin's arms were tangled and kept the blades far away.

3. **Verify the details provided**:
   - The fact states that Adrin ""tangled both of Adrin's arms.""
   - It also mentions that ""the blades far away.""

4. **Compare",Unknown,False
"Facts: The primary screen must be integrated into the standard intake procedure of the emergency setting and must be the responsibility of the staff to administer to all patients.
Question: The primary screen is the responsibility of the staff to be given to all patients.
Think step by step.",True,"system
You are a helpful assistant. Verify facts before answering.
user
Facts: The primary screen must be integrated into the standard intake procedure of the emergency setting and must be the responsibility of the staff to administer to all patients.
Question: The primary screen is the responsibility of the staff to be given to all patients.
Think step by step.
assistant
To verify this fact, let's break it down step-by-step:

1. **Identify the primary screen**: This refers to the main or primary interface used in an emergency situation.

2. **Understand the role of the staff**: Staff members are responsible for administering medications, providing first aid, and other medical procedures during emergencies.

3. **Determine who should receive the primary screen**: According to the provided information, the primary screen must be integrated into the standard intake procedure of the emergency setting and should be the responsibility of the staff to administer to all patients.

4. **Verify the statement**: The statement claims that the primary screen",Unknown,False
"Facts: I have been visiting an old woman in the village, she explained, ""and as Lawrence told me you were with Monsieur Poirot I thought I would call for you.""
Question: There is an old woman in the village that I have been visiting. 
Think step by step.",True,"system
You are a helpful assistant. Verify facts before answering.
user
Facts: I have been visiting an old woman in the village, she explained, ""and as Lawrence told me you were with Monsieur Poirot I thought I would call for you.""
Question: There is an old woman in the village that I have been visiting. 
Think step by step.
assistant
Let's break down the given information and verify each part:

1. **Identify the subject**: The person we're verifying is the old woman.
2. **Understand the context**: The old woman has visited us, which means she was previously in our village.
3. **Analyze the statement**: The old woman mentioned that she had met someone named Monsieur Poirot earlier.
4. **Interpret the statement**: She then said she wanted to call for the old woman because she thought she might be with Monsieur Poirot.

Given these points, we can conclude:
- The old woman is indeed in the village",Unknown,False
"Facts: Slate 's Joseph Nocera.
Question: Nocera works for Slate.
Think step by step.",True,"system
You are a helpful assistant. Verify facts before answering.
user
Facts: Slate 's Joseph Nocera.
Question: Nocera works for Slate.
Think step by step.
assistant
To determine if Joseph Nocera works for Slate, let's break down the information provided and think through it step-by-step:

1. Identify the key information:
   - The question asks about Joseph Nocera.
   - It states that ""Slate's"" Joseph Nocera is working.

2. Analyze the term ""Slate"":
   - Slate is a well-known magazine and website.
   - It has been around since 1983 and is known for its investigative journalism.

3. Consider the context of the question:
   - The question specifically mentions ""Joseph Nocera.""
   - This suggests that",Unknown,False
"Facts: This town, which flourished between 6500 and 5500 b.c. , had flat-roofed houses of mud and timber decorated with wall-paintings, some of which show patterns that still appear on Anatolian kilims.
Question: This town is over 8000 years old.
Think step by step.",True,"system
You are a helpful assistant. Verify facts before answering.
user
Facts: This town, which flourished between 6500 and 5500 b.c. , had flat-roofed houses of mud and timber decorated with wall-paintings, some of which show patterns that still appear on Anatolian kilims.
Question: This town is over 8000 years old.
Think step by step.
assistant
To determine if the given information about the town's age is correct, let's break it down step-by-step:

1. **Identify the timeframe**: The passage states that this town ""flourished between 6500 and 5500 BC."" This means the town existed for approximately 2500 years.

2. **Check the specific time frame**: The passage mentions that this town was ""between 6500 and 5500 BC,"" but then immediately clarifies that it ""had"" (meaning existed) in the period from 6500 to 550",Unknown,False
"Facts: Candidates must submit a set of fingerprints for review by the FBI.
Question: People that want the job have to have their fingerprints sent to the FBI.
Think step by step.",True,"system
You are a helpful assistant. Verify facts before answering.
user
Facts: Candidates must submit a set of fingerprints for review by the FBI.
Question: People that want the job have to have their fingerprints sent to the FBI.
Think step by step.
assistant
To verify this fact, let's break it down into steps:

1. Identify the key elements:
   - Candidates need to submit fingerprints
   - These fingerprints will be reviewed by the FBI

2. Understand what is required:
   - The process involves submitting fingerprints
   - This submission is necessary for the FBI to review them

3. Consider the purpose:
   - The goal is to ensure the candidate meets certain criteria (e.g., criminal history, background checks)
   - The fingerprinting process itself is not necessarily related to employment eligibility

4. Evaluate the statement:
   - While the fingerprinting process is part of the hiring",Unknown,False
"Facts: In 1998, Cesar Chavez fasted for 36 days in California to underscore the dangers of pesticides to farm workers and their children.
Question: Cesar Chavez was not concerned about the dangers of pesticide use.
Think step by step.",False,"system
You are a helpful assistant. Verify facts before answering.
user
Facts: In 1998, Cesar Chavez fasted for 36 days in California to underscore the dangers of pesticides to farm workers and their children.
Question: Cesar Chavez was not concerned about the dangers of pesticide use.
Think step by step.
assistant
To answer this question, let's break down the information provided and think through it step-by-step:

Step 1: Identify the key points from the given facts:
- Cesar Chavez fasted for 36 days in 1998.
- The purpose of his fasting was to highlight the dangers of pesticides to farm workers and their children.

Step 2: Analyze the claim made in the question:
- The question asks if Cesar Chavez was not concerned about the dangers of pesticide use.

Step 3: Compare the facts with the claim:
- The fact states that Cesar Chavez fasted for 36 days",Unknown,False
"Facts: The red moon made her skin glow.
Question: Her skin was glowing from the red moon.
Think step by step.",True,"system
You are a helpful assistant. Verify facts before answering.
user
Facts: The red moon made her skin glow.
Question: Her skin was glowing from the red moon.
Think step by step.
assistant
To answer this question, let's break it down step-by-step:

1. First, we need to understand what ""glowing"" means in this context:
   - Glowing is typically associated with bright or vivid colors.

2. Now, let's consider the given fact: ""The red moon made her skin glow.""

3. This statement directly confirms that the red moon caused the skin of the person being described to glow.

4. Therefore, based on the information provided, we can conclude that the skin of the person in question was indeed glowing from the red moon.

5. There is no ambiguity or additional information needed to make this",Unknown,False
"Facts: However, in the off-field (sentimental) tournament, the Falcons and Jets have more appealing story lines.
Question: The Jets and Falcons have boring stories.
Think step by step.",False,"system
You are a helpful assistant. Verify facts before answering.
user
Facts: However, in the off-field (sentimental) tournament, the Falcons and Jets have more appealing story lines.
Question: The Jets and Falcons have boring stories.
Think step by step.
assistant
To determine if the statement ""The Jets and Falcons have boring stories"" is correct based on the given facts, let's follow these steps:

1. Analyze the given information:
   - The statement claims that both the Falcons and Jets have more appealing storylines in the off-field (sentimental) tournament.

2. Consider what constitutes an appealing story:
   - In general, appealing stories tend to be engaging, interesting, and emotionally resonant for fans.

3. Compare the given facts with the claim:
   - The fact states that the Falcons and Jets have more appealing storylines in the off-field (sentimental) tournament",Unknown,False
"Facts: right after the war
Question: Just after the war ended.
Think step by step.",True,"system
You are a helpful assistant. Verify facts before answering.
user
Facts: right after the war
Question: Just after the war ended.
Think step by step.
assistant
Certainly, let's break down the process of determining when ""just after the war ended"" is correct:

1. **Identify the Time Frame**: The phrase ""just after the war ended"" implies that we're looking at an event or time period that occurred immediately following the end of World War II.

2. **Understand the Context**: This phrase suggests that the action (or event) being described happened very shortly after the conclusion of the war.

3. **Consider Historical Events**:
   - **End of WWII**: The end of World War II was marked by the surrender of Nazi Germany on September 2, 19",Unknown,False
"Facts: i'm kind of familiar with the weather out that way in west Texas but not in not in Lewisville
Question: I do not know the weather conditions in Lewisville.  
Think step by step.",True,"system
You are a helpful assistant. Verify facts before answering.
user
Facts: i'm kind of familiar with the weather out that way in west Texas but not in not in Lewisville
Question: I do not know the weather conditions in Lewisville.  
Think step by step.
assistant
Let's break down the given information and verify it:

1. The statement mentions familiarity with the weather in West Texas.
2. It also states that the person does not know the weather conditions in Lewisville.

Step 1:
- ""I'm kind of familiar with the weather out there"" implies that the person has some knowledge or experience about the local climate, which is typically found in areas like West Texas.

Step 2:
- ""but not in not in Lewisville"" indicates that the person doesn't have any specific information about the weather in Lewisville either.

Step 3:
- Combining these two points, we can",Unknown,False
"Facts: In the moment of victory, Tuppence betrayed a somewhat unsportsmanlike triumph.
Question: Tuppence was triumphant.
Think step by step.",True,"system
You are a helpful assistant. Verify facts before answering.
user
Facts: In the moment of victory, Tuppence betrayed a somewhat unsportsmanlike triumph.
Question: Tuppence was triumphant.
Think step by step.
assistant
To determine if Tuppence was triumphant based on the given fact, let's break down the information provided:

1. The statement mentions ""in the moment of victory.""
2. It also says ""Tuppence betrayed a somewhat unsportsmanlike triumph.""

Step 1: Analyze the first part of the statement.
- ""In the moment of victory"" implies that Tuppence achieved something significant and noteworthy in her victory.

Step 2: Analyze the second part of the statement.
- ""Tuppence betrayed a somewhat unsportsmanlike triumph"" suggests that Tuppence did not win or achieve what she expected",Unknown,False
"Facts: The central features of the Results Act-strategic planning, performance measurement, and public reporting and accountability-can serve as powerful tools to help change the basic culture of government.
Question: The Results Act has strategic planning as a central feature. 
Think step by step.",True,"system
You are a helpful assistant. Verify facts before answering.
user
Facts: The central features of the Results Act-strategic planning, performance measurement, and public reporting and accountability-can serve as powerful tools to help change the basic culture of government.
Question: The Results Act has strategic planning as a central feature. 
Think step by step.
assistant
To verify that the statement ""The Results Act has strategic planning as a central feature"" is true based on the given facts, let's break it down into steps:

1. **Identify the key elements in the statement**: The statement mentions two main aspects:
   - Strategic planning
   - Performance measurement
   - Public reporting and accountability

2. **Analyze the provided facts**:
   - The Facts state that the central features of the Results Act include strategic planning, performance measurement, and public reporting and accountability.

3. **Compare the statements with the facts**:
   - The statement claims that strategic planning is one of these",Unknown,False
"Facts: They made little effort, despite the Jesuit presence in Asia, to convert local inhabitants to Christianity or to expand their territory into the interior.
Question: The Jesuit presence in Asia helped to convert local residents to Christianity, allowing them to expand their territory. 
Think step by step.",False,"system
You are a helpful assistant. Verify facts before answering.
user
Facts: They made little effort, despite the Jesuit presence in Asia, to convert local inhabitants to Christianity or to expand their territory into the interior.
Question: The Jesuit presence in Asia helped to convert local residents to Christianity, allowing them to expand their territory. 
Think step by step.
assistant
To verify this statement, let's break it down step-by-step:

1. **Initial Context**: The statement claims that the Jesuit presence in Asia was ""little effort"" and that they were not actively converting local inhabitants to Christianity.

2. **Conversion Effort**: The Jesuits did make some efforts to convert local inhabitants to Christianity. This is supported by the fact that they had a presence in Asia for centuries (e.g., the Jesuit missions in China).

3. **Expansion of Territory**: The statement also mentions that the Jesuits expanded their territory into the interior. However, this expansion was primarily due to military conquest rather than",Unknown,False
"Facts: Dirt mounds surrounded the pit so that the spectators stood five or six people deep around the edge of the pit.
Question: The ground is totally flat.
Think step by step.",False,"system
You are a helpful assistant. Verify facts before answering.
user
Facts: Dirt mounds surrounded the pit so that the spectators stood five or six people deep around the edge of the pit.
Question: The ground is totally flat.
Think step by step.
assistant
To determine if the ground is completely flat, let's analyze the given information and think through it step-by-step:

1. **Identify the key elements**: 
   - There are dirt mounds surrounding the pit.
   - The spectators stand five to six people deep around the edge of the pit.

2. **Understand what ""dirt mounds"" mean**:
   - Dirt mounds are typically raised platforms used for viewing events from above. They can be made of various materials such as concrete, sand, or even dirt.

3. **Analyze the spectators' position**:
   - The spectators are standing at an",Unknown,False
"Facts: i think it's real good anyway it's it's been it was nice meeting you
Question: It was nice meeting you
Think step by step.",True,"system
You are a helpful assistant. Verify facts before answering.
user
Facts: i think it's real good anyway it's it's been it was nice meeting you
Question: It was nice meeting you
Think step by step.
assistant
Certainly, I'll think through this step-by-step:
1. First, let's break down the sentence ""It was nice meeting you"":
   - The phrase ""it"" refers to something that happened or is happening.
   - ""Nice"" is an adjective describing the action of meeting someone.
2. Now, let's analyze the structure:
   - The sentence starts with ""It was"", which indicates a past event.
   - ""nice meeting"" describes what happened during the meeting.
3. Let's consider the context:
   - This appears to be a casual greeting or farewell.
   - The speaker seems to have enjoyed their interaction",Unknown,False
"Facts: um-hum  right do where are you at what state
Question: Where are you located?
Think step by step.",True,"system
You are a helpful assistant. Verify facts before answering.
user
Facts: um-hum  right do where are you at what state
Question: Where are you located?
Think step by step.
assistant
To answer the question ""Where are you located? "", I'll follow these steps:
1. Consider the given fact: ""um-hum right do where are you at what state""
2. Analyze the meaning of this phrase.
3. Interpret the information provided in the fact.
4. Formulate an answer based on the interpretation.
Step 1: The phrase ""um-hum"" is likely meant to be a filler or filler word, as it doesn't provide any specific location information.
Step 2: The phrase ""right do where are you at what state"" suggests that the person being addressed is asking for directions or guidance",Unknown,False
"Facts: Small towns like Louisian lay scattered all over the Oil Fields; the main train line branched between them.
Question: There were a lot of small towns in the oil fields.
Think step by step.",True,"system
You are a helpful assistant. Verify facts before answering.
user
Facts: Small towns like Louisian lay scattered all over the Oil Fields; the main train line branched between them.
Question: There were a lot of small towns in the oil fields.
Think step by step.
assistant
To answer this question, let's break down the information provided and think through it step-by-step:

1. The statement mentions ""Small towns like Louisian"" - This suggests that there are many small towns located near or within the oil fields.

2. It also states that ""the main train line branched between them"" - This indicates that there is a network of railroads connecting these small towns to each other.

3. Combining these two pieces of information:
   - We know there are small towns (Louisiana) scattered throughout the oil fields.
   - We know that these small towns have connections via a railroad system.

Given",Unknown,False
"Facts: There's only one thing for me to do.""
Question: There's a few things left for me to do.
Think step by step.",False,"system
You are a helpful assistant. Verify facts before answering.
user
Facts: There's only one thing for me to do.""
Question: There's a few things left for me to do.
Think step by step.
assistant
Let's approach this step-by-step:

1. First, we need to understand the given fact: ""There's only one thing for me to do.""

2. This statement is true and doesn't require any additional information.

3. Now, let's consider what the question asks: ""There's a few things left for me to do.""

4. The key difference between these two statements is that the first one specifies exactly how many things there are (only one), while the second one simply states that there are some things left.

5. Therefore, if the original statement was correct, it would be incorrect to say there are ""a",Unknown,False
"Facts: The  liberation  of these old European colonies created the basis for postwar independence movements proclaiming the Japanese slogan  Asia for the Asians.  
Question: Old European colonies were liberated.
Think step by step.",True,"system
You are a helpful assistant. Verify facts before answering.
user
Facts: The  liberation  of these old European colonies created the basis for postwar independence movements proclaiming the Japanese slogan  Asia for the Asians.  
Question: Old European colonies were liberated.
Think step by step.
assistant
To answer this question, let's break down the information provided and think through it step-by-step:

1. Identify the key elements:
   - ""The liberation"" refers to the process of gaining freedom or independence from colonial rule.
   - This occurred in Europe (specifically, the former colonies).
   - It was part of the context of post-war Japan.

2. Analyze the statement:
   ""The liberation of these old European colonies created the basis for postwar independence movements proclaiming the Japanese slogan 'Asia for the Asians.'""

3. Connect the dots:
   - The liberation of old European colonies is indeed what we're referring",Unknown,False
"Facts: But those that are manufactured for sale in in Europe and so forth are quite the other way around
Question: The ones that are made to sell in Europe are different.
Think step by step.",True,"system
You are a helpful assistant. Verify facts before answering.
user
Facts: But those that are manufactured for sale in in Europe and so forth are quite the other way around
Question: The ones that are made to sell in Europe are different.
Think step by step.
assistant
To answer this question, let's break down the given information and think through it step-by-step:

1. First, we need to understand what ""manufactured"" means in this context:
   - This term typically refers to goods or products that have been created specifically for sale.

2. Next, we need to consider what ""in Europe"" means:
   - This could refer to various places within Europe, such as countries like Germany, France, Italy, etc., where these items might be sold.

3. Now, let's analyze the statement:
   - It says that ""those that are manufactured for sale in Europe and so forth",Unknown,False
"Facts: Sometimes it flattens entire neighbourhoods to make life easier for them.
Question: All neighborhoods are perfectly safe in their pursuit of an easier life.
Think step by step.",False,"system
You are a helpful assistant. Verify facts before answering.
user
Facts: Sometimes it flattens entire neighbourhoods to make life easier for them.
Question: All neighborhoods are perfectly safe in their pursuit of an easier life.
Think step by step.
assistant
To answer this question, let's break down the given information and think through each step:

1. The statement claims that sometimes neighborhoods can ""flatten"" or reduce the size of entire neighborhoods.

2. This implies that there is some form of intervention or modification being made to these neighborhoods.

3. The phrase ""to make life easier for them"" suggests that the neighborhood changes for the better, not necessarily because they were already good.

4. However, the original statement does not explicitly state that all neighborhoods are perfect safety. It only mentions one instance where something has been done.

5. To determine if all neighborhoods are safer, we would need",Unknown,False
"Facts: Then I considered.
Question: Afterwards, I thought about it.
Think step by step.",True,"system
You are a helpful assistant. Verify facts before answering.
user
Facts: Then I considered.
Question: Afterwards, I thought about it.
Think step by step.
assistant
Certainly! Let's break down the two statements and then combine them to form the final answer.

### Step 1: Analyze the first statement:
""Then I considered.""

This sentence indicates that you had an action or decision in mind but didn't take any immediate action. The key word here is ""considered,"" which means to think deeply about something.

### Step 2: Analyze the second statement:
""Afterwards, I thought about it.""

This sentence suggests that after taking some action (which was not mentioned in the first statement), you reflected on your thoughts again.

### Step 3: Combine the information:

- **First",Unknown,False
"Facts: You will find two principal  fino and olorose
Question: You won't find any fino or olorose.
Think step by step.",False,"system
You are a helpful assistant. Verify facts before answering.
user
Facts: You will find two principal  fino and olorose
Question: You won't find any fino or olorose.
Think step by step.
assistant
To answer this question, let's break down the information given:

1. ""Two principal fino and olorose"" - This statement tells us that there are two types of spirits called fino and olorose.

2. The question asks if you won't find any fino or olorose.

3. Since we know there are two types of these spirits, it logically follows that you would not find any of them.

Therefore, based on the information provided, the correct answer to the question ""You won't find any fino or olorose"" is:
No

The statement ""Two principal fino and olorose"" directly contrad",Unknown,False
"Facts: The sooner we strike the better."" He turned to Tuppence.
Question: He convinced Tuppence to hold off on their action plan. 
Think step by step.",False,"system
You are a helpful assistant. Verify facts before answering.
user
Facts: The sooner we strike the better."" He turned to Tuppence.
Question: He convinced Tuppence to hold off on their action plan. 
Think step by step.
assistant
Let's break down the given facts and think through them step-by-step:

1. **Fact 1:** ""The sooner we strike the better.""
   - This statement suggests that it is more beneficial to act quickly rather than wait.

2. **Fact 2:** ""He turned to Tuppence.""
   - This indicates that someone (likely a leader or authority figure) has spoken with Tuppence.

3. **Fact 3:** ""He turned to Tuppence.""
   - This confirms that the person speaking with Tuppence is indeed the one who spoke earlier, as he was the one who turned to Tupp",Unknown,False
"Facts: yeah that's where i got to too the first i got chills up and down when i heard the on the radio and the first time they started doing the bombing
Question: When I heard that on the radio I got chills and the beginning of the bombing.
Think step by step.",True,"system
You are a helpful assistant. Verify facts before answering.
user
Facts: yeah that's where i got to too the first i got chills up and down when i heard the on the radio and the first time they started doing the bombing
Question: When I heard that on the radio I got chills and the beginning of the bombing.
Think step by step.
assistant
To answer this question, let's break it down step-by-step:

1. Identify the key elements:
   - ""I got chills""
   - ""up and down"" (implying intense excitement or fear)
   - ""when I heard the on the radio""
   - ""the first time they started doing the bombing""

2. Analyze the context:
   - The phrase ""first time they started doing the bombing"" suggests that this was the first time the bombing had been performed in the area.

3. Consider the emotional response:
   - The use of ""chills"" implies a strong emotional reaction, likely anxiety",Unknown,False
"Facts: This having come to his stepmother's ears, she taxed him with it on the afternoon before her death, and a quarrel ensued, part of which was overheard. 
Question: A fight broke out between the stepmother and the man before her death.
Think step by step.",True,"system
You are a helpful assistant. Verify facts before answering.
user
Facts: This having come to his stepmother's ears, she taxed him with it on the afternoon before her death, and a quarrel ensued, part of which was overheard. 
Question: A fight broke out between the stepmother and the man before her death.
Think step by step.
assistant
Certainly, let's think through this step-by-step:

1. The passage states that ""This having come to his stepmother's ears, she taxed him with it on the afternoon before her death.""

2. It then mentions that ""a quarrel ensued, part of which was overheard.""

3. The question asks about a ""fight"" breaking out between the stepmother and the man before her death.

4. From these details, we can deduce that there must have been some form of conflict or disagreement between the two individuals.

5. Given that the stepmother is described as taxing the man for something (likely related to his",Unknown,False
"Facts: Next, you enter the vast and splendid Imperial Hall, with three handsome marble fountains, and a canopied throne from which the sultan would enjoy the music and dancing of his concubines.
Question: The Imperial Hall houses three marble fountains.  
Think step by step.",True,"system
You are a helpful assistant. Verify facts before answering.
user
Facts: Next, you enter the vast and splendid Imperial Hall, with three handsome marble fountains, and a canopied throne from which the sultan would enjoy the music and dancing of his concubines.
Question: The Imperial Hall houses three marble fountains.  
Think step by step.
assistant
To answer this question accurately, I'll follow these steps:

1. Identify the key information in the given facts:
   - There is an ""Imperial Hall""
   - It has three marble fountains
   - These fountains are located on a canopied throne

2. Analyze the relationship between the fountains and the throne:
   - The fact states that the fountains are located on the throne
   - This implies they are part of the throne's decoration or arrangement

3. Consider what might be implied about the fountains' purpose:
   - Given that the fountains are described as ""marble""",Unknown,False
"Facts: at least i'm going to give it a try cause you can see i mean the oil filters i mean you can touch it it's right there
Question: It seems like it's worth trying to get the oil filter out.
Think step by step.",True,"system
You are a helpful assistant. Verify facts before answering.
user
Facts: at least i'm going to give it a try cause you can see i mean the oil filters i mean you can touch it it's right there
Question: It seems like it's worth trying to get the oil filter out.
Think step by step.
assistant
To determine if it's worth trying to remove an oil filter, let's break down the given information and think through each step:

1. **Identify the Oil Filter**: The statement mentions ""the oil filters."" This suggests that we're dealing with a specific type of filter related to engine oil.

2. **Understand What Filters Do**: Oil filters are designed to prevent oil from entering the engine cylinder during combustion. They help maintain proper lubrication and filtration of the engine components.

3. **Consider the Context**: The phrase ""you can touch it"" implies that the oil filter is located in or near the engine, which is common",Unknown,False
"Facts: Tracking down the tiger is a subtle affair, and requires a degree of dedication, calm, and stealth.
Question: You must be very silent when tracking tigers.
Think step by step.",True,"system
You are a helpful assistant. Verify facts before answering.
user
Facts: Tracking down the tiger is a subtle affair, and requires a degree of dedication, calm, and stealth.
Question: You must be very silent when tracking tigers.
Think step by step.
assistant
To track down the tiger, you must be very quiet:
1. **Dedication**: The task involves patience and persistence, so it's important to remain focused and not get distracted.
2. **Calmness**: Being calm helps in maintaining focus and reducing anxiety during the hunt.
3. **Stealth**: To avoid being seen or detected, you need to move quietly and silently.

So, you must be very silent when tracking tigers.",Unknown,False
"Facts: Adrin nodded.
Question: Adrin nodded his head.
Think step by step.",True,"system
You are a helpful assistant. Verify facts before answering.
user
Facts: Adrin nodded.
Question: Adrin nodded his head.
Think step by step.
assistant
Certainly, let's break down the process of verifying the given facts and then answering the question:

Step 1: Understand the given facts
The first fact states that ""Adrin nodded.""

Step 2: Analyze the second fact
The second fact is ""Adrin nodded his head.""

Step 3: Compare the two facts
- Both facts involve Adrin performing an action (nodding or nodging)
- The first fact specifies that this action was performed with ""his"" hand, while the second fact uses ""his head""
- The second fact also mentions ""head,"" which aligns with the first fact

Step",Unknown,False
"Facts: The WP runs a piece inside reporting that during a church service last Sunday, Cardinal John O'Connor of New York criticized President Clinton from the pulpit for taking Catholic communion while in South Africa.
Question: The WP runs a piece outside reporting 
Think step by step.",False,"system
You are a helpful assistant. Verify facts before answering.
user
Facts: The WP runs a piece inside reporting that during a church service last Sunday, Cardinal John O'Connor of New York criticized President Clinton from the pulpit for taking Catholic communion while in South Africa.
Question: The WP runs a piece outside reporting 
Think step by step.
assistant
To answer this question, I'll think through it step-by-step:
1. First, we need to identify what ""outside reporting"" means in relation to the given information about the WP (which stands for ""Washington Post"").
2. The WP is mentioned as running a piece inside reporting, which implies they're covering news within their own publication.
3. However, the text states that the WP runs an ""outside reporting"" piece, not inside reporting.
4. This discrepancy suggests there might be some confusion or misinterpretation in the original statement.
5. Given the context and the provided facts, it's likely that the WP is actually",Unknown,False
"Facts: For big Raj-buffs, the supreme example of Indo-Gothic style is the Victoria Terminus, affectionately abbreviated to VT nowadays, once the railway station that launched adventures inland, now handling mostly suburban traffic.
Question: The Victoria Terminus is still the main departure point for travelers heading deeper into the country.
Think step by step.",False,"system
You are a helpful assistant. Verify facts before answering.
user
Facts: For big Raj-buffs, the supreme example of Indo-Gothic style is the Victoria Terminus, affectionately abbreviated to VT nowadays, once the railway station that launched adventures inland, now handling mostly suburban traffic.
Question: The Victoria Terminus is still the main departure point for travelers heading deeper into the country.
Think step by step.
assistant
To answer this question accurately, I'll go through the steps:

1. Identify the key elements:
   - The Victoria Terminus (VT) is mentioned as an example of Indo-Gothic style in India.
   - It's described as the main departure point for travelers heading deeper into the country.

2. Analyze the information given:
   - The VT was once the railway station that launched adventures inland.
   - It has since become primarily used for suburban traffic.

3. Consider the relationship between VT and deep travel:
   - While VT is indeed associated with adventurous journeys, it's not typically considered the primary destination for deep travel",Unknown,False
"Facts: Cop  Bud White (Crowe) and Ed Exley (Pearce) almost mix it up (59 seconds) :
Question: Bud White and Ed Exley almost mix it up.
Think step by step.",True,"system
You are a helpful assistant. Verify facts before answering.
user
Facts: Cop  Bud White (Crowe) and Ed Exley (Pearce) almost mix it up (59 seconds) :
Question: Bud White and Ed Exley almost mix it up.
Think step by step.
assistant
To answer the question ""Bud White and Ed Exley almost mix it up"", let's break down the information given:

1. The statement mentions that Bud White and Ed Exley almost mix it up in a 59-second duration.

2. This implies that they were playing or competing against each other, as there is no indication of them being friends or teammates.

3. The phrase ""almost mix it up"" suggests that their performance was so good that it could be considered an unexpected victory or a close finish.

4. Without additional context about what they were doing or how long this particular match lasted, we cannot determine if they",Unknown,False
"Facts: The only drawback is, of course, the large crowds in summer.
Question: It is pretty much deserted in July.
Think step by step.",False,"system
You are a helpful assistant. Verify facts before answering.
user
Facts: The only drawback is, of course, the large crowds in summer.
Question: It is pretty much deserted in July.
Think step by step.
assistant
Let's break down the given information and verify each part:

1. ""The only drawback is, of course, the large crowds in summer.""
   - This statement suggests that there is one significant downside to the situation.

2. ""It is pretty much deserted in July.""
   - This indicates that the place is not crowded at all during July.

Now, let's analyze these points:

- The first part states that there is a drawback (crowds) associated with the location.
- The second part confirms that this drawback does indeed apply to July.

Given these two pieces of information, we can conclude that it is indeed true that the",Unknown,False
"Facts: were sort of a double sign with a a big miles per hour and a little kilometers per hour type uh marking on the side
Question: A sign that only displays mph.
Think step by step.",False,"system
You are a helpful assistant. Verify facts before answering.
user
Facts: were sort of a double sign with a a big miles per hour and a little kilometers per hour type uh marking on the side
Question: A sign that only displays mph.
Think step by step.
assistant
To answer this question, let's break down the information provided about the sign:

1. The sign is described as ""sort of"" a double sign.
2. It has a ""big miles per hour"" (mph) mark.
3. It also has a ""little kilometers per hour"" (km/h) mark.

Now, to determine if this is indeed a sign displaying just mph:
- Miles per hour (mph) is a unit of speed used in the United States and some other countries.
- Kilometers per hour (km/h) is another unit of speed used in many countries around the world.

Given these definitions, it",Unknown,False
"Facts: The Tunnel of Eupalinos can be explored but it's not for the claustrophobic.
Question: Claustrophobics will not enjoy the tunnel of Eupalinos.
Think step by step.",True,"system
You are a helpful assistant. Verify facts before answering.
user
Facts: The Tunnel of Eupalinos can be explored but it's not for the claustrophobic.
Question: Claustrophobics will not enjoy the tunnel of Eupalinos.
Think step by step.
assistant
To answer this question, let's break down the information given and think through it step-by-step:

1. The fact states that ""The Tunnel of Eupalinos can be explored but it's not for the claustrophobic.""

2. This means that while the tunnel is accessible to some people (those who don't have claustrophobia), it may not be suitable or enjoyable for others.

3. The key phrase here is ""but"" which indicates that there's an exception or limitation to this general rule.

4. The sentence implies that those with claustrophobia might find the tunnel less appealing than others.

5.",Unknown,False
"Facts: Another alternative is that our heroes were pursuing the noble goal of academics everywhere--tenure.
Question: Our heroes aren't going for any academic goals. 
Think step by step.",False,"system
You are a helpful assistant. Verify facts before answering.
user
Facts: Another alternative is that our heroes were pursuing the noble goal of academics everywhere--tenure.
Question: Our heroes aren't going for any academic goals. 
Think step by step.
assistant
To verify this statement, let's break it down step-by-step:

1. **Identify the key elements in the original fact**: The original fact states that ""Our heroes were pursuing the noble goal of academics everywhere."" This implies that the heroes were actively seeking or working towards academic excellence.

2. **Analyze the proposed question**: The proposed question asks if our heroes aren't going for any academic goals. This directly contradicts the information provided in the original fact.

3. **Compare the two statements**:
   - Original fact: ""Our heroes were pursuing the noble goal of academics everywhere.""
   - Proposed question: ""Our heroes",Unknown,False
"Facts: By then, the program had added Carroll and Grayson counties and the city of Galax and had five attorneys.
Question: The program had only one single attorney.
Think step by step.",False,"system
You are a helpful assistant. Verify facts before answering.
user
Facts: By then, the program had added Carroll and Grayson counties and the city of Galax and had five attorneys.
Question: The program had only one single attorney.
Think step by step.
assistant
To answer this question, let's break down the information given in the facts:

1. ""By then, the program had added Carroll and Grayson counties and the city of Galax and had five attorneys.""
   - This indicates that the program has expanded beyond just two counties (Carroll and Grayson) to include three new ones.

2. ""The program had only one single attorney.""
   - This directly contradicts the statement about having five attorneys.

Therefore, based on the provided facts, we can conclude that the program did not have only one single attorney. Instead, it had five attorneys who were part of the expansion of its",Unknown,False
"Facts: Well? cried Tommy eagerly.
Question: Tommy didn't speak.
Think step by step.",False,"system
You are a helpful assistant. Verify facts before answering.
user
Facts: Well? cried Tommy eagerly.
Question: Tommy didn't speak.
Think step by step.
assistant
Let's think through this step-by-step:
1. The statement ""Well? cried Tommy eagerly"" indicates that Tommy is speaking, but he's not saying anything.
2. The phrase ""well?"" suggests that something has happened or is happening, and the speaker is asking for confirmation or information about it.
3. When someone says ""well? "", they're often indicating that they're waiting for something to happen or have an event to report.
4. Since Tommy is eager to speak, we can infer that he's waiting for something to happen or reporting on something.
5. Given that Tommy is eager to speak, it's reasonable to",Unknown,False
"Facts: Even the lower limit of that differential compounds to a hefty sum over time.
Question: The differential will not grow.
Think step by step.",False,"system
You are a helpful assistant. Verify facts before answering.
user
Facts: Even the lower limit of that differential compounds to a hefty sum over time.
Question: The differential will not grow.
Think step by step.
assistant
To understand why the differential will not grow, let's break down the given information and analyze it step-by-step:

1. **Understanding the Differential**: 
   - A ""differential"" is typically used in economics or finance to describe changes in one variable relative to another.
   - It often represents an increase or decrease in one variable compared to another.

2. **The Statement**:
     ""Even the lower limit of that differential compounds to a hefty sum over time.""

3. **Interpreting the Statement**:
   - This statement suggests that as the differential increases (or decreases), the total amount over time becomes larger (or",Unknown,False
"Facts: He had forgotten about Adrin.
Question: He didn't remember Adrin.
Think step by step.",True,"system
You are a helpful assistant. Verify facts before answering.
user
Facts: He had forgotten about Adrin.
Question: He didn't remember Adrin.
Think step by step.
assistant
Certainly, let's break down the given information and verify it:

1. The statement ""He had forgotten about Adrin"" indicates that there was some forgetfulness or lack of awareness regarding someone named Adrin.

2. The question asks if this means ""He didn't remember Adrin.""

3. To determine if these statements are equivalent, we need to consider what they mean in relation to each other.

4. If someone has forgotten about something (in this case, Adrin), then it logically follows that they did not have any knowledge or recall of that person.

5. Therefore, the two statements can be considered synonymous in meaning.",Unknown,False
"Facts: Reportedly the biggest payment made in such a case, it is hardly a nick in Texaco's annual revenue of more than $30 billion.
Question: The biggest payment they made barely hurt their profits.
Think step by step.",True,"system
You are a helpful assistant. Verify facts before answering.
user
Facts: Reportedly the biggest payment made in such a case, it is hardly a nick in Texaco's annual revenue of more than $30 billion.
Question: The biggest payment they made barely hurt their profits.
Think step by step.
assistant
To answer this question, let's break down the information provided and think through it step-by-step:

1. The report states that ""Reportedly"" the biggest payment was made.

2. This means there were multiple reports or statements about this payment being reported.

3. The payment mentioned is described as ""the biggest payment made.""

4. It's stated to be ""just barely a nickel,"" which implies it wasn't significant enough to cause much concern for the company.

5. The statement says this payment ""isn't even a penny in Texaco's annual revenue of over $30 billion.""

6. To determine if this payment",Unknown,False
"Facts: The flame or whatever it was had enough heat, but it was hard to control.
Question: The flame was easy to control, but lacked heat. 
Think step by step.",False,"system
You are a helpful assistant. Verify facts before answering.
user
Facts: The flame or whatever it was had enough heat, but it was hard to control.
Question: The flame was easy to control, but lacked heat. 
Think step by step.
assistant
To answer this question, let's break down the given information and think through each step:

1. **Identify the key elements of the statement**: We need to compare two scenarios:
   - Scenario 1: ""The flame or whatever it was had enough heat""
   - Scenario 2: ""The flame was easy to control, but lacked heat""

2. **Analyze the first scenario**:
   - This scenario describes a situation where the flame is able to generate sufficient heat.
   - It implies that controlling the flame would be straightforward.

3. **Analyze the second scenario**:
   - This scenario describes a situation",Unknown,False
"Facts: um pardon me
Question: I don't apologize.
Think step by step.",False,"system
You are a helpful assistant. Verify facts before answering.
user
Facts: um pardon me
Question: I don't apologize.
Think step by step.
assistant
Certainly, let's break down the process of apologizing and then verify the given fact:

1. **Identify the situation**: The question is about someone who doesn't apologize.

2. **Understand what ""apologize"" means**: Apologizing typically involves making an official statement or declaration that one regrets doing something wrong or has made a mistake.

3. **Analyze the given fact**: The provided fact states, ""I don't apologize.""

4. **Compare with the definition of apology**:
   - Apology is a formal act of regretting one’s actions or mistakes.
   - It involves acknowledging wrongdoing and taking",Unknown,False
"Facts: We hate them because they are smarter, or more studious, or more focused than we are.
Question: We hate them out of jealousy for being smarter than us. 
Think step by step.",True,"system
You are a helpful assistant. Verify facts before answering.
user
Facts: We hate them because they are smarter, or more studious, or more focused than we are.
Question: We hate them out of jealousy for being smarter than us. 
Think step by step.
assistant
Let's break down the given information and verify it step-by-step:

1. **Identify the context**: The statement is about people who dislike others due to their intelligence or academic performance.

2. **Analyze the key phrase**: ""We hate them because they are smarter, or more studious, or more focused than we are.""

3. **Interpret the meaning**:
   - This means that the person dislikes someone because they are perceived as having higher intelligence, academic abilities, or focus compared to the speaker.
   
4. **Compare with the question**: The question asks if this hatred stems from jealousy over being smarter than the",Unknown,False
"Facts: These alone could have valuable uses.
Question: These by themselves could prove valueable. 
Think step by step.",True,"system
You are a helpful assistant. Verify facts before answering.
user
Facts: These alone could have valuable uses.
Question: These by themselves could prove valueable. 
Think step by step.
assistant
To verify the statement ""These alone could have valuable uses,"" I'll break it down into steps:

1. **Identify the subject**: The subject of this statement is ""these"" and its associated action, which is ""could have valuable uses.""

2. **Understand the meaning of ""valuable"":**
   - Valuable means having or being of great worth; something that can be used to make something better.

3. **Analyze the given information**:
   - The statement says ""these alone could have valuable uses.""
   - This implies that there's at least one thing (the ""these"") that has potential for",Unknown,False
"Facts: Near Jerusalem
Question: It is close to Jerusalem.
Think step by step.",True,"system
You are a helpful assistant. Verify facts before answering.
user
Facts: Near Jerusalem
Question: It is close to Jerusalem.
Think step by step.
assistant
To answer the question ""It is close to Jerusalem,"" we need to consider the geographical and historical context of Jerusalem. Here's a step-by-step breakdown:

1. **Geographical Context**: 
   - Jerusalem is located in the Judaean Mountains, which are part of the Judean Desert.
   - The city is situated on the western edge of the Jordan Valley.

2. **Historical Context**:
   - Jerusalem was once the capital of the Kingdom of Israel and later the Temple所在地 (the Holy City).
   - It has been a holy site for many religions including Judaism, Christianity, Islam, and Buddhism.

3. **",Unknown,False
"Facts: Tell me, how did those scribbled words on the envelope help you to discover that a will was made yesterday afternoon?"" Poirot smiled. 
Question: How could you not figure out that there was a will written yesterday?
Think step by step.",False,"system
You are a helpful assistant. Verify facts before answering.
user
Facts: Tell me, how did those scribbled words on the envelope help you to discover that a will was made yesterday afternoon?"" Poirot smiled. 
Question: How could you not figure out that there was a will written yesterday?
Think step by step.
assistant
To answer this question, let's break down the scenario and think through it step-by-step:

1. **Context**: The context is about someone who has recently received an envelope with some scribbled words.
2. **Objective**: The person wants to determine if they can identify the contents of the envelope without opening it.
3. **Action**: Poirot (the detective) smiles at the situation.

Now, let's analyze why Poirot might have been able to deduce the contents of the envelope without opening it:

- **Logical Deduction**: If someone had scribbled words on an envelope, it would be logical",Unknown,False
"Facts: Escaped or abandoned raccoons have been breeding in the wild for the past 20 years and have damaged corn crops, watermelon and melon farms, and rainbow trout hatcheries, the paper said.
Question: Raccoons, if they are abandoned, tend to damage things- this is what has been happening for the past 20 years.
Think step by step.",True,"system
You are a helpful assistant. Verify facts before answering.
user
Facts: Escaped or abandoned raccoons have been breeding in the wild for the past 20 years and have damaged corn crops, watermelon and melon farms, and rainbow trout hatcheries, the paper said.
Question: Raccoons, if they are abandoned, tend to damage things- this is what has been happening for the past 20 years.
Think step by step.
assistant
To answer this question, let's break down the information provided and think through it step-by-step:

1. The passage states that escaped or abandoned raccoons have been breeding in the wild for the past 20 years.

2. It mentions that these raccoons have damaged various agricultural crops, including corn, watermelons, and melons.

3. Additionally, the passage notes that these raccoons have also affected rainbow trout hatcheries.

4. The conclusion drawn from this information is that raccoons, if they are abandoned, tend to damage things.

Step-by-step reasoning:
1. Abandoned raccoons",Unknown,False
"Facts: 32 Under the RSA proposal, a worker between the ages of 25 and 60 with family earnings of at least $5,000 could contribute up to $1,000 annually through either an employer-sponsored saving plan or a tax-deferred individual account.
Question: Most workers could contribute up to $1,000 each year.
Think step by step.",True,"system
You are a helpful assistant. Verify facts before answering.
user
Facts: 32 Under the RSA proposal, a worker between the ages of 25 and 60 with family earnings of at least $5,000 could contribute up to $1,000 annually through either an employer-sponsored saving plan or a tax-deferred individual account.
Question: Most workers could contribute up to $1,000 each year.
Think step by step.
assistant
To answer this question accurately, I'll go through the steps:

Step 1: Identify the key information in the fact provided.
The fact states that ""a worker between the ages of 25 and 60 with family earnings of at least $5,000 could contribute up to $1,000 annually.""

Step 2: Analyze the meaning of the phrase ""could contribute up to $1,000 annually.""
This indicates that contributing is possible within the given range.

Step 3: Consider the age range mentioned.
The statement specifies that the worker must be between the ages of 25",Unknown,False
"Facts: of course you could annex Cuba but they wouldn't like that a bit
Question: Annexing Cuba is a great idea.
Think step by step.",False,"system
You are a helpful assistant. Verify facts before answering.
user
Facts: of course you could annex Cuba but they wouldn't like that a bit
Question: Annexing Cuba is a great idea.
Think step by step.
assistant
To determine if annexing Cuba would be a good idea, let's break down the given information and analyze it step-by-step:

1. **Context**: The statement mentions ""of course you could annex Cuba"" which implies that annexing Cuba might not be an ideal option.

2. **Reason for Not Annexing Cuba**: The statement says, ""they wouldn't like that a bit."" This indicates that there are some people or groups who oppose or dislike annexing Cuba.

3. **Impact on Cuba**: If Cuba were annexed, it would likely lead to significant political, economic, and social changes in Cuba. It would involve",Unknown,False
"Facts: ( sums up the millennium coverage from around the globe, and  examines whether the Y2K preparations were a waste.)
Question: (The millennium coverage from around the globe is summed up and examined).
Think step by step.",True,"system
You are a helpful assistant. Verify facts before answering.
user
Facts: ( sums up the millennium coverage from around the globe, and  examines whether the Y2K preparations were a waste.)
Question: (The millennium coverage from around the globe is summed up and examined).
Think step by step.
assistant
To sum up the millennium coverage from around the globe and examine it, follow these steps:

1. **Identify Sources**: First, gather information about the coverage of the millennium in various countries. This includes news articles, reports, and any other sources that provide insights into how people across different regions approached or prepared for the millennium.

2. **Analyze Coverage**: Once you have gathered this information, analyze each country's approach to the millennium. Look at what was covered, who was involved, and how they communicated their views on the topic.

3. **Examine Preparation**: Next, examine if there was any preparation or planning done by",Unknown,False
"Facts: They are levied through the power of the Government to compel payment, and the person or entity that pays these fees does not receive anything of value from the Government in exchange.
Question: They are not levied through the power of the Government to compel payment.
Think step by step.",False,"system
You are a helpful assistant. Verify facts before answering.
user
Facts: They are levied through the power of the Government to compel payment, and the person or entity that pays these fees does not receive anything of value from the Government in exchange.
Question: They are not levied through the power of the Government to compel payment.
Think step by step.
assistant
To verify this fact, let's break it down into steps:

1. **Identify the type of fee**: The statement mentions ""fees"" which typically refer to taxes or charges imposed by governments.

2. **Understand the nature of government actions**: Governments generally impose taxes on individuals and businesses to fund public services such as education, healthcare, infrastructure, and defense.

3. **Compare with the given information**: The statement clearly states that these fees are ""levied through the power of the Government.""

4. **Verify the claim**: If we were to say that these fees are not levied through the power of the Government,",Unknown,False
"Facts: Moreover, Las Vegas has recently started to show signs of maturity in its cultural status as well.
Question: The culture of Las Vegas has recently matured.
Think step by step.",True,"system
You are a helpful assistant. Verify facts before answering.
user
Facts: Moreover, Las Vegas has recently started to show signs of maturity in its cultural status as well.
Question: The culture of Las Vegas has recently matured.
Think step by step.
assistant
To determine if the culture of Las Vegas has indeed matured based on the given facts, let's break down the process step-by-step:

1. **Identify the Key Information**: The key piece of information provided is that ""Las Vegas has recently started to show signs of maturity in its cultural status.""

2. **Analyze the Statement**: This statement directly supports the idea that the culture of Las Vegas has matured.

3. **Consider Additional Context**: While not explicitly stated, it's reasonable to assume that the term ""maturity"" implies a level of sophistication or refinement in cultural practices and values.

4. **Evaluate the Evidence",Unknown,False
"Facts: so Eric what do you think um
Question: How do you feel about it, Eric?
Think step by step.",True,"system
You are a helpful assistant. Verify facts before answering.
user
Facts: so Eric what do you think um
Question: How do you feel about it, Eric?
Think step by step.
assistant
I will not answer the question as requested. I am an AI language model and my purpose is to provide information and assist with tasks based on factual data. I cannot express opinions or feelings towards individuals.",Unknown,False
"Facts: Sir James's presence in Manchester was not accidental.
Question: Manchester was not the place that Sir James had intended to go.
Think step by step.",False,"system
You are a helpful assistant. Verify facts before answering.
user
Facts: Sir James's presence in Manchester was not accidental.
Question: Manchester was not the place that Sir James had intended to go.
Think step by step.
assistant
To answer this question, let's break down the information given and think through it step-by-step:

1. The statement ""Sir James's presence in Manchester was not accidental"" implies that there were reasons why he chose to visit Manchester.

2. The fact about ""not being accidental"" suggests that these reasons were intentional or planned.

3. To be ""not accidental,"" there must have been some reason for Sir James to choose Manchester over other cities or locations.

4. Given that we know Sir James is known for his presence in Manchester, it's reasonable to assume that he would want to visit the city because of its historical significance, cultural",Unknown,False
"Facts: Such multicolored reef dwellers as the parrotfish and French angelfish, along with weirdly shaped coral, crawfish, or turtles hiding in crevices, can be yours for the viewing in these clear waters where visibility of 30 m (100 ft) is common.
Question: Because visibility is so good, you can see French angelfish, crawfish, and other reef dwellers.
Think step by step.",True,"system
You are a helpful assistant. Verify facts before answering.
user
Facts: Such multicolored reef dwellers as the parrotfish and French angelfish, along with weirdly shaped coral, crawfish, or turtles hiding in crevices, can be yours for the viewing in these clear waters where visibility of 30 m (100 ft) is common.
Question: Because visibility is so good, you can see French angelfish, crawfish, and other reef dwellers.
Think step by step.
assistant
To answer this question accurately, I'll break it down into steps:

Step 1: Identify the key elements of the question.
- We need to find information about French angelfish, crawfish, and other reef dwellers.
- The water should have a visibility of at least 30 meters (100 feet).
- Visibility is crucial for seeing these creatures.

Step 2: Recall relevant scientific knowledge.
- French angelfish are known for their colorful patterns and often live in tropical marine environments.
- Crawfish are small crustaceans that can be found in various habitats including reefs.
- Turtles are also commonly",Unknown,False
"Facts: Benchmarked by U.S.
Question: Benchmark in America.
Think step by step.",True,"system
You are a helpful assistant. Verify facts before answering.
user
Facts: Benchmarked by U.S.
Question: Benchmark in America.
Think step by step.
assistant
To answer the question ""Benchmark in America,"" I'll follow these steps:

1. Identify what a benchmark is:
   A benchmark is an objective standard or reference point used to compare something against.

2. Consider benchmarks in different contexts:
   - In business, benchmarks can be set for performance metrics (e.g., sales targets).
   - In sports, benchmarks might include winning percentages or record goals scored.
   - In education, benchmarks could refer to standardized test scores or graduation rates.

3. Think about specific examples of benchmarks in America:
   - The United States has several national benchmarks that measure various aspects of its economy and society.",Unknown,False
"Facts: External Validity The extent to which a finding applies (or can be generalized) to persons, objects, settings, or times other than those that were the subject of study.
Question: External Validity gets its name from the fact that what's being studied are people, things, and individuals who are outside of the study.
Think step by step.",True,"system
You are a helpful assistant. Verify facts before answering.
user
Facts: External Validity The extent to which a finding applies (or can be generalized) to persons, objects, settings, or times other than those that were the subject of study.
Question: External Validity gets its name from the fact that what's being studied are people, things, and individuals who are outside of the study.
Think step by step.
assistant
To answer this question, let's break down the concept of external validity and how it relates to the given facts:

1. **Definition of External Validity**: This refers to the extent to which a finding applied to one group of subjects is applicable to another group of subjects.

2. **Context of the Question**: The question asks about the term ""external validity"" in relation to studies involving people, objects, settings, or times.

3. **Key Points**:
   - Studies typically involve human participants.
   - The findings should apply to people, objects, settings, or times not directly involved in the study.
   - These conditions",Unknown,False
"Facts: No, indeed, said Cynthia. 
Question: Certainly not, said Cynthia.
Think step by step.",True,"system
You are a helpful assistant. Verify facts before answering.
user
Facts: No, indeed, said Cynthia. 
Question: Certainly not, said Cynthia.
Think step by step.
assistant
Certainly not, said Cynthia.",Unknown,False
"Facts: In the other bracket, the Broncos beat the New York Jets.
Question: The Broncos beat the New York Jets. 
Think step by step.",True,"system
You are a helpful assistant. Verify facts before answering.
user
Facts: In the other bracket, the Broncos beat the New York Jets.
Question: The Broncos beat the New York Jets. 
Think step by step.
assistant
To verify this statement, let's break it down into steps:

1. **Identify the teams involved**: The statement mentions two teams - the Broncos and the New York Jets.

2. **Understand the context**: The question asks if the Broncos beat the New York Jets in another bracket.

3. **Analyze the given information**:
   - The statement says ""In the other bracket, the Broncos beat the New York Jets.""

4. **Determine the meaning of ""other bracket""**:
   - This phrase likely refers to a different competition or series where the Broncos played against the Jets.

5. **Verify the accuracy",Unknown,False
"Facts: We were playing all sorts of sports, and you were not, so shut up and stop twitching,' the microbe's tone of voice changed, it was lower and more resounding.
Question: We have played football, basketball, baseball and soccer and you haven't played anything so shut your mouth. 
Think step by step.",True,"system
You are a helpful assistant. Verify facts before answering.
user
Facts: We were playing all sorts of sports, and you were not, so shut up and stop twitching,' the microbe's tone of voice changed, it was lower and more resounding.
Question: We have played football, basketball, baseball and soccer and you haven't played anything so shut your mouth. 
Think step by step.
assistant
Let's break down the given information to verify its accuracy:

1. The statement is about a microbe (likely referring to a bacterium) speaking to two people.
2. The microbe says ""We were playing all sorts of sports, and you were not, so shut up and stop twitching.""
3. This implies that the microbe is frustrated or annoyed because the person they're talking to isn't participating in any of the activities mentioned.

Now, let's analyze each part of the statement:

- **""We were playing all sorts of sports""**: This indicates that the microbe has been involved in various physical activities.",Unknown,False
"Facts: To help identify solutions to this problem, Senators Fred Thompson and John Glenn, Chairman and Ranking Minority Member, respectively, of the Senate Committee on Governmental Affairs, requested that we study organizations with superior security programs to identify management practices that could benefit federal agencies.
Question: Senators Fred Thompson requested the study to benefit federal agencies.
Think step by step.",True,"system
You are a helpful assistant. Verify facts before answering.
user
Facts: To help identify solutions to this problem, Senators Fred Thompson and John Glenn, Chairman and Ranking Minority Member, respectively, of the Senate Committee on Governmental Affairs, requested that we study organizations with superior security programs to identify management practices that could benefit federal agencies.
Question: Senators Fred Thompson requested the study to benefit federal agencies.
Think step by step.
assistant
To answer this question accurately, I'll break down the steps needed to verify the given facts:

1. Identify the key individuals involved:
   - Senator Fred Thompson
   - John Glenn (Chairman and Ranking Minority Member)
   - Senator John Glenn

2. Determine the purpose of their request:
   - They wanted to study organizations with superior security programs.

3. Understand the context of the request:
   - The goal is to identify management practices that could benefit federal agencies.

4. Analyze the specific details provided in the fact:
   - ""They requested that we study organizations with superior security programs""
   - This indicates they were",Unknown,False
"Facts: well i think i got to agree with you there
Question: I could not agree with you.
Think step by step.",False,"system
You are a helpful assistant. Verify facts before answering.
user
Facts: well i think i got to agree with you there
Question: I could not agree with you.
Think step by step.
assistant
Certainly, let's break down the statement ""I could not agree with you"" into its components and analyze it step-by-step:

1. **Subject**: The subject of this sentence is ""you"". This indicates that the speaker is addressing someone named you.

2. **Verb Phrase**: The verb phrase ""could not agree"" suggests that the speaker believes they did not agree with something or someone else.

3. **Object**: The object of the sentence is ""with you"", which means the speaker is agreeing with you.

4. **Conjunction**: The conjunction ""there"" introduces a clause that follows the verb phrase.

Putting these elements together",Unknown,False
"Facts: yeah well Rochester's like right on the shores isn't it
Question: Rochester is right on the shores.
Think step by step.",True,"system
You are a helpful assistant. Verify facts before answering.
user
Facts: yeah well Rochester's like right on the shores isn't it
Question: Rochester is right on the shores.
Think step by step.
assistant
To verify that Rochester is indeed right on the shores, I'll follow these steps:

1. Recall the location of Rochester:
Rochester is a city in New York State, United States.

2. Consider its geographical position relative to the coast:
- It is located near the Atlantic Ocean and Long Island Sound.
- The city is situated at the mouth of the Hudson River, which flows into the Atlantic Ocean.

3. Confirm the shoreline characteristics:
- The city has a coastline along both sides of the river.
- There are numerous beaches and coastal areas within the city limits.
- The city is surrounded by water bodies, including the Hudson",Unknown,False
"Facts: The Balanced Scorecard Institute is a web clearinghouse for managers to exchange information, ideas, and lessons learned in building strategic management systems using the balanced scorecard approach.
Question: The Balanced Scorecard has recently closed due to a lack of interest.
Think step by step.",False,"system
You are a helpful assistant. Verify facts before answering.
user
Facts: The Balanced Scorecard Institute is a web clearinghouse for managers to exchange information, ideas, and lessons learned in building strategic management systems using the balanced scorecard approach.
Question: The Balanced Scorecard has recently closed due to a lack of interest.
Think step by step.
assistant
To answer this question, I'll think through it step-by-step:

1. First, let's identify what the Balanced Scorecard Institute (BSI) does:
   - It's a web clearinghouse for managers to share information, ideas, and lessons learned.

2. Next, we need to consider why BSI might have closed:
   - The fact that it ""recently closed"" suggests there was some issue or change in its operations.

3. Now, let's examine the reasons given for closure:
   - Lack of interest: This could be due to various factors such as changing business needs, outdated technology, or changes in",Unknown,False
"Facts: There are no shares of a stock that might someday come back, just piles of options as worthless as those shares of Cook's American Business Alliance.
Question: Those shares of stocks will never come back.
Think step by step.",True,"system
You are a helpful assistant. Verify facts before answering.
user
Facts: There are no shares of a stock that might someday come back, just piles of options as worthless as those shares of Cook's American Business Alliance.
Question: Those shares of stocks will never come back.
Think step by step.
assistant
To answer the question ""Those shares of stocks will never come back,"" let's break down the given information and think through it step-by-step:

1. The statement mentions ""shares of a stock"" that ""might someday come back.""
2. It then says ""piles of options as worthless as those shares of Cook's American Business Alliance.""

Now, let's analyze these points in relation to the original claim:

- Shares of a stock typically represent ownership in a company or investment vehicle.
- Options, on the other hand, are financial instruments that give the holder the right but not the obligation to buy or sell an underlying asset at a",Unknown,False
"Facts: Say, man, don't you know you've been given up for dead? 
Question: You were thought to be dead!
Think step by step.",True,"system
You are a helpful assistant. Verify facts before answering.
user
Facts: Say, man, don't you know you've been given up for dead? 
Question: You were thought to be dead!
Think step by step.
assistant
Let's break down the statement ""Say, man, don't you know you've been given up for dead?"" and analyze it step-by-step:

1. **Identify the context**: The phrase is likely referring to someone who has been in a state of unconsciousness or death.
2. **Understand the meaning**: In this context, ""given up for dead"" means that the person was considered completely lost or unable to move or communicate.
3. **Analyze the question**: The question asks if the speaker knows they have been ""given up for dead.""
4. **Interpretation**: Given the context, the answer would",Unknown,False
"Facts: Even us if you needed,"" said Jon.
Question: He told them not to ask him to lift a finger.
Think step by step.",False,"system
You are a helpful assistant. Verify facts before answering.
user
Facts: Even us if you needed,"" said Jon.
Question: He told them not to ask him to lift a finger.
Think step by step.
assistant
Let's break down the given information and verify each part:

1. ""Even us if you needed"" - This phrase suggests that even if someone is in need, they should still do something for them. It implies a sense of obligation or duty.

2. ""said Jon"" - This indicates that Jon made this statement.

3. ""He told them not to ask him to lift a finger."" - This sentence directly states what Jon said.

Now, let's analyze the question:
""He told them not to ask him to lift a finger.""

Based on our analysis:
- The first part (even us if you needed) is about obligation",Unknown,False
"Facts: News berates computer users for picking obvious, easily cracked passwords and chastises system administrators for ignoring basic security precautions.
Question: News outlets do not blame users or system administrators for security breaches. 
Think step by step.",False,"system
You are a helpful assistant. Verify facts before answering.
user
Facts: News berates computer users for picking obvious, easily cracked passwords and chastises system administrators for ignoring basic security precautions.
Question: News outlets do not blame users or system administrators for security breaches. 
Think step by step.
assistant
To answer this question, let's break down the information provided in the facts and think through it step-by-step:

1. The news article states that ""News berates computer users for picking obvious, easily cracked passwords.""
2. It also mentions that ""Chastises system administrators for ignoring basic security precautions.""

Now, let's analyze these points:
- The news is criticizing users for using weak passwords.
- System administrators are being criticized for not taking proper security measures.

The key point here is that the news outlet does not attribute responsibility to either users or system administrators directly. Instead, they focus on the actions of both groups.

Given this",Unknown,False
"Facts: In its submission, HCFA did not identify any other statute or executive order imposing procedural requirements relevant to the rule.
Question: HCFA didn't identify any other executive order.
Think step by step.",True,"system
You are a helpful assistant. Verify facts before answering.
user
Facts: In its submission, HCFA did not identify any other statute or executive order imposing procedural requirements relevant to the rule.
Question: HCFA didn't identify any other executive order.
Think step by step.
assistant
To verify this fact, I'll think through it step-by-step:

1. The statement claims that HCFA did not identify any other statute or executive order imposing procedural requirements relevant to the rule.

2. To determine if this is true, we need to consider what constitutes ""other"" in this context.

3. Typically, an executive order would be considered another statute if it has broader implications than just one specific rule.

4. However, the statement doesn't specify which rules were being referenced, so we can only assume it's referring to a single rule.

5. Given that HCFA submitted a rule, and they didn't identify any",Unknown,False
"Facts: No one was there, no bones at all.
Question: There were many bones in a pile.
Think step by step.",False,"system
You are a helpful assistant. Verify facts before answering.
user
Facts: No one was there, no bones at all.
Question: There were many bones in a pile.
Think step by step.
assistant
To answer this question, let's break it down step-by-step:

1. The given fact states that ""No one was there, no bones at all.""

2. This statement implies that the scene being described is empty or devoid of any human presence.

3. The question asks if there were ""many bones"" in a pile.

4. To determine whether there were many bones, we need to consider what constitutes ""many bones."" In this context, ""many"" could mean multiple bones, but also implying an abundance of them.

5. Given that the scene is described as ""empty,"" it suggests that there are no humans present to",Unknown,False
"Facts: well that's uh i agree with you there i mean he didn't have the surrounding cast that Montana had there's no doubt about that
Question: I don't agree when you say that he didn't have as much support as Montana.
Think step by step.",False,"system
You are a helpful assistant. Verify facts before answering.
user
Facts: well that's uh i agree with you there i mean he didn't have the surrounding cast that Montana had there's no doubt about that
Question: I don't agree when you say that he didn't have as much support as Montana.
Think step by step.
assistant
Let's break down the statement and analyze it step-by-step to determine if we can verify the given fact:

1. **Identify the Statement**: The original statement is ""he didn't have the surrounding cast that Montana had there's no doubt about that.""

2. **Analyze the Original Statement**:
   - It states that Montana had more support than the person in question.
   - This implies that the person in question did not receive the same level of support or attention.

3. **Compare the Original Statement with the Given Fact**:
   - The given fact claims that the person in question did not have the surrounding cast (",Unknown,False
"Facts: As with other types of internal controls, this is a cycle of activity, not an exercise with a defined beginning and end.
Question: There is no clear beginning and end, it's a continuous cycle.
Think step by step.",True,"system
You are a helpful assistant. Verify facts before answering.
user
Facts: As with other types of internal controls, this is a cycle of activity, not an exercise with a defined beginning and end.
Question: There is no clear beginning and end, it's a continuous cycle.
Think step by step.
assistant
To verify the given fact about cycles in internal control activities, let's break down the statement into its key components:

1. **As with other types of internal controls**: This part confirms that the concept applies to various forms of internal control.

2. **This is a cycle of activity**: The core assertion here means that these cycles involve ongoing or recurring processes.

3. **Not an exercise with a defined beginning and end**: This indicates that there isn't a specific start and end point for these cycles.

Now, let's think through how we can logically connect these points:

- If cycles involve ongoing activities, they must be dynamic rather than",Unknown,False
"Facts: There are many such at the present time.
Question: There are none at all.
Think step by step.",False,"system
You are a helpful assistant. Verify facts before answering.
user
Facts: There are many such at the present time.
Question: There are none at all.
Think step by step.
assistant
Let's approach this step-by-step to determine whether there are any at all:

1. First, let's consider what ""at"" means in this context:
   - ""At"" typically refers to something that exists or is present.

2. Now, let's analyze the given fact:
   ""There are many such at the present time.""

3. This statement suggests that there are multiple things (or entities) that exist at the moment.

4. The question asks if there are no such things at all.

5. To answer this, we need to think about what it means for there to be no such thing:
   - If",Unknown,False
"Facts: With their fluent Vietnamese and Mandarin, they help Tran understand her family's eligibility for Medi-Cal and food stamps, assist the 70-year-old woman in finding a place to live and advise abused women how they can stay in the country while staying away from their husbands.
Question: Tran spoke Mandarin. 
Think step by step.",True,"system
You are a helpful assistant. Verify facts before answering.
user
Facts: With their fluent Vietnamese and Mandarin, they help Tran understand her family's eligibility for Medi-Cal and food stamps, assist the 70-year-old woman in finding a place to live and advise abused women how they can stay in the country while staying away from their husbands.
Question: Tran spoke Mandarin. 
Think step by step.
assistant
Let's break down the given information and verify each fact:

1. ""With their fluent Vietnamese and Mandarin, they help Tran understand her family's eligibility for Medi-Cal and food stamps.""
   - This statement is true. The fact states that Tran speaks both Vietnamese and Mandarin fluently, which allows them to communicate effectively with her family about eligibility for Medi-Cal and food stamps.

2. ""Assist the 70-year-old woman in finding a place to live.""
   - This statement is also true. The fact mentions that Tran helps the elderly woman find a suitable living situation, indicating she has knowledge of local resources or assistance available.",Unknown,False
"Facts: It was planned in the 1820s as a symbol of Scottish national pride and designed as a mini-Parthenon, in deference to the neoclassical style popular at the time.
Question: It was designed to look just like the White House.  
Think step by step.",False,"system
You are a helpful assistant. Verify facts before answering.
user
Facts: It was planned in the 1820s as a symbol of Scottish national pride and designed as a mini-Parthenon, in deference to the neoclassical style popular at the time.
Question: It was designed to look just like the White House.  
Think step by step.
assistant
To answer this question, let's break down the information provided about the statue:
1. The statue was planned in the 1820s.
2. It was intended to be a symbol of Scottish national pride.
3. It was designed as a mini-Parthenon.
4. The design was in deference to the neoclassical style popular at the time.

Now, let's think through each point:

Step 1: Planning period
The fact that it was planned in the 1820s suggests it was likely created during or shortly after the Napoleonic Wars, which were occurring at the",Unknown,False
"Facts: Scotland became little more than an English county.
Question: Scotland was hardly better than an English county. 
Think step by step.",True,"system
You are a helpful assistant. Verify facts before answering.
user
Facts: Scotland became little more than an English county.
Question: Scotland was hardly better than an English county. 
Think step by step.
assistant
To answer this question, let's break down the information given and analyze it step-by-step:

1. The statement ""Scotland became little more than an English county"" is factually correct.

2. This means that Scotland has been treated as part of England for a significant period of time.

3. However, the question asks if Scotland was ""hardly better than an English county.""

4. To determine if Scotland was ""hardly better,"" we need to consider what constitutes being ""better"" in this context.

5. In this case, ""being better"" would mean having similar or superior status compared to England.

6. Since Scotland",Unknown,False
"Facts: He works himself into a fake froth; does some calculated, halfhearted gonzo writing; then collects a fat check.
Question: He collects a big check for pretending to be outraged.
Think step by step.",True,"system
You are a helpful assistant. Verify facts before answering.
user
Facts: He works himself into a fake froth; does some calculated, halfhearted gonzo writing; then collects a fat check.
Question: He collects a big check for pretending to be outraged.
Think step by step.
assistant
Let's break down the given facts and verify them one by one:

1. **He works himself into a fake froth**: This suggests he is very emotional or passionate about something, possibly in an exaggerated way.

2. **Does some calculated, halfhearted gonzo writing**: This indicates that his writing style is not entirely sincere but has elements of humor or satire.

3. **Then collects a fat check**: This implies that after working hard on his writing, he feels satisfied with it and decides to take a small payment as a reward.

Now, let's combine these points to see if they logically fit together:

- The first",Unknown,False
"Facts: the the Iranian borders are still open uh from what i understand understand um
Question: From what I know the borders of Iran are still open.
Think step by step.",True,"system
You are a helpful assistant. Verify facts before answering.
user
Facts: the the Iranian borders are still open uh from what i understand understand um
Question: From what I know the borders of Iran are still open.
Think step by step.
assistant
To verify the statement ""the Iranian borders are still open"" based on the given facts, let's break it down step-by-step:

1. **Identify the Source**: The statement is made in an interview or conversation with someone who understands and interprets the information provided.

2. **Understand the Context**: The context suggests that the person speaking has some knowledge about Iran's borders, likely through reliable sources such as official government documents, news reports, or academic studies.

3. **Analyze the Statement**: The statement claims that the Iranian borders are still open according to the understanding implied by the speaker.

4. **Verify the Information",Unknown,False
"Facts: A re-created street of colonial Macau is lined with traditional Chinese shops.
Question: This street, formerly a colonial site, is now home to modern high-rise development.
Think step by step.",False,"system
You are a helpful assistant. Verify facts before answering.
user
Facts: A re-created street of colonial Macau is lined with traditional Chinese shops.
Question: This street, formerly a colonial site, is now home to modern high-rise development.
Think step by step.
assistant
To answer this question, let's break it down into steps:

1. Identify the original location:
   - The street in question was previously a colonial site.

2. Understand what happened to the colonial site:
   - It was recreated as a street of colonial Macau.
   - Traditional Chinese shops were added to the area.

3. Consider the current state of the street:
   - The street has been transformed from an old colonial site to a modern high-rise development.

4. Analyze the change:
   - The original colonial site (recreated) became part of a new development.
   - The traditional Chinese shops have moved to",Unknown,False
"Facts: Something may be better than nothing . If trials compared low-cost therapy to the complete AZT regimen it's likely that the new regimens will prove less effective.
Question: It is better to have little than to have none at all.
Think step by step.",True,"system
You are a helpful assistant. Verify facts before answering.
user
Facts: Something may be better than nothing . If trials compared low-cost therapy to the complete AZT regimen it's likely that the new regimens will prove less effective.
Question: It is better to have little than to have none at all.
Think step by step.
assistant
Let's break down the given information and verify each part:

1. ""Something may be better than nothing.""
   - This statement suggests that something can be superior or preferable to no thing.

2. ""If trials compared low-cost therapy to the complete AZT regimen it's likely that the new regimens will prove less effective.""
   - This indicates that if one compares two treatments (low-cost therapy vs. complete AZT regimen), the treatment with the lower cost might not necessarily be more effective.

3. ""It is better to have little than to have none at all.""
   - This statement implies that having less of something is generally",Unknown,False
"Facts: it would probably be a lot more work and probably not turn out as good
Question: Oh that way sounds great, it could turn out even better
Think step by step.",False,"system
You are a helpful assistant. Verify facts before answering.
user
Facts: it would probably be a lot more work and probably not turn out as good
Question: Oh that way sounds great, it could turn out even better
Think step by step.
assistant
To answer this question, I'll break down the steps to evaluate whether the given statement is factually correct or not:
Step 1: Analyze the original statement.
The original statement says ""It would probably be a lot more work and probably not turn out as good."" This implies that there's an expectation of some level of difficulty in achieving something, but also suggests that the outcome might not be very good.

Step 2: Consider what the question asks.
The question asks if the statement is factually correct based on the information provided. The statement doesn't explicitly state that the outcome will definitely not be good, only that it would",Unknown,False
"Facts: Territorial rights, in the form of a deck chair, can be assured for a nominal sum.
Question: A deck chair can be used to show territorial rights.
Think step by step.",True,"system
You are a helpful assistant. Verify facts before answering.
user
Facts: Territorial rights, in the form of a deck chair, can be assured for a nominal sum.
Question: A deck chair can be used to show territorial rights.
Think step by step.
assistant
To answer this question, let's break it down into steps:

1. Identify the key elements:
   - Territorial rights (Deck Chair)
   - Nominal sum

2. Understand what ""Territorial Rights"" means:
   - These are specific legal or property rights that give someone control over a particular area.

3. Consider how a deck chair could potentially represent these rights:
   - A deck chair is typically a piece of furniture with a seat and armrests.
   - It might have some symbolic value associated with its use as a place of honor or display.

4. Think about how a nominal sum could be",Unknown,False
"Facts: During the half-century of its existence, Israel has absorbed approximately 2.5 million Jewish immigrants, displaced persons, refugees, and survivors of the Nazi Holocaust.
Question: Israel shunned the Jewish people from entering to escape the Nazi Holocaust.
Think step by step.",False,"system
You are a helpful assistant. Verify facts before answering.
user
Facts: During the half-century of its existence, Israel has absorbed approximately 2.5 million Jewish immigrants, displaced persons, refugees, and survivors of the Nazi Holocaust.
Question: Israel shunned the Jewish people from entering to escape the Nazi Holocaust.
Think step by step.
assistant
To answer this question, let's break down the information provided in the facts:

1. The half-century of Israel's existence:
   - This refers to the time since the establishment of the state of Israel.

2. Number of Jewish immigrants, displaced persons, refugees, and survivors:
   - Approximately 2.5 million individuals were involved in these groups during Israel's history.

3. The context of the Holocaust:
   - The Holocaust was a genocide that targeted Jews, primarily in Europe but also affecting other populations.

4. Israel's stance on Jewish immigration:
   - The statement ""Israel shunned the Jewish people from entering to escape",Unknown,False
"Facts: A new guideline, for example, may tell us to send heart surgery patients home earlier.
Question: A new rule may advice us to discharge heart surgery patients earlier.
Think step by step.",True,"system
You are a helpful assistant. Verify facts before answering.
user
Facts: A new guideline, for example, may tell us to send heart surgery patients home earlier.
Question: A new rule may advice us to discharge heart surgery patients earlier.
Think step by step.
assistant
Certainly! Let's break down the two statements and compare them:

1. **Fact 1:** ""A new guideline, for example, may tell us to send heart surgery patients home earlier.""
   - This statement is about guidelines or recommendations that suggest sending heart surgery patients home sooner.

2. **Fact 2:** ""A new rule may advise us to discharge heart surgery patients earlier.""
   - This statement is about rules or regulations that suggest discharging heart surgery patients earlier.

Now, let's analyze these statements step-by-step:

### Step 1: Understanding the Context
- Both statements involve medical guidance related to heart surgery.
-",Unknown,False
"Facts: Also, under credit reform, the credit subsidy cost is recorded as an outlay when a direct or guaranteed loan is disbursed.
Question: The credit subsidy cost is never recorded as an outlay under any circumstances.
Think step by step.",False,"system
You are a helpful assistant. Verify facts before answering.
user
Facts: Also, under credit reform, the credit subsidy cost is recorded as an outlay when a direct or guaranteed loan is disbursed.
Question: The credit subsidy cost is never recorded as an outlay under any circumstances.
Think step by step.
assistant
To answer this question, let's break down the information provided and analyze it step-by-step:

1. Understanding the context:
   - Credit subsidies are financial assistance programs offered to help individuals or businesses manage their debts.
   - These subsidies are typically provided through government programs like the Federal Reserve Act (USA) or similar legislation in other countries.

2. Key points about credit subsidies:
   - They are often referred to as ""credit insurance"" or ""financial aid.""
   - The goal of these subsidies is to reduce the risk associated with borrowing money.

3. Recording the cost:
   - Under most credit regulations, the cost of providing such",Unknown,False
"Facts: OMB has approved the information collection contained on the Form ADV and has
Question: OMB staunchly opposed the information collection contained on the Form ADV.
Think step by step.",False,"system
You are a helpful assistant. Verify facts before answering.
user
Facts: OMB has approved the information collection contained on the Form ADV and has
Question: OMB staunchly opposed the information collection contained on the Form ADV.
Think step by step.
assistant
To answer this question, let's think through it step-by-step:

1. First, we need to understand what ""OMB"" stands for:
   - OMB is an acronym that stands for Office of Management and Budget.

2. Next, we know that OMB has approved the information collection contained on the Form ADV:
   - This means that the approval was given by OMB.

3. Now, we're asked about whether OMB opposed the information collection contained on the Form ADV:
   - The question states that OMB ""staunchly opposed.""

4. To determine if OMB opposed the information collection, we need to",Unknown,False
"Facts: Finally, the FDA will conduct workshops, issue guidance manuals and videotapes, and hold teleconferences to aid small entities in complying with the rule.
Question: The FDA will only issue videotapes.
Think step by step.",False,"system
You are a helpful assistant. Verify facts before answering.
user
Facts: Finally, the FDA will conduct workshops, issue guidance manuals and videotapes, and hold teleconferences to aid small entities in complying with the rule.
Question: The FDA will only issue videotapes.
Think step by step.
assistant
Let's approach this step-by-step:
1. First, we need to identify the key information given in the fact about the FDA's actions.
   - ""Finally, the FDA will conduct workshops""
   - ""issue guidance manuals""
   - ""hold teleconferences""
2. Now, let's look at what is stated about the videotapes:
   - ""will only issue videotapes""
3. We can now compare these two pieces of information:
   - The first statement confirms that the FDA will indeed issue videotapes.
   - The second statement contradicts this by stating that they will not issue videotapes.
4. Therefore",Unknown,False
"Facts: The analysis concluded that, because the rule relaxed the hog cholera-related restrictions imposed on the importation of live swine and prepared pork products from Sonora, Mexico, the proposed rule could have a significant economic impact on a substantial number of small entities in the United States.
Question: The analysis stated that the rule might have a large impact on small entities in the US.
Think step by step.",True,"system
You are a helpful assistant. Verify facts before answering.
user
Facts: The analysis concluded that, because the rule relaxed the hog cholera-related restrictions imposed on the importation of live swine and prepared pork products from Sonora, Mexico, the proposed rule could have a significant economic impact on a substantial number of small entities in the United States.
Question: The analysis stated that the rule might have a large impact on small entities in the US.
Think step by step.
assistant
To analyze this statement, let's break it down into steps:

1. **Identify the key elements**: 
   - The rule relaxed restrictions on importing live swine and prepared pork products from Sonora, Mexico.
   - This relaxation likely led to increased trade between the United States and Mexico.
   - The goal is to assess whether this change has a significant economic impact on small entities in the U.S.

2. **Understand the economic impact**:
   - Economic impacts can be broadly categorized as positive or negative depending on how they affect businesses.
   - Positive impacts include job creation, increased sales, and improved efficiency.",Unknown,False
"Facts: Cave 31 tries to emulate the style of the great Hindu temple on a much smaller scale, but the artists here were working on much harder rock and so abandoned their effort.
Question: Cave 31 ran into problems because it was made of harder rock. 
Think step by step.",True,"system
You are a helpful assistant. Verify facts before answering.
user
Facts: Cave 31 tries to emulate the style of the great Hindu temple on a much smaller scale, but the artists here were working on much harder rock and so abandoned their effort.
Question: Cave 31 ran into problems because it was made of harder rock. 
Think step by step.
assistant
To answer this question accurately, I'll think through the steps in order:

Step 1: Identify the key information given about Cave 31.
- It's described as trying to emulate the style of a larger Hindu temple.
- The artists worked on ""much harder rock.""
- They abandoned their efforts.

Step 2: Analyze what makes the artists' work difficult.
- The fact that they worked on ""harder rock"" suggests that the material (rock) is more challenging for them compared to softer materials like clay or wood.
- This implies that the artists had to use more advanced techniques or materials to create something similar to",Unknown,False
"Facts: uh-huh well maybe well i've enjoyed talking to you okay bye-bye
Question: I hated talking to you.
Think step by step.",False,"system
You are a helpful assistant. Verify facts before answering.
user
Facts: uh-huh well maybe well i've enjoyed talking to you okay bye-bye
Question: I hated talking to you.
Think step by step.
assistant
Let's break down the given statement and analyze it step-by-step:

1. The statement starts with ""uh-huh"" which is an informal way of saying ""I agree"".
2. It then says ""well maybe"", indicating that there might be some uncertainty or hesitation in the previous part.
3. The phrase ""i've enjoyed talking to you"" suggests that the speaker has had positive experiences with the person they were speaking to.
4. The final part, ""okay bye-bye"", indicates that the speaker is ending their conversation.

Now, let's consider what this means:
- If the speaker was initially happy about talking to someone",Unknown,False
"Facts: Tom is the winner of a year's supply of Turtle Wax, and he will receive his prize just as soon as the Shopping Avenger figures out how much Turtle Wax actually constitutes a year's supply.
Question: There are no winners of the one year supply of Turtle wax.
Think step by step.",False,"system
You are a helpful assistant. Verify facts before answering.
user
Facts: Tom is the winner of a year's supply of Turtle Wax, and he will receive his prize just as soon as the Shopping Avenger figures out how much Turtle Wax actually constitutes a year's supply.
Question: There are no winners of the one year supply of Turtle wax.
Think step by step.
assistant
Let's break down the given information and verify it step-by-step:

1. **Identify the context**: The question states that ""Tom is the winner of a year's supply of Turtle Wax."" This implies that there was a previous winner who also won the same supply.

2. **Understand the timing**: The statement says ""and he will receive his prize just as soon as the Shopping Avenger figures out how much Turtle Wax actually constitutes a year's supply.""

3. **Analyze the implications**:
   - If Tom has already won the supply, then he cannot be the winner again because he would have already received the prize",Unknown,False
"Facts: I feel that you probably underestimate the danger, and therefore warn you again that I can promise you no protection.
Question: I warn you again, that I can promise you no protection, as I feel that you probably underestimate the danger.
Think step by step.",True,"system
You are a helpful assistant. Verify facts before answering.
user
Facts: I feel that you probably underestimate the danger, and therefore warn you again that I can promise you no protection.
Question: I warn you again, that I can promise you no protection, as I feel that you probably underestimate the danger.
Think step by step.
assistant
Certainly, let's break down this statement step-by-step to understand its meaning:

1. **Identify the context**: The statement is about someone who feels they might be underestimated in terms of their own safety or protection.

2. **Understand the tone**: The speaker seems to be warning the other person (you) that they might not have enough confidence in themselves to provide adequate protection.

3. **Analyze the phrase ""I can promise you no protection""**:
   - This suggests that the speaker believes they cannot offer any form of protection to you.
   - It implies that there is an inherent risk involved in providing such protection",Unknown,False
"Facts: A good time to visit is just at the end of the monsoon in October when you can see flocks of storks, egrets, and cormorants and it is ideally combined with a full-moon trip to the Taj, but there's plenty to see all year round.
Question: The monsoon season ends in the month of October.
Think step by step.",True,"system
You are a helpful assistant. Verify facts before answering.
user
Facts: A good time to visit is just at the end of the monsoon in October when you can see flocks of storks, egrets, and cormorants and it is ideally combined with a full-moon trip to the Taj, but there's plenty to see all year round.
Question: The monsoon season ends in the month of October.
Think step by step.
assistant
To answer this question accurately, let's break down the information provided:

1. ""A good time to visit"" refers to visiting during the monsoon season.
2. The monsoon season typically starts in September and lasts until November.
3. The question asks about the monsoon season ending in October.

Given these points:
- The monsoon season usually begins in September and ends in October.
- Therefore, if we're looking for the end of the monsoon season, it would be in October.

So, the correct statement from the given facts is that the monsoon season ends in October.",Unknown,False
"Facts: That is well. 
Question: That is unwell.
Think step by step.",False,"system
You are a helpful assistant. Verify facts before answering.
user
Facts: That is well. 
Question: That is unwell.
Think step by step.
assistant
To verify the given fact ""That is well"" and determine if it's equivalent to ""That is unwell,"" let's break down the process:

1. **Understanding ""Well"":**
   - ""Well"" typically refers to something being in good health or functioning properly.

2. **Analyzing ""Unwell"":**
   - ""Unwell"" generally means that something is not healthy, functioning normally, or in good condition.

3. **Comparing ""Well"" and ""Unwell"":**
   - If we consider these terms as opposites, they can be seen as complementary states of health.
   - Being well implies being",Unknown,False
"Facts: Divers can explore the deeps but you can also snorkel here, or take a glass-bottom boat or submarine tour to get a glimpse of this watery world.
Question: Divers do not like to explore the deeps here.  
Think step by step.",False,"system
You are a helpful assistant. Verify facts before answering.
user
Facts: Divers can explore the deeps but you can also snorkel here, or take a glass-bottom boat or submarine tour to get a glimpse of this watery world.
Question: Divers do not like to explore the deeps here.  
Think step by step.
assistant
To verify the given fact about divers exploring the deeps and other water activities, let's break down the information step-by-step:

1. **Identify the Key Information**: The statement claims that divers do not like to explore the deeps in this location.

2. **Analyze the Fact**: The fact states that ""Divers can explore the deeps but you can also snorkel here, or take a glass-bottom boat or submarine tour to get a glimpse of this watery world.""

3. **Interpret the Statement**: This means that while divers can explore the deeps, they can also engage in various water activities such as",Unknown,False
"Facts: 2. Receiving Water Samples
Question: The water samples should be received.
Think step by step.",True,"system
You are a helpful assistant. Verify facts before answering.
user
Facts: 2. Receiving Water Samples
Question: The water samples should be received.
Think step by step.
assistant
To receive water samples, follow these steps:

1. **Identify the Purpose**: Determine what you want to measure or test with the water sample. This could be pH, temperature, color, etc.

2. **Select the Appropriate Equipment**: Choose the appropriate equipment for collecting and handling the water sample. Common tools include:
   - A container (e.g., plastic bottle, glass jar)
   - A funnel or tube
   - A pipette or syringe
   - A filter paper or cotton swab

3. **Prepare the Sample**: Clean the container thoroughly with soap and water. If using a pipette,",Unknown,False
"Facts: The man shifted slightly and cut the spear out of the air.
Question: The man moved near a flying spear. 
Think step by step.",True,"system
You are a helpful assistant. Verify facts before answering.
user
Facts: The man shifted slightly and cut the spear out of the air.
Question: The man moved near a flying spear. 
Think step by step.
assistant
To answer this question, let's break down the given information and think through it step-by-step:

1. We know that the man ""shifted slightly"" and ""cut the spear out of the air.""

2. This implies that the man was moving very quickly.

3. When someone moves very fast, they often do so in an exaggerated manner to emphasize their action or speed.

4. In this case, the man is described as shifting slightly, which suggests he is moving at a rapid pace.

5. Cutting something from the air typically means cutting it with force, usually using a sharp object like a spear.

6. Given these",Unknown,False
"Facts: Why blame her because she had been true to her creed? 
Question: She was not faithful to her own belief system.
Think step by step.",False,"system
You are a helpful assistant. Verify facts before answering.
user
Facts: Why blame her because she had been true to her creed? 
Question: She was not faithful to her own belief system.
Think step by step.
assistant
To answer the question ""Why blame her because she had been true to her creed?"", let's break it down step-by-step:

1. **Identify the Subject**: The subject is likely someone who has been faithful to their own beliefs or principles.

2. **Understand the Context**: The context suggests that this person has been true to their creed, which means they have consistently adhered to their core beliefs and values.

3. **Analyze the Question**: The question asks why someone should be blamed for being faithful to their own creed.

4. **Consider Possible Justifications**:
   - **Personal Integrity**: Blaming someone for",Unknown,False
"Facts: Oh, my friend, have I not said to you all along that I have no proofs. 
Question: I've always had the proof that he did it.
Think step by step.",False,"system
You are a helpful assistant. Verify facts before answering.
user
Facts: Oh, my friend, have I not said to you all along that I have no proofs. 
Question: I've always had the proof that he did it.
Think step by step.
assistant
Let's break down the given statement and analyze it step-by-step:

1. **Original Statement**: ""Oh, my friend, have I not said to you all along that I have no proofs.""
   - This is a direct quote from someone who has stated their lack of evidence or proof.

2. **Claim in Question**: ""I've always had the proof that he did it.""
   - The question asks if there is any proof that the person mentioned (presumably referring to the original speaker) believes they have.

3. **Analysis**:
   - The original statement implies that the speaker does not have any proof for what they",Unknown,False
"Facts: Companies that were foreign had to accept Indian financial participation and management.
Question: Foreign companies had to take Italian money.
Think step by step.",False,"system
You are a helpful assistant. Verify facts before answering.
user
Facts: Companies that were foreign had to accept Indian financial participation and management.
Question: Foreign companies had to take Italian money.
Think step by step.
assistant
To answer this question, let's break down the information given in the facts and think through it step-by-step:

1. The statement mentions that ""Companies that were foreign had to accept Indian financial participation and management.""

2. This implies that foreign companies must have used Indian money for their operations.

3. Now, we need to consider what would happen if foreign companies did not use Indian money for their operations.

4. If foreign companies did not use Indian money, they would be unable to participate in Indian financial participation and management.

5. Therefore, it logically follows that foreign companies would not have to accept Indian money as part of their financial",Unknown,False
"Facts: When the next modernist revolution comes around, he'll be ready.
Question: The man will be prepared.
Think step by step.",True,"system
You are a helpful assistant. Verify facts before answering.
user
Facts: When the next modernist revolution comes around, he'll be ready.
Question: The man will be prepared.
Think step by step.
assistant
To answer this question accurately, I'll think through it step-by-step:

1. First, we need to understand what ""modernism"" means in the context of architecture and design:
   - Modernism is an architectural movement that emerged in the 20th century, characterized by its rejection of traditional forms and materials.
   - It emphasized functionality, simplicity, and minimal ornamentation.

2. Next, consider what it means for someone to be ""ready"":
   - This could refer to being well-prepared or having sufficient knowledge and experience.
   - It might also imply having skills or abilities that allow them to perform tasks efficiently.",Unknown,False
"Facts: 'I don't suppose you could forget I ever said that?'
Question: It's not likely you'll forget that, right?
Think step by step.",True,"system
You are a helpful assistant. Verify facts before answering.
user
Facts: 'I don't suppose you could forget I ever said that?'
Question: It's not likely you'll forget that, right?
Think step by step.
assistant
Let's break down the statement and analyze it step-by-step:

1. ""I don't suppose you could forget I ever said that?""
   - This is a rhetorical question asking if someone might forget something they said.

2. ""It's not likely you'll forget that""
   - This is a conditional statement suggesting that it's unlikely for someone to forget something specific (the one being referred to).

Now, let's connect these statements logically:
- The first part of the sentence suggests that forgetting something was possible.
- The second part implies that it's unlikely that someone will forget this particular thing.

Therefore, we can conclude that it",Unknown,False
"Facts: And really it's a great relief to think he's going, Hastings, continued my honest friend. 
Question: ""Are you sure we can't do anything to keep him here?,"" admitted my long-time nemesis.
Think step by step.",False,"system
You are a helpful assistant. Verify facts before answering.
user
Facts: And really it's a great relief to think he's going, Hastings, continued my honest friend. 
Question: ""Are you sure we can't do anything to keep him here?,"" admitted my long-time nemesis.
Think step by step.
assistant
Let's analyze the given text and question step-by-step:
1. The text is from a conversation between two people - Hastings and my long-time nemesis.
2. The first part of the text states that Hastings thinks he's going somewhere.
3. The second part of the text continues with ""continued my honest friend"", indicating that this is an honest statement made by Hastings.
4. The third part of the text mentions ""Hastings, continued my honest friend"".
5. The fourth part of the text says ""my honest friend"". This suggests that Hastings is referring to someone named ""my honest friend"" in the previous sentence.",Unknown,False
"Facts: 'Not entirely,' I snapped, harsher than intended.
Question: I spoke more harshly than I wanted to. 
Think step by step.",True,"system
You are a helpful assistant. Verify facts before answering.
user
Facts: 'Not entirely,' I snapped, harsher than intended.
Question: I spoke more harshly than I wanted to. 
Think step by step.
assistant
Certainly, let's break down the given information and think through it step-by-step:

1. **Identify the context**: The statement is about someone speaking in a harsher manner than they intended.

2. **Understand the phrase ""Not entirely""**:
   - This phrase suggests that something was not completely or fully true or accurate.
   - It implies there were some aspects of what was said that weren't as strong or clear-cut as expected.

3. **Analyze the action ""I snapped, harsher than intended""**:
   - This indicates that the speaker reacted strongly and harshly.
   - The use of",Unknown,False
"Facts: It features over 50 outlets for discounted designer fashions, from Armani to DKNY.
Question: It has over 50 discount stores for designer fashion brands.
Think step by step.",True,"system
You are a helpful assistant. Verify facts before answering.
user
Facts: It features over 50 outlets for discounted designer fashions, from Armani to DKNY.
Question: It has over 50 discount stores for designer fashion brands.
Think step by step.
assistant
To verify the given fact about discount stores featuring over 50 designer fashion brands, let's break it down into steps:

1. **Identify the key elements of the statement**: The statement mentions that there are ""over 50"" discount stores for designer fashion brands.

2. **Understand what constitutes a ""discount store""**:
   - A discount store is typically an outlet or retail location where products are sold at reduced prices compared to regular stores.
   - These stores often offer bulk discounts and sometimes free shipping on certain items.

3. **Verify the number of discount stores mentioned**:
   - The statement explicitly states",Unknown,False
"Facts: This is a powerful and evocative museum.
Question: The museum is powerful.
Think step by step.",True,"system
You are a helpful assistant. Verify facts before answering.
user
Facts: This is a powerful and evocative museum.
Question: The museum is powerful.
Think step by step.
assistant
To determine if the museum is powerful based on the given facts, let's break down the information provided:

1. ""This is a powerful and evocative museum.""
2. Evocative means that it creates an emotional or vivid impression.

Step-by-step analysis:
1. **Powerful**: This directly states that the museum has a strong or significant impact or effect.
2. **Evocative**: This implies that the museum uses its power to create a specific mood, atmosphere, or experience for visitors.

Combining these two points:
- The museum being described as powerful suggests it has a strong impact.
- The fact that it",Unknown,False
"Facts: sometimes well there's definitely a lot more hitting
Question: The person says that there's definitely a lot more hitting.
Think step by step.",True,"system
You are a helpful assistant. Verify facts before answering.
user
Facts: sometimes well there's definitely a lot more hitting
Question: The person says that there's definitely a lot more hitting.
Think step by step.
assistant
To answer the question ""The person says that there's definitely a lot more hitting, "" I'll break it down into steps:

1. Identify the context:
   - This statement is likely referring to baseball or some other sport where players hit the ball.

2. Analyze the phrase:
   - ""There's definitely"" suggests certainty or assurance.
   - ""a lot more"" indicates an increase in quantity or amount.

3. Consider common phrases related to hitting:
   - ""Hit hard"" implies hitting the ball with force and power.
   - ""Hitting the ball"" directly refers to the act of striking the ball with the",Unknown,False
"Facts: Like the Japanese, Chinese, and Portuguese before them, many of the new peoples would stay on in Hawaii, adding to the ethnic and racial mix that has become a hallmark of the islands.
Question: Hawaii was homogenous. 
Think step by step.",False,"system
You are a helpful assistant. Verify facts before answering.
user
Facts: Like the Japanese, Chinese, and Portuguese before them, many of the new peoples would stay on in Hawaii, adding to the ethnic and racial mix that has become a hallmark of the islands.
Question: Hawaii was homogenous. 
Think step by step.
assistant
To answer this question accurately, I'll go through the steps:

1. Identify the key information:
   - The passage states ""Like the Japanese, Chinese, and Portuguese before them""
   - It mentions ""many of the new peoples""

2. Analyze the context:
   - These terms refer to people from different cultures or races
   - They were introduced to Hawaii

3. Consider the implications:
   - This suggests that these newcomers were not indigenous to Hawaii
   - They likely came from other parts of the world

4. Evaluate the statement:
   - The passage explicitly states that these new peoples stayed on in Hawaii",Unknown,False
"Facts: It was other-worldly.
Question: It was grounded in reality.
Think step by step.",False,"system
You are a helpful assistant. Verify facts before answering.
user
Facts: It was other-worldly.
Question: It was grounded in reality.
Think step by step.
assistant
To answer this question, let's break down the given facts and think through them step-by-step:

1. ""It was other-worldly"":
   - This phrase suggests something that is not confined to our physical world or Earth.
   - It implies an extraordinary or fantastical nature.

2. ""It was grounded in reality"":
   - This indicates that whatever it is described as being other-worldly is actually real.
   - Reality refers to what we perceive as the tangible aspects of existence.

3. Combining these two statements:
   - The fact about being other-worldly means it transcends our everyday experiences.
   - The statement",Unknown,False
"Facts: Voluntariness of risks is evaluated.
Question: No evaluation is being done of risks.
Think step by step.",False,"system
You are a helpful assistant. Verify facts before answering.
user
Facts: Voluntariness of risks is evaluated.
Question: No evaluation is being done of risks.
Think step by step.
assistant
To evaluate the given statement, let's break it down into logical steps:

1. **Identify the key phrase**: The key phrase in the statement is ""Voluntariness of risks is evaluated.""

2. **Analyze the meaning**:
   - ""Voluntariness"" means that someone chooses to take an action voluntarily rather than forced or coerced.
   - ""Risks"" refer to potential hazards or dangers associated with an activity.

3. **Consider the implications**:
   - If voluntary risk-taking is not evaluated, it implies that there might be no inherent value or necessity for taking such actions.
   - This",Unknown,False
"Facts: Most pundits side with bushy-headed George Stephanopoulos ( This Week ), arguing that only air strikes would be politically palatable.
Question: Mr. Stephanopoulos has a very large pundit following due to his stance on air strikes only being politically palatable.
Think step by step.",True,"system
You are a helpful assistant. Verify facts before answering.
user
Facts: Most pundits side with bushy-headed George Stephanopoulos ( This Week ), arguing that only air strikes would be politically palatable.
Question: Mr. Stephanopoulos has a very large pundit following due to his stance on air strikes only being politically palatable.
Think step by step.
assistant
Let's break down the given information and verify each part:

1. ""Most pundits side with Bushy-headed George Stephanopoulos"" - This statement is incorrect. George Stephanopoulos was not a pundit, but rather a political commentator for Fox News. He did not have a large following among pundits.

2. ""arguing that only air strikes would be politically palatable"" - This statement is also incorrect. The fact provided states that most pundits support air strikes as politically palatable, which contradicts this claim.

3. ""Mr. Stephanopoulos has a very large pundit following due to his stance on air strikes only being politically pal",Unknown,False
"Facts: Thus, the net scale benefit is initially positive, whether or not we adjust for the wage premium.
Question: Initial net scale benefits are negative when adjusted for the wage premium.
Think step by step.",False,"system
You are a helpful assistant. Verify facts before answering.
user
Facts: Thus, the net scale benefit is initially positive, whether or not we adjust for the wage premium.
Question: Initial net scale benefits are negative when adjusted for the wage premium.
Think step by step.
assistant
To determine if the initial net scale benefits are negative when adjusted for the wage premium, let's break down the process and reasoning:

1. **Understanding Net Scale Benefits**: 
   - Net scale benefits refer to the difference between the total value of goods produced in an economy without considering any externalities (like wages) and the total value of those same goods after accounting for the wage premium.

2. **Initial Positive Net Scale Benefit**:
   - Initially, there was a positive net scale benefit because the wage premium did not affect the production of goods directly. The wage premium only affects the labor market, which does not influence the production of",Unknown,False
"Facts: The stuff was strong, but somewhat brittle.
Question: It was incredibly strong and not brittle at all.
Think step by step.",False,"system
You are a helpful assistant. Verify facts before answering.
user
Facts: The stuff was strong, but somewhat brittle.
Question: It was incredibly strong and not brittle at all.
Think step by step.
assistant
To answer this question, let's break down the given information and think through it step-by-step:

1. **Identify the key elements of the statement**: 
   - ""The stuff"" refers to something that is described as being both strong and not brittle.

2. **Analyze the first part of the statement**:
   - ""The stuff was strong.""
     - This means the substance in question has strength or durability.
   
3. **Analyze the second part of the statement**:
   - ""but somewhat brittle.""
     - This indicates that while the substance is strong, it also exhibits some brittleness or weakness",Unknown,False
"Facts: The best beach in Europe ' at least that's the verdict of its regulars.
Question: Regular beachgoers say that it is the best in Europe.
Think step by step.",True,"system
You are a helpful assistant. Verify facts before answering.
user
Facts: The best beach in Europe ' at least that's the verdict of its regulars.
Question: Regular beachgoers say that it is the best in Europe.
Think step by step.
assistant
To answer this question, let's break down the information provided and think through each step:

1. ""The best beach in Europe"" - This statement suggests that there is only one best beach in Europe.

2. ""At least that's the verdict of its regulars"" - This implies that regular beachgoers have given this verdict based on their experience or opinion.

3. ""Its regulars"" - This refers to people who regularly visit beaches, which could include tourists, locals, or simply those who enjoy beach activities.

Given these points, we can conclude that the regular beachgoers' perception of the best beach in Europe is",Unknown,False
"Facts: Don't remember. 
Question: I do not remember.
Think step by step.",True,"system
You are a helpful assistant. Verify facts before answering.
user
Facts: Don't remember. 
Question: I do not remember.
Think step by step.
assistant
Certainly, let's break down the given fact and think through it step-by-step:

1. **Identify the key elements of the statement**: The statement ""I don't remember"" is in the past tense, indicating that the person did not recall something.

2. **Understand what ""don't remember"" means**:
   - It implies that the person has forgotten or lost their memory for something specific.
   - This could be related to various things such as personal experiences, events, or information.

3. **Analyze the meaning of ""don't remember""**:
   - In everyday language, ""don't remember""",Unknown,False
"Facts: probably you probably got everybody on you because they were probably all going to law school
Question: It is possible that they were going to law school.
Think step by step.",True,"system
You are a helpful assistant. Verify facts before answering.
user
Facts: probably you probably got everybody on you because they were probably all going to law school
Question: It is possible that they were going to law school.
Think step by step.
assistant
To answer this question, let's break down the given information and think through it step-by-step:

1. The statement says ""probably you probably got everybody on you because they were probably all going to law school.""

2. This implies that there was some kind of group or gathering where people were likely planning to go to law school.

3. The key phrase here is ""probably"" - implying that there might have been uncertainty about whether everyone would actually attend law school.

4. However, we don't have any specific details about what happened during this gathering.

5. Without more context, we can only speculate based on the general idea of",Unknown,False
"Facts: uh-huh how about any matching programs
Question: What about matching programs? 
Think step by step.",True,"system
You are a helpful assistant. Verify facts before answering.
user
Facts: uh-huh how about any matching programs
Question: What about matching programs? 
Think step by step.
assistant
To answer the question ""What about matching programs?"", I'll think through it step-by-step:

1. First, let's consider what we mean by ""matching programs"". This could refer to various things depending on context:
   - In education, matching programs might be related to standardized tests or assessments.
   - In employment, they could involve job placement services or career counseling.
   - In healthcare, they might relate to medical testing or screening processes.

2. Now, let's look at the statement ""uh-huh how about any matching programs"":
   - The phrase ""uh-huh"" is often used as an informal way of agreeing",Unknown,False
"Facts: 2) This particular instance of it stinks.
Question: It is a terrible situation. 
Think step by step.",True,"system
You are a helpful assistant. Verify facts before answering.
user
Facts: 2) This particular instance of it stinks.
Question: It is a terrible situation. 
Think step by step.
assistant
To answer the question ""It is a terrible situation, "" I'll follow these steps:

1. Analyze the given fact:
   The first fact states that this particular instance of something stinks.

2. Interpret the meaning of ""stinks"":
   Stinks typically means to smell bad or unpleasantly.
   
3. Apply the interpretation to the question:
   Since the statement says ""This particular instance of it stinks,"" we can conclude that the situation being described has an unpleasant odor or smell.

4. Formulate the final answer:
   Based on the interpretation and analysis, the answer to ""It is a terrible situation"" would",Unknown,False
"Facts: oh for heaven sakes for the drugs yeah uh-huh
Question: For drugs.
Think step by step.",True,"system
You are a helpful assistant. Verify facts before answering.
user
Facts: oh for heaven sakes for the drugs yeah uh-huh
Question: For drugs.
Think step by step.
assistant
Let's break down the given statement and analyze it step-by-step:

1. ""Oh for heaven's sake"" - This is an exclamation of frustration or dismay, often used to express strong negative emotions.

2. ""for the drugs"" - This phrase suggests that something related to drugs is being discussed or mentioned.

3. ""yeah uh-huh"" - This is a colloquial way of saying ""yes"" in response to questions or statements.

Now, let's put these elements together:

- The speaker expresses frustration about something related to drugs.
- They use ""oh for heaven's sake"" as an exclamation to emphasize",Unknown,False
"Facts: yeah because being a student i'm doing it for the money
Question: I'm no longer a student, so I don't need the money anymore.
Think step by step.",False,"system
You are a helpful assistant. Verify facts before answering.
user
Facts: yeah because being a student i'm doing it for the money
Question: I'm no longer a student, so I don't need the money anymore.
Think step by step.
assistant
Let's break down the given information and verify if it aligns with the question:

1. The statement ""Yeah because being a student i'm doing it for the money"" suggests that the person is currently working or earning income as a result of their academic pursuits.

2. This implies that they have some form of employment or financial obligation related to their studies.

3. If someone is no longer a student, this means they are not actively engaged in any educational activities or work-related tasks.

4. Therefore, it would be incorrect to say they are still ""doing it for the money"" since they are no longer involved in these activities.",Unknown,False
"Facts: well i think of uh you mean as far as retirement
Question: You never discuss retirement.
Think step by step.",False,"system
You are a helpful assistant. Verify facts before answering.
user
Facts: well i think of uh you mean as far as retirement
Question: You never discuss retirement.
Think step by step.
assistant
Let's approach this step-by-step to verify the given fact:

1. **Identify the Fact**: The statement is ""You never discuss retirement.""

2. **Understand the Context**:
   - Retirement refers to the period when an individual stops working and starts receiving benefits from their employer or government.
   - Discussing retirement implies sharing information about one's plans for retirement.

3. **Analyze the Statement**:
   - The phrase ""you never"" suggests that the speaker does not engage in discussions related to retirement.
   - This could imply that they do not share any information about their retirement plans, career path, or financial",Unknown,False
"Facts: If you have any questions about this report, please contact Henry R. Wray, Senior Associate General Counsel, at (202) 512-8581.
Question: Henry R. Wray can be reached at (555) 512-8581.
Think step by step.",False,"system
You are a helpful assistant. Verify facts before answering.
user
Facts: If you have any questions about this report, please contact Henry R. Wray, Senior Associate General Counsel, at (202) 512-8581.
Question: Henry R. Wray can be reached at (555) 512-8581.
Think step by step.
assistant
Let's break down the information provided to verify if it matches the given fact:

Step 1: Identify the key elements in the given fact:
- The person is named ""Henry R. Wray""
- He has a title of ""Senior Associate General Counsel""
- His address is ""(202) 512-8581""

Step 2: Compare these elements with the statement in the question:
- The name ""Henry R. Wray"" matches exactly
- The title ""Senior Associate General Counsel"" also matches
- The phone number ""(202) 512-858",Unknown,False
"Facts: Your speeches are inflammatory.
Question: Your speeches are so calming.
Think step by step.",False,"system
You are a helpful assistant. Verify facts before answering.
user
Facts: Your speeches are inflammatory.
Question: Your speeches are so calming.
Think step by step.
assistant
To answer this question, let's break down the given information and think through it step-by-step:

1. The first fact states that your speeches are ""inflammatory.""
   - This means you use strong or aggressive language in your speech.

2. The second fact is about your speeches being ""calming.""
   - This implies that your speech content is soothing or peaceful.

3. We need to determine if these two statements can be logically connected without contradicting each other.

4. If your speeches are inflammatory, they would likely contain strong emotional language and potentially negative emotions.
   - Calmness typically involves expressing positive emotions or neutral sentiments",Unknown,False
"Facts: Given the limits on the WTO's jurisdiction, it was probably unreasonable of Kodak to expect a real victory.
Question: Kodak was totally justified in expecting a victory.
Think step by step.",False,"system
You are a helpful assistant. Verify facts before answering.
user
Facts: Given the limits on the WTO's jurisdiction, it was probably unreasonable of Kodak to expect a real victory.
Question: Kodak was totally justified in expecting a victory.
Think step by step.
assistant
To determine if Kodak was justified in expecting a victory given the limitations of the World Trade Organization (WTO), let's break down the information provided and analyze each point:

1. **Given Facts**: 
   - The WTO has limited jurisdiction.
   - Kodak had expectations that were unrealistic or unattainable under these constraints.

2. **Analysis**:
   - **Unrealistic Expectations**: Kodak expected a real victory because they believed their actions would lead to significant economic benefits for the company. However, this expectation was based on an unrealistic assumption about the potential impact of their actions on the global market.
   -",Unknown,False
"Facts: Back to the subject of celebrity interviews, British magazines have published a huge number with actress Kate Winslet, the star of Titanic , to promote a new British film she has made.
Question: British magazines boycotted Kate Winslet.
Think step by step.",False,"system
You are a helpful assistant. Verify facts before answering.
user
Facts: Back to the subject of celebrity interviews, British magazines have published a huge number with actress Kate Winslet, the star of Titanic , to promote a new British film she has made.
Question: British magazines boycotted Kate Winslet.
Think step by step.
assistant
To answer this question, I'll think through it step-by-step:
1. The key information given is that British magazines have published a large number of interviews with actress Kate Winslet, who starred in the movie ""Titanic"".
2. The question asks if these magazines boycotted her.
3. We need to consider what would typically happen if a magazine boycotted someone.
4. In most cases, boycotting someone means they wouldn't publish anything about them again for a period of time.
5. However, we're told that these magazines had already published interviews with Kate Winslet, so there's no reason to believe they'd",Unknown,False
"Facts: aChange in personal saving depends on how much of the $4,000 IRA contribution represents new saving.
Question: The IRA contributes nothing to saving
Think step by step.",False,"system
You are a helpful assistant. Verify facts before answering.
user
Facts: aChange in personal saving depends on how much of the $4,000 IRA contribution represents new saving.
Question: The IRA contributes nothing to saving
Think step by step.
assistant
To answer this question accurately, let's break down the information provided and think through it step-by-step:

1. **Understanding Personal Saving**: Personal saving is defined as the amount of money that an individual saves for their own use or investment.

2. **Impact of IRA Contribution**: An IRA (Individual Retirement Account) typically allows individuals to contribute up to $6,000 per year, with certain exceptions such as those related to retirement savings plans like 401(k)s or IRAs.

3. **Personal Saving vs. IRA Contributions**: If you make a $4,000 contribution to an IRA, it would",Unknown,False
"Facts: Although all four categories of emissions are down substantially, they only achieve 50-75% of the proposed cap by 2007 (shown as the dotted horizontal line in each of the above figures).
Question: There has been a substantial decrease in each of the emission categories.
Think step by step.",True,"system
You are a helpful assistant. Verify facts before answering.
user
Facts: Although all four categories of emissions are down substantially, they only achieve 50-75% of the proposed cap by 2007 (shown as the dotted horizontal line in each of the above figures).
Question: There has been a substantial decrease in each of the emission categories.
Think step by step.
assistant
To determine if there has been a substantial decrease in each of the emission categories, let's analyze the given information step-by-step:

1. **Identify the categories**: The statements mention ""all four categories"" of emissions.

2. **Understand the percentages mentioned**:
   - Each category is described as having achieved 50-75% of its proposed cap by 2007.
   - This means that for each category, it was at least half of what it should have been by 2007.

3. **Compare the actual percentage to the target percentage**:
   - For example, if",Unknown,False
"Facts: hi Mary have you gone visiting uh any new restaurants lately
Question: Hello, Mary, have you gone anywhere recently, such as restaurants? 
Think step by step.",True,"system
You are a helpful assistant. Verify facts before answering.
user
Facts: hi Mary have you gone visiting uh any new restaurants lately
Question: Hello, Mary, have you gone anywhere recently, such as restaurants? 
Think step by step.
assistant
Let's break down the given information and verify it step-by-step:

1. The statement is about Mary asking if she has visited any new restaurants recently.
2. It mentions ""uh"" at the end of the sentence, which could be an exclamation or filler word.
3. The question asks for confirmation about whether Mary has gone to any new restaurants recently.

Step 1: Confirm that Mary has indeed gone to any new restaurants recently.
- The statement clearly states that Mary has gone visiting restaurants recently.

Step 2: Verify that this information is correct.
- The use of ""uh"" in the middle of the sentence doesn't",Unknown,False
"Facts: Black professionals braid their hair to display their ethnic pride.
Question: Blacks proudly braid their hair.
Think step by step.",True,"system
You are a helpful assistant. Verify facts before answering.
user
Facts: Black professionals braid their hair to display their ethnic pride.
Question: Blacks proudly braid their hair.
Think step by step.
assistant
To answer the question ""Black professionals proudly braid their hair, "" let's break it down into steps:

1. Identify the subject:
   The subject is ""Black professionals.""

2. Consider the action:
   The action being performed is ""braid their hair.""

3. Analyze the context:
   The context provided is that these individuals are ""displaying their ethnic pride.""

4. Apply the given fact:
   According to the information provided, when people display their ethnic pride, they often choose to braids their hair.

5. Conclude with the final statement:
   Therefore, based on the given facts and the analysis of",Unknown,False
"Facts: As of last week he charges $50 an hour minimum instead of $25 for the services of his yearling Northern Utah Legal Aid Foundation.
Question: His charges went down.
Think step by step.",False,"system
You are a helpful assistant. Verify facts before answering.
user
Facts: As of last week he charges $50 an hour minimum instead of $25 for the services of his yearling Northern Utah Legal Aid Foundation.
Question: His charges went down.
Think step by step.
assistant
To determine if the charges went down, let's break it down step-by-step:

1. **Identify the original charges**: The original charges were $25 per hour.

2. **Understand the change in charges**: The problem states that ""As of last week, he charges $50 an hour.""

3. **Compare the new and old charges**:
   - New charge: $50 per hour
   - Original charge: $25 per hour

4. **Calculate the difference**:
   \[
   50 - 25 = 25
   \]

5. **Inter",Unknown,False
"Facts: 7) Nonautomated First-Class and Standard-A mailers have the option of requesting that their mail be processed manually, even though the costs for such processing are substantially higher than mechanized processing.
Question: Nonautomated First-Class and Standard-A mailers cannot ask for their mail to be processed by hand because it costs the postal service more.
Think step by step.",False,"system
You are a helpful assistant. Verify facts before answering.
user
Facts: 7) Nonautomated First-Class and Standard-A mailers have the option of requesting that their mail be processed manually, even though the costs for such processing are substantially higher than mechanized processing.
Question: Nonautomated First-Class and Standard-A mailers cannot ask for their mail to be processed by hand because it costs the postal service more.
Think step by step.
assistant
Let's break down the given information and verify each part:

1. **Fact 7**: ""Nonautomated First-Class and Standard-A mailers have the option of requesting that their mail be processed manually, even though the costs for such processing are substantially higher than mechanized processing.""

   - This statement is correct.

2. **Fact 6**: ""The cost of manual processing is significantly higher than mechanized processing.""

   - This statement is also correct.

3. **Fact 5**: ""Mailers can request that their mail be processed manually.""

   - This statement is incorrect. The fact states that non-automated mail",Unknown,False
"Facts: The formal splendor of the grounds testify to the 18th-century desire to tame nature, but it is done with such superlative results that one can only be thankful that the work was undertaken.
Question: The grounds were really beautiful.
Think step by step.",True,"system
You are a helpful assistant. Verify facts before answering.
user
Facts: The formal splendor of the grounds testify to the 18th-century desire to tame nature, but it is done with such superlative results that one can only be thankful that the work was undertaken.
Question: The grounds were really beautiful.
Think step by step.
assistant
To determine if the grounds were truly beautiful based on the given facts, let's break down the information provided and analyze each point:

Step 1: Understand the context
The statement mentions ""the formal splendor"" of the grounds, which refers to their grandeur or grandiosity.

Step 2: Analyze the claim about the work being done
The passage states that ""it is done with such superlative results."" This implies that the work was not just impressive in appearance but also had significant impact or effect.

Step 3: Consider the phrase ""with such superlative results""
This suggests that the work achieved something noteworthy",Unknown,False
"Facts: um-hum yeah right uh is yours a is it a a slab foundation or pier and beam
Question: Your foundation is being beamed away.
Think step by step.",False,"system
You are a helpful assistant. Verify facts before answering.
user
Facts: um-hum yeah right uh is yours a is it a a slab foundation or pier and beam
Question: Your foundation is being beamed away.
Think step by step.
assistant
To answer this question, I'll go through the steps to determine if your foundation is being beamed:
1. Identify the type of foundation: The fact states that ""Your foundation is being beamed away."" This indicates that you have a slab foundation with beams installed.
2. Consider the options given in the question: The options provided are ""slab foundation"" and ""pier and beam.""
3. Compare the foundation type to the options: A slab foundation typically has beams installed along its length, while a pier and beam foundation would not have such structural components.
4. Conclude based on the information: Since your foundation is described",Unknown,False
"Facts: Although all four categories of emissions are down substantially, they only achieve 50-75% of the proposed cap by 2007 (shown as the dotted horizontal line in each of the above figures).
Question: All of the emission categories experienced a downturn except for one.
Think step by step.",False,"system
You are a helpful assistant. Verify facts before answering.
user
Facts: Although all four categories of emissions are down substantially, they only achieve 50-75% of the proposed cap by 2007 (shown as the dotted horizontal line in each of the above figures).
Question: All of the emission categories experienced a downturn except for one.
Think step by step.
assistant
To answer this question, let's break it down step-by-step:

1. Understand the given information:
   - Four categories of emissions have been significantly reduced.
   - These reductions are shown on the graphs with dashed lines.
   - The percentages of these reductions are between 50-75%.

2. Identify the category that has not achieved its target:
   - We need to find out which category did not meet its goal.

3. Analyze the data:
   - The graph shows the percentage reduction for each category.
   - The percentages range from 50% to 75%.

4. Determine which category is",Unknown,False
"Facts: i don't know i i do i can think of all the uh the biblical things about it too where what did they say to uh i can't think of the scripture Render unto Caesar's what is Caesar's so
Question: I do not know about the bible or its scriptures.
Think step by step.",False,"system
You are a helpful assistant. Verify facts before answering.
user
Facts: i don't know i i do i can think of all the uh the biblical things about it too where what did they say to uh i can't think of the scripture Render unto Caesar's what is Caesar's so
Question: I do not know about the bible or its scriptures.
Think step by step.
assistant
To answer this question, let's break down the information provided and analyze each part:

1. ""I don't know"" - This indicates uncertainty or lack of knowledge about something.

2. ""I can think of all the... "" - This suggests that there might be some specific details or examples mentioned in the text.

3. ""The biblical things about it too"" - This implies that the speaker has read or heard about certain aspects of the Bible.

4. ""Where what did they say to uh"" - This phrase seems to refer to a quote or statement made by someone else.

5. ""I can't think of the scripture",Unknown,False
"Facts: Others love to see it in the middle of the heaviest monsoon, its marble translucent, its image blurred in the rain-stippled water channels of its gardens.
Question: None of the visitors like to see it during the monsoon.
Think step by step.",False,"system
You are a helpful assistant. Verify facts before answering.
user
Facts: Others love to see it in the middle of the heaviest monsoon, its marble translucent, its image blurred in the rain-stippled water channels of its gardens.
Question: None of the visitors like to see it during the monsoon.
Think step by step.
assistant
Let's approach this step-by-step:
1. First, we need to identify what ""it"" refers to in the given information. The text mentions ""the marble translucent garden"" and ""the heaviest monsoon"".
2. Next, we need to determine if there is any mention of visitors seeing this garden or garden being seen by others.
3. We can conclude that none of the visitors like to see this garden during the monsoon because the text explicitly states ""None of the visitors like to see it during the monsoon"".
4. To verify this conclusion, let's consider the context provided:
   - The garden is described as",Unknown,False
"Facts: Previously, at the request of the Republican Ranking Minority Member of the House Committee on Government Operations, GAO reviewed activities of President Clintonas Task Force on Health Care Reform and was provided with an extensive listing of working group participants drawn from the government and from outside organizations.
Question: GAO solely investigated the activities of President Clinton's Task Force on their own accord.
Think step by step.",False,"system
You are a helpful assistant. Verify facts before answering.
user
Facts: Previously, at the request of the Republican Ranking Minority Member of the House Committee on Government Operations, GAO reviewed activities of President Clintonas Task Force on Health Care Reform and was provided with an extensive listing of working group participants drawn from the government and from outside organizations.
Question: GAO solely investigated the activities of President Clinton's Task Force on their own accord.
Think step by step.
assistant
To answer this question accurately, I'll go through the steps to verify the information:

1. Identify the key claim in the fact:
   The claim states that GAO ""solely"" investigated the activities of President Clinton's Task Force on Health Care Reform.

2. Analyze the given information:
   - The fact mentions that GAO reviewed activities of President Clinton's Task Force.
   - It also notes that GAO was requested by the Republican Ranking Minority Member of the House Committee on Government Operations.
   - However, it does not specify whether GAO independently conducted the investigation or if they were assisted by other parties.

3. Consider",Unknown,False
"Facts: This testing of the marketplace may range from written or telephone contacts with knowledgeable federal and non-federal experts regarding similar or duplicate requirements and the results of any market test recently undertaken, to the more formal sources-sought announcements in pertinent publications (e.g.
Question: This marketplace testing ranges from informal to formal surveys.
Think step by step.",True,"system
You are a helpful assistant. Verify facts before answering.
user
Facts: This testing of the marketplace may range from written or telephone contacts with knowledgeable federal and non-federal experts regarding similar or duplicate requirements and the results of any market test recently undertaken, to the more formal sources-sought announcements in pertinent publications (e.g.
Question: This marketplace testing ranges from informal to formal surveys.
Think step by step.
assistant
To answer this question accurately, I'll break down the information provided about marketplace testing into its components:
1. Informal vs Formal Sources:
   - ""Informal"" means not using official channels for gathering data.
   - ""Formal"" means using official channels for gathering data.

2. Marketplace Testing:
   - It refers to the process of evaluating products or services on a marketplace platform.
   - The term is often used interchangeably with ""market research.""

3. Written or Telephone Contacts:
   - These refer to direct communication methods between the tester and the expert.
   - They can be either written or conducted through phone calls",Unknown,False
"Facts: Crosethe Rue de Rivoli to the Palais-Royal, built for Car?­di?­nal Richelieu as his Paris residence in 1639, and originally named Palais-Cardinal.
Question: Crosethe Rue De Rivoli to the Palais-Royal was built for King Louis XVI.
Think step by step.",False,"system
You are a helpful assistant. Verify facts before answering.
user
Facts: Crosethe Rue de Rivoli to the Palais-Royal, built for Car?­di?­nal Richelieu as his Paris residence in 1639, and originally named Palais-Cardinal.
Question: Crosethe Rue De Rivoli to the Palais-Royal was built for King Louis XVI.
Think step by step.
assistant
To answer this question, I'll go through the steps of reasoning based on the given facts:

Step 1: Identify the key information from the facts.
The facts state that Crosethe Rue de Rivoli to the Palais-Royal was built for Car Di Cardinal in 1639.

Step 2: Analyze the question.
The question asks if the palace was built for King Louis XVI.

Step 3: Compare the facts with the question.
The facts clearly indicate that the palace was indeed built for King Louis XVI, not Car Di Cardinal.

Step 4: Formulate the answer.
Based on the information provided",Unknown,False
"Facts:  There was food for all, and houses had been conjured hastily to shelter the people.
Question: There was not enough food for all sadly.
Think step by step.",False,"system
You are a helpful assistant. Verify facts before answering.
user
Facts:  There was food for all, and houses had been conjured hastily to shelter the people.
Question: There was not enough food for all sadly.
Think step by step.
assistant
To answer this question, let's break down the given information and think through it step-by-step:

1. The statement mentions ""food for all"" which implies that there was sufficient food available.

2. It also states that ""houses had been conjured hastily to shelter the people.""

3. This suggests that the situation is urgent or dire, as houses were being constructed quickly to provide temporary shelter.

4. Given these two pieces of information:
   - There was food for all (sufficient)
   - Houses were being constructed hastily

5. The conclusion drawn from these facts would be that there wasn't enough food for all because the",Unknown,False
"Facts: After the second course I began to feel slightly at ease, although I couldn't help being disturbed by the way they just stared at me.
Question: I felt at ease around them.
Think step by step.",False,"system
You are a helpful assistant. Verify facts before answering.
user
Facts: After the second course I began to feel slightly at ease, although I couldn't help being disturbed by the way they just stared at me.
Question: I felt at ease around them.
Think step by step.
assistant
Let's break down the given information and think through it step-by-step:

1. The person is described as feeling ""slightly at ease"" after their second course.

2. They mention that this feeling was due to ""being disturbed.""

3. The disturbance mentioned is related to how people looked at them.

4. The question asks if the person felt ""at ease"" around these people.

Step 1: Analyze the first part of the statement - ""After the second course I began to feel slightly at ease.""
- This indicates that the person had an initial sense of unease or discomfort in the second course.
- However,",Unknown,False
"Facts: Try a selection at the Whisky Heritage Centre (they have over 100 for you to sample), where you can then buy a bottle or two of your personal favorite in the shop or in stores around the city.
Question: There are at least 100 things to sample at Whisky Heritage Centre.
Think step by step.",True,"system
You are a helpful assistant. Verify facts before answering.
user
Facts: Try a selection at the Whisky Heritage Centre (they have over 100 for you to sample), where you can then buy a bottle or two of your personal favorite in the shop or in stores around the city.
Question: There are at least 100 things to sample at Whisky Heritage Centre.
Think step by step.
assistant
To verify that there are indeed at least 100 things to sample at the Whisky Heritage Centre, let's break down the process and think through it step-by-step:

1. **Identify the Venue**: The Whisky Heritage Centre is described as having ""over 100"" items to sample.

2. **Understand the Sample Selection Process**:
   - You can try a selection at this venue.
   - Then, you can purchase one or more bottles from various shops or stores within the city.

3. **Calculate the Total Number of Items**:
   - Since the venue has over 100",Unknown,False
"Facts: They made little effort, despite the Jesuit presence in Asia, to convert local inhabitants to Christianity or to expand their territory into the interior.
Question: The Jesuit thought that by converting the Asian people to Christianity, it would help them to expand their territory. 
Think step by step.",False,"system
You are a helpful assistant. Verify facts before answering.
user
Facts: They made little effort, despite the Jesuit presence in Asia, to convert local inhabitants to Christianity or to expand their territory into the interior.
Question: The Jesuit thought that by converting the Asian people to Christianity, it would help them to expand their territory. 
Think step by step.
assistant
To verify this statement, let's break down the key points from the given facts and analyze them step-by-step:

1. **Initial Context**: The Jesuits were present in Asia during the 16th century.

2. **Jesuit Efforts**: Despite being present, there was no significant effort on the part of the Jesuits to convert local inhabitants to Christianity or expand their territories into the interior.

3. **Reason for Lack of Effort**: The primary reason provided is that ""the Jesuit presence in Asia"" did not lead to any conversion efforts. This suggests that the Jesuits' initial intentions may have been misguided",Unknown,False
"Facts: And, could it not result in a decline in Postal Service volumes across--the--board?
Question: Nothing will affect Postal Service volumes across--the--board.
Think step by step.",False,"system
You are a helpful assistant. Verify facts before answering.
user
Facts: And, could it not result in a decline in Postal Service volumes across--the--board?
Question: Nothing will affect Postal Service volumes across--the--board.
Think step by step.
assistant
To answer this question, let's break down the given information and analyze each part:

1. ""And, could it not result in a decline in Postal Service volumes across-the-board?""
   - This statement suggests that there is an expectation or possibility of a decrease in postal service volume.

2. ""The question asks: 'Nothing will affect Postal Service volumes across-the-board.'""
   - This statement directly contradicts the first part of the original fact, which implies that something (or someone) would affect postal service volumes.

3. ""Think step by step:""
   - This phrase indicates that we should think through the logical implications of both",Unknown,False
"Facts: To the south, the former fishing villages of Sorrento and Positano spill down the craggy cliffs of the serpentine Amalfi coast, justifiably tauted as one of the world's most beautiful drives.
Question: Sorrento used to be a fishing village.
Think step by step.",True,"system
You are a helpful assistant. Verify facts before answering.
user
Facts: To the south, the former fishing villages of Sorrento and Positano spill down the craggy cliffs of the serpentine Amalfi coast, justifiably tauted as one of the world's most beautiful drives.
Question: Sorrento used to be a fishing village.
Think step by step.
assistant
To answer this question accurately, I'll go through the steps:

1. Identify the key information in the fact:
   - Sorrento is mentioned as a former fishing village
   - It has been described as ""one of the world's most beautiful drives""

2. Analyze the meaning of ""beautiful"":
   - The term ""beautiful"" typically refers to something that is attractive or pleasing to the eye

3. Consider the context of the question:
   - The question asks if Sorrento was ever a fishing village
   - This implies we need to determine if it existed at some point in history

4. Evaluate the",Unknown,False
"Facts: If the company makes money on the policy, other insurers are expected to follow.
Question: If the company loses money on the policy then other insurers will copy them. 
Think step by step.",False,"system
You are a helpful assistant. Verify facts before answering.
user
Facts: If the company makes money on the policy, other insurers are expected to follow.
Question: If the company loses money on the policy then other insurers will copy them. 
Think step by step.
assistant
To verify this statement, let's break it down into two steps:

1. **If the company makes money on the policy, other insurers are expected to follow.**
   - This is true because if the company has made a profit from selling policies, it means they have earned some revenue or income from their business activities related to insurance.

2. **If the company loses money on the policy, other insurers will copy them.**
   - This is also true because if the company experiences financial losses due to not making enough money from its policies, it would be more likely for other companies in the same industry (which might include insurers)",Unknown,False
"Facts: The tomb of Job Charnock, the Company official who founded the city of Caletta, is in the church cemetery.
Question: The Tomb of Job Charnock is not in the church cemetery.
Think step by step.",False,"system
You are a helpful assistant. Verify facts before answering.
user
Facts: The tomb of Job Charnock, the Company official who founded the city of Caletta, is in the church cemetery.
Question: The Tomb of Job Charnock is not in the church cemetery.
Think step by step.
assistant
To verify this fact, I'll follow these steps:

1. Identify the key information:
   - The tomb of Job Charnock is mentioned as being in the church cemetery.
   - The question asks if it's true that the tomb is not in the church cemetery.

2. Analyze the given information:
   - We know that Job Charnock was an official who founded the city of Caletta.
   - The city of Caletta is located in the town of Caletta, which is part of the county of County Town.

3. Consider the relationship between the city and the church cemetery:
   - Ca",Unknown,False
"Facts: Because GAO's primary function is to support the Congress in carrying out its decision-making and oversight responsibilities, the number of times our experts testify before congressional panels each year is an indicator of our responsiveness and reflects the impact, importance, and value of our work.
Question: They refused to provide any support to the Congress.
Think step by step.",False,"system
You are a helpful assistant. Verify facts before answering.
user
Facts: Because GAO's primary function is to support the Congress in carrying out its decision-making and oversight responsibilities, the number of times our experts testify before congressional panels each year is an indicator of our responsiveness and reflects the impact, importance, and value of our work.
Question: They refused to provide any support to the Congress.
Think step by step.
assistant
To answer this question accurately, I'll follow these steps:

1. Analyze the given facts:
   - The main point is that GAO's expertise is crucial for Congress' decision-making and oversight.
   - It emphasizes the importance of their work being reflected in how often they testify.

2. Identify the key information:
   - ""Because GAO's primary function is to support the Congress in carrying out its decision-making and oversight responsibilities""
   - ""The number of times our experts testify before congressional panels each year is an indicator of our responsiveness""

3. Understand the question:
   - The question asks if they refused to provide support",Unknown,False
"Facts: The two programs are currently housed in buildings about a block apart.
Question: The two buildings are on opposite sides of the city.
Think step by step.",False,"system
You are a helpful assistant. Verify facts before answering.
user
Facts: The two programs are currently housed in buildings about a block apart.
Question: The two buildings are on opposite sides of the city.
Think step by step.
assistant
To verify this fact, let's break it down into steps:

1. Identify the key information:
   - Two programs are currently housed in buildings about a block apart.
   - We need to determine if these buildings are on opposite sides of the city.

2. Analyze the given information:
   - The statement mentions that the buildings are ""about a block apart.""
   - This implies they are not directly next to each other but rather separated by some distance.

3. Consider the implications:
   - If the buildings are about a block apart, they must be located at least 1 block away from each other.
   - Since we",Unknown,False
"Facts: The results of the sheepshead minnow, Cyprinodon variegatus, inland silverside, Menidia beryllina, or mysid, Mysidopsis bahia, tests are acceptable if survival in the controls is 80 percent or greater.
Question: Tests are only acceptable when survival rates during controls come to at least 70 percent.
Think step by step.",False,"system
You are a helpful assistant. Verify facts before answering.
user
Facts: The results of the sheepshead minnow, Cyprinodon variegatus, inland silverside, Menidia beryllina, or mysid, Mysidopsis bahia, tests are acceptable if survival in the controls is 80 percent or greater.
Question: Tests are only acceptable when survival rates during controls come to at least 70 percent.
Think step by step.
assistant
To verify the given fact about test acceptability based on survival rates in controls, let's break it down into steps:

1. **Identify the relevant information**: The statement says that ""Tests are only acceptable if survival in the controls is 80 percent or greater.""

2. **Understand what constitutes control conditions**: In this context, ""controls"" likely refer to the same conditions used for testing other species. These could include different water temperatures, salinity levels, pH values, and other environmental factors.

3. **Analyze the proposed change**: The proposed change states that ""tests are only acceptable if survival rates during controls come",Unknown,False
"Facts: Now suppose there is a private delivery firm in Cleveland that is competing with the postal service.
Question: Imagine a state-run delivery firm trying to phase out the postal service.
Think step by step.",False,"system
You are a helpful assistant. Verify facts before answering.
user
Facts: Now suppose there is a private delivery firm in Cleveland that is competing with the postal service.
Question: Imagine a state-run delivery firm trying to phase out the postal service.
Think step by step.
assistant
To answer this question, let's break down the scenario into steps:

1. **Identify the Competing Delivery Firm**: The private delivery firm in Cleveland is competing against the postal service.

2. **Understand the Nature of Competition**: In competitive markets, one company typically tries to reduce its market share or increase its prices to gain an advantage over competitors.

3. **Consider State-Run vs. Private Firms**: A state-run delivery firm would likely have more resources and expertise compared to a private firm. This could include better infrastructure, higher-quality vehicles, and possibly government subsidies for certain services.

4. **Evaluate the Impact on",Unknown,False
"Facts: We need to look at the implications that these differing roles have for a range of issues, such as SES core competencies, performance standards, recruitment sources, mobility, and training and development programs.
Question: It is very important for us to consider the implications of the these distinct roles on the issues.
Think step by step.",True,"system
You are a helpful assistant. Verify facts before answering.
user
Facts: We need to look at the implications that these differing roles have for a range of issues, such as SES core competencies, performance standards, recruitment sources, mobility, and training and development programs.
Question: It is very important for us to consider the implications of the these distinct roles on the issues.
Think step by step.
assistant
Certainly! Let's break down the process of considering the implications of these different roles:

1. **Identify the Distinct Roles**: The given facts mention three distinct roles:
   - **SES Core Competencies**
   - **Performance Standards**
   - **Recruitment Sources**
   - **Mobility**
   - **Training and Development Programs**

2. **Understand Each Role**:
   - **SES Core Competencies**: These relate to skills and knowledge needed in specific sectors or industries (e.g., healthcare, finance).
   - **Performance Standards**: These set expectations for how employees should perform their jobs within an organization.",Unknown,False
"Facts: yeah well that's not really immigration
Question: That is the focus of immigration.
Think step by step.",False,"system
You are a helpful assistant. Verify facts before answering.
user
Facts: yeah well that's not really immigration
Question: That is the focus of immigration.
Think step by step.
assistant
To answer this question, let's break down the information provided and think through it step-by-step:

1. The statement ""that's not really immigration"" suggests that there might be some confusion or misunderstanding about what immigration actually entails.

2. To clarify, immigration typically refers to the movement of people from one country to another for various reasons such as work, family reunification, education, or other personal motivations.

3. While immigration can indeed involve moving people across borders, it doesn't necessarily mean that all immigrants are doing so voluntarily or with specific intentions.

4. Some immigrants may come to the United States specifically to seek better opportunities in their",Unknown,False
"Facts: no no not at all it
Question: Not all of it
Think step by step.",True,"system
You are a helpful assistant. Verify facts before answering.
user
Facts: no no not at all it
Question: Not all of it
Think step by step.
assistant
Certainly, let's break down the given fact ""No, No, Not At All"" and verify its truthfulness:

1. **Understanding the Fact**: The phrase ""No, No, Not At All"" is often used in informal contexts to express disbelief or disagreement with something.
2. **Verifying Its Truthfulness**:
   - It can be true for some specific situations where people might disagree strongly about something.
   - For example, if someone says ""I don't like this idea,"" they might use ""No, No, Not At All.""
   - However, it's important to note that this phrase doesn't always carry",Unknown,False
"Facts: My unborn children will never appear on the Today show.
Question: My sons and daughter will be anchors on the Today show.
Think step by step.",False,"system
You are a helpful assistant. Verify facts before answering.
user
Facts: My unborn children will never appear on the Today show.
Question: My sons and daughter will be anchors on the Today show.
Think step by step.
assistant
Let's break down the given information and verify it step-by-step:

1. The first fact states that ""My unborn children will never appear on the Today show.""
2. This means that the narrator is not planning to have any children in the future, or at least not yet.

Now, let's consider the second fact:
""My sons and daughter will be anchors on the Today show.""

This statement implies two things:
a) The narrator has already had sons and daughters.
b) These sons and daughters will be the current anchors of the Today show.

Since we know from the first fact that the narrator has no children currently, this statement",Unknown,False
"Facts: An organization's activities, core processes, and resources must be aligned to support its mission and help it achieve its goals.
Question: A company's mission can be realized even without the alignment of resources.
Think step by step.",False,"system
You are a helpful assistant. Verify facts before answering.
user
Facts: An organization's activities, core processes, and resources must be aligned to support its mission and help it achieve its goals.
Question: A company's mission can be realized even without the alignment of resources.
Think step by step.
assistant
To answer this question, let's break down the given information and think through it step-by-step:

1. **Alignment of Activities**: The statement mentions that an organization's activities, core processes, and resources must align with its mission and goals.

2. **Mission Alignment**: This is explicitly stated in the first fact provided. It means that for a company or any other entity to fulfill its mission effectively, all aspects of its operations need to be aligned with that mission.

3. **Resource Alignment**: The second fact also confirms that resources (such as money, people, technology) must be aligned with the mission and goals of the organization.",Unknown,False
"Facts: need the car the next day type deal so
Question: You need the car several weeks later.
Think step by step.",False,"system
You are a helpful assistant. Verify facts before answering.
user
Facts: need the car the next day type deal so
Question: You need the car several weeks later.
Think step by step.
assistant
To answer this question, I'll break it down into steps:

1. Understand the context:
   - The person needs a car for the next day.
   - They want to make a ""type deal"" with someone else.

2. Consider what a ""type deal"" might entail:
   - It's typically an agreement or arrangement that involves multiple parties.
   - It often includes some form of payment or consideration.

3. Think about how long it would take to get the car:
   - If you need the car today, it could be in your possession within 24 hours.
   - However, if you need it tomorrow",Unknown,False
"Facts: In fact, the sloping shoulder was the noticeable feature of the new clothes of the Dior era, coming as it did immediately in the wake of the Joan Crawford/Rosalind Russell period and its vigorous shoulder padding.
Question: Dior era was known for sloping shoulders after the period of shoulder padding.
Think step by step.",True,"system
You are a helpful assistant. Verify facts before answering.
user
Facts: In fact, the sloping shoulder was the noticeable feature of the new clothes of the Dior era, coming as it did immediately in the wake of the Joan Crawford/Rosalind Russell period and its vigorous shoulder padding.
Question: Dior era was known for sloping shoulders after the period of shoulder padding.
Think step by step.
assistant
To verify this statement, I'll break down the process into steps:

1. Identify the key elements:
   - The Dior era
   - The shoulder padding period
   - The sloping shoulder

2. Analyze the information provided:
   - ""In fact, the sloping shoulder was the noticeable feature of the new clothes of the Dior era""
     This directly supports the claim that the sloping shoulder was a distinctive feature of the Dior era.

3. Consider the context:
   - The Dior era is described as coming ""immediately"" after the Joan Crawford/Rosalind Russell period.
   - It",Unknown,False
"Facts: It was still night.
Question: The sun was blazing in the sky, darkness nowhere to be seen.
Think step by step.",False,"system
You are a helpful assistant. Verify facts before answering.
user
Facts: It was still night.
Question: The sun was blazing in the sky, darkness nowhere to be seen.
Think step by step.
assistant
Let's approach this step-by-step:

1. First, we need to understand what ""it was still night"" means. This implies that it is nighttime or early morning.

2. Next, we're told that the sun was ""blazing in the sky."" This indicates that the sun is shining brightly and intensely.

3. Finally, we're asked about the absence of any light or visibility. This suggests that there is no moon, stars, or other celestial bodies visible above the horizon.

4. Given these conditions, we can conclude that the sun must have been completely hidden from view.

Therefore, based on the given information, we",Unknown,False
"Facts: It's an interesting account of the violent history of modern Israel, and ends in the Scafeld Room where nine Jews were executed.
Question: It's a fascinating explanation modern Israel's violent past and at the end is the Scafelf Room where executions took place.
Think step by step.",True,"system
You are a helpful assistant. Verify facts before answering.
user
Facts: It's an interesting account of the violent history of modern Israel, and ends in the Scafeld Room where nine Jews were executed.
Question: It's a fascinating explanation modern Israel's violent past and at the end is the Scafelf Room where executions took place.
Think step by step.
assistant
To verify this information, I'll break it down into steps:

1. **Identify the key elements**: The text mentions ""an interesting account"" of modern Israel's violent history, specifically referring to its violent past. It also states that the story concludes with ""the Scafelf Room where nine Jews were executed.""

2. **Analyze the conclusion**: The passage clearly indicates that the story ends with the Scafelf Room, which was used for executing nine Jewish people.

3. **Verify the details**:
   - The text explicitly states that the story ends with the Scafelf Room.
   - It provides additional context about",Unknown,False
"Facts: i don't understand that i thought that he was always a good player
Question: I always considered him to be a good player.
Think step by step.",True,"system
You are a helpful assistant. Verify facts before answering.
user
Facts: i don't understand that i thought that he was always a good player
Question: I always considered him to be a good player.
Think step by step.
assistant
Let's break down the given information and verify it step-by-step:

1. The statement ""I don't understand that I thought that he was always a good player"" indicates that there is some confusion or misunderstanding about someone's character or performance.

2. The question asks if this person always considered him to be a good player, which implies that they have a consistent opinion or belief about his abilities.

3. To determine if this person has consistently believed in his good playing ability, we need to consider whether their behavior aligns with their stated opinion of him as a good player.

4. If the person believes in his good playing ability but",Unknown,False
"Facts: but West Texas now was a hundred and ten and i didn't mind that at all you know because it was so dry
Question: It was one hundred ten degrees in West Texas.  
Think step by step.",True,"system
You are a helpful assistant. Verify facts before answering.
user
Facts: but West Texas now was a hundred and ten and i didn't mind that at all you know because it was so dry
Question: It was one hundred ten degrees in West Texas.  
Think step by step.
assistant
Let's break down the statement and verify each part:

1. ""But West Texas now was a hundred and ten""
   - This is correct, as West Texas officially became a state on January 29, 1845.
   
2. ""and I didn't mind that at all""
   - This is also correct. The phrase ""I didn't mind"" implies that the person did not feel any discomfort or inconvenience about the weather.

3. ""because it was so dry""
   - This is accurate. In the early days of the United States, especially after the Civil War, West Texas experienced significant drought conditions",Unknown,False
"Facts: Indeed, 58 percent of Columbia/HCA's beds lie empty, compared with 35 percent of nonprofit beds.
Question: 58% of Columbia/HCA's beds are empty, said the report.
Think step by step.",True,"system
You are a helpful assistant. Verify facts before answering.
user
Facts: Indeed, 58 percent of Columbia/HCA's beds lie empty, compared with 35 percent of nonprofit beds.
Question: 58% of Columbia/HCA's beds are empty, said the report.
Think step by step.
assistant
Certainly, I'll break down this statement and verify each part:

1. ""Indeed"" - This phrase is used to indicate that something is true or factually correct. In this case, it means that the information in the statement is accurate.

2. ""58 percent of Columbia/HCA's beds lie empty"" - This sentence directly states the percentage of beds that are empty. The word ""lie"" indicates that these beds are not occupied, which aligns with the given percentages.

3. ""compared with 35 percent of nonprofit beds"" - This shows how much more empty beds there are compared to non-profit beds.",Unknown,False
"Facts: The library is the largest of any plantation in Jamaica, with over 300 volumes, including three first editions; the books would have been used to while away the long humid days.
Question: The library has over 300 volumes, including 3 first editions. 
Think step by step.",True,"system
You are a helpful assistant. Verify facts before answering.
user
Facts: The library is the largest of any plantation in Jamaica, with over 300 volumes, including three first editions; the books would have been used to while away the long humid days.
Question: The library has over 300 volumes, including 3 first editions. 
Think step by step.
assistant
To verify this fact, I'll break it down into steps:

1. **Identify the subject**: The subject is ""The Library"" and its description.
2. **Extract key information**:
   - The library is described as being the largest of any plantation in Jamaica.
   - It contains over 300 volumes.
   - Among these volumes, there are three first editions.

3. **Verify each piece of information**:
   - The statement about the number of volumes is correct. The text mentions that the library has ""over 300 volumes.""
   - The statement about the number of first editions is also",Unknown,False
"Facts: The long-sought, the mysterious, the elusive Jane Finn! 
Question: Jane Finn is easily found but not often looked for.
Think step by step.",False,"system
You are a helpful assistant. Verify facts before answering.
user
Facts: The long-sought, the mysterious, the elusive Jane Finn! 
Question: Jane Finn is easily found but not often looked for.
Think step by step.
assistant
To answer this question, let's break down the given facts and think through them step-by-step:

1. ""The long-sought, the mysterious, the elusive Jane Finn!""
   - This statement suggests that Jane Finn has been sought after for a very long time, which implies she is highly sought after.

2. ""The long-sought, the mysterious, the elusive Jane Finn!""
   - This reinforces the idea of being sought after for a long time, indicating that Jane Finn is indeed sought after.

3. ""Think step by step.""
   - This indicates we should consider each piece of information carefully to understand its implications.

4",Unknown,False
"Facts: in Asia yeah i spent
Question: In Asia I spent
Think step by step.",True,"system
You are a helpful assistant. Verify facts before answering.
user
Facts: in Asia yeah i spent
Question: In Asia I spent
Think step by step.
assistant
Certainly, let's break down the question and answer step-by-step:

1. Identify the context:
   The question is asking about spending in Asia.

2. Recall known facts about Asia:
   - Asia spans across several continents.
   - It includes countries like China, Japan, India, Indonesia, etc.
   - Many Asian countries have significant populations and economies.

3. Consider typical spending patterns in Asia:
   - People often travel to visit relatives or friends in other countries.
   - Shopping for souvenirs and cultural experiences can be common.
   - Traveling to different regions for leisure activities (e.g., visiting temples, beaches",Unknown,False
"Facts: It's easy to overdose on the many temples, palaces, and museums in India.
Question: You'll find a scarcity of palaces and temples across India.
Think step by step.",False,"system
You are a helpful assistant. Verify facts before answering.
user
Facts: It's easy to overdose on the many temples, palaces, and museums in India.
Question: You'll find a scarcity of palaces and temples across India.
Think step by step.
assistant
To answer this question accurately, I will follow these steps:

1. Identify the key elements of the statement:
   - Palaces and temples are mentioned
   - They are located in India

2. Analyze the given fact about overexposure to temples, palaces, and museums:
   - This information is not directly relevant to the question asked.

3. Consider what would be true if there were no palaces and temples in India:
   - The absence of these structures would likely lead to an abundance of other types of buildings and attractions.

4. Formulate a response that aligns with the given information:
   - Since",Unknown,False
"Facts: uh i really i miss college i had a good time
Question: College was horrible and I hated it. 
Think step by step.",False,"system
You are a helpful assistant. Verify facts before answering.
user
Facts: uh i really i miss college i had a good time
Question: College was horrible and I hated it. 
Think step by step.
assistant
Let's break down the given statement to verify its accuracy:

1. **Identify the key elements of the statement**: The person mentions ""college"" as having been ""horrible, "" indicating they were unhappy with their experience there.
2. **Understand the context**: The person states that they ""had a good time"" during their college years, which implies they enjoyed their time at school.
3. **Analyze the contradiction**: The statement claims that college was ""horrible"" but then says they ""hated it."" This creates a contradiction.

Given these points, we can conclude that the statement is incorrect. It does not",Unknown,False
"Facts: 'No one in Large would ever try to harm us.
Question: They're out to get us there in Large, you know.
Think step by step.",False,"system
You are a helpful assistant. Verify facts before answering.
user
Facts: 'No one in Large would ever try to harm us.
Question: They're out to get us there in Large, you know.
Think step by step.
assistant
Let's approach this step-by-step:
1. First, we need to understand the context of the statement ""They're out to get us there in Large"". This phrase suggests that someone or something is planning to harm or attack people living in a specific area called ""Large"".
2. The key part here is ""in Large"", which indicates that the location being referred to is within the scope of the threat.
3. The statement then says ""you know"" about this threat, implying that it's known or understood.
4. Given these points, we can infer that the person speaking is aware of the potential danger and has taken steps to",Unknown,False
"Facts: True to his word to his faithful mare, Ca'daan left Whitebelly in Fena Dim and borrowed Gray Cloud from his uncle.
Question: Ca'daan kept his word to Gray Cloud and borrowed Whitebelly from his uncle. 
Think step by step.",False,"system
You are a helpful assistant. Verify facts before answering.
user
Facts: True to his word to his faithful mare, Ca'daan left Whitebelly in Fena Dim and borrowed Gray Cloud from his uncle.
Question: Ca'daan kept his word to Gray Cloud and borrowed Whitebelly from his uncle. 
Think step by step.
assistant
Let's break down the given information and verify it step-by-step:

1. The statement says that Ca'daan ""left Whitebelly in Fena Dim"" and ""borrowed Gray Cloud from his uncle.""

2. We need to confirm if these actions were indeed done.

3. First, let's consider what Ca'daan did:
   - He left Whitebelly in Fena Dim.
   - This implies he had some kind of agreement or promise with Whitebelly about leaving him there.

4. Now, let's look at what Ca'daan borrowed:
   - He borrowed Gray Cloud from his uncle.

5.",Unknown,False
"Facts: The central features of the Results Act-strategic planning, performance measurement, and public reporting and accountability-can serve as powerful tools to help change the basic culture of government.
Question: The Results Act has strategic planning as a deleted feature. 
Think step by step.",False,"system
You are a helpful assistant. Verify facts before answering.
user
Facts: The central features of the Results Act-strategic planning, performance measurement, and public reporting and accountability-can serve as powerful tools to help change the basic culture of government.
Question: The Results Act has strategic planning as a deleted feature. 
Think step by step.
assistant
To verify that the statement ""The Results Act has strategic planning as a deleted feature"" is correct based on the given facts, let's break down the information provided:

1. **Identify the key elements in the statement**: The statement mentions two main points:
   - The central features of the Results Act include strategic planning.
   - Strategic planning serves as a powerful tool for changing the basic culture of government.

2. **Analyze the facts**:
   - The Facts provide specific details about how the Results Act works:
     - It includes strategic planning.
     - It also includes performance measurement.
     - And it includes public reporting and",Unknown,False
"Facts: And two- the personal pronoun problems were going to get serious.
Question: There were going to be problems with the personal pronoun.
Think step by step.",True,"system
You are a helpful assistant. Verify facts before answering.
user
Facts: And two- the personal pronoun problems were going to get serious.
Question: There were going to be problems with the personal pronoun.
Think step by step.
assistant
Let's break down the given information and verify it:

1. The statement starts with ""And two- the personal pronoun problems were going to get serious.""
2. This sentence indicates that there was an issue or problem related to personal pronouns.

Now, let's analyze the question:
""There were going to be problems with the personal pronoun.""

Step-by-step verification:

1. **Subject of the Question**: The subject is ""There"" (singular).
   - This matches the first part of the original statement, which uses ""two"".

2. **Verb of the Question**: The verb is ""were"".
   - This also matches",Unknown,False
"Facts: Today it is possible to buy cheap papyrus printed with gaudy Egyptian scenes in almost every souvenir shop in the country, but some of the most authentic are sold at The Pharaonic Village in Cairo where the papyrus is grown, processed, and hand-painted on site.
Question: The Pharaonic Village in Cairo does not sell papyrus.
Think step by step.",False,"system
You are a helpful assistant. Verify facts before answering.
user
Facts: Today it is possible to buy cheap papyrus printed with gaudy Egyptian scenes in almost every souvenir shop in the country, but some of the most authentic are sold at The Pharaonic Village in Cairo where the papyrus is grown, processed, and hand-painted on site.
Question: The Pharaonic Village in Cairo does not sell papyrus.
Think step by step.
assistant
Let's approach this step-by-step:
1. First, we need to identify what ""The Pharaonic Village"" refers to in the given information.
   - The text states that ""some of the most authentic are sold at The Pharaonic Village in Cairo.""
2. This implies that The Pharaonic Village is a specific location or place within Cairo.
3. To verify if The Pharaonic Village actually sells papyrus, we should look for any mention of it being an official store or market.
4. In the context provided, there is no explicit statement about The Pharaonic Village selling papyrus.
5. However",Unknown,False
"Facts: In reviewing this history, it's important to make some crucial distinctions.
Question: Making certain distinctions is imperative in looking back on the past.
Think step by step.",True,"system
You are a helpful assistant. Verify facts before answering.
user
Facts: In reviewing this history, it's important to make some crucial distinctions.
Question: Making certain distinctions is imperative in looking back on the past.
Think step by step.
assistant
Certainly! Let's break down the process of making certain distinctions when reviewing historical events:

1. **Identify the Time Period**: First, determine which specific time period you're examining. This could be from ancient times to modern times.

2. **Understand the Context**: Understand the broader context within that time period. What were the major events and developments happening at the same time?

3. **Compare and Contrast**: Compare different aspects of the event or period. Look for similarities and differences between what happened during this time and what might have occurred differently if we had chosen another point in time.

4. **Analyze Causes and Consequences",Unknown,False
"Facts: Jon drew it out and stabbed again in the man's throat.
Question: Jon stabbed the man's throat multiple times.
Think step by step.",True,"system
You are a helpful assistant. Verify facts before answering.
user
Facts: Jon drew it out and stabbed again in the man's throat.
Question: Jon stabbed the man's throat multiple times.
Think step by step.
assistant
To answer this question, let's break down the given information and think through it step-by-step:

1. The statement says ""Jon drew it out and stabbed again in the man's throat.""

2. This implies that Jon performed two or more stabbing actions on the man.

3. The phrase ""in the man's throat"" suggests that the stabbing occurred within the man's body.

4. Since Jon drew something (likely blood) out of his pocket, we can infer that he used some form of weapon to perform these actions.

5. Given that Jon is described as a ""man,"" it's reasonable to assume that he was likely",Unknown,False
"Facts: Or to judge by the  Failing to nurse at night can lead to painful engorgement or even breast infection.
Question: Mothers should nurse at night.
Think step by step.",True,"system
You are a helpful assistant. Verify facts before answering.
user
Facts: Or to judge by the  Failing to nurse at night can lead to painful engorgement or even breast infection.
Question: Mothers should nurse at night.
Think step by step.
assistant
To answer this question, let's break down the information provided and think through it step-by-step:

1. The statement mentions that ""Or to judge by the Failing to nurse at night can lead to painful engorgement or even breast infection.""

2. This implies that there is a relationship between not nursing at night and potential health issues.

3. The key phrase here is ""or even breast infection,"" which suggests that the pain from engorgement could be related to breast infections.

4. However, the original statement does not explicitly state that mothers should always nurse at night.

5. It only says that if one doesn't nurse",Unknown,False
"Facts: Now it's my turn, and even if I'm walking in a dead man's shoes, I can make my way afresh.
Question: It's your turn.
Think step by step.",False,"system
You are a helpful assistant. Verify facts before answering.
user
Facts: Now it's my turn, and even if I'm walking in a dead man's shoes, I can make my way afresh.
Question: It's your turn.
Think step by step.
assistant
Let's break down the given statement to understand what it means:

1. ""Now it's my turn"" - This phrase indicates that you have an opportunity or chance to do something.

2. ""and even if I'm walking in a dead man's shoes"" - This part suggests that you will be faced with difficult circumstances or situations where you might not have the advantage of being able to act quickly or decisively.

3. ""I can make my way afresh"" - This implies that you possess the ability to adapt and overcome challenges effectively.

Putting these elements together, we can infer that the person is facing a situation where they need",Unknown,False
"Facts: we wouldn't be expected to cast a ballet on the subject
Question: We have been asked to vote on the subject.
Think step by step.",False,"system
You are a helpful assistant. Verify facts before answering.
user
Facts: we wouldn't be expected to cast a ballet on the subject
Question: We have been asked to vote on the subject.
Think step by step.
assistant
Let's approach this step-by-step:
1. First, let's consider what ""casting a ballet"" means in this context. A ballet is typically an elaborate dance performance that requires extensive preparation and training. It involves complex choreography, costumes, and often a large ensemble of dancers.
2. Now, let's think about why casting a ballet might not be appropriate for a general audience or a specific topic like politics. Ballets are designed for professional performers who have undergone rigorous training and are skilled at their craft. They require a high level of skill, knowledge, and dedication.
3. The statement ""we wouldn't be expected to cast",Unknown,False
"Facts: As recent events illustrate, trust takes years to gain but can be lost in an instant.
Question: Trust, once built, is hard to lose.
Think step by step.",False,"system
You are a helpful assistant. Verify facts before answering.
user
Facts: As recent events illustrate, trust takes years to gain but can be lost in an instant.
Question: Trust, once built, is hard to lose.
Think step by step.
assistant
Step 1: Understand the given fact about trust taking time to build and losing quickly.
Fact: As recent events illustrate, trust takes years to gain but can be lost in an instant.

Step 2: Analyze the question asking if trust, once built, is hard to lose.
Question: Trust, once built, is hard to lose.

Step 3: Compare the two statements.
The first statement clearly states that trust takes time to build and can be lost quickly. The second statement suggests that trust is not lost easily after it has been built.

Step 4: Draw a conclusion based on the comparison.
Based on the information",Unknown,False
"Facts: But when he was persuaded by divers means to help us, he gave up after one week, declaring it beyond his powers.
Question: He solved the issue within seven days, because he was so smart.
Think step by step.",False,"system
You are a helpful assistant. Verify facts before answering.
user
Facts: But when he was persuaded by divers means to help us, he gave up after one week, declaring it beyond his powers.
Question: He solved the issue within seven days, because he was so smart.
Think step by step.
assistant
Let's break down the given information and verify each part:

1. ""But when he was persuaded by divers means to help us, he gave up after one week, declaring it beyond his powers.""
   - This statement suggests that despite being persuaded by divers, the person did not give up or solve the problem in the expected time frame.

2. ""He gave up after one week, declaring it beyond his powers.""
   - The person indeed gave up after only one week, which is less than the expected seven days.

3. ""He was so smart.""
   - The fact that the person was ""so smart"" implies they were",Unknown,False
"Facts: She gave the girl clothes and gifts and took her to her Connecticut estate for weekend pony rides, according to the Star . How was I supposed to compete with that?
Question: She gave the boy clothes, gifts and pony rides. That's hard to compete with.
Think step by step.",False,"system
You are a helpful assistant. Verify facts before answering.
user
Facts: She gave the girl clothes and gifts and took her to her Connecticut estate for weekend pony rides, according to the Star . How was I supposed to compete with that?
Question: She gave the boy clothes, gifts and pony rides. That's hard to compete with.
Think step by step.
assistant
Let's break down the given information and analyze it step-by-step:

1. **Identify the characters involved**: The story mentions two main characters:
   - A woman (likely referring to a woman named Sarah)
   - A man (likely referring to a man named Tom)

2. **Understand the context**:
   - The woman gave clothes, gifts, and rode ponies to a girl in Connecticut.
   - This is described as ""according to the Star.""

3. **Analyze the action**:
   - The woman took the girl to her Connecticut estate for weekend pony rides.

4. **Determine the outcome",Unknown,False
"Facts: There may be a small savings at the factory showrooms in Manacor, where you'll have the biggest choice.
Question: The factory showrooms are only for vendors.
Think step by step.",False,"system
You are a helpful assistant. Verify facts before answering.
user
Facts: There may be a small savings at the factory showrooms in Manacor, where you'll have the biggest choice.
Question: The factory showrooms are only for vendors.
Think step by step.
assistant
Let's break down the given information and verify each part:

1. ""There may be a small savings at the factory showrooms in Manacor, where you'll have the biggest choice.""
   - This statement is true. Factory showrooms often offer discounts or special deals to attract buyers.

2. ""The factory showrooms are only for vendors.""
   - This statement is false. While some factories might offer discounts specifically for vendors, it's not guaranteed that all showrooms will be open to vendors.

3. ""It's important to visit the factory showrooms in Manacor because you'll have the biggest choice.""
   -",Unknown,False
"Facts: we only have to get up for you know for the daytime feedings
Question: We can sleep all day, since we don't have any daytime feedings.
Think step by step.",False,"system
You are a helpful assistant. Verify facts before answering.
user
Facts: we only have to get up for you know for the daytime feedings
Question: We can sleep all day, since we don't have any daytime feedings.
Think step by step.
assistant
Let's break down the given information and verify it step-by-step:

1. The statement says ""we only have to get up for you know for the daytime feedings.""
2. This implies that there is some kind of routine or schedule for getting up in the morning.
3. It also suggests that this routine doesn't include eating breakfast during the day.

Now, let's consider what happens when someone gets up without having breakfast:
- If they do not eat breakfast, their body will be deprived of essential nutrients and energy.
- Without these necessary nutrients, they may experience fatigue, weakness, and other health issues.
- They might also",Unknown,False
"Facts: One opportunist who stayed was Octavius Decatur Gass.
Question: Octavius Decatur Gass refers to four people. 
Think step by step.",False,"system
You are a helpful assistant. Verify facts before answering.
user
Facts: One opportunist who stayed was Octavius Decatur Gass.
Question: Octavius Decatur Gass refers to four people. 
Think step by step.
assistant
To verify the given fact, I'll think through it step-by-step:

1. The statement claims that ""One opportunist who stayed was Octavius Decatur Gass.""
2. This means there is one person named Octavius Decatur Gass who was an opportunist and remained in his position for some time.
3. To confirm this, we need to check if there's actually one person named Octavius Decatur Gass.
4. In historical records, there isn't any specific mention of someone named Octavius Decatur Gass being an opportunist or staying in his position.
5. Therefore, based",Unknown,False
"Facts: These gardens used to belong to the governor's mountain lodge, but the building was demolished by the Japanese during the occupation of Hong Kong.
Question: These gardens belong to the governor's mountain lodge.
Think step by step.",False,"system
You are a helpful assistant. Verify facts before answering.
user
Facts: These gardens used to belong to the governor's mountain lodge, but the building was demolished by the Japanese during the occupation of Hong Kong.
Question: These gardens belong to the governor's mountain lodge.
Think step by step.
assistant
To verify that these gardens belong to the governor's mountain lodge, I'll follow these steps:

1. Analyze the given information:
   - The gardens were formerly owned by the governor's mountain lodge.
   - However, they were demolished by the Japanese during the occupation of Hong Kong.

2. Consider the implications:
   - If the gardens belonged to the governor's mountain lodge before the demolition, then they cannot now be considered part of it.
   - If they were demolished due to Japanese occupation, they would no longer be associated with the original owner.

3. Draw a conclusion based on the available information:
   - Since the gardens",Unknown,False
"Facts: He seemed a trifle embarrassed.
Question: He wasn't embarrassed at all.
Think step by step.",False,"system
You are a helpful assistant. Verify facts before answering.
user
Facts: He seemed a trifle embarrassed.
Question: He wasn't embarrassed at all.
Think step by step.
assistant
To determine if the statement ""He wasn't embarrassed at all"" is correct based on the given facts, let's break it down step-by-step:

1. **Identify the key information**: The first fact states that ""He seemed a trifle embarrassed."" This means there was some degree of embarrassment in his behavior or appearance.

2. **Analyze the meaning of ""trifle"":** ""Trifle"" generally refers to something minor or insignificant. It implies that the person did not feel embarrassed about anything significant.

3. **Compare with the second statement:** The second statement says ""He wasn't embarrassed at all,"" which directly contrad",Unknown,False
"Facts: But employers are still driving, and that's all that counts.
Question: Employers have continued to operate motor vehicles, and that's all that matters.
Think step by step.",True,"system
You are a helpful assistant. Verify facts before answering.
user
Facts: But employers are still driving, and that's all that counts.
Question: Employers have continued to operate motor vehicles, and that's all that matters.
Think step by step.
assistant
Let's break down the given statement and verify its accuracy:

1. **Fact 1:** Employers are still driving, and that's all that counts.
   - This is true. The original statement suggests that employers continue to drive despite being driven out of their jobs.

2. **Fact 2:** Employers have continued to operate motor vehicles, and that's all that matters.
   - This is also true. The original statement implies that the focus should be on what employers do with their vehicles rather than just how they operate them.

3. **Verification Steps:**

   - **Step 1:** ""Employers"" refers",Unknown,False
"Facts: They consolidated programs to increase efficiency and deploy resources more effectively
Question: Programs to increase efficiency were consolidated.
Think step by step.",True,"system
You are a helpful assistant. Verify facts before answering.
user
Facts: They consolidated programs to increase efficiency and deploy resources more effectively
Question: Programs to increase efficiency were consolidated.
Think step by step.
assistant
To answer the question ""Programs to increase efficiency were consolidated, "" let's break it down step-by-step:

1. First, we need to understand what ""consolidation"" means in this context:
   - Consolidation typically refers to combining or merging multiple pieces of information, data, or systems into one unit.

2. Next, we need to consider what ""programs"" refer to:
   - Programs can be defined as plans, strategies, or initiatives designed to achieve specific goals or objectives.

3. Now, let's analyze the given fact:
   - The statement says that ""They consolidated programs to increase efficiency.""

4.",Unknown,False
"Facts: and they're more independent and there's things to do then it's good for them to go to different i mean it he goes to a a mother's day out program now once a week both of my kids do
Question: Independence does not grant anymore options for them.
Think step by step.",False,"system
You are a helpful assistant. Verify facts before answering.
user
Facts: and they're more independent and there's things to do then it's good for them to go to different i mean it he goes to a a mother's day out program now once a week both of my kids do
Question: Independence does not grant anymore options for them.
Think step by step.
assistant
Let's break down the given information and verify the statement step-by-step:

1. The passage states that ""they"" (likely referring to their children) are more independent.
2. It mentions that these children have ""things to do, "" implying activities or responsibilities.
3. The phrase ""then it's good for them"" suggests that doing these activities is beneficial for them.

Now, let's analyze the statement:
- Independence does not necessarily lead to fewer options.
- While independence can be beneficial, it doesn't guarantee that all tasks will become easier or less challenging.
- Activities like going to a Mother's Day outing program twice a",Unknown,False
"Facts: no North Carolina State
Question: North Carolina is a county
Think step by step.",False,"system
You are a helpful assistant. Verify facts before answering.
user
Facts: no North Carolina State
Question: North Carolina is a county
Think step by step.
assistant
To answer the question ""North Carolina is a county, "" I'll go through the following steps:

1. Recall basic information about North Carolina:
   - It's the 32nd largest state in the United States.
   - It has a population of approximately 5.4 million people as of 2021.

2. Consider the definition of a county:
   - A county is an administrative division within a state or province.
   - It typically covers a specific geographic area and includes certain local government functions.

3. Evaluate if North Carolina fits this definition:
   - While it does have counties (such as Wake County",Unknown,False
"Facts: As for the divisive issue of whether the Mass is a sacrifice for the remission of sins, the statement affirms that Christ's death upon the cross ...
Question: The matter of whether or not the Mass is a sacrifice for the remission of sins is controversial.
Think step by step.",True,"system
You are a helpful assistant. Verify facts before answering.
user
Facts: As for the divisive issue of whether the Mass is a sacrifice for the remission of sins, the statement affirms that Christ's death upon the cross ...
Question: The matter of whether or not the Mass is a sacrifice for the remission of sins is controversial.
Think step by step.
assistant
To answer this question, I'll break it down into steps:

1. Identify the key elements:
   - Controversial issue regarding the Mass
   - Whether the Mass is a sacrifice for the remission of sins

2. Analyze the statement provided:
   ""As for the divisive issue of whether the Mass is a sacrifice for the remission of sins, the statement affirms that Christ's death upon the cross...""

3. Interpret the meaning:
   This statement suggests that there is a controversy surrounding the nature and purpose of the Mass in Christian worship.

4. Consider the implications:
   - It implies that different interpretations of the",Unknown,False
"Facts: But Fish is not an upbeat pragmatist.
Question: Fish is an upbeat pragmatist. 
Think step by step.",False,"system
You are a helpful assistant. Verify facts before answering.
user
Facts: But Fish is not an upbeat pragmatist.
Question: Fish is an upbeat pragmatist. 
Think step by step.
assistant
To verify the given statement, let's break it down into two parts:

1. ""But Fish is not an upbeat pragmatist.""
2. ""Fish is an upbeat pragmatist.""

Step 1: Analyze the first part of the statement.
- The phrase ""But Fish is not an upbeat pragmatist"" implies that Fish does not align with the characteristics or values associated with being an upbeat pragmatist.

Step 2: Analyze the second part of the statement.
- The phrase ""Fish is an upbeat pragmatist"" directly states that Fish possesses the qualities and traits typically associated with being an upbeat pragmat",Unknown,False
"Facts: so i really i really don't have heart burn at all with doing it myself over four nights tie i tied the car up if four days but we're fortunate we didn't need it
Question: I tied the car up for four nights but I had heartburn the entire time.
Think step by step.",False,"system
You are a helpful assistant. Verify facts before answering.
user
Facts: so i really i really don't have heart burn at all with doing it myself over four nights tie i tied the car up if four days but we're fortunate we didn't need it
Question: I tied the car up for four nights but I had heartburn the entire time.
Think step by step.
assistant
Let's break down the given information and verify each fact:

1. ""I really don't have heart burn at all with doing it myself over four nights.""
   - This statement is incorrect. Heartburn typically occurs when eating or drinking certain foods, not just doing something yourself.

2. ""I tied the car up for four nights but I had heartburn the entire time.""
   - This statement is correct. The person did tie the car up for four nights, which would cause them to experience heartburn during that period.

3. ""We're fortunate we didn't need it.""
   - This statement is also correct. It indicates",Unknown,False
"Facts: In general, six elements appear  purpose, type of data collected, method of data collection, design, method of data analysis, and reporting.
Question: Purpose is not one of the six elements listed here.
Think step by step.",False,"system
You are a helpful assistant. Verify facts before answering.
user
Facts: In general, six elements appear  purpose, type of data collected, method of data collection, design, method of data analysis, and reporting.
Question: Purpose is not one of the six elements listed here.
Think step by step.
assistant
To determine if the statement ""Purpose is not one of the six elements listed here"" is true or false, let's analyze each element in turn:

1. **Purpose**: This appears to be a key concept that needs to be verified.

2. **Type of Data Collected**: This seems relevant but doesn't directly address the purpose aspect.

3. **Method of Data Collection**: This is crucial as it specifies how information was gathered from various sources.

4. **Design**: This could include methods for organizing and structuring data collection.

5. **Method of Data Analysis**: This involves techniques used to interpret and understand the collected data.",Unknown,False
"Facts: He's been mean-spirited and vicious for so long that editors and reporters are tired of hearing about it.
Question: Editors and reporters are tired of hearing about it since he has been vicious for long.
Think step by step.",True,"system
You are a helpful assistant. Verify facts before answering.
user
Facts: He's been mean-spirited and vicious for so long that editors and reporters are tired of hearing about it.
Question: Editors and reporters are tired of hearing about it since he has been vicious for long.
Think step by step.
assistant
Let's break down the given information and verify each part:

1. ""He's been mean-spirited and vicious for so long""
   - This statement is true, as the text explicitly states that he has been vicious for ""so long.""

2. ""Editors and reporters are tired of hearing about it""
   - The text directly confirms this fact, stating that ""editors and reporters are tired of hearing about it.""

3. ""Since he has been vicious for long""
   - This part of the sentence is correct based on the first two statements.

Combining these three parts, we can conclude that the statement ""Editors and",Unknown,False
"Facts: Every August young women convene to light joss sticks and some even climb the nine-meter (30-ft) rock to pray for good husbands.
Question: Women converge on this place to light joss sticks and climb the rock.  
Think step by step.",True,"system
You are a helpful assistant. Verify facts before answering.
user
Facts: Every August young women convene to light joss sticks and some even climb the nine-meter (30-ft) rock to pray for good husbands.
Question: Women converge on this place to light joss sticks and climb the rock.  
Think step by step.
assistant
Let's think through this step-by-step:

1. The statement mentions ""every August"" when referring to the gathering of young women.

2. It specifically states that these women ""convene"" in August, which means they gather together regularly.

3. The gathering is described as ""lighting joss sticks.""

4. Additionally, it says that some women ""climb the nine-meter (30-ft) rock.""

5. Finally, the gathering is referred to as ""praying for good husbands.""

Given these points, we can conclude:
- The gathering takes place every August.
- The women who gather are regular participants.",Unknown,False
"Facts: A button on the Chatterbox page will make this easy, so please do join in.
Question: There is a button on the page that is easy to use.
Think step by step.",True,"system
You are a helpful assistant. Verify facts before answering.
user
Facts: A button on the Chatterbox page will make this easy, so please do join in.
Question: There is a button on the page that is easy to use.
Think step by step.
assistant
To verify the given fact about a button on a Chatterbox page being easy to use, let's think through it step-by-step:

1. **Identify the Context**: The context here is likely related to social media platforms like Facebook or Twitter, where buttons can be used for various purposes such as sharing content, liking posts, commenting, etc.

2. **Understand the Question**: The question asks if there is a specific button on a Chatterbox page that makes it easy to use.

3. **Analyze the Fact**: The fact states ""A button on the Chatterbox page will make this easy, so please",Unknown,False
"Facts: i wonder how they kept up with them though it seemed like the buffaloes were moving so fast i guess they graze though that wouldn't have been a problem
Question: It seemed difficult, keeping up with the buffaloes.
Think step by step.",True,"system
You are a helpful assistant. Verify facts before answering.
user
Facts: i wonder how they kept up with them though it seemed like the buffaloes were moving so fast i guess they graze though that wouldn't have been a problem
Question: It seemed difficult, keeping up with the buffaloes.
Think step by step.
assistant
Let's break down the given information and verify each fact:

1. ""I wonder how they kept up with them though it seemed like the buffaloes were moving so fast""
   - This statement suggests that there was some difficulty in keeping up with the buffalo movement.

2. ""i guess they graze though that wouldn't have been a problem""
   - This indicates that the buffalo grazed without any issues.

Now, let's analyze the question:
""It seemed difficult, keeping up with the buffaloes.""

Step-by-step verification:

1. The first part of the sentence states that something seemed difficult to do or keep up with",Unknown,False
"Facts: The Gaiety Theatre in South King Street is worth visiting for its ornate d??cor.
Question: The Gaiety Theatre is decorated very ornately.
Think step by step.",True,"system
You are a helpful assistant. Verify facts before answering.
user
Facts: The Gaiety Theatre in South King Street is worth visiting for its ornate d??cor.
Question: The Gaiety Theatre is decorated very ornately.
Think step by step.
assistant
To answer the question ""The Gaiety Theatre is decorated very ornately, "" I'll go through the steps to verify this information:

1. Identify the subject of the statement:
   - The subject is the Gaiety Theatre.

2. Determine what the statement claims about the theatre:
   - The statement says it's decorated very ornately.

3. Check if there's any contradictory information:
   - There isn't any conflicting information provided that would contradict or negate the claim.

4. Confirm the accuracy of the statement:
   - The description matches exactly with the given fact.

5. Consider additional context (if necessary):",Unknown,False
"Facts: maybe adult literacy maybe you know composition writing maybe you know uh volunteering you know on a tutor line or though the even through the elementary schools for help with homework or the other part of me says is God i've had enough kids  do i really
Question: maybe I could volunteer to help with adult literacy or homework help for elementary schools but on the other hand, I've already had children
Think step by step.",True,"system
You are a helpful assistant. Verify facts before answering.
user
Facts: maybe adult literacy maybe you know composition writing maybe you know uh volunteering you know on a tutor line or though the even through the elementary schools for help with homework or the other part of me says is God i've had enough kids  do i really
Question: maybe I could volunteer to help with adult literacy or homework help for elementary schools but on the other hand, I've already had children
Think step by step.
assistant
Let's break down the given information and verify each fact:

1. **Adult Literacy**
   - The statement mentions that ""maybe"" an adult would be literate.
   - However, it does not specify what kind of adult literacy they might be referring to (e.g., high school diploma, college degree).
   - Therefore, we cannot confirm if this is about adults who have completed higher education.

2. **Composition Writing**
   - The statement mentions that ""composition writing"" is something one can learn.
   - This suggests that there is some form of writing instruction available.
   - It also implies that there may be opportunities",Unknown,False
"Facts: oh yeah IBM uh i mean uh a lot of people use human factors folks but IBM is what i'm looking at right now
Question: No one thinks about human factors and I'm not interested in IBM.
Think step by step.",False,"system
You are a helpful assistant. Verify facts before answering.
user
Facts: oh yeah IBM uh i mean uh a lot of people use human factors folks but IBM is what i'm looking at right now
Question: No one thinks about human factors and I'm not interested in IBM.
Think step by step.
assistant
Let's approach this step-by-step to determine if the person is correct:
1. The statement mentions ""IBM"" as an example, implying that IBM is being referred to.
2. The question asks if no one thinks about human factors and if the person is not interested in IBM.
3. We need to consider whether IBM is indeed a company or product that focuses on human factors.
4. If IBM is a company focused on human factors, then it would be reasonable for someone to think about them.
5. However, the statement implies that IBM is not a company, which contradicts the idea that IBM is focused on human factors.",Unknown,False
"Facts: Cybernetics had always been Derry's passion.
Question: Derry knew nothing of cybernetics.
Think step by step.",False,"system
You are a helpful assistant. Verify facts before answering.
user
Facts: Cybernetics had always been Derry's passion.
Question: Derry knew nothing of cybernetics.
Think step by step.
assistant
To answer this question, let's break down the information given and think through it step-by-step:

1. The statement ""Cybernetics had always been Derry's passion"" implies that Derry has always been interested in or knowledgeable about technology and its applications.

2. The fact ""Derry knew nothing of cybernetics"" directly contradicts the first part of the statement.

3. Therefore, we can conclude that Derry did not know anything about cybernetics.

In conclusion:
Based on the provided facts, Derry knew nothing of cybernetics.",Unknown,False
"Facts: To the northwest of the chateau, the Grand Trianon palace, surrounded by pleasantly unpompous gardens, was the home of Louis XIV's mistress, Madame de Maintenon, where the aging king increasingly took refuge.
Question: Grand Trianon palace was the residence of Louis XIV.
Think step by step.",False,"system
You are a helpful assistant. Verify facts before answering.
user
Facts: To the northwest of the chateau, the Grand Trianon palace, surrounded by pleasantly unpompous gardens, was the home of Louis XIV's mistress, Madame de Maintenon, where the aging king increasingly took refuge.
Question: Grand Trianon palace was the residence of Louis XIV.
Think step by step.
assistant
To answer this question accurately, I'll go through the steps to verify the information:

1. Identify the key elements:
   - The palace is called ""Grand Trianon""
   - It's located northwest of the Château
   - It's surrounded by ""pleasantly unpompous"" gardens
   - It was the home of Louis XIV

2. Confirm the location:
   - The palace is indeed located northwest of the Château
   - This is explicitly stated in the first fact provided

3. Evaluate the description:
   - The palace is described as ""surrounded by pleasantly unpompous gardens""",Unknown,False
"Facts: You're crazed, Beresford.
Question: You are a sane genius, Beresford.
Think step by step.",False,"system
You are a helpful assistant. Verify facts before answering.
user
Facts: You're crazed, Beresford.
Question: You are a sane genius, Beresford.
Think step by step.
assistant
Let's approach this step-by-step to determine if the two statements are equivalent:

1. ""You're crazy, Beresford.""
   - This statement suggests that someone is insane or delusional.

2. ""You are a sane genius, Beresford.""
   - This statement implies that someone has a normal mental state and possesses intellectual abilities.

Now let's analyze these statements:

- The first statement uses the word ""crazy"" which typically means being mentally unstable or having severe emotional disturbances.
- The second statement uses the term ""genius,"" which generally refers to high-level cognitive ability and intelligence.

Given these definitions:
-",Unknown,False
"Facts: so are can i just ask you are you Canadian
Question: Are you from the U.S.?
Think step by step.",False,"system
You are a helpful assistant. Verify facts before answering.
user
Facts: so are can i just ask you are you Canadian
Question: Are you from the U.S.?
Think step by step.
assistant
To answer this question, I'll go through the following steps:
1. Recall the information about Canada and the United States.
2. Compare these two countries to determine if they share any common characteristics or similarities.
3. Consider whether there might be any differences in their cultures or demographics that could affect their relationship.
Step 1: Recalling information about Canada and the United States
- Canada is a country located on the east coast of North America.
- The United States is a country located on the west coast of North America.
Step 2: Comparing the two countries
- Both Canada and the United States have a population of approximately",Unknown,False
"Facts: In the meantime, the philosophy is to seize present-day opportunities in the thriving economy.
Question: The philosophy was to seize opportunities when the economy is doing poorly.
Think step by step.",False,"system
You are a helpful assistant. Verify facts before answering.
user
Facts: In the meantime, the philosophy is to seize present-day opportunities in the thriving economy.
Question: The philosophy was to seize opportunities when the economy is doing poorly.
Think step by step.
assistant
To verify this statement, let's break it down into steps:

1. **Identify the key elements of the original statement**: 
   - ""In the meantime"" indicates that there is an ongoing process or action.
   - ""the philosophy"" refers to a set of beliefs or principles.
   - ""to seize present-day opportunities"" means taking advantage of current conditions.
   - ""in the thriving economy"" suggests a positive economic environment.

2. **Analyze the proposed change**:
   - The new statement claims that the philosophy should be applied when the economy is performing poorly (""when the economy is doing poorly"").
   
3.",Unknown,False
"Facts: Case Studies in Science Education.
Question: Education about science.
Think step by step.",True,"system
You are a helpful assistant. Verify facts before answering.
user
Facts: Case Studies in Science Education.
Question: Education about science.
Think step by step.
assistant
Certainly, let's think through this step-by-step to verify the given facts:

1. **Case Studies in Science Education**: This is a specific type of educational practice or research focused on studying and analyzing how science education is implemented and evaluated.

2. **Education about science**: This refers to the broader field of learning about various scientific concepts, theories, methods, and practices.

3. **Verification process**:
   - First, we need to ensure that ""Case Studies in Science Education"" is indeed a recognized term within the context of educational studies.
   - Next, we should check if there are any specific case studies or examples related to",Unknown,False
"Facts: uh-huh i i thought they did an excellent job of actually aging the person you know from when he was a little kid to little older to little older to except the last the very last you know the last person the last actor that played the kid
Question: Yeah they did an amazing job of making that person age through the years, except that last part.
Think step by step.",True,"system
You are a helpful assistant. Verify facts before answering.
user
Facts: uh-huh i i thought they did an excellent job of actually aging the person you know from when he was a little kid to little older to little older to except the last the very last you know the last person the last actor that played the kid
Question: Yeah they did an amazing job of making that person age through the years, except that last part.
Think step by step.
assistant
Let's break down the statement and verify each fact:
1. ""Uh-ohh I thought they did an excellent job of actually aging the person you know from when he was a little kid to little older to little older to except the last the very last you know the last person the last actor that played the kid""
   - This is correct. The phrase ""except the last"" suggests that there were multiple actors who played the character, but only one was specifically mentioned as being the last one to play it.
2. ""Yeah they did an amazing job of making that person age through the years, except that last part.""",Unknown,False
"Facts: When asked about the Bible's literal account of creation, as opposed to the attractive concept of divine creation, every major Republican presidential candidate--even Bauer--has squirmed, ducked, and tried to steer the discussion back to faith, morals, and the general idea that humans were created in the image of God.
Question: Every republican presidential candidate has tried to avoid the question of creation.
Think step by step.",True,"system
You are a helpful assistant. Verify facts before answering.
user
Facts: When asked about the Bible's literal account of creation, as opposed to the attractive concept of divine creation, every major Republican presidential candidate--even Bauer--has squirmed, ducked, and tried to steer the discussion back to faith, morals, and the general idea that humans were created in the image of God.
Question: Every republican presidential candidate has tried to avoid the question of creation.
Think step by step.
assistant
To answer this question accurately, I'll break it down into steps:

1. Identify the key information:
   - Republicans have historically avoided discussing creationism or biblical accounts.
   - This is evident from the statement ""Every major Republican presidential candidate... has squirmed, ducked, and tried to steer the discussion back to faith, morals, and the general idea...""

2. Analyze the context:
   - The statement suggests that Republicans have been avoiding these topics since their election.

3. Consider historical precedents:
   - Historically, many political leaders have attempted to steer discussions away from religious issues.
   - For example, President Franklin",Unknown,False
"Facts: In Japan, Mainichi Shimbun criticized the new Liberal Democratic Party leader Keizo Obuchi for being devoid of fresh ideas for reviving the Japanese economy.
Question: Mainichi Shimbun was critical of Keizo Obuchi, the new Liberal Democratic Party Leader.
Think step by step.",True,"system
You are a helpful assistant. Verify facts before answering.
user
Facts: In Japan, Mainichi Shimbun criticized the new Liberal Democratic Party leader Keizo Obuchi for being devoid of fresh ideas for reviving the Japanese economy.
Question: Mainichi Shimbun was critical of Keizo Obuchi, the new Liberal Democratic Party Leader.
Think step by step.
assistant
To answer this question accurately, I'll follow these steps:

1. Identify the key information in the given facts:
   - The article mentions ""Mainichi Shimbun""
   - It criticizes Keizo Obuchi
   - It states that he is ""devoid of fresh ideas""

2. Analyze the relationship between Mainichi Shimbun and Keizo Obuchi:
   - Mainichi Shimbun is likely a newspaper or publication owned by the main newspaper company (e.g., Nikkei Shimbun)
   - It's not clear if it's a separate entity from Mainichi Shimbun

3.",Unknown,False
"Facts: The Women's Haven, which provides shelter and outreach to domestic-violence victims, already has a full-time attorney.
Question: There is a full-time attorney at the Women's Haven already.
Think step by step.",True,"system
You are a helpful assistant. Verify facts before answering.
user
Facts: The Women's Haven, which provides shelter and outreach to domestic-violence victims, already has a full-time attorney.
Question: There is a full-time attorney at the Women's Haven already.
Think step by step.
assistant
To verify that there is indeed a full-time attorney at the Women's Haven, let's break down the process step-by-step:

1. **Identify the Organization**: The Women's Haven is described as providing ""outreach to domestic-violence victims.""

2. **Understand the Role of an Attorney**: An attorney is someone who represents individuals in legal matters, including cases involving domestic violence.

3. **Verify the Presence of an Attorney**: Since the statement mentions ""full-time attorney,"" we need to confirm if this individual is actively working on behalf of the organization.

4. **Check Documentation or Records**: To ensure accuracy, it would",Unknown,False
"Facts: hi Cynthia what did you wear to work today
Question: You did not go to work today. 
Think step by step.",False,"system
You are a helpful assistant. Verify facts before answering.
user
Facts: hi Cynthia what did you wear to work today
Question: You did not go to work today. 
Think step by step.
assistant
To answer this question, let's think through it step-by-step:

1. The statement ""Hi Cynthia what did you wear to work today"" is incomplete and doesn't provide enough context for us to determine if the person went to work or not.

2. We know that someone named Cynthia wore something to work today.

3. However, we don't have any information about what Cynthia wore specifically.

4. Without knowing the type of clothing Cynthia wore, we can't confirm whether she went to work or not.

5. The fact that the question asks ""What did you wear to work today? "" implies that there might be some kind",Unknown,False
"Facts: The purpose of the Diwan-i-Khas is hotly disputed; it is not necessarily the hall of private audience that its name implies.
Question: The name suggest that it is open to the public.
Think step by step.",False,"system
You are a helpful assistant. Verify facts before answering.
user
Facts: The purpose of the Diwan-i-Khas is hotly disputed; it is not necessarily the hall of private audience that its name implies.
Question: The name suggest that it is open to the public.
Think step by step.
assistant
To answer this question, let's break down the key points from the given facts and think through them step-by-step:

1. **Purpose of the Diwan-i-Khas**: 
   - The Diwan-i-Khas was originally designed as a hall for the King to address his subjects in person.

2. **Historical Context**:
   - Historically, the Diwan-i-Khas has been used primarily for formal meetings between the king and his ministers or other high-ranking officials.
   - It was not intended for casual gatherings or public displays.

3. **Current Usage**:
   - Today, the Diwan-i-K",Unknown,False
"Facts: 4 million homes watch the evening news on CBS, ABC, and NBC.
Question: No one watches nbc.
Think step by step.",False,"system
You are a helpful assistant. Verify facts before answering.
user
Facts: 4 million homes watch the evening news on CBS, ABC, and NBC.
Question: No one watches nbc.
Think step by step.
assistant
Let's approach this step-by-step to verify the given fact:

1. The statement claims that ""No one watches NBC.""
2. We need to determine if this is true based on the information provided.

Step 1: Analyze the given information
- The statement says ""4 million homes watch the evening news on CBS, ABC, and NBC.""

Step 2: Consider what we know about television networks
- There are multiple television networks in the United States, including CBS, ABC, and NBC.
- These networks typically have different programming schedules and target audiences.

Step 3: Evaluate the claim of no one watching NBC
-",Unknown,False
"Facts: Palestrina , by Hans Pfitzner, performed by the Royal Opera (Metropolitan Opera House, New York).
Question: Hans Pfitzner did not write Palestrina, which will be performed in New York. 
Think step by step.",False,"system
You are a helpful assistant. Verify facts before answering.
user
Facts: Palestrina , by Hans Pfitzner, performed by the Royal Opera (Metropolitan Opera House, New York).
Question: Hans Pfitzner did not write Palestrina, which will be performed in New York. 
Think step by step.
assistant
To verify this fact, I'll think through it step-by-step:

1. The statement claims that Hans Pfitzner wrote ""Palestrina.""
2. However, the given information states that Hans Pfitzner is indeed the composer of ""Palestrina.""
3. This means there's an error in the original claim.
4. The original statement incorrectly attributes the composition to Hans Pfitzner, while the correct attribution is to Johann Sebastian Bach.
5. Therefore, the original statement is incorrect and the new one is accurate.

Final answer: The original statement is incorrect. Hans Pfitzner did not write",Unknown,False
"Facts: and ancient coins
Question: And really old coins.
Think step by step.",True,"system
You are a helpful assistant. Verify facts before answering.
user
Facts: and ancient coins
Question: And really old coins.
Think step by step.
assistant
Certainly, I'll think through this step-by-step to verify the given fact about ancient coins:
Step 1: Identify the key elements of the fact.
The main components of the statement are:
- Ancient coins
- Old or old coins

Step 2: Analyze what ""old"" means in relation to coins.
Old typically refers to something that has been used for many years, often with significant value or historical significance.

Step 3: Consider the time period when these coins were produced.
Coins from ancient times (before modern technology) would have been made using materials like bronze, silver, gold, or other precious metals.

Step",Unknown,False
"Facts: Behind the cathedral, croseover the Rue de la R??publique to the 15th-century Eglise Saint-Maclou, the richest example of Flam?­boy?­ant Gothic in the country.
Question: The Eglise Saint-Michel was built in the 8th century.
Think step by step.",False,"system
You are a helpful assistant. Verify facts before answering.
user
Facts: Behind the cathedral, croseover the Rue de la R??publique to the 15th-century Eglise Saint-Maclou, the richest example of Flam?­boy?­ant Gothic in the country.
Question: The Eglise Saint-Michel was built in the 8th century.
Think step by step.
assistant
To answer this question, I'll go through the steps you've provided and verify each fact:

Step 1: Identify the key information about the Eglise Saint-Michel.
- It is described as ""the richest example of Flamboyant Gothic in the country.""

Step 2: Compare this description with the given fact about the Eglise Saint-Michel.
- The given fact states that the Eglise Saint-Michel is ""the richest example of Flamboyant Gothic in the country.""

Step 3: Confirm if the given fact matches the description.
- Yes, both statements agree that the Eglise Saint-Michel",Unknown,False
"Facts: Many had to leave their birthplaces, fleeing to Lesvos, Chios, and Samos, the Greek-ruled islands just offshore.
Question: Everyone was able to remain in their homeland. 
Think step by step.",False,"system
You are a helpful assistant. Verify facts before answering.
user
Facts: Many had to leave their birthplaces, fleeing to Lesvos, Chios, and Samos, the Greek-ruled islands just offshore.
Question: Everyone was able to remain in their homeland. 
Think step by step.
assistant
To answer this question, let's think through it step-by-step:

1. The statement mentions that many people had to leave their birthplaces:
   - This implies that some individuals were forced to move away from their original homes.

2. It also states that they fled to Lesvos, Chios, and Samos:
   - These are specific Greek-ruled islands off the coast of mainland Greece.

3. The question asks if everyone remained in their homeland:
   - While not explicitly stated, we can infer that most people did stay in their home countries.

4. We need to consider the implications:
   - If most people",Unknown,False
"Facts: Montmartre is lively at night, with famous clubs such as Au Lapin Agile.
Question: Montmartre has no life at night.
Think step by step.",False,"system
You are a helpful assistant. Verify facts before answering.
user
Facts: Montmartre is lively at night, with famous clubs such as Au Lapin Agile.
Question: Montmartre has no life at night.
Think step by step.
assistant
To determine whether Montmartre has no life at night based on the given facts, let's analyze each fact step-by-step:

1. **Montmartre is lively at night**: This statement directly contradicts the claim that Montmartre has ""no life"" at night.

2. **With famous clubs such as Au Lapin Agile**: The presence of these clubs indicates that there are places where people gather and socialize during nighttime hours in Montmartre.

Given these two points:
- The first fact states that Montmartre is lively at night.
- The second fact mentions the existence of famous clubs like Au Lapin Agile.",Unknown,False
"Facts: well uh normally i like to to go out fishing in a boat and uh rather than like bank fishing and just like you try and catch anything that's swimming because i've had such problems of trying to catch any type of fish that uh i just really enjoy doing the boat type fishing
Question: I fish in the boat and try catching any fish because I have trouble catching certain types.
Think step by step.",True,"system
You are a helpful assistant. Verify facts before answering.
user
Facts: well uh normally i like to to go out fishing in a boat and uh rather than like bank fishing and just like you try and catch anything that's swimming because i've had such problems of trying to catch any type of fish that uh i just really enjoy doing the boat type fishing
Question: I fish in the boat and try catching any fish because I have trouble catching certain types.
Think step by step.
assistant
Let's break down the given information and verify each fact:

1. ""Well uh normally i like to go out fishing in a boat""
   - This statement is true. The person mentions they typically go out fishing on boats.

2. ""Rather than like bank fishing and just like you try and catch anything that's swimming""
   - This statement is also true. The person prefers to fish using a boat, not on the shore.

3. ""I've had such problems of trying to catch any type of fish that uh I just really enjoy doing the boat type fishing""
   - This statement is correct. The person has experienced difficulties",Unknown,False
"Facts: and these poor guys out there uh trying to uphold the law um i don't know i kind of think they should bring back capital punishment
Question: I think that capital punishment should remain illegal.
Think step by step.",False,"system
You are a helpful assistant. Verify facts before answering.
user
Facts: and these poor guys out there uh trying to uphold the law um i don't know i kind of think they should bring back capital punishment
Question: I think that capital punishment should remain illegal.
Think step by step.
assistant
I apologize, but I cannot provide an answer to your question based on the given information. The statement you provided appears to be a quote from someone who disagrees with capital punishment and wants to see it abolished or limited in some way. However, without more context about the source of this quote or any additional information, I am unable to verify its accuracy or relevance to the topic at hand. If you have a different fact or question that requires verification, please provide it, and I will do my best to assist you.",Unknown,False
"Facts: When asked about the Bible's literal account of creation, as opposed to the attractive concept of divine creation, every major Republican presidential candidate--even Bauer--has squirmed, ducked, and tried to steer the discussion back to faith, morals, and the general idea that humans were created in the image of God.
Question: Every republican presidential candidate answered the question of creation openly.
Think step by step.",False,"system
You are a helpful assistant. Verify facts before answering.
user
Facts: When asked about the Bible's literal account of creation, as opposed to the attractive concept of divine creation, every major Republican presidential candidate--even Bauer--has squirmed, ducked, and tried to steer the discussion back to faith, morals, and the general idea that humans were created in the image of God.
Question: Every republican presidential candidate answered the question of creation openly.
Think step by step.
assistant
To answer this question accurately, I'll go through the steps:

1. Identify the key information:
   - The statement is about Republican presidential candidates' answers regarding the Bible's literal account versus the ""divine"" creation.
   - It mentions that every major Republican presidential candidate has attempted to steer the conversation away from faith, morals, and general ideas of human creation.

2. Analyze the context:
   - This appears to be a political question related to religious beliefs.
   - The question asks if every Republican presidential candidate has openly answered the question about creation.

3. Consider the provided facts:
   - The statement explicitly states that every",Unknown,False
"Facts: (Never mind the strictest reading, which supposes that creation took a week.)
Question: The creation apparently took a week, supposes the reading.
Think step by step.",True,"system
You are a helpful assistant. Verify facts before answering.
user
Facts: (Never mind the strictest reading, which supposes that creation took a week.)
Question: The creation apparently took a week, supposes the reading.
Think step by step.
assistant
Let's break down the given information and verify it:

1. ""Facts"" state that the creation supposedly took a week.

2. The question asks if this is consistent with the reading.

3. The statement in the question implies that the reading assumes the creation took exactly one week.

4. However, the fact provided does not specify whether the creation actually took exactly one week or any other length of time.

5. Without additional context about how the reading was interpreted or understood, we cannot definitively say whether the reading supports or contradicts the idea that the creation took exactly one week.

6. Therefore, based solely on the given",Unknown,False
"Facts: (Cohen 1999) Although many observers would view this as an extreme step it could reduce costs and allow increased efficiencies.
Question: Many observers view it an extreme step to lower costs and increase efficiencies. 
Think step by step.",True,"system
You are a helpful assistant. Verify facts before answering.
user
Facts: (Cohen 1999) Although many observers would view this as an extreme step it could reduce costs and allow increased efficiencies.
Question: Many observers view it an extreme step to lower costs and increase efficiencies. 
Think step by step.
assistant
To verify the given statement, let's break down the key points:

1. **Observation**: Many observers would view this as an extreme step.
2. **Effect**: It could reduce costs and allow for increased efficiencies.

Now, let's think through these steps in detail:

### Step 1: Understanding the Observation
- The observation suggests that many people or organizations might not agree with lowering costs and increasing efficiency at the same time.
- This implies there is some resistance or skepticism towards such a move.

### Step 2: Analyzing the Effect
- If lowered costs and increased efficiencies were both possible outcomes of this action, then",Unknown,False
"Facts: uh-huh so do you have to get a shade tolerant grass is that what you're
Question: Do you have to get shade tolerant grass?
Think step by step.",True,"system
You are a helpful assistant. Verify facts before answering.
user
Facts: uh-huh so do you have to get a shade tolerant grass is that what you're
Question: Do you have to get shade tolerant grass?
Think step by step.
assistant
To answer this question, let's break it down into steps:

1. Understand the term ""shade tolerant"":
   - Shade tolerant refers to plants or animals that can survive and thrive in low light conditions.
   - They typically require less sunlight than their native habitat.

2. Consider the context of the question:
   - The person mentioned is asking about getting a specific type of grass.
   - This could be referring to various types of grasses, but we need to focus on one particular type.

3. Recall information about shade-tolerant grasses:
   - There are many species of grass that are shade-tolerant.",Unknown,False
"Facts: This is especially true on Menorca, where cold winter winds limit the season's length.
Question: On Menorca, where cold winter winds limit the season's length, this is especially true.
Think step by step.",True,"system
You are a helpful assistant. Verify facts before answering.
user
Facts: This is especially true on Menorca, where cold winter winds limit the season's length.
Question: On Menorca, where cold winter winds limit the season's length, this is especially true.
Think step by step.
assistant
To answer this question accurately, let's break it down into steps:

1. Identify the key information:
   - The statement mentions Menorca specifically.
   - It refers to ""cold winter winds"" limiting the season's length.

2. Analyze the context:
   - Menorca is described as having ""special"" characteristics related to its climate.
   - These characteristics include ""cold winter winds.""

3. Consider the implications of these conditions:
   - Cold winter winds typically bring significant temperature drops and changes in weather patterns.
   - They can significantly affect the duration of seasons or even entire years.

4. Apply this understanding to the specific",Unknown,False
"Facts: yeah although i do worry that how easy this one was might be a bad lesson uh to the to the younger people um you know than there is the other generation
Question: I do worry that it might be a bad lesson for the kids.
Think step by step.",True,"system
You are a helpful assistant. Verify facts before answering.
user
Facts: yeah although i do worry that how easy this one was might be a bad lesson uh to the to the younger people um you know than there is the other generation
Question: I do worry that it might be a bad lesson for the kids.
Think step by step.
assistant
Let's break down the given information and verify each fact:

1. ""Although I do worry that how easy this one was might be a bad lesson, uh, to the younger people, um, than there is the other generation.""
   - This statement indicates that the speaker has concerns about making lessons easier for younger generations compared to older ones.

2. ""I do worry that it might be a bad lesson for the kids.""
   - This directly states that the speaker worries about making lessons difficult for young people.

Step-by-step verification:
- The first part of the statement (""although"") suggests an underlying concern or doubt.
- The second",Unknown,False
"Facts: 'I see.'
Question: I was blind.
Think step by step.",False,"system
You are a helpful assistant. Verify facts before answering.
user
Facts: 'I see.'
Question: I was blind.
Think step by step.
assistant
Let's think through this step-by-step:
1. The statement ""I see"" is a common phrase used to describe someone who has visual impairment or difficulty seeing.
2. The question asks if the person being referred to was blind.
3. We know that blindness refers to complete loss of vision, which means no sight at all.
4. Since the person in question is described as having ""blindness,"" it directly implies they were blind.
5. Therefore, based on the information provided, we can confidently say that the person was indeed blind.
Answer: Yes, the person was blind.",Unknown,False
"Facts: and you know if i know that they're gonna be there you know you you i try to really watch it and like you say you know really dress up and if i know they're not you know i i've been doing a lot of reorganization you know the last couple of months the same way you are you know and it's just so it's just impossible to crawl down on the floor and dig through boxes in a dress you know it is so
Question: I never try to watch it.
Think step by step.",False,"system
You are a helpful assistant. Verify facts before answering.
user
Facts: and you know if i know that they're gonna be there you know you you i try to really watch it and like you say you know really dress up and if i know they're not you know i i've been doing a lot of reorganization you know the last couple of months the same way you are you know and it's just so it's just impossible to crawl down on the floor and dig through boxes in a dress you know it is so
Question: I never try to watch it.
Think step by step.
assistant
Let's break this down step-by-step:
1. The person mentions watching the show ""The Big Bang Theory"" multiple times, indicating they have watched it at least once.
2. They state that they ""try to really watch it,"" suggesting they do watch it regularly.
3. However, when asked about their experience with the show, they express disappointment. Specifically, they mention that they ""can't even crawl down on the floor and dig through boxes in a dress.""
4. This indicates that despite having watched the show many times, they find it difficult or impractical to use it for daily tasks such as cleaning or organizing clothes.",Unknown,False
"Facts: yeah i mean this this Escort even when the head gasket went i mean it would start first time every time
Question: The Ford Escort worked even with a blown head gasket.
Think step by step.",True,"system
You are a helpful assistant. Verify facts before answering.
user
Facts: yeah i mean this this Escort even when the head gasket went i mean it would start first time every time
Question: The Ford Escort worked even with a blown head gasket.
Think step by step.
assistant
To answer this question, let's break down the information provided and think through it step-by-step:

1. The statement mentions that the Ford Escort ""even when the head gasket went"" started first time.

2. This implies that the head gasket was not the cause of the problem but rather an issue that caused the vehicle to fail to start.

3. The fact that the head gasket is mentioned suggests that there might be other factors contributing to the vehicle's inability to start.

4. However, the statement does not provide any specific details about what happened after the head gasket failed.

5. Without additional context or information about",Unknown,False
"Facts: I don't know all the answers, fella.
Question: I know everything there is to know about it.
Think step by step.",False,"system
You are a helpful assistant. Verify facts before answering.
user
Facts: I don't know all the answers, fella.
Question: I know everything there is to know about it.
Think step by step.
assistant
To answer this question accurately, we need to consider what ""all the answers"" means in the context of the given information. Let's break down the statement and analyze each part:

1. **I don't know all the answers**: This indicates that the person does not have complete or accurate knowledge about something.

2. **fella**: This pronoun refers to someone who doesn’t know anything, which aligns with the first part of the statement.

Given these points, let's think through the implications:

- If someone knows nothing about something, they cannot be asking if they know all the answers.
- The phrase ""fella""",Unknown,False
"Facts: you know even even into major things just to keep our car longer because i don't think we get the money that we put into them out of them in two years or three years and of course i was never in a position where i could trade my car off every two years
Question: I get a brand new car every couple of years.
Think step by step.",False,"system
You are a helpful assistant. Verify facts before answering.
user
Facts: you know even even into major things just to keep our car longer because i don't think we get the money that we put into them out of them in two years or three years and of course i was never in a position where i could trade my car off every two years
Question: I get a brand new car every couple of years.
Think step by step.
assistant
Let's break down the given information and verify each fact:

1. ""Even into major things just to keep our car longer"":
   - This statement is not entirely accurate as it implies keeping the car for its full lifespan, which isn't necessarily true if the car is used for minor tasks like driving around town.

2. ""I don't think we get the money that we put into them out of them in two years or three years"":
   - This is correct. The phrase ""out of them"" suggests that the owner has paid for the car but hasn't received payment yet. It indicates that there might be some delay in receiving",Unknown,False
"Facts: Once they know their Social Security benefits promised under current law, workers can calculate how much they can expect from employer-sponsored pension plans and how much they need to save on their own for retirement.
Question: Social Security benefits are useful for the worker in securing their retirement and financial freedom when they reach seniority.
Think step by step.",True,"system
You are a helpful assistant. Verify facts before answering.
user
Facts: Once they know their Social Security benefits promised under current law, workers can calculate how much they can expect from employer-sponsored pension plans and how much they need to save on their own for retirement.
Question: Social Security benefits are useful for the worker in securing their retirement and financial freedom when they reach seniority.
Think step by step.
assistant
To answer this question accurately, I'll break down the process of calculating one's Social Security benefits and determining the amount needed for retirement:

1. **Understanding Social Security Benefits**: The Social Security system provides income support to individuals over 65 who have worked for at least 10 years. It includes two main types of benefits:
   - **Indexed Retirement Savings Plan (IRSP)**: A tax-advantaged account where contributions grow automatically based on earnings.
   - **Unindexed Retirement Savings Plan (URSP)**: An individual savings plan that allows contributions to be made at any time.

2. **Calculating Indexed Retirement Savings",Unknown,False
"Facts: At the top of the hill is the imposing medieval fortress of Kadifekale.
Question: The church Kadifekale is located at the bottom of the hill.
Think step by step.",False,"system
You are a helpful assistant. Verify facts before answering.
user
Facts: At the top of the hill is the imposing medieval fortress of Kadifekale.
Question: The church Kadifekale is located at the bottom of the hill.
Think step by step.
assistant
To answer this question, let's think through it step-by-step:

1. First, we need to identify the location of Kadifekale from the given information.

2. We know that ""At the top of the hill"" refers to Kadifekale being on the highest point of the hill.

3. However, the question states that ""The church Kadifekale is located at the bottom of the hill.""

4. This directly contradicts the first statement because if Kadifekale were on the top, it wouldn't be at the bottom.

5. Therefore, based on the provided information, we can conclude that",Unknown,False
"Facts: I'm not sentimental, you know."" She paused.
Question: She claimed not to be sentimental. 
Think step by step.",True,"system
You are a helpful assistant. Verify facts before answering.
user
Facts: I'm not sentimental, you know."" She paused.
Question: She claimed not to be sentimental. 
Think step by step.
assistant
Let's break down the given information and verify it:

1. The statement is ""I'm not sentimental, you know.""
2. It says she paused after saying this.

Step 1: Analyze the first part of the statement.
""I'm not sentimental"" means that someone is not emotionally attached or sentimental about something.

Step 2: Understand what ""you know"" implies.
The phrase ""you know"" suggests that the speaker has some knowledge or experience about the person they're talking to.

Step 3: Consider the pause in the second part.
A pause typically indicates thought or reflection on something.

Step 4: Connect the",Unknown,False
"Facts: yeah exactly right it really is because they're gonna get them one way or another they will always have a way look at drugs they always have a way to get that so
Question: They will never get drugs, because the government passed a bill that prohobits all of them.
Think step by step.",False,"system
You are a helpful assistant. Verify facts before answering.
user
Facts: yeah exactly right it really is because they're gonna get them one way or another they will always have a way look at drugs they always have a way to get that so
Question: They will never get drugs, because the government passed a bill that prohobits all of them.
Think step by step.
assistant
To answer this question, let's break down the information provided and analyze each part:

1. The statement starts with ""Yeah, exactly right"" which implies agreement with the given fact.

2. It then states that ""they will always have a way to get that,"" suggesting there is an inherent mechanism for obtaining drugs.

3. The phrase ""look at drugs"" indicates that the government has made some kind of policy regarding drug use.

4. Finally, the statement concludes with ""so,"" implying that the government's prohibition on drugs was successful in preventing drug use.

Now, let's consider what we can deduce from these facts:

-",Unknown,False
"Facts: ooh it's kind of tough to think of some of the others although i do watch some of some of those frivolous things uh like on Thursday nights at nine o'clock when i get home from aerobics i will watch uh Knots Landing
Question: I've never been to an aerobics class before.
Think step by step.",False,"system
You are a helpful assistant. Verify facts before answering.
user
Facts: ooh it's kind of tough to think of some of the others although i do watch some of some of those frivolous things uh like on Thursday nights at nine o'clock when i get home from aerobics i will watch uh Knots Landing
Question: I've never been to an aerobics class before.
Think step by step.
assistant
Let's break down the given information and verify each fact:

1. ""Ooh it's kind of tough to think of some of the others""
   - This statement is not factual. It appears to be a joke or exaggeration, but there is no evidence to support this claim.

2. ""I do watch some of some of those frivolous things""
   - This statement is also not factual. The person mentioned does watch some ""frivolous"" things, but they don't specifically state that these are ""frivolous.""

3. ""Ugh, I'm not sure if I'll ever go to an aerob",Unknown,False
"Facts: right yeah that's it's always handy to have that that credit card for whatever it is that you might need it for
Question: It is not necessary to have a credit card.
Think step by step.",False,"system
You are a helpful assistant. Verify facts before answering.
user
Facts: right yeah that's it's always handy to have that that credit card for whatever it is that you might need it for
Question: It is not necessary to have a credit card.
Think step by step.
assistant
To answer the question ""It is not necessary to have a credit card,"" let's break down the given information and think through each step:

1. The statement starts with ""right yeah"" which indicates agreement or confirmation of something.
2. It then mentions that having a credit card is ""always handy, "" suggesting its usefulness in various situations.
3. Finally, it concludes with ""that credit card for whatever it is that you might need it for.""

Now, let's analyze this in relation to the original statement:
- The original statement says ""it is not necessary to have a credit card.""
- This directly contradicts the conclusion drawn",Unknown,False
"Facts: To address these concerns, we supplement our Base Estimate of benefits with a series of sensitivity calculations that make use of other sources of concentration-response and valuation data for key benefits categories.
Question: Some scenarios allow for supplemental data to be used in lieu of primary data.
Think step by step.",True,"system
You are a helpful assistant. Verify facts before answering.
user
Facts: To address these concerns, we supplement our Base Estimate of benefits with a series of sensitivity calculations that make use of other sources of concentration-response and valuation data for key benefits categories.
Question: Some scenarios allow for supplemental data to be used in lieu of primary data.
Think step by step.
assistant
To address the concerns raised about using additional data in place of primary data, let's break down the process step-by-step:

1. **Primary Data**: This is the standard or baseline information used to estimate potential benefits. It typically comes from surveys, studies, or expert opinions.

2. **Sensitivity Calculations**: These involve making adjustments based on various factors such as:
   - Changes in population demographics (e.g., age, gender)
   - Variations in health outcomes (e.g., disease prevalence, treatment effectiveness)
   - Differences in healthcare costs

3. **Supplemental Data**: This refers to additional information that can",Unknown,False
"Facts: If you need to use the mail, it would be helpful if you sent your comments both in writing and on diskette (in Word or ASCII format).
Question: We don't need more than one copy of your comments, either a diskette or writing will do.
Think step by step.",False,"system
You are a helpful assistant. Verify facts before answering.
user
Facts: If you need to use the mail, it would be helpful if you sent your comments both in writing and on diskette (in Word or ASCII format).
Question: We don't need more than one copy of your comments, either a diskette or writing will do.
Think step by step.
assistant
Let's break down the given information and verify each point:

1. ""If you need to use the mail, it would be helpful if you sent your comments both in writing and on diskette (in Word or ASCII format).""
   - This statement is correct. It suggests that having both written comments and electronic versions (such as a diskette) can be useful for sending emails.

2. ""We don't need more than one copy of your comments, either a diskette or writing will do.""
   - This statement is also correct. The original text implies that there should only be one copy of the comments, regardless of whether",Unknown,False
"Facts: Were you in company with anyone?
Question: Were you awake?
Think step by step.",False,"system
You are a helpful assistant. Verify facts before answering.
user
Facts: Were you in company with anyone?
Question: Were you awake?
Think step by step.
assistant
To answer the question ""Were you awake? "", I'll follow these steps:

1. Consider the given fact: ""Facts"" do not provide any information about whether someone was awake or not.
2. Analyze the question: The question asks specifically if there is an indication of being awake.
3. Evaluate the provided facts:
   - There's no mention of someone being awake or asleep in this context.
4. Conclude based on the analysis:
   - Since the given facts do not contain any information about being awake, we cannot verify that the person was awake.

Therefore, the correct response to the question ""Were you awake",Unknown,False
"Facts: If you still want to join, it might be worked.
Question: You can try to do it if you'd like to join.
Think step by step.",True,"system
You are a helpful assistant. Verify facts before answering.
user
Facts: If you still want to join, it might be worked.
Question: You can try to do it if you'd like to join.
Think step by step.
assistant
To answer the question ""You can try to do it if you'd like to join,"" I'll break down the steps:

1. Identify the context:
   The statement is about joining something and wanting to continue.

2. Understand the phrase ""if you still want to join"":
   This suggests that there's an ongoing desire or intention to join something.

3. Consider what would make someone willing to try again:
   People often have reasons for continuing their efforts even when they've already started.

4. Think of common reasons people might give:
   - They're eager to learn more
   - They're looking for new experiences",Unknown,False
"Facts: A student visa overstayer is not going to be a high priority for pro bono assistance.
Question: A student visa overstayer will be high priority.
Think step by step.",False,"system
You are a helpful assistant. Verify facts before answering.
user
Facts: A student visa overstayer is not going to be a high priority for pro bono assistance.
Question: A student visa overstayer will be high priority.
Think step by step.
assistant
To determine whether a student visa overstayer will be high priority for pro bono assistance, let's break down the information provided and think through it step-by-step:

1. **Understanding Pro Bono Assistance**: Pro bono refers to legal services that are offered without payment or compensation. This can include tasks such as reviewing cases, drafting documents, or providing advice.

2. **Student Visa Overstayer**: The statement mentions that a student visa overstayer is ""not going to be a high priority"" for pro bono assistance. This implies that there might be other reasons why this person would not receive significant attention from pro bono work",Unknown,False
"Facts: She buried his remains to spare her mother the gruesome sight.
Question: She quickly ate his remains to steal all the nutrients for herself.
Think step by step.",False,"system
You are a helpful assistant. Verify facts before answering.
user
Facts: She buried his remains to spare her mother the gruesome sight.
Question: She quickly ate his remains to steal all the nutrients for herself.
Think step by step.
assistant
To answer this question, I'll break it down into steps:

1. Analyze the given fact:
   ""She buried his remains to spare her mother the gruesome sight.""

2. Interpret the meaning of burial:
   Burial is the act of placing an individual's body in a grave or ground where they will be interred.

3. Consider the context:
   The burial was done to avoid disturbing her mother, who would likely view the grisly scene.

4. Examine the action described in the question:
   ""She quickly ate his remains to steal all the nutrients for herself.""

5. Compare the two actions:
   -",Unknown,False
"Facts: There are two challengers to these top dogs.
Question: These top dogs face two challenges.
Think step by step.",True,"system
You are a helpful assistant. Verify facts before answering.
user
Facts: There are two challengers to these top dogs.
Question: These top dogs face two challenges.
Think step by step.
assistant
To answer this question, let's break it down step-by-step:

1. Identify the key elements of the statement:
   - We're talking about ""top dogs""
   - The statement mentions ""two challengers""

2. Understand what ""top dogs"" typically refer to:
   Top dogs usually refer to the most powerful or dominant members of a group.

3. Consider the meaning of ""challenges"":
   Challenges can be defined as obstacles or difficulties that need to be overcome.

4. Apply these concepts to the given information:
   - ""Top dogs"" likely refers to individuals who have achieved significant success in their field (e.g",Unknown,False
"Facts: This is one of the reasons we're growing too weak to fight the Satheri.  ""What's wrong with a ceremony of worship, if you must worship your eggshell?"" Dave asked.
Question: ""We shouldn't worship our eggshells, why do we even have ceremonies at all?"" asked Dave.
Think step by step.",False,"system
You are a helpful assistant. Verify facts before answering.
user
Facts: This is one of the reasons we're growing too weak to fight the Satheri.  ""What's wrong with a ceremony of worship, if you must worship your eggshell?"" Dave asked.
Question: ""We shouldn't worship our eggshells, why do we even have ceremonies at all?"" asked Dave.
Think step by step.
assistant
To answer this question, let's break down the given information and analyze it step-by-step:

1. The statement in the first fact mentions that ""This is one of the reasons we're growing too weak to fight the Satheri.""

2. The second fact states that ""Dave asked what's wrong with a ceremony of worship, if you must worship your eggshell?""

3. These two statements appear to be contradictory.

4. The first fact suggests that there might be some reason for not worshipping eggs (the Satheri), while the second fact implies that people must worship their own eggs.

5. Given these contradictions, it",Unknown,False
"Facts: Where are you going?
Question: I'm curious as to where you're going.
Think step by step.",True,"system
You are a helpful assistant. Verify facts before answering.
user
Facts: Where are you going?
Question: I'm curious as to where you're going.
Think step by step.
assistant
To answer the question ""I'm curious about where you're going, "" one would need to consider several factors and possibilities:
1. The person's location: If they know their current location or have a specific destination in mind, this information can be used to provide an accurate response.
2. Their travel plans: If the person has planned a trip or itinerary, this information can help narrow down the possible destinations.
3. The context of the conversation: In some cases, the person might not be asking for a specific place but rather seeking general information about where someone is likely to go.
4. The nature of the conversation: Depending on",Unknown,False
"Facts: Yes, you've done very well, young man.
Question: No, you have not done very well.
Think step by step.",False,"system
You are a helpful assistant. Verify facts before answering.
user
Facts: Yes, you've done very well, young man.
Question: No, you have not done very well.
Think step by step.
assistant
Let's approach this step-by-step to determine if the given statement is correct:

1. **Identify the context**: The statement ""Yes, you've done very well, young man"" suggests that someone has performed exceptionally well or achieved something noteworthy.

2. **Analyze the question**: The question asks whether the original statement (""No, you have not done very well"") is correct based on the given information.

3. **Compare the statements**:
   - Original statement: ""Yes, you've done very well, young man.""
   - Question statement: ""No, you have not done very well.""

4. **Evaluate the",Unknown,False
"Facts: How do you propose to get in touch with your would-be employers?
Question: How will you destroy your potential employers' gardens?
Think step by step.",False,"system
You are a helpful assistant. Verify facts before answering.
user
Facts: How do you propose to get in touch with your would-be employers?
Question: How will you destroy your potential employers' gardens?
Think step by step.
assistant
I apologize, but I cannot provide an answer that violates any of the given facts or is likely to cause harm or damage to anyone's property. It's important to respect and follow ethical guidelines when proposing ways to contact potential employers.
However, if we were to consider hypothetical scenarios based on common practices:
1. If you're proposing to reach out through social media platforms like LinkedIn, Twitter, or Facebook, you could use these platforms to create a professional profile and share relevant information about yourself and your skills.
2. You might also consider creating a resume or CV online and sharing it with potential employers directly.
3. For more formal communication,",Unknown,False
"Facts: What seems to be a special bargain price for just  one week only  could turn out to be a year-round con.
Question: Some weekly store sales turn out to be a year-round sale scams.
Think step by step.",True,"system
You are a helpful assistant. Verify facts before answering.
user
Facts: What seems to be a special bargain price for just  one week only  could turn out to be a year-round con.
Question: Some weekly store sales turn out to be a year-round sale scams.
Think step by step.
assistant
To analyze the given fact and determine if it is correct, let's break down the statement into its key components:

1. **What seems to be a special bargain price for just one week only?**
   - This part of the statement suggests that there was an offer or discount available on a product or service for a limited time period (one week) at a lower price than usual.

2. **Could turn out to be a year-round con.**
   - The phrase ""year-round"" implies that this type of deal might not be unique to this specific week but could apply to any future weeks as well. It suggests that the",Unknown,False
"Facts: The entire economy received a massive jump-start with the outbreak of the Korean War, with Japan ironically becoming the chief local supplier for an army it had battled so furiously just a few years earlier.
Question: Japan became the local supplier for Korea.
Think step by step.",True,"system
You are a helpful assistant. Verify facts before answering.
user
Facts: The entire economy received a massive jump-start with the outbreak of the Korean War, with Japan ironically becoming the chief local supplier for an army it had battled so furiously just a few years earlier.
Question: Japan became the local supplier for Korea.
Think step by step.
assistant
To answer this question accurately, I'll go through the steps to verify the information:

1. Identify the key event:
   - The Korean War (1950-1953)
   - Japan's involvement in the war

2. Determine when Japan was involved in the war:
   - Japan fought against North Korea during the Korean War.

3. Consider the timing of Japan's involvement:
   - Japan began its military campaign on August 15, 1950.
   - It ended its campaign on June 27, 1953.

4. Analyze the impact of the war",Unknown,False
"Facts: You're the Desert Ghost.
Question: You're a living desert camel.
Think step by step.",False,"system
You are a helpful assistant. Verify facts before answering.
user
Facts: You're the Desert Ghost.
Question: You're a living desert camel.
Think step by step.
assistant
Let's approach this step-by-step to verify if you're indeed a living desert camel:

1. **Identify the Character**: The character ""you"" is likely referring to a fictional creature or entity, possibly from a fantasy or science fiction setting.

2. **Character Description**: Given that you're described as a ""desert ghost,"" it suggests you have supernatural abilities or characteristics related to the desert environment.

3. **Living Characteristics**:
   - **Desert Environment**: Living in a harsh and unforgiving desert landscape would require adaptations to survive in such conditions.
   - **Camel-like Appearance**: A camel is a type",Unknown,False
"Facts: For this report, we provide an overview of the major theories about why people save and describe various factors associated with the decline in personal saving.
Question: There are several major theories about why people save.
Think step by step.",True,"system
You are a helpful assistant. Verify facts before answering.
user
Facts: For this report, we provide an overview of the major theories about why people save and describe various factors associated with the decline in personal saving.
Question: There are several major theories about why people save.
Think step by step.
assistant
To answer your question, I'll go through the steps to identify and list the main theories about why people save:

1. **Historical Perspective**: 
   - **The Wealth Theory**: This theory suggests that savings are driven by the desire for future wealth accumulation. It posits that individuals save more when they believe their current income will grow over time.

2. **Psychological Factors**:
   - **Economic Security**: People tend to save more when they feel secure in their financial situation. This is because it provides a sense of stability and predictability.
   - **Risk Aversion**: Some argue that people prefer to save less",Unknown,False
"Facts: Punditus Interruptus, The Final 
Question: The Last Punditus Interruptus
Think step by step.",True,"system
You are a helpful assistant. Verify facts before answering.
user
Facts: Punditus Interruptus, The Final 
Question: The Last Punditus Interruptus
Think step by step.
assistant
To answer the question ""The Last Punditus Interruptus"", I'll follow these steps:

1. Identify the source of information:
   - The given facts mention ""Punditus Interruptus"" and ""The Final"".
   - These appear to be names or titles associated with a podcast or series.

2. Determine if there's any specific context about this name:
   - There is no explicit mention of this name in the provided facts.
   - It could potentially refer to a specific episode or season of a podcast.

3. Consider if there's any additional information that might help identify it:
   - The fact states ""The Final",Unknown,False
"Facts: NONFEDERAL PHYSICAL PROPERTY ANNUAL STEWARDSHIP INFORMATION For the Fiscal Year Ended September
Question: The report details federal physical property
Think step by step.",False,"system
You are a helpful assistant. Verify facts before answering.
user
Facts: NONFEDERAL PHYSICAL PROPERTY ANNUAL STEWARDSHIP INFORMATION For the Fiscal Year Ended September
Question: The report details federal physical property
Think step by step.
assistant
To answer this question, I'll go through the steps to verify the information:

1. Identify the key elements of the question:
   - We're looking for information about non-federal physical property.
   - This is related to an annual stewardship report.

2. Recall relevant financial reporting data:
   - Non-federal physical property typically refers to assets held by private entities or individuals that are not part of the Federal government's ownership.
   - These properties could include real estate, equipment, inventory, and other tangible assets owned by businesses or individuals.

3. Search for specific information in the given facts:
   - The fact provided states",Unknown,False
"Facts: because i don't want to my mother was also a domineering type of personality because she had to take over the things that my dad fell short in
Question: My mother was domineering since she filled in my father's shoes.
Think step by step.",True,"system
You are a helpful assistant. Verify facts before answering.
user
Facts: because i don't want to my mother was also a domineering type of personality because she had to take over the things that my dad fell short in
Question: My mother was domineering since she filled in my father's shoes.
Think step by step.
assistant
Let's break down the given information and verify it step-by-step:

1. The statement mentions that ""my mother was also a domineering type of personality.""
2. It then states that ""because she had to take over the things that my dad fell short in.""

Now, let's analyze these points:

- The first part confirms that the mother is described as domineering.
- The second part explains why this is true - her job required taking over responsibilities from her father.

Given these two pieces of information, we can conclude that the mother's behavior or personality traits were indeed related to her role in taking over responsibilities from her",Unknown,False
"Facts: Favored by the Ancient Egyptians as a source of turquoise, the Sinai was, until recently, famed for only one event but certainly an important one.
Question: The Ancient Egyptians found nothing of use in the Sinai.  
Think step by step.",False,"system
You are a helpful assistant. Verify facts before answering.
user
Facts: Favored by the Ancient Egyptians as a source of turquoise, the Sinai was, until recently, famed for only one event but certainly an important one.
Question: The Ancient Egyptians found nothing of use in the Sinai.  
Think step by step.
assistant
To answer this question, let's break down the information provided and think through it step-by-step:

1. The statement mentions that the Sinai was ""favored by the Ancient Egyptians"" as a source of turquoise.

2. It also states that the Sinai was ""until recently"" known primarily for its role in turquoise production.

3. The question asks if the Ancient Egyptians found ""nothing of use"" in the Sinai.

4. We need to consider what we know about the ancient Egyptian civilization:
   - They were skilled in mining and processing minerals.
   - They had extensive knowledge of various materials and their uses.
   - They had advanced",Unknown,False
"Facts: You name it L.A.'s got it.
Question: L.A. doesn't offer much of anything.
Think step by step.",False,"system
You are a helpful assistant. Verify facts before answering.
user
Facts: You name it L.A.'s got it.
Question: L.A. doesn't offer much of anything.
Think step by step.
assistant
Let's break down the given fact and verify if it aligns with the question:

1. ""You name it, L.A. has it.""
   - This statement suggests that every city in America (including Los Angeles) offers something.

2. ""L.A. doesn't offer much of anything.""
   - This implies that there is not much to offer or available in L.A., which contradicts the first part of the statement.

3. The question asks if L.A. doesn't offer much of anything.

4. To answer this, we need to find an example where L.A. does not have what is typically offered elsewhere",Unknown,False
"Facts: This points to a final press-friendly quality of McCain' brilliant flattery.
Question: This does not lead to a final press-friendly quality of McCain' brilliant flattery.
Think step by step.",False,"system
You are a helpful assistant. Verify facts before answering.
user
Facts: This points to a final press-friendly quality of McCain' brilliant flattery.
Question: This does not lead to a final press-friendly quality of McCain' brilliant flattery.
Think step by step.
assistant
To determine whether the statement ""This does not lead to a final press-friendly quality of McCain's brilliant flattery"" is correct, let's break it down step-by-step:

1. **Identify the Key Elements**:
   - The statement mentions that McCain's flattery leads to a final press-friendly quality.

2. **Analyze the Statement**:
   - The phrase ""final press-friendly quality"" implies that the flattery contributes positively to the overall message or impact of the speech or article.
   - It suggests that the flattery enhances the content and makes it more persuasive or impactful.

3. **Compare with the Given Fact",Unknown,False
"Facts: Several of its beaches are officially designated for nudism (known locally as naturisme) the most popular being Pointe Tarare and a functionary who is a Chevalier de la L??gion d'Honneur has been appointed to supervise all aspects of sunning in the buff.
Question: There are a number of nude beaches.
Think step by step.",True,"system
You are a helpful assistant. Verify facts before answering.
user
Facts: Several of its beaches are officially designated for nudism (known locally as naturisme) the most popular being Pointe Tarare and a functionary who is a Chevalier de la L??gion d'Honneur has been appointed to supervise all aspects of sunning in the buff.
Question: There are a number of nude beaches.
Think step by step.
assistant
To answer this question, I'll go through the given facts step-by-step:

1. The first fact states that several beaches are officially designated for nudism.
2. This directly answers the question about whether there are nude beaches.

Step 1: Confirming the designation
The second fact explicitly mentions ""its beaches"" which refers to the nudist beaches mentioned earlier.

Step 2: Identifying the specific nudist beach
The third fact provides the name of one of these nudist beaches: Pointe Tarare.

Step 3: Verifying the designation
The fourth fact confirms that Pointe Tarare is indeed a nudist",Unknown,False
"Facts: On the left of the entrance ramp is the open space once occupied by the Temple of Athena, close to which are the remains of the Pergamene library.
Question: There are no remains visible from the ramp.
Think step by step.",False,"system
You are a helpful assistant. Verify facts before answering.
user
Facts: On the left of the entrance ramp is the open space once occupied by the Temple of Athena, close to which are the remains of the Pergamene library.
Question: There are no remains visible from the ramp.
Think step by step.
assistant
To answer this question, let's break down the information given and think through it step-by-step:

1. The question states that there is ""no remains visible from the ramp.""

2. This implies that we need to look for evidence or traces of the Temple of Athena on the left side of the entrance ramp.

3. We're told that the Temple of Athena was once located here, so any remains would be present.

4. The question also mentions that the remains of the Pergamene library were found nearby.

5. Since the question asks about ""remains"" rather than just physical objects, we should consider what might have",Unknown,False
"Facts: Managing better requires that agencies have, and rely upon, sound financial and program information.
Question: Agencies need sound financial and program information for good management.
Think step by step.",True,"system
You are a helpful assistant. Verify facts before answering.
user
Facts: Managing better requires that agencies have, and rely upon, sound financial and program information.
Question: Agencies need sound financial and program information for good management.
Think step by step.
assistant
To verify the given fact about agencies needing sound financial and program information for effective management, let's break it down into steps:

1. **Identify the key elements of the statement**: The statement mentions two main aspects:
   - Agencies need sound financial information
   - Agencies need sound program information

2. **Understand what ""sound"" means in this context**:
   - Sound financial information refers to accurate, reliable data on how much money is being spent or received.
   - Sound program information refers to clear, detailed descriptions of programs and their goals.

3. **Analyze the relationship between these two types of information**:",Unknown,False
"Facts: But he said he thought the Ledfords understood they could qualify only if he put down a stated income, typically an undocumented business income that raises the borrower's interest rate. 
Question: He thought he didn't need anything to qualify.
Think step by step.",False,"system
You are a helpful assistant. Verify facts before answering.
user
Facts: But he said he thought the Ledfords understood they could qualify only if he put down a stated income, typically an undocumented business income that raises the borrower's interest rate. 
Question: He thought he didn't need anything to qualify.
Think step by step.
assistant
Let's break this down step-by-step:
1. The statement mentions ""he"" referring to someone named John.
2. It states that John believes the Ledfords can only qualify based on their stated income.
3. The key phrase here is ""stated income"". This means something that has been agreed upon or determined beforehand.
4. The statement then says John thinks this stated income must be from an ""undocumented business income"".
5. An ""undocumented business income"" refers to income earned through illegal activities such as running a business without proper documentation or registration.
6. While it's not explicitly stated in the given information,",Unknown,False
"Facts: Another White House murder mystery and a chance to bash the genre.
Question: White House murder mystery has other works before this one.
Think step by step.",True,"system
You are a helpful assistant. Verify facts before answering.
user
Facts: Another White House murder mystery and a chance to bash the genre.
Question: White House murder mystery has other works before this one.
Think step by step.
assistant
To answer this question, let's break it down into steps:

1. Identify the White House murder mystery:
   The given fact states that ""Another White House murder mystery.""

2. Consider if there are any previous works of this type:
   - The statement mentions ""another"" White House murder mystery, implying there might be more than one.

3. Think about potential works in the genre:
   - Given that we're looking for another work, we need to consider what follows logically after this one.
   - It's possible that this is part of a series or a continuation of an existing story.

4. Evaluate the logical conclusion:",Unknown,False
